Club,Club Speed,Attack Angle,Club Path,Low Point,Swing Plane,Swing Direction,Dyn. Loft,Face Angle,Face To Path,Ball Speed,Smash Factor,Launch Angle,Launch Direction,Spin Rate,Spin Axis,Max Height - Dist.,Max Height - Height,Max Height - Side,Last data Point - Length,Last data Point - Side,Last data Point - Height,Last data Point - Time,Carry Flat - Length,Carry Flat - Side,Carry Flat - Land. Angle,Carry Flat - Ball Speed,Carry Flat - Time,Total,Side Total,Curve
Driver,99.38931639,2.0,7.2,-2.322834646,43.943,8.935,39.054,-10.191,-17.418,114.648801,1.1535,31.966,-5.753,8970.0,-15.45,297.2937006,146.084196,-59.48255149,4.708732501,-0.498504448,2.980038473,0.101678,140.6888972,-39.47011588,60.66161135,65.64683631,6.674229,138.1900852,-38.63531028,-77.20501687
Driver,90.27156407,-3.984,3.001,5.275590551,50.338,-0.309,20.944,-4.243,-7.244,118.8430565,1.3165,17.01,-3.009,4840.0,-10.286,339.8631939,89.08454583,-36.80139011,5.717866928,-0.315238926,1.774325741,0.104879424,172.6465462,-24.89412281,44.80116412,56.47356201,5.988239371,184.2904164,-27.32541785,-47.67541194
Driver,71.03614889,-5.182,6.308,6.929133858,58.557,3.129,36.474,7.229,0.921,82.33938797,1.1591,31.469,7.088,4089.71,1.109,199.927345,77.04200002,23.68325274,4.840462243,0.598951337,2.948289216,0.144082,106.6475771,13.96586339,49.08848127,53.27406831,4.97661,111.2171188,14.58145501,2.438473718
Driver,67.68745526,-4.949,-0.268,4.763779528,53.511,-3.94,21.732,2.775,3.044,92.36556013,1.3646,18.027,2.316,3420.0,4.96,223.8302907,47.38068898,12.5582636,5.984714725,0.24953733,1.930939892,0.1420744,124.2928553,8.562839333,33.2983793,52.79125362,4.34234009,145.3786436,10.52911236,10.63500715
Driver,108.7240515,3.2,-0.4,-3.700787402,43.479,2.327,16.357,-2.079,-1.535,162.0676002,1.4906,14.658,-1.864,2750.0,5.166,548.0745771,135.264939,-0.771615997,5.850593726,-0.18468689,1.548366371,0.077355,268.2409765,4.283129482,46.6752957,65.28619194,7.639004,283.7827195,5.119963941,39.01463486
Driver,96.10773085,0.265,3.786,-0.354330709,50.55,4.004,22.394,14.005,10.219,134.2385469,1.3967,19.102,12.343,4850.0,12.901,404.7120212,130.4608621,115.816852,5.918419602,1.284188464,2.084715177,0.0973,197.5631054,68.15755848,51.76883834,62.52675289,6.999354,205.5075954,71.4901433,80.82933287
Driver,86.15336435,1.471,5.261,-1.929133858,44.246,6.771,18.258,9.528,4.268,123.1701861,1.4297,16.223,8.981,2570.0,9.037,364.4639363,74.77174718,68.10177866,6.46787822,1.019958894,1.886146531,0.113529,195.0954048,41.8357446,35.54449138,60.63339876,5.64133,217.7448074,47.88564672,34.7267115
Driver,92.53534359,1.765,7.016,-2.244094488,52.267,8.382,13.641,4.373,-2.643,137.649651,1.4875,12.076,4.732,2192.31,-14.644,397.2517599,60.37018201,13.30101074,5.955865292,0.479732903,1.274721361,0.091605,214.0940828,-0.145656425,28.50441759,65.19408847,5.267117,248.1378662,-3.081652964,-53.42062075
Driver,115.6093414,-0.324,-4.752,0.393700787,51.298,-5.012,8.881,1.741,6.493,164.6577487,1.4243,7.754,0.932,2260.0,24.436,479.8487165,53.73201284,48.92447174,6.37621032,0.122590728,0.878506245,0.080799,249.2524101,39.96192121,24.36000414,68.80218332,5.31276,286.5135023,51.91749468,107.8644092
Driver,100.3355404,1.301,7.043,-1.732283465,48.912,8.177,17.105,1.284,-5.759,143.8647548,1.4338,13.479,2.662,5515.14,-15.264,431.8692866,115.1693493,-26.64940157,5.789412306,0.248184583,1.424428792,0.086138,208.7619564,-24.66194488,48.78504054,59.93122874,6.878573,217.477439,-26.66960798,-102.7895076
Driver,99.4206335,-2.631,1.821,3.897637795,44.357,-0.872,18.352,9.327,7.506,141.12585,1.4195,15.703,8.318,3950.0,8.001,449.5065544,119.7751026,84.77314319,5.815812085,0.85059991,1.659659039,0.0889544,220.7026244,49.06997412,47.69190873,61.71096284,7.041683294,233.1300739,52.50710644,52.27360753
Driver,95.73192555,0.695,3.266,-0.866141732,51.36,3.821,17.579,7.742,4.477,137.9686382,1.4412,15.337,7.116,3180.0,5.033,442.9372652,102.64756,64.93877,5.945049161,0.741746374,1.645502387,0.092743,223.6735395,37.21989125,42.56431662,61.08968789,6.664155,241.5851003,40.81802795,28.83345909
Driver,71.86828919,0.765,-4.62,-1.102362205,50.729,-3.995,19.679,3.855,8.476,100.4599141,1.3978,15.771,1.994,4278.03,21.688,240.0282612,47.52066295,27.42137144,136.2982817,23.06101921,-4.169017635,4.63194,130.2280809,21.31049325,32.94153724,53.73229021,4.35194,149.1652891,26.65541975,50.48221398
Driver,85.33688261,7.028,0.525,-8.11023622,60.209,4.573,17.687,-1.19,-1.715,118.9441661,1.3938,16.35,-0.966,1600.0,-5.68,319.5666766,58.16966924,-9.685769976,6.205719109,-0.109411725,1.802228689,0.112644777,181.2624052,-7.474778451,29.06760607,66.69011812,4.750231892,217.4215961,-9.803611573,-13.26119342
Driver,90.92027559,-5.337,-1.593,7.362204724,49.376,-6.19,15.919,-5.019,-3.426,119.8874821,1.3186,11.802,-4.329,4962.48,-5.859,335.8628431,64.87448647,-35.23821163,6.33811675,-0.487942312,1.358937292,0.112449,170.6153194,-21.18623203,37.69122377,53.70874702,5.45453,184.9264503,-23.54428689,-25.04050507
Driver,77.18548676,-1.0,8.6,1.417322835,64.509,7.701,3.05,-8.367,-16.944,90.94555297,1.1783,2.502,-6.056,2120.0,-60.866,33.03368886,0.753158061,-3.997262445,5.963335861,-0.677228645,0.196879483,0.135854,21.65886976,-2.966264714,2.815695881,82.90512014,0.510596,80.57673406,-12.99068703,-2.058663422
Driver,95.39638511,-3.288,2.62,3.858267717,51.907,0.039,14.725,9.692,7.072,132.4013511,1.3879,10.696,8.055,5694.41,27.003,347.6242005,68.44991192,107.9642511,149.3755084,56.45875017,14.81253596,4.34022,171.5066392,68.93372797,40.01943843,51.91347816,5.4534,183.4879043,75.45444314,138.7443627
Driver,66.49293128,-0.035,2.096,0.039370079,69.638,2.083,33.026,8.584,6.489,72.08079814,1.084,26.466,7.062,4780.0,7.882,151.6867936,45.42190493,21.41124657,4.844703625,0.60777991,2.371577757,0.1571512,85.55507917,13.97128516,39.9933039,47.38672938,3.889022696,97.62175278,16.27302484,10.4642024
Driver,82.55413386,-5.75,4.318,6.062992126,55.632,0.369,22.992,1.427,-2.891,114.9223783,1.3921,17.627,2.014,6147.67,-4.385,316.5191741,88.02439613,2.634058472,6.122985542,0.206830159,1.983343026,0.117,160.4503697,-0.774127084,46.31187715,55.53933067,5.859078,168.8591631,-1.034865792,-19.23720532
Driver,86.55153901,0.646,0.863,-0.748031496,52.371,1.361,14.186,4.783,3.92,130.2834198,1.5053,12.62,4.313,2110.0,10.428,363.4189996,55.39793536,38.45366601,6.291272624,0.482105124,1.4066493,0.102447,198.8796195,25.86087307,27.48796545,64.9725145,4.99045,231.5244487,31.91112031,32.87366168
Driver,95.05189692,3.275,4.536,-4.37007874,48.386,7.449,19.774,11.521,6.986,133.9401396,1.4091,17.139,10.334,3810.0,10.911,418.5811991,112.8662937,98.41352853,6.030559213,1.095732677,1.882415643,0.098017,208.7668973,58.28296306,46.64445081,60.87377145,6.771718,222.1008796,62.94118254,64.13009282
Driver,96.00930565,-1.164,-2.717,1.417322835,45.999,-3.842,16.963,-0.588,2.129,133.2762169,1.3882,13.938,-0.96,4030.25,4.245,411.7599998,95.07896563,3.373781128,6.215978527,-0.098469405,1.57566142,0.0998551,205.3052074,4.53870534,43.34223537,58.37925946,6.44482,219.1223262,5.261118479,23.93096531
Driver,89.009932,-1.0,-3.0,1.88976378,42.225,-4.855,15.333,-5.239,-2.141,128.5014764,1.4437,13.007,-4.797,2990.0,-3.456,383.7656036,70.76748236,-38.27084682,5.710569341,-0.493580292,1.328297144,0.09461,198.7032125,-22.09849153,35.6144904,58.37182702,5.722771,220.9083691,-25.08280941,-16.52243474
Driver,101.2526843,-2.198,0.916,2.874015748,48.414,-1.036,14.512,0.412,-0.504,149.3161686,1.4747,12.398,0.478,3136.27,-1.696,491.8971525,99.92016611,-0.461785225,6.153483921,0.049476041,1.381066817,0.0874927,244.8271354,-1.554753802,40.7832226,61.25191321,6.81865,255.8333714,-1.765258006,-10.79144326
Driver,102.6776127,0.1,2.9,-0.196850394,44.502,3.076,17.467,7.758,4.858,143.5529259,1.3981,15.104,7.13,3500.0,4.393,457.5270305,118.492767,67.1606975,5.838573475,0.729525867,1.599549794,0.08753,223.7682524,37.32480984,47.54621414,61.22222182,7.079602,236.8682665,39.91405342,28.95280376
Driver,85.74624195,-4.8,0.4,3.818897638,61.347,-2.765,26.77,0.439,0.065,114.8141106,1.339,20.852,0.344,6737.84,-0.438,312.6774936,104.0157683,1.212357685,4.17951627,0.028978063,1.614166759,0.081087,156.1303734,0.425659978,51.08992244,57.61601708,6.142271,161.2226491,0.427597143,-1.535204464
Driver,97.78319613,1.7,-5.5,-2.086614173,50.584,-4.317,21.372,-10.304,-4.804,127.5205798,1.3041,19.229,-9.446,4250.0,-6.516,383.2077167,118.239708,-77.3377553,5.527592089,-0.948275243,1.954230262,0.095608,189.6498945,-44.26947363,50.17445772,60.73230748,6.738163,199.4473957,-46.93167933,-40.21231247
Driver,101.0043844,0.0,-0.2,0.354330709,48.603,-0.918,15.122,-0.065,0.325,147.3979957,1.4593,13.356,-0.044,2590.0,1.892,477.515894,94.69715678,3.380726138,5.818150672,-0.009041092,1.392549535,0.084057,243.2965452,3.124671946,38.70780089,62.49068717,6.573353,265.6373979,3.710137875,9.934481791
Driver,97.52147459,-1.337,2.602,1.732283465,47.084,1.359,17.131,3.999,1.397,143.2753221,1.4692,14.952,3.826,3110.0,4.206,468.7445433,108.3013565,40.9219914,6.249632423,0.421865714,1.696714948,0.0937026,235.285655,24.26446751,43.03152553,62.00963033,6.87915,244.9524456,25.5459529,25.78280299
Driver,105.0800823,-7.285,-0.421,10.47244094,50.331,-6.507,11.491,-2.199,-1.778,148.3898533,1.4122,7.701,-1.834,5606.57,-3.486,451.846736,90.76902571,-25.14771112,6.388652991,-0.210217204,0.923878145,0.0902407,215.2656719,-14.73055806,43.57025052,56.36104278,6.55652,225.6423705,-15.73865567,-23.54947829
Driver,115.5959198,6.2,3.2,-6.299212598,46.964,8.481,18.589,0.119,-3.14,171.9204098,1.4873,16.967,0.636,2856.9,-16.489,591.0143514,168.2285289,-54.51779995,5.91792064,0.042562221,1.823928208,0.074606,285.991789,-44.35822879,50.2378296,69.88496975,8.23474,298.1569867,-47.66461556,-142.4748195
Driver,97.48792054,-3.511,-4.544,4.763779528,47.91,-7.721,19.078,1.345,5.889,130.7294649,1.341,15.268,0.289,5113.33,16.348,369.6107739,103.098611,50.34963625,181.3805997,42.09958643,-3.308125784,6.57822,178.4923313,40.56326413,47.97509109,54.36776874,6.40822,186.9405994,45.01221738,119.0579782
Driver,99.34457767,-7.463,-2.433,9.251968504,47.198,-9.401,10.583,0.13,2.562,147.4742752,1.4845,8.518,-0.169,3055.0,5.225,461.0856124,65.02143868,9.968885765,4.945974121,-0.011339874,0.754102605,0.0700416,231.6210451,8.520972238,31.6390201,59.73365022,5.90986,256.3599595,10.42607124,27.61098792
Driver,104.0488547,5.9,2.5,-7.559055118,48.837,7.654,18.888,0.654,-1.846,151.9868468,1.4607,16.756,1.069,3250.0,-6.914,511.3835472,140.0894511,-12.12817869,5.841439076,0.102213415,1.777834802,0.083276,250.9274576,-12.13859451,48.48187277,65.69157606,7.598493,264.0748777,-13.39833981,-50.43727785
Driver,89.97852541,0.136,5.509,-0.157480315,55.058,5.604,6.204,-8.8,-14.309,122.4740515,1.3611,5.354,-6.748,2690.0,-30.935,217.6019714,12.91502787,-38.49805379,6.198966909,-0.757727626,0.572888095,0.105295972,123.642912,-27.71334467,10.55452246,73.4466438,2.732665168,178.0672353,-46.28733731,-40.08788666
Driver,82.06424481,-4.571,4.134,4.566929134,58.3,1.304,27.673,0.96,-3.174,105.0369094,1.2799,21.321,1.665,6647.62,-4.183,276.6928835,85.82472845,1.320629276,6.137836061,0.169188943,2.429790069,0.131706,142.1920479,-1.01934026,47.44916554,54.74443425,5.595352,149.0983128,-1.219241293,-15.45085499
Driver,102.4427344,-0.879,2.726,1.102362205,45.279,1.856,13.85,-0.17,-2.897,150.6319345,1.4704,11.981,0.21,2851.65,-10.923,489.5280853,90.51691862,-24.15402256,5.406858106,0.011411213,1.165166032,0.0759042,247.3051115,-20.62133035,37.44468451,61.85754675,6.54818,261.0350417,-22.89083945,-64.57336128
Driver,93.67394417,0.414,-0.97,-0.511811024,47.669,-0.593,21.238,0.294,1.264,129.6559592,1.3841,17.789,0.07,4447.45,3.311,394.4622,115.0085888,8.614084168,5.988276582,0.012097759,1.959224005,0.100885,195.2854255,6.60193024,48.87149048,60.55575485,6.72898,200.2774498,6.874216546,19.09042678
Driver,101.4070329,-4.034,3.53,5.236220472,47.967,-0.114,13.899,5.469,1.938,144.0034449,1.42,11.813,5.235,3000.0,1.214,461.3219534,84.38508057,44.10416513,5.754412588,0.526139757,1.216417274,0.084585,233.4561171,23.55151386,37.23768593,60.57425064,6.357387,255.6417063,25.98771479,6.783585668
Driver,88.12186829,0.7,-7.5,-0.826771654,47.799,-7.062,19.338,-3.665,3.977,125.4010827,1.423,16.37,-4.335,3780.0,7.336,379.9528337,93.06388135,-13.00139866,5.91852106,-0.437962119,1.756634388,0.102318,193.3611369,-2.383883138,43.24335293,58.45611404,6.244051,208.8078375,-1.826706402,36.71274078
Driver,106.531854,-0.5,7.3,0.787401575,52.429,6.73,7.489,-8.833,-16.133,134.2378758,1.2601,6.59,-6.998,2700.0,-6.172,349.5361548,31.57661055,-49.34679045,5.806652864,-0.712585474,0.676237028,0.090121,184.9994637,-28.72032714,19.43933749,64.31209759,4.349692,225.9520686,-36.55890722,-18.72086254
Driver,75.62186829,-4.222,5.534,3.937007874,55.545,2.631,24.159,10.397,4.863,102.6471904,1.3574,20.205,9.646,4090.0,7.368,276.7504795,73.76635743,53.83597278,5.907057626,1.001758992,2.181691721,0.128034,146.4590752,32.48101466,41.99653724,54.59301627,5.324993,160.854145,36.23547265,24.27655271
Driver,117.0969041,1.7,-4.838,-2.283464567,43.496,-3.045,11.766,-2.257,2.581,166.0406228,1.418,9.832,-2.763,3293.07,2.575,565.2853698,109.2803958,-18.03757937,5.690928286,-0.272234405,1.005257878,0.072014893,272.9123428,-6.541433202,42.25366621,62.16584399,7.299473877,291.1037198,-6.585966531,19.85419633
Driver,101.4428239,-2.811,3.446,3.818897638,42.825,0.409,11.464,2.511,-0.935,151.4681013,1.4932,9.434,2.647,3061.32,-3.708,488.9264445,77.99505235,13.22885125,6.066444846,0.276571546,1.030836467,0.0840811,243.7175834,3.971037647,35.06942545,60.14856596,6.33318,258.0040819,3.788191853,-21.86152857
Driver,88.86005727,2.7,-6.9,-3.188976378,52.077,-4.813,15.786,-2.46,4.44,125.9070777,1.4169,13.508,-3.331,3010.0,9.646,371.2911431,67.8627401,-6.162226408,5.687666869,-0.321206175,1.372296274,0.096343,195.0183847,1.962511253,34.29656266,58.82524898,5.58015,218.9025538,3.728468767,39.87001174
Driver,86.26968504,-3.861,-2.613,6.535433071,43.613,-6.674,16.41,2.715,5.328,120.6601199,1.3986,11.685,1.423,5852.2,40.487,269.1879423,44.2418409,51.68889576,144.6087602,42.00979178,0.870694855,4.0391,146.2201442,42.80034361,27.51160339,61.19983061,4.10101,169.9197044,54.33712065,117.9450918
Driver,91.4571403,-1.976,-3.303,2.440944882,47.176,-5.136,12.214,-3.234,0.069,134.1003042,1.4663,10.525,-3.243,2250.0,0.178,374.2185728,49.65630696,-20.76862733,6.26526895,-0.354227593,1.166388516,0.0983502,202.0049866,-11.23011097,25.50362736,64.76308332,4.92743,235.9821655,-13.08505535,0.593358374
Driver,98.03820687,-0.92,-0.646,1.102362205,51.906,-1.367,16.082,1.237,1.883,141.8170634,1.4465,12.647,0.842,4865.13,19.472,419.9079829,95.88205491,55.82064271,199.2392462,36.98784014,8.628313106,5.89475,209.5034417,40.06442762,41.95631978,60.0729359,6.36151,224.4345321,44.27700997,111.1147134
Driver,98.384932,1.114,6.487,-1.377952756,49.571,7.436,12.365,2.224,-4.263,141.9948998,1.4433,9.486,3.338,4341.46,-20.406,425.7734804,74.35304568,-24.85009433,5.947539946,0.322805032,1.022320519,0.0880663,210.0931245,-26.29137929,37.3208124,56.37616367,6.02636,220.2428755,-29.30073414,-115.1505638
Driver,93.62920544,1.242,-2.261,-1.535433071,47.868,-1.137,18.146,6.228,8.489,136.9919918,1.4631,15.67,4.91,3780.0,14.959,428.0920354,106.4120309,71.9235519,5.874246738,0.520152554,1.667987606,0.09254,213.7269995,47.55737648,44.72673769,60.21752303,6.684271,228.5136014,52.39388271,88.64522735
Driver,95.55968146,-10.467,-6.807,12.28346457,50.882,-15.448,6.775,-0.699,6.109,146.177747,1.5297,4.82,-1.392,3010.0,19.343,393.1014995,30.99721885,18.60561159,6.285507027,-0.135149198,0.54218571,0.0892829,200.2726015,18.58344653,18.98328673,63.9882016,4.52699,237.4848908,26.9518681,70.26633968
Driver,98.51914817,-2.028,-2.221,2.716535433,53.99,-3.695,18.931,-0.322,1.899,131.6600304,1.3364,13.595,-0.83,6998.26,23.019,356.90618,92.91589234,58.3556998,167.9651346,48.20650345,4.617291472,5.93131,171.6178479,50.49367091,50.44459967,58.33727168,6.14402,176.9683188,53.80037799,158.5930333
Driver,89.22691482,-1.057,2.167,1.377952756,50.016,1.28,34.597,10.782,8.615,101.3801897,1.1362,27.116,8.61,7740.0,7.838,260.1135684,100.8563191,47.5507215,5.387500474,0.822150838,2.7910014,0.1255112,131.5907112,29.03678749,52.84388843,56.93762065,5.785205986,134.282405,29.71798958,28.4849192
Driver,97.29554402,-1.533,4.309,1.88976378,46.752,2.867,14.321,-1.619,-5.928,141.0135558,1.4493,12.424,-0.882,2840.0,-20.121,429.3216495,74.56525095,-43.43237643,6.122375123,-0.113518989,1.361405425,0.0921048,222.6525246,-35.77581397,33.82896249,61.14161262,5.89956,238.1896538,-40.52388871,-97.16632231
Driver,100.2438261,-4.866,-8.918,6.535433071,46.466,-13.558,11.95,-2.001,6.918,131.3918218,1.3107,9.376,-3.087,3636.11,14.113,364.655372,54.39593931,6.424416093,194.5560766,11.30939154,-3.714036759,5.23846,188.2823224,10.33500451,29.83021184,62.35338742,4.99846,214.9989621,14.51622095,61.3324431
Driver,108.7687903,2.722,-2.374,-3.543307087,46.449,0.217,18.143,2.611,4.985,159.253087,1.4641,15.99,1.878,3580.0,10.262,534.7944245,152.2747227,53.06387498,5.276439563,0.181210697,1.531140348,0.071418,257.1936868,36.07041199,50.66677732,66.74313938,7.886503,268.0040284,38.3642984,83.11721773
Driver,105.3641732,2.836,3.359,-3.385826772,54.245,5.403,14.945,5.459,2.1,156.1374821,1.4819,13.467,5.194,2326.98,6.253,518.9758962,101.54562,60.34596852,6.360535998,0.581721259,1.543166479,0.0867833,265.9629509,36.23423163,37.91954633,65.57170971,6.75029,289.3480412,40.40917432,36.69831056
Driver,94.00724767,-2.843,8.362,3.700787402,53.782,6.278,21.587,0.316,-8.046,125.4044381,1.334,18.474,1.434,4090.0,-10.112,378.145333,106.7616058,-12.96304191,6.2467319,0.140429454,2.112715417,0.109506693,190.2119426,-13.02629029,46.97659305,59.56947078,6.486457564,202.5953303,-14.65922783,-53.31350038
Driver,55.87643164,-2.521,0.992,2.244094488,64.347,-0.22,27.595,-1.418,-2.41,73.27823014,1.3115,22.357,-0.944,3820.0,-3.391,150.4821102,36.83961176,-3.768958551,4.961472817,-0.086398916,1.997427426,0.152759043,86.72618861,-2.79567661,34.24450726,48.0053761,3.609238092,104.0716925,-3.57071086,-4.101634993
Driver,94.85280959,-2.812,2.034,3.937007874,47.029,-0.589,7.503,-0.745,-2.779,134.9384843,1.4226,5.177,-0.113,3228.92,3.065,325.875495,25.423498,4.017673295,188.8221907,4.540054741,-5.92546521,4.31512,171.7877767,3.697192225,16.50202703,71.71344143,3.79512,216.477663,5.788005701,12.10772995
Driver,81.88752684,-6.6,-2.2,4.645669291,66.288,-5.697,32.703,-0.043,2.207,104.0083661,1.2701,28.01,-0.374,4850.68,2.253,280.8607407,111.8301113,2.057640362,5.739985263,-0.032448975,3.083146,0.131281,141.0568021,2.080018483,53.91595721,59.35872122,6.115226,147.2759064,2.230316493,9.001860679
Driver,80.33285612,-3.932,-6.231,3.937007874,60.848,-8.428,21.358,1.145,7.376,93.02500895,1.158,17.341,-0.124,3870.0,10.303,223.5188321,46.50207613,7.624744217,5.34085242,0.001842863,1.659151362,0.1252296,123.2688529,7.321668118,33.33335493,52.0601474,4.325570209,143.2067817,9.556892348,22.76387771
Driver,101.158733,-2.896,4.013,3.976377953,42.029,0.796,11.93,0.576,-3.437,151.0589656,1.4933,10.211,0.986,2649.13,-12.898,473.7031491,72.1613324,-18.18076659,5.906348982,0.091020282,1.078238588,0.082194,242.5434798,-18.14743897,32.01708498,62.56272047,6.01131,260.2541398,-21.13778556,-66.92029347
Driver,93.6023622,-2.335,2.059,3.188976378,46.316,-0.173,10.665,1.774,-0.285,133.0066661,1.421,8.796,1.816,2470.0,-0.809,359.8470262,41.06096394,10.38934959,5.709182215,0.180258591,0.886129106,0.089885204,192.5809506,5.245972344,22.89316381,63.96465414,4.659188698,230.7077135,6.104900413,-2.571790705
Driver,101.2817645,4.6,-7.8,-5.31496063,53.838,-4.981,11.722,6.274,14.186,91.94814782,0.9079,10.144,2.843,3250.0,52.136,130.2514364,13.15659347,17.02391077,5.656187204,0.337829768,0.969006383,0.129786,78.41768357,15.91069484,15.02235333,61.20892704,2.224525,117.8488715,30.33416078,36.24763798
Driver,117.9357552,6.903,-0.465,-8.228346457,53.569,4.662,15.334,-3.202,-2.737,162.6530064,1.3792,14.262,-2.844,1820.0,-11.45,539.8254194,105.6684636,-50.06192167,6.307981549,-0.3223433,1.618197236,0.0828214,281.6302956,-34.76052872,36.71445254,69.87775063,6.68067,308.3859872,-39.90408403,-62.55291343
Driver,96.10773085,5.3,-5.5,-6.535433071,52.367,-1.5,13.949,-4.961,0.698,127.5518969,1.3272,12.917,-5.048,1311.62,4.82,322.8280175,45.993254,-24.87045802,5.266375448,-0.460854585,1.197506854,0.087495,184.3445539,-12.94211087,23.57667929,71.73769288,4.309835,229.0097504,-15.2932706,9.865777668
Driver,92.23335719,6.1,4.5,-8.031496063,53.892,9.084,2.491,-2.332,-6.832,112.6565855,1.2214,3.247,-1.237,1800.0,-13.132,116.5803524,3.725118582,-3.887512714,5.612517047,-0.130219374,0.303202593,0.103137,71.16017734,-3.111531881,4.784459218,85.70863762,1.48949,135.1628484,-7.404215459,-4.72820057
Driver,99.49221546,-0.4,0.4,0.511811024,57.3,-0.475,15.071,-0.04,-0.429,147.0501521,1.478,12.215,0.229,4170.0,-0.952,466.1744285,111.5369798,-2.629332054,5.578193629,0.002686873,1.234449107,0.080574,224.9948683,-2.042964917,46.85429664,59.91654731,7.005915,237.3772921,-2.245137487,-8.82650856
Driver,75.58607731,-1.446,-2.297,2.047244094,45.953,-3.695,14.935,7.491,9.788,109.175689,1.4444,12.284,5.839,3360.0,20.779,270.1572608,40.62584803,46.11693555,5.530444924,0.584429137,1.201532621,0.107594138,147.5356258,32.82369965,27.07574985,56.34337045,4.335014312,175.2805234,42.31263087,54.0607899
Driver,99.57050823,-2.498,-3.529,3.74015748,47.151,-5.848,12.286,-4.959,-1.43,141.3886901,1.42,10.034,-4.736,3176.42,-1.906,418.6031261,67.53798125,-39.08220676,216.8877438,-22.41480361,0.615352724,5.51833,217.6568223,-22.50854448,30.76286175,65.4365646,5.54627,247.284613,-26.10382196,-13.67182228
Driver,89.56021832,2.509,1.132,-3.070866142,49.968,3.242,10.019,-4.284,-5.416,133.2625716,1.488,8.851,-3.427,1907.46,-27.726,299.5279267,29.55599287,-35.33964683,6.091725543,-0.384478026,0.93962847,0.095702,169.6635508,-27.88488678,17.23196626,73.50054825,3.700762,220.4841451,-41.98591929,-53.49299415
Driver,106.5877774,0.485,6.959,-0.62992126,46.533,7.419,10.329,8.619,1.66,158.5676897,1.4877,8.53,8.311,2872.17,-0.12,517.3595559,76.67801958,73.65828848,6.046362849,0.873901194,0.922657854,0.079835702,257.2482596,36.9446722,33.81036444,61.55048683,6.375907268,283.2579743,40.65553985,-0.72631653
Driver,99.75393701,0.519,3.606,-0.708661417,48.031,4.072,16.091,4.984,1.378,147.2393969,1.476,13.553,4.75,3725.66,-1.206,480.2848035,114.8981852,35.07257691,5.977368129,0.493636877,1.464988708,0.086701,234.938632,16.71627376,45.8347735,61.50194552,7.096767,249.1020858,17.5979325,-8.24003127
Driver,99.2662849,1.267,8.013,-1.653543307,49.36,9.101,11.743,-0.429,-8.441,142.6570329,1.4371,10.306,0.763,2625.41,-24.724,406.1814306,55.6837748,-30.98672652,5.876155887,0.058217367,1.072602584,0.086678,214.6329227,-30.15692165,27.39731019,63.53051302,5.223962,247.6251093,-40.30100516,-98.95214236
Driver,94.89754832,2.387,1.492,-3.149606299,43.347,4.023,11.947,2.573,1.082,141.0945329,1.4868,10.819,2.443,1590.0,6.34,381.552128,49.00433545,22.2621936,6.174480817,0.267409802,1.177617382,0.0920745,211.0583344,14.87442822,23.38573092,71.93209703,4.6897,242.5507555,17.98641995,17.66045084
Driver,27.78274875,-1.3,-1.5,1.338582677,65.839,-2.353,33.085,-2.291,-0.791,29.95190587,1.078,27.835,-2.258,3040.0,-0.707,26.58440059,7.065947783,-0.990062939,2.598832429,-0.099662688,1.189106609,0.203448,16.73598484,-0.651937572,30.38509305,27.24298342,1.387568,25.20579546,-0.986780462,0.022364426
Driver,95.08097709,-2.18,2.635,2.559055118,51.347,0.89,19.504,7.754,5.119,135.135111,1.4213,16.837,7.08,3680.22,12.819,424.1372156,111.0026309,81.15362571,6.176038842,0.77764703,1.898131616,0.0992165,212.3173022,50.92894114,45.741064,60.97971582,6.76225,219.6429992,53.308664,75.40633149
Driver,98.5392806,5.1,5.3,-6.968503937,48.38,9.854,11.815,-4.614,-9.914,144.9581693,1.4711,10.942,-3.071,2270.0,-47.159,340.6076857,42.92447538,-59.65566026,5.766894426,-0.341752078,1.108038819,0.083857,188.2565792,-51.46238348,22.82919047,69.7852077,4.190549,228.8873366,-72.89716599,-125.0612481
Driver,117.3362563,2.6,0.0,-2.244094488,59.113,0.864,12.855,-0.021,0.149,165.1615068,1.4076,11.163,-0.071,2780.0,-23.182,533.1918511,95.87990747,-61.6488345,3.456575074,-0.009102441,0.686654522,0.043948,266.2126232,-50.86409102,37.56004218,62.92246458,6.738391,289.0786575,-59.63819438,-151.6207293
Driver,69.71411954,-0.748,-6.301,0.708661417,55.3,-6.82,17.473,14.78,21.082,75.846233,1.088,14.453,10.992,3560.0,35.771,120.3673405,17.51093987,30.03696624,5.179180714,1.027879342,1.280235841,0.146604,72.51955,21.99893225,20.70493687,51.9272636,2.53704723,101.3313322,33.94516626,25.25838254
Driver,88.90926986,-3.9,-2.1,3.74015748,56.946,-4.825,18.192,1.609,3.709,121.3815319,1.3652,15.282,1.087,5790.0,7.586,339.1710917,88.35217438,21.86972307,5.777589771,0.120802542,1.615167924,0.103017,169.5061667,15.42565106,45.93511791,55.32509528,5.991634,178.7203183,16.7209409,36.66175792
Driver,88.3567466,-3.333,-5.773,3.503937008,55.08,-8.104,15.449,-3.977,1.796,127.9804939,1.4485,12.054,-4.314,4333.0,3.485,380.212954,76.67092549,-20.72149702,5.267834009,-0.392833273,1.148716364,0.0872448,190.9384889,-8.57195855,39.66063263,55.81868318,5.93157,205.7507269,-8.863828766,17.40208394
Driver,97.4297602,1.1,-6.1,-1.377952756,48.054,-5.29,17.046,-4.585,1.654,141.7204277,1.4546,14.813,-4.827,3159.4,7.564,457.2532934,105.1568035,-18.91344097,5.293232792,-0.439218672,1.412767272,0.080052,229.4842597,-4.16167403,43.0160861,61.27776465,6.784406,246.9034861,-3.534572639,45.48125674
Driver,100.6979241,2.816,2.447,-3.661417323,45.168,5.25,17.669,0.803,-1.644,148.9790623,1.4795,14.86,1.128,4179.93,-6.081,480.557289,132.3149856,-10.65309418,6.182622279,0.113310647,1.685135115,0.0891729,231.6384084,-10.29650932,49.66705272,63.28528492,7.38633,236.6212531,-10.73044873,-44.55015059
Driver,71.03838583,-3.361,-5.685,3.11023622,64.204,-7.311,22.028,-7.744,-2.059,89.4242126,1.2588,18.109,-7.399,3490.0,-2.886,210.5300132,44.19050022,-28.45292655,6.241800836,-0.808597613,2.02127319,0.153185,117.8296245,-17.0463382,32.69958662,52.09493739,4.18697,137.1178318,-20.09787627,-5.670394672
Driver,100.7918754,-0.84,-2.104,1.181102362,46.859,-2.891,12.77,-0.45,1.654,141.5591446,1.4045,10.564,-0.726,3124.37,13.393,434.8868022,74.09584566,30.03089714,222.7885607,26.61539958,-0.65783939,5.89548,221.8112243,26.38758998,33.61924861,63.08390912,5.85712,247.2412432,32.3448376,87.52808332
Driver,112.1689334,1.962,1.451,-2.244094488,56.577,2.746,19.545,-4.65,-6.101,154.8825608,1.3808,16.995,-3.708,4155.0,-12.16,502.1912282,156.657274,-73.97696368,5.616500386,-0.377715558,1.757390919,0.0786432,239.2783101,-47.66592457,52.79977032,66.85986123,7.80885,247.0078978,-49.81956732,-97.2053054
Driver,89.9964209,-3.3,-1.7,3.307086614,57.16,-4.068,16.712,-3.737,-2.037,133.1800286,1.4798,14.358,-3.427,5320.0,-4.178,394.4339402,105.1321833,-34.14039904,5.903839357,-0.367430906,1.54960365,0.095379,193.0025677,-20.02923769,48.05796425,58.29866306,6.567874,202.3536549,-21.26615759,-25.55592869
Driver,73.14334288,-1.088,1.935,0.866141732,66.001,1.451,14.324,-9.072,-11.008,55.46483536,0.7583,2.173,-0.338,8118.08,-27.86,12.28423726,0.245722128,-0.140480153,5.996826077,-0.085135784,0.064123304,0.225838,7.865559015,-0.13288337,2.260350818,52.54408847,0.298144,27.71944598,-0.716755686,-0.259462027
Driver,97.226199,-3.102,-0.145,3.779527559,47.424,-2.999,20.369,6.347,6.493,133.1950161,1.37,17.443,5.474,4020.0,9.814,413.5002927,115.5633478,62.19049992,6.432340991,0.628489683,2.057483367,0.105332,205.4280652,38.83048785,47.70943092,61.08123572,6.81211,216.5212487,41.62861345,58.2301883
Driver,82.14924839,-1.7,1.5,1.771653543,57.116,0.37,29.898,5.208,3.697,109.2955888,1.3304,23.712,4.378,6750.67,4.861,291.7781089,104.8664973,29.44361427,5.216468358,0.406334956,2.324326671,0.109178,146.4171416,18.01357114,52.18975466,57.76872785,6.045664,150.8172577,18.65774962,20.60698465
Driver,103.0288117,4.3,1.5,-5.31496063,49.088,5.262,14.714,1.326,-0.174,151.4804044,1.4703,13.086,1.413,2450.0,-3.037,496.7325566,94.23183017,5.361976224,5.870428816,0.142367166,1.373995719,0.082376,255.0974706,0.593573583,37.13035359,64.45679139,6.565108,280.3376232,0.124212583,-17.09111721
Driver,96.23299928,-2.093,-2.244,2.519685039,47.194,-4.184,27.552,-5.47,-3.227,118.9108357,1.2357,22.706,-4.873,5752.41,-3.75,336.6124661,121.2223386,-34.884452,6.268454662,-0.540917914,2.681548963,0.119557,166.1332967,-20.4669966,53.17890356,60.92581991,6.5455,171.0487738,-21.16462579,-19.16379394
Driver,91.54214388,-0.921,7.014,1.062992126,57.138,6.419,0.673,-4.512,-11.526,132.7500895,1.4502,0.514,-3.363,1530.0,-46.14,24.18700791,0.11557403,-1.554167185,6.122247627,-0.38428216,0.036233201,0.095178375,15.33450818,-1.069944076,0.535300721,126.3608144,0.24202969,86.13605125,-6.937602023,-0.51223548
Driver,59.14459556,-4.3,-0.1,4.330708661,55.045,-3.185,17.645,-1.109,-1.009,85.55990515,1.4466,15.145,-0.876,3830.0,-2.014,181.7281353,31.25412268,-4.15584559,5.478476268,-0.097546789,1.46350381,0.138189,103.0348886,-2.823209995,27.55767716,50.75553953,3.611742,126.3070453,-3.674240519,-3.744671283
Driver,109.9141016,-6.635,-2.469,8.385826772,46.18,-8.879,13.335,3.867,6.336,154.3278006,1.4041,11.023,3.108,3720.93,17.366,497.7066561,100.0492974,77.31546019,6.195846447,0.356068251,1.240316382,0.0848317,243.0843932,52.67431844,41.59813485,60.00590734,6.85065,252.6079907,56.09578911,119.1911381
Driver,105.4290444,0.188,2.918,-0.236220472,45.17,3.104,13.989,4.411,1.493,150.4350841,1.4269,11.361,4.118,3949.24,6.049,488.0291396,106.2480525,52.6629282,6.293023446,0.459640764,1.304491525,0.088564,236.6880596,30.96658917,44.18204957,60.05119322,6.97949,244.5353362,32.36395082,42.10794202
Driver,98.50348962,-3.993,-3.684,5.078740157,50.058,-7.035,17.408,-1.823,1.861,136.8687366,1.3895,13.624,-2.168,5159.54,3.152,414.0575038,106.8316527,-6.465026229,6.487377009,-0.239859388,1.627445009,0.101519,201.7436573,-1.120914551,47.20242882,58.62136867,6.67407,211.1991621,-0.96356189,19.5350218
Driver,95.69389764,2.682,4.406,-3.582677165,46.442,6.959,8.887,2.332,-2.074,137.643835,1.4384,7.422,2.827,2112.66,-3.678,344.988505,33.44749304,12.53216867,197.6962195,5.970180529,-6.846010199,4.728,182.4261788,5.723136128,21.08799944,65.1220125,4.198,220.7055197,6.350007733,-9.830218885
Driver,98.7920544,-1.891,-4.413,2.795275591,48.156,-6.108,21.244,-2.244,2.169,135.6455798,1.373,18.354,-2.537,3910.0,3.339,428.4663964,127.4486701,-9.20004668,6.085281125,-0.264828832,2.046151442,0.0984008,211.0027794,-2.370668434,49.69136466,62.74709807,7.0727671,222.0215323,-2.262836038,20.91301704
Driver,69.99373658,-4.509,-5.92,4.488188976,61.844,-8.338,28.741,3.753,9.672,89.74185755,1.2821,21.99,1.512,6266.27,9.901,214.4764477,60.0553666,14.38495688,5.99273327,0.178902561,2.428057797,0.151034,115.7051296,10.96440004,41.78677286,50.68196598,4.67722,124.4466307,12.20303697,23.76386719
Driver,96.24418397,-4.664,0.152,6.929133858,41.868,-5.07,11.543,-0.936,-1.089,132.7742484,1.3795,9.333,-0.784,2919.89,-7.736,360.1366579,47.47600364,-16.89069796,199.7475887,-13.73605412,-4.833438075,5.02743,190.6098664,-12.63723556,26.05348756,65.88368051,4.70743,224.0451766,-16.56077833,-30.10105428
Driver,87.39933787,-0.386,-4.494,0.511811024,46.235,-4.864,24.795,-5.31,-0.817,112.3836793,1.2859,21.149,-5.179,4070.0,-1.742,323.9615132,96.9997678,-30.8848591,6.040661309,-0.548038773,2.359695815,0.120121,166.4562035,-17.50216009,46.7799993,58.07495578,6.06101,172.616946,-18.20883328,-7.46520605
Driver,85.47333572,2.5,-5.7,-3.11023622,49.159,-3.629,23.965,-2.823,2.903,119.9067198,1.4029,20.535,-3.328,4120.0,8.465,355.7821209,107.9418295,-2.601288011,6.061778728,-0.338455543,2.294139699,0.112634,180.1884871,3.467239936,48.15438882,59.75578116,6.411718,191.4991793,4.238518798,41.75922098
Driver,86.19810308,-2.141,-2.326,2.795275591,50.035,-4.122,21.311,-3.066,-0.739,120.229286,1.3948,18.422,-2.967,3450.0,-1.729,362.1092368,93.88527942,-21.24188907,6.263329069,-0.326590979,2.10589552,0.114233,186.6568776,-12.31221834,43.49078949,58.87453268,6.16725,195.2746328,-12.9714609,-7.965750026
Driver,34.09090909,-2.9,0.9,2.519685039,66.701,-0.353,37.55,-0.883,-1.783,37.31276843,1.0945,27.439,-0.339,3731.98,-1.765,41.27936413,10.9977544,-0.295240459,2.967520431,-0.018356644,1.39996015,0.186188,25.64993532,-0.221604617,31.22557026,32.2166945,1.768177,35.91846125,-0.332943196,-0.20953555
Driver,23.91732283,-5.0,-0.8,3.818897638,66.455,-3.765,42.679,-3.265,-2.325,26.57323729,1.111,29.701,-2.403,3400.0,-1.95,21.80956324,6.221253713,-0.920294272,5.757286813,-0.252420311,2.008164269,0.527685,13.67672997,-0.6139989,32.2044653,24.39790269,1.296553,19.68298287,-0.892794251,-0.12179891
Driver,81.47593057,-5.829,5.334,5.94488189,57.106,1.548,25.365,4.815,-0.518,108.5741768,1.3326,19.867,4.917,5921.19,-0.719,293.6542441,86.4241728,22.89542041,5.949729681,0.50859468,2.18104997,0.122008,150.6020352,11.96559415,46.675808,55.26047736,5.709565,159.030126,12.6019949,-2.838348082
Driver,83.31245526,5.69,9.813,-6.299212598,53.769,14.0,12.466,7.175,-2.638,133.3585361,1.6007,11.104,7.715,1935.23,-20.729,344.6461585,44.48141785,27.57019596,4.854125216,0.642455261,0.949823336,0.0765125,191.7969665,7.685022857,23.02832157,68.83874824,4.47415,220.7213826,5.951309003,-54.33529989
Driver,88.30977094,0.7,4.7,-0.905511811,47.72,5.239,11.929,-9.552,-14.252,121.1641016,1.372,10.081,-6.975,3620.0,-25.354,313.5474648,44.35462193,-70.05818717,5.772599919,-0.730263516,1.035515145,0.10051,163.8969293,-48.06034031,28.51412782,55.09089639,4.692656,188.9494826,-59.78133258,-86.02967502
Driver,91.9872942,-5.612,3.205,6.299212598,56.292,-0.553,14.232,2.395,-0.81,125.6104599,1.3655,11.717,2.502,3140.0,-1.497,365.3171619,59.69112212,13.41988729,5.387133262,0.233872042,1.126929549,0.0906752,190.7301718,6.319542065,32.07415034,57.81400519,5.38087,213.893991,6.854342863,-6.024286238
Driver,97.56621331,-3.278,-10.129,4.251968504,49.261,-12.956,19.167,0.426,10.554,130.7310308,1.3399,16.658,-0.844,3615.29,16.442,400.6049639,99.04667987,29.42623765,6.055008479,-0.068496804,1.828579109,0.100532632,203.3091892,26.20410975,43.34445641,59.54782623,6.410350004,219.3164939,30.0782297,87.51312529
Driver,99.25733715,6.012,8.912,-7.559055118,51.142,13.779,11.956,3.178,-5.734,146.7257963,1.4782,10.998,4.122,1940.0,-39.177,367.2765747,46.38618785,-9.281505713,5.670941214,0.38417574,1.096076218,0.081380802,204.2182545,-20.70090268,22.41804597,73.07295639,4.399251553,249.6039358,-34.16224243,-105.7531186
Driver,103.2547423,5.269,5.9,-6.57480315,53.054,9.877,2.897,-0.347,-6.247,134.9013511,1.3065,3.527,1.298,2357.03,11.7,255.0752394,10.307997,15.03979676,166.5238067,16.5801726,-5.52817789,3.64182,140.3111323,12.0052863,8.41262686,75.66824587,2.88182,193.6189804,20.47516259,26.50641726
Driver,96.19273443,-2.059,-3.85,2.637795276,44.851,-5.922,14.38,-1.432,2.418,137.9386632,1.434,12.387,-1.736,2760.0,5.361,427.2513502,74.8421696,-2.866151387,6.166036135,-0.181520486,1.368564527,0.0948394,221.3122961,1.835576007,34.36016248,60.85242556,5.95029,244.8249919,2.898158252,25.61699884
Driver,92.64271654,-1.979,-0.048,2.283464567,52.897,-1.546,17.648,1.745,1.793,136.9872942,1.4787,15.349,1.523,3140.0,3.3,438.8243508,100.7235274,18.81129742,5.59017305,0.151664098,1.554959977,0.0877056,222.3923344,12.09022286,42.13179612,60.96978741,6.61647,239.2836703,13.3911894,18.55169203
Driver,111.5694345,-1.302,0.679,1.771653543,49.814,-0.421,11.669,-0.36,-1.039,158.6037044,1.4216,9.102,-0.15,4056.58,7.051,495.0121882,120.1806064,21.13863151,221.1654926,16.14914226,0.991833914,7.27798,221.7842381,16.26392979,55.86849198,59.61658277,7.31606,228.4956212,17.47996482,50.5288196
Driver,99.52129563,-0.04,-7.835,0.039370079,50.167,-7.868,19.072,-4.472,3.363,138.8211346,1.3949,14.954,-5.236,5762.35,6.283,413.9401844,120.1692623,-17.78204525,5.97511663,-0.535504698,1.639281783,0.092905129,199.8672855,-4.619505325,50.66200046,60.51354094,6.889356536,207.1227964,-4.480840634,40.90333767
Driver,92.48613099,0.9,0.3,-1.141732283,52.14,1.045,8.462,-4.059,-4.359,129.4508321,1.3997,7.086,-3.336,2050.0,-11.71,291.9573796,24.6744989,-25.12050181,5.68561207,-0.339434674,0.704641509,0.091566,161.6792071,-17.33035705,16.16103473,69.13301257,3.668737,209.0697915,-24.91185656,-23.84061969
Driver,101.3220293,-0.7,8.3,0.94488189,50.695,7.647,27.189,-4.696,-12.996,129.5535075,1.2786,22.791,-2.326,6270.0,-7.68,371.128693,144.879499,-34.73220304,5.806392146,-0.249513623,2.488368854,0.10178,178.0521539,-22.84275919,56.6097562,64.95758134,7.057628,180.5809187,-23.26502375,-46.97211046
Driver,83.80905512,-6.584,-8.725,9.881889764,42.404,-15.986,15.697,-9.024,-0.299,108.7797513,1.2979,10.403,-8.951,5713.07,19.884,245.9424437,34.24777427,-18.01130105,143.8712166,-1.344455767,-4.654139329,4.21276,134.8056773,-2.557571256,24.81099397,59.76465999,3.86276,160.7048226,0.622127056,55.33253587
Driver,119.0967251,1.696,-3.701,-2.322834646,43.959,-1.941,11.908,-1.146,2.555,166.0817824,1.3945,10.514,-1.502,2370.0,2.011,554.9433851,92.47149495,-9.289617495,5.931439069,-0.154022839,1.112980676,0.075149895,280.1815207,-3.164965246,35.46291915,65.55615362,6.702234824,307.9152228,-3.070514497,12.53918291
Driver,107.442287,0.1,0.9,-0.078740157,58.011,0.951,13.326,-1.174,-2.074,161.0059503,1.4985,11.226,-0.787,3440.0,-1.762,536.8800927,117.7057962,-13.55881353,5.842651854,-0.08673669,1.182241905,0.076697,258.4691787,-8.230249907,45.27084484,62.16159017,7.348216,273.5744945,-8.923249361,-14.043359
Driver,85.84466714,3.271,0.831,-4.960629921,49.083,3.67,18.778,0.561,-0.27,128.3923139,1.4956,17.038,0.593,2219.05,-13.902,386.4699336,83.6726894,-25.52933099,196.4039994,-23.41828003,3.009547742,5.70254,200.1930202,-24.34322994,38.99174281,61.0136013,5.86638,221.4890566,-29.36196971,-79.195417
Driver,103.1451324,2.3,10.9,-3.11023622,47.173,12.999,15.498,7.912,-2.988,142.5767269,1.3823,13.519,8.369,2870.0,-6.451,452.8575306,94.61409969,49.68086696,5.755512166,0.831780812,1.39798792,0.086108,228.1318931,21.00720459,40.6486974,60.19079267,6.554027,247.7600176,21.89214072,-36.83852215
Driver,93.90882248,1.123,1.535,-1.220472441,53.859,2.356,9.287,0.747,-0.788,133.3395222,1.4199,8.28,0.846,1340.0,-3.555,289.048673,26.06095367,2.445418372,5.355889518,0.077460768,0.772478574,0.083712,166.3948192,0.609679459,15.34821803,78.7016999,3.46965,219.5067402,0.196844595,-5.541544559
Driver,93.99382606,-3.9,-6.9,4.68503937,52.084,-10.221,8.425,-4.156,2.874,133.3307981,1.4185,6.843,-4.523,2150.0,-5.777,312.2643598,25.76895091,-28.93690698,5.833984807,-0.464343946,0.698810448,0.091137,172.2810009,-17.8035709,15.98222666,71.00537921,3.796813,222.1079228,-24.26629195,-12.70472819
Driver,92.66955977,1.432,5.673,-1.771653543,52.858,6.759,13.881,6.96,1.286,135.5449177,1.4627,11.292,6.685,3503.83,-1.317,418.8103063,75.85527597,45.14813179,5.961154539,0.692476147,1.207657211,0.093069,210.9694047,22.28967449,37.0424985,57.80320212,6.04293,231.4926294,24.25780439,-6.850538128
Driver,62.71698282,-3.0,0.8,2.401574803,70.084,-0.678,38.493,11.805,10.914,67.27675376,1.0727,32.339,9.784,4260.0,11.481,139.7374546,50.98884495,26.89721503,4.855551319,0.845756083,3.009085445,0.179321,78.25036986,17.81112176,45.03699586,47.38271023,3.983392,88.12087844,20.37672931,13.81107241
Driver,100.4071224,-0.141,4.078,0.157480315,46.741,3.945,18.667,0.301,-3.777,138.6211525,1.3806,16.311,0.803,3310.0,-10.956,444.6569328,110.5411482,-20.55196269,6.287329236,0.074466799,1.86740574,0.0981558,223.5355251,-18.6514609,44.40954759,61.68497061,6.82606,232.0839105,-20.00953432,-65.31435458
Driver,97.25975304,1.0,-4.2,-1.141732283,42.987,-3.743,18.477,-3.324,0.941,140.1608357,1.4411,15.95,-3.422,3522.09,12.163,442.8925101,113.7396427,5.49931854,5.949556842,-0.345732867,1.721687856,0.091746,220.0423508,11.77821102,46.07813678,61.20818465,6.886958,234.0831506,13.7259223,74.61790616
Driver,103.8095025,-0.996,-0.5,1.102362205,52.033,-1.278,12.445,-1.569,-1.069,155.6048676,1.4989,11.023,-1.453,2205.78,11.509,457.7963621,78.99999635,21.11783537,222.1380703,20.55914031,1.869302542,5.92477,224.5618717,21.09392028,37.77142725,56.61773528,6.0362,244.5757018,25.4769015,80.26847147
Driver,95.7900859,1.2,-1.2,-1.25984252,54.302,-0.781,26.517,7.33,8.587,114.8910612,1.1994,23.176,6.049,4040.0,8.494,332.1482941,110.9411943,48.84462369,5.469545291,0.588118812,2.36197613,0.108042,168.2534728,30.73120112,50.07577572,59.34095502,6.381577,178.2200697,32.99322665,39.38392226
Driver,83.24534717,-3.185,6.367,4.330708661,51.009,3.785,5.559,0.427,-5.94,115.7372942,1.3903,4.049,1.459,2100.0,-4.406,160.0431457,6.679179864,3.167506345,5.897205606,0.146648054,0.405194866,0.105634,94.90797976,1.430894904,6.762371095,80.78064335,2.02906,157.3888622,1.68115302,-2.957410587
Driver,89.28060129,-4.0,1.2,4.921259843,45.645,-3.239,18.518,-2.612,-3.75,120.3355404,1.3478,15.596,-2.018,3540.0,0.209,351.6002715,81.02689935,-12.00716442,5.948452834,-0.215039983,1.677880788,0.106837,179.8820608,-6.197941903,41.52910591,56.07003814,5.89556,195.9041675,-6.72781444,0.409233427
Driver,98.88376879,3.759,4.435,-5.039370079,42.776,8.507,13.519,3.57,-0.865,147.3704814,1.4903,11.471,3.756,3009.3,-4.939,476.5801918,86.65244302,18.9944446,6.219532357,0.402258115,1.2856403,0.0892595,239.7246683,6.11334965,37.40322484,60.67933316,6.46358,253.0863868,5.957295144,-28.79540339
Driver,91.1059413,-3.4,-1.2,3.188976378,58.482,-4.05,17.526,-3.293,-1.979,132.7487473,1.4571,13.678,-2.809,5090.0,-4.093,393.706945,98.92514933,-29.74659896,5.952129169,-0.308680679,1.485474103,0.096166,192.8863737,-17.74077787,46.73736961,56.49424231,6.512367,202.8894566,-18.95563588,-24.92043479
Driver,78.16526485,0.6,7.4,-0.393700787,60.66,7.374,6.111,-8.737,-16.102,90.33173765,1.1556,5.3,-6.312,2300.0,-54.689,69.43260904,3.409875673,-9.969224369,5.942962714,-0.70248785,0.491924476,0.136903,44.30953581,-7.818518789,6.435755593,74.08299272,1.116176,98.76810588,-21.22905012,-8.928179711
Driver,80.14271654,3.289,3.338,-4.330708661,45.557,6.569,16.265,5.503,2.165,116.457364,1.4531,13.638,5.048,3080.29,0.815,301.0599882,56.63517683,28.98155313,167.2853622,19.12180606,-1.640323194,4.75891,164.597935,18.72026153,31.1654483,64.39804007,4.65891,192.2309218,23.03175422,12.7758264
Driver,101.1386006,-0.292,-5.146,0.433070866,41.886,-5.472,12.626,-4.443,0.703,140.6341714,1.3905,10.864,-4.542,2465.21,0.516,417.3281812,58.88637338,-30.84468942,224.4522887,-15.79782971,-2.045407759,5.33058,220.6029568,-15.57737745,27.68714685,68.76366857,5.20058,255.3307258,-17.59945668,5.692352803
Driver,101.43835,-5.763,-9.069,6.968503937,49.628,-13.992,19.002,4.351,13.42,129.7821224,1.2794,15.747,2.452,4800.0,18.827,380.7295151,97.53284625,58.27405766,6.280846292,0.298513447,1.80895722,0.104648,190.4986802,42.02115127,45.02370925,57.90328843,6.31647,201.6624849,45.93895587,102.1003109
Driver,43.56657122,-2.7,-1.7,3.031496063,52.376,-4.015,15.919,1.811,3.511,60.34851467,1.3852,13.336,1.382,1990.0,9.468,69.12760221,8.653021473,2.109597498,5.252658306,0.127884396,1.126971138,0.185621,43.79266611,1.678411128,16.01122882,49.36482707,1.71127,75.46377353,3.387892396,1.867507544
Driver,111.517985,1.3,1.7,-1.456692913,50.895,2.652,14.483,0.411,-1.289,162.1461167,1.454,13.034,0.644,3380.0,-1.654,549.5603066,133.4652644,-0.56425457,5.868746489,0.055901302,1.380806305,0.077027,264.6757355,-1.802977181,47.44803314,64.31310452,7.669883,278.4505997,-2.071546387,-14.33299747
Driver,89.81299213,-7.631,-5.429,8.307086614,52.468,-11.337,4.982,-0.111,5.319,127.8451593,1.4235,3.435,-0.763,2130.0,15.259,194.7521225,7.317537284,1.780181532,5.44208728,-0.063703101,0.322439957,0.0880128,112.1877753,3.021577005,6.579932435,84.31428999,2.23615,172.1363686,7.23937102,13.54413637
Driver,100.3377774,-0.523,2.016,0.708661417,41.636,1.428,12.908,4.327,2.31,146.7304939,1.4624,11.163,4.018,2580.57,9.602,458.8778438,73.68245267,50.12298711,5.660133995,0.403843202,1.129167507,0.0813201,236.9482205,32.44489953,32.63675939,62.5918828,5.98762,262.959756,37.73822398,47.75581977
Driver,110.9654617,0.6,0.0,-0.826771654,40.277,0.262,13.759,1.329,1.419,164.3474857,1.4811,11.857,1.184,3120.0,7.88,558.0785456,119.9304228,36.92860005,5.943181903,0.126976066,1.267278322,0.076567,271.3883376,25.58350133,44.03601449,63.42466678,7.441106,288.4582416,28.26648943,59.98575823
Driver,107.795723,6.848,0.244,-8.346456693,51.727,5.681,9.942,-4.476,-4.719,148.8613994,1.381,8.933,-2.919,2716.34,-43.785,359.1837595,38.88159633,-63.16748403,4.807269517,-0.266516691,0.75434474,0.0675016,194.5239051,-52.9402016,20.8975478,69.58834598,4.235609946,236.7440317,-75.35949966,-130.0183885
Driver,104.2076772,6.1,4.1,-7.204724409,50.948,9.065,20.127,0.088,-3.969,154.5391911,1.483,18.096,0.698,3240.48,-6.898,509.6675342,157.805405,-17.25719193,5.331155465,0.058970601,1.761882122,0.075284,245.0623277,-14.78412089,52.37634108,67.225937,7.880928,255.0990382,-15.84070462,-53.28887796
Driver,109.7687008,-5.492,-5.311,6.850393701,49.169,-10.077,9.415,-6.565,-1.254,149.9577219,1.3661,7.896,-6.435,2270.0,-3.108,434.5198504,48.42975321,-53.01286976,6.255513786,-0.703509917,0.876512669,0.0870856,227.6500729,-29.5621362,23.89501646,66.60686362,5.12607,264.1734737,-34.99788723,-12.23345659
Driver,112.0414281,0.0,-2.8,0.354330709,49.69,-3.531,12.478,-1.743,1.149,165.3552255,1.4758,10.851,-1.803,2684.3,10.573,552.5833791,101.6121139,12.13866273,6.203819885,-0.195796485,1.20599126,0.079146,273.7738835,15.17097336,39.10533422,63.26936617,6.993017,295.7945635,18.24485059,71.29200035
Driver,77.52326414,-4.127,5.268,4.015748031,60.9,2.966,32.373,1.921,-3.347,93.13484252,1.2014,23.879,2.828,7863.77,-3.776,228.2800449,73.10779964,6.529914651,5.945863127,0.284665819,2.651895856,0.146964,120.1671856,2.431776622,46.40418434,52.14412723,5.060309,125.4133979,2.447363462,-10.49629238
Driver,93.76789549,-2.1,-7.7,2.598425197,51.46,-9.492,10.485,-1.316,6.407,133.1927792,1.4205,8.76,-2.205,2560.0,1.057,364.7964207,42.15293707,-12.65221551,5.945631265,-0.227840596,0.920154656,0.093523,194.4507283,-6.312950968,23.56772841,63.25329809,4.748428,231.1829688,-7.272574338,3.507820412
Driver,91.30726557,-2.529,-5.254,3.031496063,49.873,-7.387,9.023,-5.886,-0.633,136.1406138,1.491,6.128,-5.726,3918.84,-2.025,398.8802151,47.57676931,-43.5141253,6.174546702,-0.61837609,0.686675074,0.0945569,197.4939853,-22.80581796,28.77725861,55.7738069,5.28393,220.926733,-25.88078519,-9.358841996
Driver,99.26404796,-4.551,-2.004,5.669291339,47.344,-6.209,13.452,0.719,2.723,139.6423139,1.4068,11.235,0.373,3110.0,5.534,436.0427256,75.09714028,14.28771681,5.579344977,0.041069628,1.124997589,0.0843264,221.5819864,10.99126406,35.31540506,59.31208709,6.05778,243.0562079,12.93124445,28.65090315
Driver,96.71841446,4.202,3.848,-5.433070866,48.695,7.55,12.351,0.098,-3.75,144.2803776,1.4918,11.071,0.7,2020.0,-22.846,402.1593529,54.96348693,-22.55097955,5.837009336,0.055570914,1.141434312,0.085265,218.4339932,-23.27572574,25.70709042,68.51761701,5.012706,257.4939641,-32.37627541,-77.78221022
Driver,88.18673944,3.705,1.313,-4.251968504,60.246,3.434,-0.105,-9.93,-11.242,105.7867305,1.1996,0.384,-8.498,1590.0,-62.385,5.05126211,0.019000317,-0.752466091,4.619166129,-0.704639229,-0.023459768,0.090026529,2.608325223,-0.390987879,0.323957698,104.9121704,0.050612685,64.31711707,-9.911868853,-0.016816028
Driver,90.24024696,0.1,-5.3,-0.236220472,51.04,-5.273,23.106,2.752,8.052,119.7579635,1.3271,18.04,0.719,3199.62,10.083,352.8714868,88.95767003,22.25975146,4.502379602,0.069812873,1.473260509,0.081951,182.1972047,17.48109236,42.82281393,57.68156512,6.032692,198.2391232,20.03773706,45.61183842
Driver,115.0836614,5.1,1.7,-6.220472441,49.707,6.045,17.266,2.182,0.482,170.5623658,1.4821,15.537,2.181,2690.0,1.948,595.7983422,156.9512977,28.10977342,6.084539843,0.226602502,1.710773915,0.076752,289.7211555,16.08138071,48.62944555,68.84993957,8.11051,303.686646,17.04884435,15.18292154
Driver,76.89468504,0.404,-2.036,-0.393700787,55.107,-1.754,6.917,0.414,2.449,99.596233,1.2952,6.038,0.08,930.0,16.383,99.5588991,5.586467251,1.036827508,5.874264226,0.017242852,0.57600909,0.122444,62.93450286,1.180573672,7.27497929,81.89384649,1.439249,128.6659912,3.595517022,3.278144607
Driver,84.62329993,-0.08,1.259,0.118110236,42.89,1.173,17.949,5.333,4.074,122.7145222,1.4501,15.089,4.652,3574.38,8.082,364.3663912,79.12265612,43.15915713,6.265394333,0.51883072,1.709267735,0.109916,187.9044479,27.31089461,39.4040913,57.27777246,5.8717,204.5702848,30.62257522,36.42911162
Driver,99.71814603,2.874,0.896,-3.543307087,47.524,3.53,15.819,-0.799,-1.695,144.4588851,1.4487,13.629,-0.502,3168.68,-7.228,469.646604,100.7217695,-22.00456512,6.099421702,-0.061278694,1.505257424,0.0901101,235.449144,-16.70850352,41.40416724,61.13816519,6.74128,245.9698993,-18.01097559,-43.9505679
Driver,87.77066929,-1.262,-1.102,1.88976378,44.362,-2.392,19.867,0.237,1.339,126.5618289,1.4419,16.635,0.019,4070.0,1.374,384.2059458,100.0003995,3.135690629,6.078665395,0.003943783,1.840876307,0.1043912,193.2596408,2.4825822,45.47617342,58.79552346,6.413271736,206.5694093,2.772547763,7.255500088
Driver,87.62526843,-0.886,6.951,1.102362205,54.423,6.316,14.553,7.317,0.367,119.9000089,1.3683,12.781,7.274,2110.92,0.942,312.9353361,46.1796867,39.98500238,6.029127362,0.764162851,1.358577411,0.106827334,174.6858432,22.90357243,25.61333507,63.96394588,4.532504306,210.7879098,27.8006039,2.377256296
Driver,44.35844667,0.7,-0.9,-0.62992126,55.87,-0.529,27.372,-2.564,-1.664,62.18459198,1.4019,21.93,-1.998,3140.0,-2.327,106.1813725,23.78756032,-4.566245811,5.461412135,-0.220740018,2.089900746,0.19788,63.68842894,-3.022014436,29.6405021,45.12779868,2.83053,83.43315619,-4.08728412,-2.406617906
Driver,92.16177523,-0.034,2.488,0.039370079,53.605,2.463,16.811,-0.406,-2.894,134.8411775,1.4631,14.81,-0.045,2720.0,-10.058,419.9591209,85.17065042,-18.68675219,6.091967283,-0.014827854,1.618081706,0.096940267,218.5884662,-16.24781787,37.27499034,61.39397877,6.127149703,242.1607913,-19.57946228,-48.22982645
Driver,92.16624911,-1.903,4.469,2.559055118,48.287,2.772,10.077,1.188,-3.281,131.388019,1.4256,8.281,1.689,2430.0,-6.953,339.9676225,35.57447614,2.886514663,6.062994555,0.172569506,0.883788519,0.096559,183.6399718,-1.156919167,20.72512377,65.16431175,4.368332,224.6380503,-2.98821725,-19.70692925
Driver,106.2253937,-2.599,1.707,2.874015748,53.594,-0.211,15.784,1.571,-0.136,155.2198908,1.4612,12.868,1.593,4494.71,-0.413,502.2570092,133.9761477,11.97336976,6.234764638,0.17277903,1.475830902,0.0855508,238.1608819,5.542336055,50.73475978,64.11710038,7.49543,242.8373196,5.637048838,-3.236308518
Driver,104.6103257,2.092,4.914,-2.795275591,45.118,6.998,18.213,4.007,-0.906,151.526709,1.4485,16.275,4.122,2920.0,-3.096,513.0845418,130.3592988,26.88160825,6.04530875,0.431110911,1.796740053,0.0862262,254.7823782,11.2232462,46.1116276,65.36820059,7.40796,263.310918,11.4188372,-21.30562509
Driver,69.4031854,1.4,1.6,-1.417322835,41.531,2.671,15.031,2.421,0.831,97.96304581,1.4115,12.418,2.359,2550.0,6.648,212.601489,28.87060228,11.73149956,5.817361093,0.236152121,1.260413353,0.126219,121.9001731,8.340970933,22.28725497,57.86945842,3.592157,155.151647,11.58640595,9.984501376
Driver,116.2088404,1.4,-1.4,-1.417322835,49.522,-0.758,16.869,0.208,1.647,155.190587,1.3354,14.532,0.006,3620.0,-11.41,507.3606937,133.2818621,-37.85218576,3.523914908,-0.007472475,0.922310715,0.048407,245.330424,-28.80660256,48.62966876,63.64566049,7.489202,257.5132933,-31.25778925,-86.49634686
Driver,99.47431997,-0.062,4.342,0.078740157,54.389,4.298,9.475,-4.645,-8.987,144.3823819,1.4515,8.333,-3.545,2260.0,-31.198,357.3250958,36.13808184,-51.81386023,5.182541735,-0.336053906,0.758833327,0.0748544,195.3811743,-40.67295173,19.47043192,70.76938407,4.23775,237.7086066,-56.38070447,-86.3366839
Driver,90.31853973,-4.7,-0.7,4.330708661,60.54,-3.437,22.774,1.444,2.144,122.8905691,1.3606,18.741,1.077,7110.0,3.414,340.2243637,110.2996817,13.89319904,5.863322903,0.117086709,2.037368305,0.105512,167.4125505,9.1071685,51.63867388,58.58672373,6.386753,171.756195,9.428636422,17.89055363
Driver,70.77219041,0.2,2.6,0.236220472,42.383,2.248,14.185,3.883,1.225,95.53596994,1.3499,11.266,3.683,2780.0,4.845,197.5255375,24.38090131,14.68927655,5.749060172,0.368557375,1.126213546,0.127403,113.13996,9.504599696,20.59810946,57.11087092,3.361228,146.6992225,13.02440483,6.728931804
Driver,97.88385827,0.5,-7.3,-0.62992126,51.231,-7.044,22.978,1.258,8.558,131.548631,1.3439,20.877,0.366,5190.0,11.381,387.0933763,136.8474479,33.05718512,5.612662293,0.052116091,2.177609477,0.095303,187.6847066,24.59692503,54.12682386,63.45995171,7.028451,193.4026639,25.71077497,70.2235788
Driver,64.4170544,-7.936,5.164,9.133858268,64.599,1.368,40.916,17.648,12.484,62.3630995,0.9681,35.603,15.76,3411.16,12.159,124.8650163,49.36077104,35.17836912,4.417810865,1.217789792,3.081601363,0.18238,69.85731429,22.77363253,46.35827334,46.30247098,3.83474,75.21881029,24.6713083,11.94073903
Driver,99.65103794,3.086,0.513,-3.622047244,57.515,2.48,11.859,-7.865,-8.378,138.8855583,1.3937,10.32,-6.355,2947.45,-31.221,379.2228849,51.45875937,-84.27645112,6.103434254,-0.70341492,1.116382664,0.092483,200.5218532,-61.02124185,26.8339022,62.1154467,4.99053,229.9144869,-76.19872025,-118.5105347
Driver,80.75116321,-1.763,-4.934,2.637795276,47.53,-6.548,13.453,0.916,5.85,115.7178329,1.433,10.04,-0.434,4203.75,20.696,278.7333711,38.29789654,23.69529135,147.0201884,21.12562174,0.226962994,4.15114,147.2347098,21.18389435,26.06428149,58.26522558,4.15959,173.7814622,28.4358338,66.86080559
Driver,87.99436292,-0.037,-2.739,0.039370079,47.644,-2.774,20.353,-0.341,2.398,123.8813082,1.4078,17.558,-0.693,3462.64,3.81,377.72459,95.43523274,2.9564292,5.798286382,-0.065611121,1.848393358,0.102062,193.4090847,3.827555803,43.3560344,59.09095258,6.261146,209.6222885,4.539885846,18.4982071
Driver,109.2295991,0.167,-3.966,-0.236220472,37.108,-3.746,16.887,6.539,10.505,149.5790086,1.3694,14.817,5.162,3650.0,10.111,490.2264452,125.1494467,73.12647278,6.07101813,0.557575105,1.629907567,0.087190124,239.525245,45.20280217,47.1625502,62.92275471,7.288591781,253.0302937,48.7325579,71.56838584
Driver,78.73792054,-4.767,-7.418,4.566929134,57.012,-10.521,19.163,0.157,7.575,83.79675197,1.0643,15.1,-1.213,3550.0,11.267,170.3077226,28.12696687,1.377635578,5.872961731,-0.107213668,1.551836425,0.1512904,98.16119746,2.948984618,25.6809284,51.61972582,3.395993835,123.772357,4.942398512,15.07615789
Driver,25.37133142,-1.3,0.1,1.220472441,65.85,-0.616,47.957,-5.894,-5.994,27.18123658,1.0714,36.334,-3.833,3140.0,-4.131,25.26299378,9.089079982,-1.643356226,6.029804137,-0.416884456,2.857505646,0.584903,15.39640698,-1.101844787,39.21484742,25.06231741,1.552342,20.90164222,-1.511750497,-0.218373428
Driver,99.26852183,-1.55,4.124,2.283464567,43.765,2.506,7.79,7.188,3.064,141.692466,1.4274,6.338,6.707,2150.35,1.656,357.8225834,31.43904877,46.97585525,192.8193838,28.23841645,-2.365159728,4.46532,186.5956682,27.08302508,19.70871602,65.18190728,4.25532,225.8786771,34.2942133,16.0066661
Driver,84.8805476,-3.541,5.327,4.330708661,59.927,3.273,0.999,-7.899,-13.225,125.5391016,1.479,0.461,-6.337,2060.0,-62.098,14.87129629,0.064703548,-1.712640025,6.018722565,-0.700305627,0.020584327,0.099019269,9.904047869,-1.195013443,0.538241551,121.2023289,0.164074911,77.93773998,-10.19723501,-0.307583108
Driver,71.10996779,-6.491,2.47,7.913385827,50.806,-2.853,9.013,6.467,3.996,109.5573103,1.5407,7.26,6.008,1970.0,14.36,183.0961573,13.54901086,22.95899912,6.415786487,0.68427231,0.794351956,0.122185,108.9706514,15.64324933,11.59116335,72.85338772,2.56054,149.9227112,23.20261302,12.80938374
Driver,77.21009306,-4.028,2.509,3.661417323,63.417,0.49,31.102,15.532,13.023,95.12101825,1.232,22.462,11.83,8700.72,24.891,226.2722726,65.74882725,69.54683633,115.735288,44.16182403,6.258347094,4.36026,123.3001526,47.9325007,40.75819546,54.0043596,4.73941,131.0768759,51.77720503,70.87515356
Driver,103.2167144,4.848,0.143,-6.141732283,50.573,4.141,5.08,-5.259,-5.401,145.3218951,1.4079,5.01,-3.535,2480.05,-25.137,336.8133385,22.29128011,-43.21859407,5.996115165,-0.389135725,0.528893882,0.085674,180.6312807,-31.72748245,14.04949345,72.75214089,3.744594,232.4689498,-47.45937917,-62.10857481
Driver,86.51127416,0.111,7.122,-0.118110236,57.124,7.194,15.814,-5.768,-12.89,119.7264227,1.384,13.311,-3.602,3880.0,-24.626,325.9133166,59.48753286,-55.07641621,6.026894446,-0.410817266,1.435210151,0.1075656,170.9016518,-41.33381695,33.72501299,55.76197557,5.148783407,192.0588948,-50.04040782,-92.50190059
Driver,100.2147459,3.074,3.716,-4.133858268,46.276,6.661,14.789,-1.488,-5.204,145.658554,1.4534,13.097,-0.71,2680.0,-18.604,456.7839655,84.00685799,-42.27116753,5.91514963,-0.089161174,1.384031056,0.086374,236.1550925,-34.95871247,35.42608738,62.68197669,6.186641,261.9667897,-42.21452229,-96.1858459
Driver,77.39799571,4.85,0.939,-4.763779528,64.775,3.23,17.202,4.621,3.682,102.9809413,1.3306,15.581,4.117,1730.0,15.932,234.2291955,38.17699894,23.81112072,6.164569566,0.456264019,1.685830566,0.128722,137.3454924,17.61813796,24.47762722,63.83700548,3.81343,162.928504,22.32571043,23.3809173
Driver,50.351199,-0.2,0.0,0.31496063,62.84,-0.615,4.906,10.805,10.853,47.07542949,0.9349,3.725,8.759,1280.0,72.532,10.27803878,0.349692821,1.618688684,5.769127369,0.931533135,0.063004646,0.254175,6.855312841,1.119407843,4.057003619,45.75374985,0.30273,33.80084623,5.83710068,0.229339849
Driver,102.491947,-2.545,0.917,3.464566929,47.723,-1.399,14.836,3.867,2.95,148.3477989,1.4474,12.905,3.526,2885.92,9.447,483.7818596,95.55879514,51.65587315,6.204396377,0.391305498,1.444751047,0.0889446,244.4541393,33.69133065,38.96538553,61.90733817,6.64365,257.0667904,36.30067764,56.21021008
Driver,94.54858626,2.372,3.772,-3.188976378,49.911,5.77,16.02,5.409,1.637,134.9109699,1.4269,13.701,5.12,3130.0,0.637,423.2757548,85.89511417,38.29854579,5.97723286,0.534087291,1.470305782,0.09463,216.1666301,20.38923953,38.8708224,59.71632349,6.251676,236.3434145,22.38221605,3.308260458
Driver,80.42904438,-3.5,1.3,2.913385827,63.559,-0.461,23.624,0.463,-0.837,102.4516822,1.2738,19.476,0.757,6180.0,-1.339,264.140452,74.06702161,0.840793863,5.625136959,0.056974998,2.014998884,0.121953,137.1049858,-0.070614628,44.76680571,52.71645555,5.30725,145.7711194,-0.13837018,-5.646018373
Driver,100.0782928,5.9,5.9,-7.795275591,47.435,11.211,16.045,1.211,-4.689,146.6897817,1.4658,14.342,2.097,2720.0,-22.079,457.4638527,95.47200359,-31.77968879,5.759202596,0.191497697,1.482753356,0.084013,233.2640783,-32.86891792,39.38637089,61.44858721,6.479616,254.3927582,-39.38256272,-123.8915995
Driver,92.05663923,-2.1,-5.5,2.637795276,50.056,-7.48,14.27,6.287,11.948,127.1957767,1.3817,11.793,4.408,3890.0,7.973,375.9496544,69.34810927,43.4389255,5.761640917,0.451977643,1.220196361,0.096094,191.301723,27.01647213,36.75024635,56.20821681,5.722666,210.4936165,30.8203928,37.14241326
Driver,82.48926271,-1.75,0.192,2.165354331,54.469,-1.058,35.567,-7.305,-7.497,97.24946314,1.1789,27.839,-5.419,7600.0,-6.496,245.6263795,95.10721623,-30.14992483,5.454455603,-0.528793177,2.908574132,0.1334728,125.3860953,-18.95653416,52.22468072,55.88529361,5.602448389,128.5096907,-19.51076201,-21.4999607
Driver,100.7225304,4.1,3.7,-5.275590551,51.508,7.01,9.816,-6.431,-10.169,141.6065676,1.4059,9.111,-5.138,2050.0,-32.546,340.1619618,35.88043227,-56.77349897,5.858714328,-0.546487977,0.934656716,0.086643,189.5246544,-43.15880768,19.30022778,72.67512845,4.085592,237.3038997,-61.27387419,-79.37541831
Driver,103.9213493,-3.44,-0.003,4.645669291,44.74,-3.48,17.282,-2.0,-1.998,138.5735057,1.3335,13.831,-1.651,4769.76,-3.493,426.6593713,109.6747159,-21.65617175,6.328626438,-0.187840951,1.606700246,0.0978061,208.0662456,-13.3820552,47.31721177,59.52570809,6.78822,218.0841481,-14.27346642,-22.18269586
Driver,96.91973873,4.46,5.613,-5.708661417,44.325,10.193,14.592,7.05,1.438,148.6757337,1.534,13.006,6.819,2365.32,7.834,476.8224901,86.82926442,71.03919876,6.087598516,0.729468413,1.419958191,0.0870002,247.377865,42.73849276,35.26388015,64.31313865,6.29726,263.9546427,46.45687895,40.51758759
Driver,56.18736578,-2.581,6.179,2.755905512,66.009,5.03,44.784,-6.515,-12.695,55.31026306,0.9844,40.413,-4.768,2500.9,-11.97,103.3276961,45.69507653,-10.6130052,3.711833284,-0.322894088,3.056806512,0.184018,57.57194428,-7.534824654,48.75889022,44.234177,3.59709,62.77150571,-8.32464678,-8.293372045
Driver,86.70812455,0.272,0.728,-0.354330709,51.03,0.948,13.742,-2.444,-3.172,123.0306013,1.4189,11.384,-1.872,2960.0,-8.532,343.0065145,51.45647102,-22.14289519,5.186634542,-0.176181987,1.047632566,0.089037728,182.0435143,-15.87177267,28.93342021,58.67166782,5.006851632,210.5284139,-19.90037916,-29.81753134
Driver,93.03641732,-0.529,4.645,0.669291339,51.259,4.22,9.19,-3.338,-7.982,127.295544,1.3682,7.618,-2.023,2580.0,-27.861,282.9037313,25.16108859,-29.61273698,6.011960279,-0.236565238,0.799442458,0.098666136,157.2971508,-24.93214706,16.65605274,67.90676967,3.644224841,203.0738153,-38.40641373,-58.30232109
Driver,99.11417323,2.5,3.3,-3.307086614,46.258,5.56,22.308,5.659,2.359,142.3856926,1.4366,19.296,5.331,4290.0,2.899,451.1473248,150.9403901,48.54926988,5.664609179,0.529898838,2.013412217,0.0877,217.0803912,26.9995259,53.73560113,66.19007483,7.533341,224.4052804,28.03678408,20.61167462
Driver,87.91383321,-3.0,1.8,3.267716535,53.644,-0.924,10.033,-9.661,-11.462,116.935621,1.3301,8.159,-8.005,2897.07,-21.81,263.6148047,25.68478176,-52.34884377,5.943142349,-0.850280133,0.848640686,0.106447,145.3847208,-35.45748271,18.47295279,62.11971759,3.70672,184.7198888,-49.43988756,-46.43141653
Driver,94.69846099,1.9,-1.7,-2.204724409,50.696,-0.332,13.326,-6.656,-4.956,136.9904259,1.4466,11.564,-5.829,2600.0,-14.37,404.1444974,65.2595393,-64.10394425,5.937877914,-0.616278717,1.222946505,0.091729,210.3803105,-42.02156967,32.19982315,59.96567314,5.602083,237.0554121,-49.96764583,-62.60597916
Driver,91.34529349,-1.3,6.799,1.692913386,52.998,5.819,0.672,-7.977,-14.776,126.7533107,1.3876,0.482,-6.56,1800.0,-33.361,27.85212725,0.125099866,-3.334990967,5.984467791,-0.703903971,0.036201637,0.097464,18.21227628,-2.284822532,0.571350588,119.0937496,0.302954,85.7387293,-11.57155136,-0.61699625
Driver,99.192466,-3.857,-3.875,4.566929134,52.24,-6.868,21.818,1.072,4.947,132.2821224,1.3336,18.538,0.384,4390.0,6.839,405.9582558,123.9051708,20.35985863,6.237365105,0.052606741,2.132902127,0.103506,199.8230805,15.1406851,50.18757829,61.94403535,6.92403,208.6818534,16.18495857,41.41493344
Driver,77.74024696,-2.55,-1.602,3.700787402,44.934,-4.161,21.115,-4.049,-2.447,91.10415175,1.1719,16.495,-3.537,4200.0,-3.688,213.0772248,42.33369895,-15.60907565,5.544738612,-0.347460559,1.633982421,0.1323208,117.630685,-9.797863804,32.22920911,51.14001723,4.15898028,137.3887079,-11.80950268,-7.642251612
Driver,94.24883679,1.0,-2.0,-1.023622047,54.226,-1.764,25.6,3.67,5.715,113.6318898,1.2057,21.964,2.773,4210.0,1.802,325.8821532,103.9383182,18.0050652,5.74480497,0.276469174,2.340293137,0.11385,165.482681,10.5824777,49.04137009,58.01376395,6.241065,175.7257891,11.33797504,7.74171517
Driver,74.68235505,-5.8,3.8,5.236220472,60.886,0.122,13.08,-1.453,-5.32,105.3480673,1.4106,10.891,-0.71,2380.0,-12.569,229.9535556,27.79704272,-9.866642218,5.945801326,-0.086813782,1.128887237,0.11925,130.825962,-8.802193798,20.61934135,60.18555753,3.608524,167.6689923,-13.37710908,-21.55217653
Driver,115.9806729,1.5,-1.7,-1.929133858,50.148,-0.645,17.749,-1.605,0.095,160.9726199,1.3879,15.322,-1.642,3750.0,-11.892,528.9659976,152.1894443,-57.88871743,3.717709527,-0.111702155,1.029458651,0.049446,252.2982766,-39.73331536,51.46174025,66.0281183,7.868978,262.1705704,-42.12153126,-97.73328765
Driver,93.34287759,-2.558,-3.017,3.818897638,39.11,-6.167,16.67,-3.462,-0.445,127.3657838,1.3645,13.764,-3.391,3676.0,-0.841,385.5456705,80.84613812,-23.96271248,6.433265514,-0.381727781,1.601794024,0.108101,196.2336509,-12.97534785,39.63118963,57.36110376,6.02279,212.6463823,-14.1560578,-4.112686011
Driver,100.7762169,-2.931,1.453,4.37007874,39.958,-2.05,12.589,2.293,0.84,147.6800734,1.4654,11.201,2.216,2038.8,3.057,446.3517697,66.11444451,21.74187915,5.495601887,0.214358477,1.094055555,0.0783576,237.0037522,13.36894698,28.98952662,66.88345989,5.57693,260.332939,15.10361836,12.62805247
Driver,100.9551718,-1.656,1.518,2.440944882,39.903,-0.463,12.554,2.388,0.87,149.1774785,1.4777,10.993,2.29,2317.69,3.453,465.0388302,71.71841236,24.60111488,6.155330772,0.248788509,1.207232825,0.0869755,242.2550812,15.12955058,31.19433043,64.53682887,5.89158,262.4409514,16.84668616,16.36944248
Driver,94.13475304,1.4,-7.4,-1.496062992,51.882,-6.819,19.064,0.595,8.027,132.7995258,1.4107,17.16,-0.387,2770.0,12.496,414.9113302,98.64271948,21.97401412,5.712133395,-0.021281353,1.77173545,0.093406,214.1655975,19.74879917,41.65090977,61.47456664,6.409982,233.1637636,23.04448789,63.56621904
Driver,77.84090909,-0.237,3.391,0.354330709,46.194,3.164,17.939,1.991,-1.4,111.9353973,1.438,14.924,2.235,3361.18,3.767,291.5757347,57.13498331,15.69750242,165.2334518,11.11408426,-3.794104562,4.90292,159.3266007,10.57537264,32.14950621,62.43354436,4.67292,184.8358897,12.99656135,13.10273047
Driver,95.11900501,1.566,-1.316,-2.165354331,48.91,0.051,12.273,-5.921,-4.605,126.5777112,1.3307,8.991,-4.482,4489.71,15.443,346.6203394,56.1448413,7.705254448,119.0350052,3.272073398,18.61058621,2.98589,171.0884221,12.89074586,36.05904538,51.90023031,5.26595,187.4204141,16.43959072,78.54953999
Driver,75.04026485,-4.292,1.307,4.842519685,58.113,-1.369,19.322,-1.404,-2.71,98.41267001,1.3115,15.884,-0.983,3381.47,-4.131,245.3164729,46.85642657,-7.647738145,6.045565487,-0.109720875,1.711373436,0.133014842,135.1045389,-5.631573198,31.82219215,53.91160334,4.452770398,157.8103667,-7.07413828,-9.944819547
Driver,78.37329993,-0.758,-0.721,1.102362205,42.257,-1.556,22.304,14.869,15.59,104.3327219,1.3312,18.574,12.089,4710.0,22.528,269.4143711,65.87806128,80.95581446,5.50270766,1.184115341,1.855927002,0.1160136,143.4746635,53.16413254,39.53581586,53.57729254,5.073136936,157.9449885,60.35217631,72.22837839
Driver,100.6218683,0.778,4.422,-0.984251969,46.362,5.164,16.317,0.644,-3.778,142.7869989,1.419,14.838,1.021,2158.98,-13.279,446.9316337,86.35358738,-14.45227956,5.018273714,0.081920974,1.33572643,0.0751034,236.8689179,-15.97092348,35.03907669,65.42166558,6.08901,254.0894759,-18.52946182,-60.53855681
Driver,64.40139585,-4.059,8.207,3.11023622,71.145,6.819,12.798,-4.632,-12.839,62.79035433,0.975,9.839,-2.301,2330.0,-29.491,57.97940602,5.288512285,-3.541244361,6.14003948,-0.286728763,0.919275151,0.2063032,36.83377249,-2.989629822,11.44739222,52.56843806,1.340746422,72.20581489,-7.360481614,-4.53975254
Driver,100.2505369,0.9,7.7,-1.181102362,49.712,8.515,12.984,4.452,-3.248,147.8212241,1.4745,11.414,4.942,2390.0,-14.052,453.3383227,74.48489804,12.0187438,5.697492317,0.480056767,1.158823792,0.081419,233.9976921,-2.810581782,33.31297123,62.16694904,5.961365,261.1725034,-5.835612109,-68.8708168
Driver,83.80681818,-3.407,5.073,3.622047244,55.959,2.768,25.709,0.542,-4.531,105.5267985,1.2592,19.377,1.63,6705.99,-6.641,276.2821778,78.18199579,-2.200662882,6.215055655,0.162441192,2.218959784,0.13099,142.712016,-3.928080466,45.1055547,53.64662934,5.434183,150.7337522,-4.443277883,-23.95320149
Driver,96.65578024,-1.594,-1.188,2.204724409,46.319,0.335,16.288,-1.035,0.153,134.8991142,1.3957,13.631,-1.058,3560.0,-0.817,422.9337837,91.30476998,-9.488795888,6.094921894,-0.113559588,1.497530194,0.096583,212.4883828,-5.427923026,41.29417931,58.86861488,6.392588,230.2345689,-5.985228353,-4.514336873
Driver,100.6442377,0.5,6.7,-0.787401575,44.246,7.277,11.306,0.115,-6.585,144.983223,1.4406,9.988,0.902,2230.0,-18.546,411.5925436,53.2139188,-18.38702078,5.667733198,0.076583607,1.000596206,0.082087,220.1773722,-19.35414995,25.55465732,66.74919371,5.101219,257.9422677,-26.85632147,-68.41324581
Driver,100.7202935,0.984,5.243,-1.141732283,47.186,6.155,5.992,-4.859,-10.102,140.0680029,1.3907,5.369,-3.581,1970.0,-52.424,194.9906036,10.47340113,-24.10081401,6.435799918,-0.436275342,0.587745991,0.0953683,116.896766,-20.67336774,8.316944335,92.82150692,2.13193,183.0770938,-40.51571511,-40.3403079
Driver,93.47933071,0.696,6.784,-0.866141732,57.147,7.234,10.194,-3.636,-10.42,133.0970383,1.4238,8.28,-1.486,3776.04,-34.038,339.2756204,39.56213155,-53.59485009,6.040194847,-0.194197373,0.887239956,0.09514754,176.7196769,-43.82005953,24.5890984,59.18124273,4.528219578,206.9696723,-58.73380691,-118.0968933
Driver,109.8223873,-0.613,0.213,0.748031496,49.746,-0.306,11.962,-2.583,-2.795,160.7299123,1.4636,10.214,-2.185,2858.38,-10.317,532.7667777,91.48297546,-47.6946647,5.978498572,-0.236495873,1.092371436,0.078260311,264.9462144,-32.43410471,37.09218608,62.45001777,6.731307306,288.9116594,-37.32889885,-67.15531836
Driver,86.07730852,0.2,1.8,-0.039370079,54.604,1.466,13.04,0.689,-1.154,111.4412581,1.2947,11.094,1.064,2160.0,1.237,256.6102045,31.68913434,4.614285052,5.707301,0.087438798,1.106861998,0.108101,145.7986631,2.979122728,21.11600006,63.0993756,3.829107,184.9671359,3.99321382,0.815413581
Driver,104.178597,1.5,9.7,-1.811023622,55.95,10.677,7.052,-5.839,-15.539,148.0391016,1.421,6.577,-4.128,2150.0,-48.355,278.7138471,20.2846341,-45.749247,5.651724527,-0.436389409,0.645053085,0.079449,158.004252,-37.62646854,13.09848609,80.56084429,3.07086,215.347443,-61.91613837,-79.44643417
Driver,107.3595204,-0.92,-0.518,1.220472441,46.311,-1.396,5.605,-0.539,-0.021,153.8269506,1.4328,4.819,-0.536,1200.0,-7.836,312.7391695,17.59850874,-7.091645681,5.828342671,-0.05868602,0.489534575,0.07848301,175.3607166,-5.670275841,10.45227776,89.73675109,3.132067386,245.6706384,-9.635322784,-12.09124842
Driver,85.25858984,-3.077,0.306,3.031496063,62.21,-1.318,20.868,1.856,1.55,116.452219,1.3659,16.513,1.554,5043.0,3.559,329.6419079,84.11107912,15.17391695,6.243508328,0.175558744,1.883457686,0.11661,167.3569612,9.777995885,44.09656763,55.66086527,5.83598,173.4121402,10.2662376,15.73075186
Driver,86.76852183,-4.2,-1.4,3.464566929,58.568,-4.623,25.495,-0.588,0.972,120.810442,1.3923,19.729,-0.785,6910.0,1.447,327.6169144,111.8123742,-0.89176755,5.683030271,-0.074020259,2.086965495,0.104738,160.2933431,0.307373364,53.02101744,58.41020951,6.36433,164.1719479,0.34597357,7.510273071
Driver,73.6377058,-1.999,-9.44,1.732283465,73.196,-10.044,27.095,1.048,10.488,87.36757337,1.1865,21.923,-1.062,4780.0,12.247,206.9859367,55.14484116,5.934361981,5.09020187,-0.076585333,2.04018752,0.1311416,113.6013055,6.746926839,39.53094195,50.77813554,4.495337328,126.992082,8.308669345,26.54272758
Driver,90.68316034,2.393,3.327,-3.385826772,51.522,5.23,10.065,-1.811,-5.137,118.1037491,1.3024,7.449,-0.037,3692.33,17.973,267.1113853,27.34899987,18.80484145,154.9761314,19.72511771,-4.913435641,4.14617,143.2150113,16.74789271,20.28329034,61.51747174,3.71617,177.0946387,24.91291485,50.51921661
Driver,86.17125984,2.008,10.955,-2.440944882,55.291,12.347,36.285,-15.363,-26.318,96.74659986,1.1227,29.717,-8.878,8160.0,-23.451,237.0535983,94.25097886,-62.79119993,5.180111323,-0.845672963,2.973696371,0.1296328,122.3627184,-43.33947175,51.91291955,55.82925159,5.507073805,124.7439669,-44.40344546,-75.48018998
Driver,100.5189692,3.714,6.276,-4.960629921,48.49,9.57,10.743,-2.635,-8.911,146.3128579,1.4556,9.858,-1.482,2090.0,-38.292,358.1977704,40.94329173,-43.29798059,5.673746278,-0.17042228,0.981110584,0.081357,198.5032654,-38.79913185,20.7529296,72.85900259,4.245287,245.103876,-56.7919407,-101.2539193
Driver,39.03006442,-5.5,-9.5,5.433070866,58.007,-13.158,12.687,18.599,28.099,38.27465104,0.9806,9.364,12.9,3730.0,45.318,17.67593106,1.502725324,4.222629431,3.651991283,0.858179694,0.427727743,0.200308,11.60309202,2.923295256,10.20508792,35.5090042,0.654034,26.80862851,7.133046218,1.028047443
Driver,87.54697566,0.015,-2.384,0.0,49.591,-2.371,9.416,3.73,6.113,127.4011274,1.4552,7.809,2.667,2430.0,22.702,290.2675488,26.53203736,29.8591168,6.198350317,0.308962597,0.845398604,0.101706166,161.389723,23.6312219,17.10851529,68.022011,3.740867376,207.2598892,35.34541458,48.53075749
Driver,100.1386901,-2.115,-3.676,3.070866142,49.683,-5.472,18.414,-2.42,1.256,135.1923765,1.3501,15.79,-2.591,3530.0,2.206,428.9381273,105.8880716,-13.50398714,6.168193385,-0.276023004,1.764899598,0.098572552,215.0423945,-5.454270425,44.62704977,60.57541543,6.705322007,230.3213959,-5.61154803,12.80819883
Driver,92.70758769,1.891,-1.393,-2.362204724,47.897,0.317,8.468,-5.238,-3.845,137.4165623,1.4822,7.488,-4.658,1550.0,-21.069,291.3438241,24.04010318,-34.70151329,5.799016705,-0.483457606,0.754616493,0.087932,166.7550821,-24.87441741,14.40452771,79.41887561,3.397179,225.1020425,-37.75669145,-34.20580815
Driver,97.50134216,3.3,4.7,-4.527559055,49.04,7.631,15.138,3.025,-1.767,139.9928418,1.4358,13.246,3.316,2660.0,-7.264,439.9146433,81.55376301,11.25651952,5.933666121,0.336718664,1.404832221,0.090234,228.2646628,1.239663886,35.68429897,62.0119087,6.126488,253.5766258,0.123706909,-35.89706243
Driver,95.32256621,-6.0,-1.267,7.007874016,55.955,-5.34,25.702,3.275,4.542,115.6364084,1.2131,20.389,2.425,6160.0,5.02,320.4826545,102.7736177,22.69316104,6.124563203,0.269222262,2.31824101,0.11842,160.8173646,14.55937485,49.99347399,57.74561558,6.154589166,167.4202793,15.33887393,23.30951883
Driver,73.22387258,-3.4,4.4,3.11023622,58.14,1.795,23.206,1.843,-2.521,103.351378,1.4114,18.219,2.481,5140.0,-2.991,270.7556226,69.64342047,6.878712266,5.468213493,0.222810705,1.818253574,0.116324,141.4503981,2.517298468,42.36650095,52.72568851,5.241828,153.20169,2.526400644,-10.82162627
Driver,87.74158912,-2.11,1.194,2.874015748,43.279,-1.048,19.795,2.545,1.35,120.1550197,1.3694,17.042,2.363,3290.0,2.211,359.20849,84.39049477,18.13872885,6.326052057,0.263813015,1.955662952,0.114505,186.8285612,10.91971234,40.64067272,58.25681181,5.94828,203.3562167,12.11390611,9.661715274
Driver,112.1018253,-2.4,2.0,2.755905512,47.783,-0.681,8.657,-1.087,-2.999,160.0279617,1.4275,6.663,-0.493,3280.0,-17.487,503.9556008,66.17364445,-50.15613188,5.970238426,-0.071877927,0.715429201,0.077789,246.1839076,-37.62901512,32.05099764,59.26707001,6.104661,271.5620264,-45.36174846,-106.602768
Driver,85.53149606,2.407,0.306,-3.937007874,44.802,2.731,17.612,0.43,0.124,128.9656407,1.5078,15.611,0.413,2562.31,-3.126,389.4397655,83.56428481,-10.85659561,195.0475163,-12.68471899,2.535945735,5.84655,198.0860506,-13.17028888,40.09366638,57.99991878,5.98699,216.1157823,-16.10717501,-43.7838622
Driver,101.4584825,0.092,4.305,-0.118110236,46.516,4.393,14.219,3.204,-1.102,149.9389316,1.4778,12.52,3.341,2538.96,-4.366,487.0794702,89.24900444,18.43784551,6.320975008,0.364144034,1.422231121,0.0894705,249.568692,6.487216628,36.32426784,63.32596285,6.45041,264.8794963,6.417652711,-24.19008439
Driver,78.91016464,-3.54,-9.086,2.992125984,68.643,-10.473,20.942,-7.431,1.655,88.06348425,1.116,16.81,-7.731,3620.0,2.418,199.5363386,38.51672169,-24.86522864,5.749265592,-0.76989004,1.71676757,0.1421512,112.3669069,-13.68289238,30.5111994,51.65480168,3.951356546,134.4796285,-16.12721657,4.33455003
Driver,111.6902291,7.5,-0.7,-8.858267717,51.377,5.262,17.221,-1.497,-0.797,164.117976,1.4694,16.07,-1.476,3170.0,3.601,552.4145211,160.7532673,0.355804696,5.763267267,-0.137542852,1.683094381,0.075817,263.5593316,3.597658032,51.83277435,67.68030188,8.09091,274.1537438,4.007781899,31.15394575
Driver,79.48953114,-0.5,-9.7,0.511811024,60.157,169.788,14.394,-7.339,2.361,103.4209467,1.3011,12.387,-7.858,2090.0,7.485,227.2044705,30.47412122,-26.9902164,5.530884348,-0.749893513,1.196452193,0.113463,130.8481192,-13.93406286,21.86113587,60.89579573,3.647328,167.6966642,-16.72172986,11.95321279
Driver,91.49293128,1.7,-5.1,-1.929133858,50.026,-3.756,22.795,2.991,8.092,126.1388243,1.3787,19.512,1.623,4410.0,13.079,377.1783674,114.2651563,39.90380521,5.935421616,0.187725417,2.130390423,0.104084,188.6306924,29.08527444,48.95241574,60.49174706,6.616949,198.973026,31.49818011,71.38478661
Driver,91.01198998,0.359,3.677,-0.511811024,40.935,4.091,15.566,10.484,6.807,134.922602,1.4825,13.792,9.653,2610.0,23.518,395.6769207,70.2190749,99.6749908,6.253140235,1.070890238,1.540395621,0.0988904,210.4563727,66.80611298,32.48709721,62.10617108,5.58033,227.5329803,74.78083931,97.187736
Driver,84.02156407,-2.203,-5.261,2.440944882,50.715,-7.064,19.568,3.384,8.646,105.2704456,1.2529,15.823,1.796,4220.0,13.958,275.3485782,57.65498122,24.83844956,5.700962631,0.198315987,1.622791145,0.1172424,146.7965736,19.09409332,36.08918924,53.46367678,4.928108577,164.5464273,22.88252886,43.56915043
Driver,106.073282,0.729,1.186,-1.023622047,44.088,1.939,19.079,1.901,0.715,150.0749374,1.4148,17.587,1.839,2225.07,0.172,506.761606,124.0502166,16.15792914,5.468885698,0.17559252,1.740383885,0.079124,260.7335304,8.703727311,42.72936877,67.50248207,7.108232,281.4440146,9.417142188,1.010050171
Driver,91.97163565,-5.176,-1.998,6.299212598,53.678,-5.817,9.03,-10.56,-8.562,121.3544649,1.3195,7.165,-9.417,2630.0,-21.256,261.7062546,21.79701576,-56.02475896,6.326276358,-1.055196544,0.790360496,0.108798,145.965058,-37.00909107,15.51811586,66.85369597,3.46868,188.376879,-51.88192455,-40.22444535
Driver,82.75098425,3.483,-1.968,-4.488188976,53.284,0.633,19.501,-1.478,0.491,119.8279796,1.4481,17.065,-1.557,2900.0,1.088,356.7213274,79.82133547,-7.79326453,4.982776661,-0.134490878,1.532202284,0.090130503,188.2886128,-3.64774502,38.42844815,59.06152998,5.786277927,209.1040847,-3.91353672,4.406138488
Driver,77.0646922,-2.178,-5.68,3.42519685,38.414,-8.428,25.418,12.864,18.544,98.25787402,1.275,20.594,9.188,5740.0,22.107,243.2395655,65.31210287,60.9528062,5.543933101,0.921935206,2.090463601,0.1260488,129.8825884,41.41835923,41.27151455,52.23987865,4.919683151,141.2297518,46.3585984,63.69231001
Driver,118.9557981,6.1,6.3,-6.614173228,52.476,11.05,16.154,0.676,-5.624,172.6122942,1.4511,15.053,1.151,3010.0,-16.455,593.7403081,154.8303064,-47.09034205,5.458237487,0.111620782,1.483863383,0.067788,287.3444824,-40.57015823,48.37779426,67.89761777,8.082279,301.0230688,-44.21512633,-138.8284551
Driver,92.92904438,0.456,-1.679,-0.590551181,46.675,-1.249,15.024,3.674,5.352,136.2376969,1.466,12.882,2.856,3090.0,7.412,424.5339541,80.7752619,35.67969399,5.974824948,0.305246418,1.378794433,0.093322,217.0119709,23.3513229,37.11289672,59.59342784,6.121958,238.8845132,26.85859224,37.71680664
Driver,61.03033286,-0.685,-2.206,0.669291339,53.915,-2.705,15.254,7.165,9.372,78.93656049,1.2934,10.345,4.183,4466.25,16.499,111.4483455,12.07900753,11.56689066,76.6165258,10.18267562,-3.687828056,2.60403,66.26831755,8.288972978,16.35061143,53.90775059,2.18403,95.28938663,13.43123161,10.41327725
Driver,100.4339656,-4.907,-7.206,6.653543307,48.906,-11.501,12.816,3.886,11.092,144.7950966,1.4417,10.991,2.701,3110.0,21.85,441.3371449,72.42540864,64.4832721,6.078630834,0.307695133,1.192184239,0.088657709,225.2973384,47.96582921,33.70673624,60.23924864,5.932862677,249.972112,57.36324492,112.6171769
Driver,92.29599141,2.344,-7.684,-2.755905512,52.915,-5.911,21.581,10.676,18.359,114.7933071,1.2438,18.485,7.404,4970.0,17.092,318.7065925,86.40575681,68.5144373,6.138127598,0.821038232,2.077234518,0.1178056,163.6545147,45.00949705,44.53331745,55.94706996,5.803995649,175.2398009,49.38105505,73.07455603
Driver,102.4114173,-0.1,8.5,0.31496063,51.24,8.379,11.839,0.528,-7.972,145.0807534,1.4166,10.405,1.538,2490.0,-16.038,432.2997166,61.61720628,-14.53887587,5.780161241,0.14296205,1.067099268,0.083828,226.8083046,-17.07849713,28.89358795,63.84519312,5.518044,259.1382898,-22.97650343,-69.42774982
Driver,95.07426628,-0.6,-2.2,1.102362205,45.468,-3.465,19.192,1.201,3.54,134.2108089,1.4116,17.133,0.877,2789.39,1.437,426.5970946,103.9969878,8.82933257,5.94033892,0.085269003,1.842077698,0.096162,218.334869,5.611250444,42.94721932,61.88345792,6.58703,236.3340691,6.240029356,6.80962972
Driver,101.9752147,0.619,3.626,-0.787401575,47.588,4.192,18.512,1.724,-1.902,140.9607641,1.3823,16.891,1.907,2282.47,-5.85,456.8758286,103.195545,3.63249215,6.195405446,0.200535533,1.894389677,0.0952118,238.9610284,-1.937961876,39.64790528,65.07621463,6.55361,252.2737465,-2.522900929,-29.66580316
Driver,91.39226915,-2.577,-0.328,2.716535433,55.01,-2.133,17.853,6.17,6.498,133.3562992,1.4592,15.446,5.357,3350.0,11.346,416.7054394,95.68334401,62.12004456,5.14842688,0.490024836,1.439600469,0.082944,211.8016462,39.92258985,41.78238822,59.85364883,6.42732,228.2735225,44.30543953,60.98588849
Driver,74.88591625,-0.5,5.9,0.62992126,62.496,5.526,30.805,-4.404,-10.304,87.41812813,1.1673,24.277,-1.785,7000.0,-13.1,205.0066995,63.24535055,-18.19157505,5.539072955,-0.215274138,2.500821708,0.146047,110.2909215,-13.92006777,44.22080926,50.46658287,4.702903,117.370992,-15.22799605,-31.51597187
Driver,82.72190408,-1.999,-0.001,2.559055118,50.679,-1.639,19.648,2.005,2.007,99.78010916,1.2062,16.816,1.725,2818.9,8.976,235.9828048,46.21700303,13.32341657,136.362954,9.789715004,-1.037766759,4.08962,134.5636261,9.62150981,29.57847746,63.05154256,4.02232,163.3159829,12.38743115,16.73049513
Driver,98.97995705,0.919,-0.584,-1.338582677,48.108,0.24,8.394,-9.827,-9.243,134.4264495,1.3581,6.771,-7.785,3462.64,2.897,366.4376667,42.71540785,-48.96548028,189.3232582,-27.78587864,-1.118166007,4.8356,186.9196954,-27.33939321,25.65930988,60.86263131,4.7456,216.5169083,-32.80963709,-6.120828659
Driver,47.8793844,-3.049,1.885,2.440944882,67.092,0.595,41.579,1.8,-0.085,51.33835898,1.0722,29.937,1.828,5895.89,-0.072,81.65736837,25.42169435,2.464821953,5.814824902,0.185310761,3.107910015,0.276294,48.19020162,1.526378269,37.6651602,39.51531525,2.758981,56.70655528,1.794809072,-0.032569209
Driver,97.07185039,-4.361,-4.983,5.669291339,45.57,-9.27,18.008,9.593,14.576,127.792815,1.3165,14.731,7.309,5000.0,22.926,363.7796938,85.64113057,91.52801507,5.919360577,0.7860872,1.582171684,0.099765,183.4544098,60.8264632,42.40444613,56.25959115,5.971323,196.5361253,67.27111367,114.9398502
Driver,101.9036328,-1.323,3.947,1.692913386,44.375,2.595,10.744,0.877,-3.07,152.2559503,1.4941,8.775,1.388,3072.33,-14.126,479.8676398,70.25299083,-21.08045483,5.223941876,0.116653964,0.821892467,0.0717448,240.0894218,-20.67371393,32.68038165,60.20880206,6.08255,256.0090922,-23.84127451,-79.38505668
Driver,89.11730494,-2.143,5.345,2.519685039,54.26,3.802,9.688,-7.578,-12.923,122.0503758,1.3695,7.885,-5.558,3260.0,-14.819,310.0976168,33.03584457,-45.90940324,5.762598047,-0.573004997,0.803563963,0.098805596,164.461348,-30.21898017,22.14120381,59.12352393,4.300148863,198.3480131,-39.53056272,-43.25844915
Driver,99.36471009,0.453,3.267,-0.551181102,51.424,3.628,21.886,5.713,2.446,132.297781,1.3314,18.452,5.29,4540.0,3.707,404.4584339,124.8669157,45.17554119,5.944826088,0.553524796,2.01644574,0.098734,198.512795,25.78466491,50.80594222,61.94950942,6.936895,207.4809973,27.15174001,22.58293748
Driver,100.8500358,2.353,1.141,-2.913385827,48.138,3.251,15.355,0.831,-0.31,147.4711435,1.4623,13.984,0.865,2008.57,-1.325,468.2089838,86.54155881,4.656997632,6.011540643,0.089748742,1.505952,0.0869188,247.479672,1.686471768,34.34890007,66.72331667,6.13971,265.8473694,1.667315557,-6.149149835
Driver,102.1161417,-8.735,-1.071,9.842519685,54.191,-7.436,9.665,0.398,1.469,151.2672244,1.4813,7.509,0.223,3250.0,4.525,479.6700966,66.15936685,12.79393283,6.231408806,0.028943266,0.845275498,0.0860601,236.9393232,9.526158901,32.36874561,58.95662666,6.0485,252.5608276,10.7262057,25.81394072
Driver,96.40300644,-0.064,-1.586,0.078740157,46.627,-1.646,18.239,7.078,8.663,132.5932802,1.3754,16.845,6.372,2038.67,8.621,405.9815845,84.76757597,56.15093705,5.918266931,0.663877846,1.789809915,0.09662,218.6957877,35.49040195,35.58514578,65.16388509,5.874904,246.6141646,41.32913376,33.96393548
Driver,105.7086614,3.4,5.159,-4.05511811,53.611,7.668,14.843,2.108,-3.05,150.5138243,1.4238,12.097,2.861,4247.21,-9.548,482.9306615,114.0248717,-6.906846057,6.532191726,0.312139353,1.446729487,0.0922135,233.1039177,-11.14710319,46.25066745,60.65773981,7.09448,244.8877685,-12.58381744,-68.264527
Driver,98.45427702,2.7,7.1,-3.582677165,46.214,9.666,18.07,5.096,-2.004,144.2457051,1.4651,15.78,5.47,3310.0,-10.62,461.0507695,119.6337785,13.26953839,5.663200062,0.529165365,1.619983282,0.084705,227.0031008,-1.496796021,47.02097994,61.74117476,7.090968,240.864208,-2.64033587,-69.38543483
Driver,88.8869005,-5.9,-3.3,5.551181102,58.49,-7.052,15.593,-3.206,0.094,125.7959019,1.4152,12.914,-3.097,5630.0,0.175,359.5664057,83.99843442,-19.24883265,5.517244331,-0.309596155,1.297479036,0.093707,178.6469299,-9.736451411,44.01148849,55.12206829,6.006174,189.3585543,-10.30719684,-0.25470853
Driver,97.56621331,-1.5,-4.7,2.204724409,47.584,-6.271,15.832,-7.489,-2.789,136.3435039,1.3975,13.865,-7.167,3770.0,-4.609,424.6202103,98.75885501,-62.89763521,5.783281597,-0.727459977,1.449902362,0.09077,210.5985472,-35.21538948,44.10225704,58.7344127,6.580621,225.4964029,-38.19661804,-27.10658213
Driver,93.40774875,-0.735,1.321,0.826771654,52.904,0.765,18.363,3.268,1.947,137.2543844,1.4694,16.115,3.025,3080.0,3.665,442.1328747,105.5909603,31.01343652,5.537813937,0.29566729,1.62040186,0.08704,224.1378589,18.76495888,43.01318733,61.656892,6.71569,240.5634291,20.54496371,20.85661397
Driver,96.03838583,3.774,3.249,-5.472440945,48.765,6.563,15.664,-0.426,-3.675,144.1271475,1.5007,14.157,0.057,2259.03,-5.225,456.1553915,92.65779691,-18.14372727,221.3453041,-16.6592051,4.846383099,6.22572,226.9566684,-17.58892468,40.82320477,58.95631093,6.482,245.9174605,-20.73628745,-53.44206577
Driver,101.0088583,0.596,5.175,-0.708661417,47.648,5.718,12.347,1.246,-3.929,149.9709198,1.4847,10.9,1.743,2274.6,-18.191,451.1993889,66.36746498,-16.22853634,6.268774099,0.175626745,1.21558089,0.0880763,237.5842394,-19.50487228,29.25829318,65.67475279,5.62728,259.7726551,-23.94604083,-80.09373107
Driver,107.7711167,4.3,-0.9,-5.354330709,49.917,2.757,15.583,-0.351,0.549,160.2932623,1.4873,14.385,-0.405,2720.0,0.171,546.0904339,128.1259529,-3.345773717,5.83841023,-0.042324602,1.51339036,0.077914,269.9542792,-1.55021722,44.84733618,65.23774877,7.489164,287.2375649,-1.627872814,1.073905532
Driver,102.1340372,-0.839,4.511,1.102362205,45.335,3.681,23.741,-0.409,-4.919,132.5136453,1.2975,20.923,0.215,3784.17,-10.686,414.8638718,133.8799942,-25.73408031,6.142035689,0.007758504,2.379764647,0.103225,205.4363184,-20.88771334,50.85250224,64.02632383,7.10732,210.2398198,-21.67665357,-64.96338184
Driver,109.2855225,5.9,2.7,-6.535433071,53.763,7.117,17.566,-0.821,-3.521,159.3186292,1.4578,16.104,-0.429,2420.77,-9.814,536.5513879,133.0511353,-30.76308099,5.676343744,-0.043420858,1.651934751,0.076831,268.044836,-24.28549421,45.27326626,66.31186543,7.471971,285.4814762,-27.04997361,-66.85833264
Driver,101.9640301,-2.164,3.104,2.637795276,49.998,1.287,26.825,3.867,0.762,123.3578651,1.2098,22.497,3.738,5300.0,0.912,358.3197206,130.1872834,23.9514989,6.411075841,0.420006458,2.714097275,0.117586,175.3879087,13.11384792,53.89422142,62.57386914,6.79498,180.5480408,13.52379993,5.05108018
Driver,96.35603078,4.1,5.5,-5.708661417,47.63,9.264,15.488,4.085,-1.415,145.1811918,1.5067,13.692,4.415,2610.0,-13.48,465.141006,87.96903702,8.640743493,5.723226571,0.430216512,1.400667602,0.08399,241.9686388,-4.711387531,35.91176291,64.02852967,6.30293,268.0093296,-7.623958253,-69.96190373
Driver,111.4307445,1.3,2.3,-1.456692913,51.122,3.349,13.527,-2.201,-4.501,162.0204009,1.454,12.19,-1.561,3030.0,-8.855,547.5585417,116.3982067,-43.38523718,5.817403592,-0.17924489,1.274162832,0.076096,268.265287,-29.62564131,43.20733171,63.31571017,7.323922,286.2039194,-32.8571712,-67.05441721
Driver,111.6522011,0.476,-0.447,-0.551181102,54.105,-0.102,18.333,2.376,2.823,149.1168576,1.3356,16.545,2.076,2682.48,5.66,501.2393561,122.8214625,32.02252572,6.309814824,0.234937003,1.901174482,0.0915967,253.1834824,21.18260361,43.99420376,65.125221,7.19622,270.1092507,23.24006559,36.08777338
Driver,100.1185576,2.715,4.924,-3.464566929,49.119,7.277,16.075,-1.93,-6.854,137.4684592,1.373,14.541,-1.106,2358.26,-11.624,423.7192509,80.62949976,-27.00022608,5.837645846,-0.122284798,1.517334212,0.090874,224.3468099,-21.48954662,34.81177253,63.55350156,5.948126,251.6380021,-26.0879145,-51.52524196
Driver,107.9903364,4.1,1.1,-4.960629921,48.758,4.672,16.361,1.243,0.143,158.2370705,1.4653,14.936,1.223,2238.49,-1.097,533.546638,117.7086512,8.397627417,5.738332431,0.1219231,1.541234941,0.077704,271.2792971,3.502597847,41.47954993,66.56141134,7.119195,292.8901796,3.622222814,-6.863509531
Driver,98.12992126,0.7,-5.9,-0.984251969,45.197,-5.315,8.185,-3.354,2.546,143.4204993,1.4615,5.759,-4.156,1870.0,13.682,326.2232232,23.2438711,-13.59959235,5.698559886,-0.409611216,0.57516676,0.082529,178.9120748,-3.408507689,14.16847706,75.66357819,3.657411,232.1100055,-1.282124337,28.69281088
Driver,99.52576951,4.168,2.57,-5.078740157,49.075,6.192,15.033,-0.944,-3.514,143.7732641,1.4446,12.672,-0.158,3542.04,-17.375,453.0841096,92.84891915,-43.91380962,6.025218224,-0.035618388,1.380374171,0.0890821,226.356205,-35.21580482,40.31858629,59.53818368,6.51402,236.7968821,-38.25056825,-103.7972031
Driver,85.42412312,2.479,-5.076,-3.188976378,47.496,-2.802,20.357,4.904,9.979,120.1230315,1.4062,17.535,3.211,3870.0,17.262,349.5731754,87.03194181,49.40083527,5.840824652,0.349980665,1.859556283,0.106129,180.2597252,35.8464642,42.25677079,57.42011534,5.943125,195.6860708,40.62764503,77.6847622
Driver,94.61793128,-5.371,-8.568,8.031496063,40.716,-14.84,13.76,-1.305,7.263,130.1306371,1.3753,10.459,-2.6,4567.72,16.115,353.9902895,59.1790031,8.555242901,187.4039321,9.71562339,-3.151750426,5.20019,182.5456539,9.157984485,32.44890183,62.37166134,5.01019,205.8391989,11.86892561,52.25683791
Driver,102.0199535,3.026,-2.455,-3.464566929,54.195,-0.27,6.994,-1.842,0.613,143.5115426,1.4067,6.501,-1.919,710.0,5.692,272.3750668,18.68701719,-7.061735479,6.223492196,-0.205522831,0.699306941,0.0900386,159.5237074,-3.218388781,11.28633674,91.17264703,2.92997,225.0968924,-3.659638311,6.37270979
Driver,90.98290981,0.195,-10.779,-0.275590551,45.141,-10.585,24.952,2.851,13.63,127.7887885,1.4045,21.262,0.57,5382.68,18.41,368.9369943,126.084976,48.30999395,6.272333816,0.098844648,2.491276644,0.109895,181.862928,36.89598532,52.04376598,61.77835406,6.75182,187.9885799,38.78209347,105.3677183
Driver,103.3665891,-1.623,1.91,2.204724409,42.488,0.137,14.368,4.148,2.238,149.2687455,1.4441,11.928,3.794,3652.31,7.817,486.0414921,103.675975,53.8924217,5.367358391,0.362209911,1.161171169,0.0761002,238.0908273,33.16324735,42.97202689,60.29613972,6.90669,246.9843921,34.93917162,52.4694367
Driver,109.4689513,3.183,-0.768,-4.212598425,44.217,2.508,17.771,1.835,2.603,157.8380011,1.4418,16.007,1.504,2810.0,6.358,541.9139912,137.1896477,32.8747993,6.311231664,0.173252872,1.845521365,0.0863394,268.5358163,22.467493,46.12904853,66.360283,7.61505,283.5432812,24.38497463,46.30882839
Driver,90.26485326,1.049,6.698,-1.181102362,57.829,7.359,28.67,-2.875,-9.573,109.6859341,1.2151,23.454,-0.815,6020.0,-1.225,298.9075878,104.8140095,-6.168350577,5.937180067,-0.086932414,2.613399813,0.123796,150.6852563,-3.885188382,51.40993699,58.09649366,6.080688059,156.6112061,-4.07360083,-5.22650332
Driver,56.46921976,-1.125,1.356,1.023622047,69.329,0.932,31.897,6.337,4.98,54.34435397,0.9624,25.715,5.243,3370.0,6.155,86.36188632,22.5044745,8.484936818,5.805828218,0.543465716,2.596839103,0.248953,51.89808691,5.671460647,32.43100511,41.64735675,2.644099,67.90607595,7.645812142,2.801069082
Driver,101.9506084,1.188,-2.255,-1.338582677,54.771,-1.416,16.604,-1.513,0.742,145.2393522,1.4246,14.721,-1.608,2720.0,1.738,477.0532243,103.0554788,-9.06881929,6.326790338,-0.175637212,1.685031804,0.0934198,242.9602032,-3.449511307,40.52570351,63.01355686,6.74821,262.4917444,-3.492607205,10.1067518
Driver,90.61157838,-2.3,5.5,2.913385827,52.87,3.833,5.999,-3.161,-8.661,125.4335183,1.3843,4.802,-1.817,2170.0,-9.771,238.3285182,13.38906336,-12.25450085,5.831908739,-0.192757194,0.487251786,0.096549,133.4021508,-8.858011561,10.66726081,73.28394062,2.916441,187.3075663,-14.47039671,-13.89920549
Driver,89.34547244,0.952,2.23,-1.102362205,51.449,2.989,22.04,1.223,-1.007,121.9512795,1.3649,18.649,1.398,4110.0,0.221,364.8033793,102.9837368,8.994198497,5.801970513,0.141838152,1.980461452,0.104596,184.3832462,4.867696951,46.85326805,59.04356752,6.375902,196.6028045,5.206689055,1.108097616
Driver,81.1269685,-2.032,3.751,2.755905512,46.297,1.807,15.391,3.733,-0.018,115.4323998,1.4229,12.748,3.736,3030.0,-0.037,314.8828341,51.31915373,20.1980118,4.938639962,0.321742969,1.118513645,0.090835147,168.8178392,10.95955776,30.03736634,57.35489156,4.893454248,195.5373581,12.6881552,-0.12174337
Driver,94.95347173,1.1,-6.3,-1.25984252,50.418,-5.442,14.229,3.091,9.391,131.5745795,1.3857,12.135,1.437,3380.0,10.775,393.2300077,74.66446958,31.22204436,5.820380355,0.157924448,1.268082828,0.093965,198.9160302,22.66413715,37.91770875,56.49422097,5.924219,218.0711805,26.37653006,53.10338258
Driver,80.29930208,0.311,-4.488,-0.393700787,50.369,-4.23,11.647,1.165,5.653,111.9313708,1.3939,9.749,0.196,2359.57,-1.068,230.7433531,25.90876894,0.344353223,143.0029528,0.411435931,-3.741556134,3.56642,132.6371761,0.326977594,18.26662585,70.79993305,3.24642,176.6455888,0.538809185,-0.380259962
Driver,79.97718325,-2.657,0.974,2.913385827,52.393,-1.074,24.917,-4.111,-5.085,99.51861131,1.2443,19.6,-3.03,5340.58,-7.043,256.1958443,67.74566153,-21.44328254,6.144530611,-0.338913867,2.203836129,0.137287,135.6134633,-14.3690117,42.00099751,52.76251368,5.099303,147.2409906,-16.03798327,-21.66271946
Driver,95.90193271,-1.357,3.971,1.653543307,50.724,2.861,18.732,6.693,2.722,124.7270938,1.3006,13.776,5.988,6189.48,7.459,352.250347,86.1776849,51.66440235,6.256896788,0.666759264,1.589195881,0.107695,175.4321629,30.65071653,44.56181985,55.29961077,5.99884,184.0422924,32.58403705,37.39156904
Driver,110.4196492,7.181,3.442,-9.251968504,47.541,10.062,14.274,6.504,3.061,165.9889495,1.5032,13.119,5.993,2072.57,19.542,544.5973454,101.0803504,98.72991214,5.979714273,0.63798231,1.401311162,0.076529,281.5929543,66.62693218,36.05231635,68.50356277,6.657424,309.8292093,76.96559515,113.0920159
Driver,109.1893343,0.7,5.9,-1.023622047,48.804,6.497,12.08,4.219,-1.681,150.9748568,1.3827,10.588,4.566,2260.0,-4.253,467.4946042,72.67385542,28.63647178,5.776087004,0.456555804,1.089088092,0.080573,240.7771218,12.21141246,32.34453702,63.05574517,5.95789,269.6200525,12.83504932,-20.91095634
Driver,95.17492842,3.96,3.892,-5.196850394,48.366,7.42,22.069,13.069,9.177,140.8274427,1.4797,19.41,11.608,4180.0,19.307,437.452912,138.0531443,136.5178183,5.989999718,1.230814639,2.138225692,0.093895,214.3522057,84.52888525,51.01783155,64.15430102,7.247504,223.7743451,89.33768843,129.4933358
Driver,84.58527201,-4.0,-0.8,3.031496063,60.761,-3.773,28.184,2.081,3.039,113.3435487,1.34,21.738,1.512,7280.0,4.431,302.644214,104.8029344,15.57092635,3.310057768,0.084753337,1.334846808,0.065261,150.7342951,10.3772076,52.03271449,57.49130812,6.105413,154.5288139,10.72527982,19.21712506
Driver,89.04572298,-1.9,1.7,1.732283465,62.04,0.668,18.936,1.908,0.208,109.9856836,1.2352,15.914,1.89,5300.0,0.44,295.696634,71.21687211,10.07881328,5.787705216,0.190156825,1.676939719,0.114279,152.139381,5.540025509,42.02266926,53.08433183,5.414327,164.0093119,6.004519542,1.568009849
Driver,106.9389764,-4.682,-1.431,6.141732283,51.301,-5.193,8.449,-4.305,-2.874,152.818316,1.429,7.162,-4.019,2000.0,-8.053,419.2419628,40.65242286,-39.30778041,6.283334468,-0.44618232,0.795634677,0.0856398,222.8869227,-24.62965282,20.39931242,71.04998242,4.70945,265.7049021,-31.21935858,-27.1296527
Driver,91.5309592,-0.936,-4.133,1.141732283,49.425,-4.935,20.206,1.262,5.395,127.5881353,1.394,16.927,0.366,4290.0,6.883,385.6593104,104.1538927,18.0633385,5.89843006,0.047283064,1.821173168,0.100628,192.7698327,13.68214272,46.54145412,59.02228137,6.48497,205.0911816,15.10690456,37.3607464
Driver,112.5894775,0.7,-0.9,-0.748031496,48.87,-0.466,14.562,-3.804,-2.904,162.2637795,1.4412,12.722,-3.441,3024.73,-6.041,551.876008,122.4175156,-51.33856326,5.579928809,-0.337634044,1.276154311,0.072998,269.8783646,-31.17358947,44.34165259,63.95149163,7.451335,286.9315997,-33.9380177,-45.08258828
Driver,104.4358447,1.021,5.218,-1.220472441,43.665,6.289,12.849,1.868,-3.35,149.6479062,1.4329,11.399,2.291,2240.26,-10.241,463.5030892,72.4908338,0.389160215,6.397445104,0.246721385,1.300678593,0.0902737,242.8527947,-6.133739833,31.07204285,65.31416815,5.85927,272.9500794,-8.881745441,-47.50122439
Driver,98.40506442,1.7,-1.1,-2.440944882,47.113,0.425,18.161,-4.148,-2.942,140.116097,1.4239,16.627,-3.857,2169.45,-2.595,447.7580514,99.24286102,-34.10692313,5.698586577,-0.385355275,1.706279102,0.08793,234.7818087,-19.99466324,39.17913788,64.71671372,6.431782,258.3752507,-22.37369941,-12.64138916
Driver,115.3297244,9.3,5.1,-9.921259843,55.121,11.67,18.467,-1.156,-6.256,169.0029975,1.4654,17.162,-0.147,2650.54,-20.151,576.4753487,155.8421801,-67.54530526,5.900925471,-0.039468952,1.837406829,0.075734,284.0972963,-54.45765566,47.77049571,68.85209421,7.954871,298.7370315,-59.38891175,-161.2263118
Driver,89.35218325,-2.752,-4.488,3.858267717,44.952,-7.248,14.476,2.951,7.439,123.0245616,1.3769,11.655,1.687,3760.0,2.603,355.7478286,62.27043384,14.69789451,5.860020981,0.17559383,1.224057858,0.101027,182.9530837,9.046007872,34.77668277,55.75664229,5.459265,203.6756438,10.44602417,10.98790973
Driver,97.42081246,-1.005,-2.364,1.417322835,50.491,-3.193,13.237,1.871,4.236,132.2085272,1.3571,9.668,0.783,4887.73,15.235,373.4929543,72.51987761,44.7133032,184.4201086,34.27763954,-2.79342719,5.99548,181.1193554,32.98983716,40.24966609,53.24147562,5.82548,194.2751429,37.93801868,91.65921986
Driver,99.3714209,3.021,4.498,-3.582677165,49.175,7.111,13.57,2.848,-1.65,149.0374463,1.4998,11.986,3.102,2374.33,-8.678,471.3173113,79.32648275,8.573410424,6.526930804,0.344867925,1.399909498,0.0927437,244.8078844,-1.205488065,33.35348418,64.16583795,6.10581,262.9291976,-2.351143483,-43.35304153
Driver,104.6215104,-0.931,2.943,1.141732283,46.174,2.049,14.049,0.361,-2.582,151.4007695,1.4471,12.564,0.626,2267.47,-6.271,486.2731273,85.64162172,-7.138747948,6.362318351,0.06389751,1.43223458,0.0891546,252.5289864,-8.011556023,34.46709679,65.11898321,6.2734,279.251142,-9.963561994,-32.30611656
Driver,88.17555476,1.387,0.975,-1.57480315,45.92,2.318,14.687,10.565,9.591,128.5625447,1.458,11.984,8.54,4269.23,24.494,363.3252592,66.689716,96.56258265,6.461293372,0.994346481,1.395328265,0.106811,185.4937819,63.61138779,35.78074856,55.75332287,5.53122,202.8056542,72.64652426,111.0919394
Driver,100.7829277,3.98,5.332,-5.511811024,43.061,9.602,13.153,1.0,-4.332,148.6611936,1.4751,11.505,1.797,2690.7,-24.681,450.4277888,72.11483644,-31.5586839,5.873035457,0.164209936,1.203975779,0.0834158,233.3606564,-32.7685708,31.94132832,62.97333973,5.82876,251.2470974,-38.54011229,-119.9933187
Driver,66.9380816,-3.125,-8.239,2.834645669,66.774,-9.581,23.965,-2.133,6.105,86.45646922,1.2916,17.339,-3.755,5823.81,7.893,191.6716668,40.31315982,-6.970921064,5.85642322,-0.368691847,1.820564157,0.148561781,105.9159009,-2.037385305,33.40257699,48.98334454,3.983684299,121.0780835,-1.749731145,14.70647863
Driver,110.5717609,-2.854,-2.909,3.42519685,53.407,-5.03,18.573,0.599,3.508,152.7261543,1.3813,15.932,0.139,4060.0,5.888,499.1672045,146.7542073,21.52417676,6.146283594,0.022989106,1.800918789,0.0869209,238.6918319,15.78136483,51.75927406,65.91549667,7.6677,247.5294767,16.71869422,45.61055334
Driver,91.23344667,-0.325,-3.115,0.472440945,45.864,-3.43,18.063,-0.072,3.043,132.2561739,1.4496,14.805,-0.639,4336.53,5.939,404.4838402,100.6824389,10.08060832,6.32087824,-0.061655588,1.708936918,0.102815,200.8541796,9.074528652,45.27220094,58.67369446,6.52102,212.8299728,10.10801218,33.93506308
Driver,91.9626879,0.578,-5.031,-0.708661417,55.7,-4.637,22.832,5.098,10.129,126.1596278,1.3718,19.437,3.404,4690.0,13.702,373.0355661,114.5888083,52.52584233,6.141518153,0.387476836,2.19957085,0.1077704,185.8140586,35.90961895,49.43630491,60.23501616,6.598977389,195.4774906,38.57141144,75.06402983
Driver,110.1691124,5.4,2.4,-6.023622047,46.429,7.216,16.318,-0.605,-3.026,158.4495795,1.4382,14.848,-0.309,2401.97,-0.615,536.6633258,121.2310707,-3.505766285,5.942243747,-0.021788682,1.588255101,0.080379,270.3550879,-2.322399627,42.66267514,65.95131066,7.250387,290.3816628,-2.579903886,-2.593150529
Driver,90.03668576,-5.175,4.668,7.125984252,51.06,0.471,15.027,-6.788,-11.456,118.0480494,1.3111,12.397,-5.226,3560.0,-15.622,324.3805793,54.76486788,-50.2078291,5.874905199,-0.553621724,1.299144911,0.105847458,170.6958035,-34.01328412,31.94997109,55.97103982,5.054413968,194.0876012,-41.06833003,-55.90784663
Driver,86.09744094,-6.783,-5.795,7.637795276,50.021,-11.519,14.004,-1.348,4.447,116.5710004,1.3539,10.617,-2.096,4010.0,7.797,315.966068,48.93591448,-0.583224159,5.126839816,-0.179904645,0.971741345,0.092810303,164.4801588,3.177377481,31.02121707,54.45190217,4.915411012,187.0715165,4.798682238,27.56945084
Driver,92.57337151,-3.7,-1.5,3.779527559,56.076,-4.121,18.963,-2.652,-1.152,135.4062276,1.4627,15.591,-2.436,6000.0,-2.264,396.1073758,118.6719586,-22.66029227,5.813145389,-0.254269803,1.666066813,0.093001,191.6223434,-12.98265478,51.32643926,60.14690624,6.799716,197.9228363,-13.5018575,-14.53510015
Driver,104.2814961,-0.773,-0.869,0.905511811,50.491,-1.507,11.543,0.034,0.903,157.134932,1.5068,10.368,-0.055,1838.54,-6.475,477.6950646,77.30202963,-18.60176571,228.4597861,-14.12046541,2.166943753,5.90594,231.1579669,-14.45619196,37.14948461,56.89731392,6.02727,252.9305788,-17.15475043,-42.70417187
Driver,96.2956335,3.308,3.211,-4.527559055,46.859,6.316,12.863,2.486,-0.725,137.1971188,1.4247,11.18,2.617,2300.0,-3.686,399.468039,57.94581782,12.98703602,5.77903693,0.261027232,1.144917748,0.088868,213.0683193,5.124226305,28.05642478,64.10557198,5.270581,246.976687,5.19078079,-13.82061855
Driver,98.64889048,2.9,10.9,-3.464566929,54.383,12.984,23.132,4.65,-6.25,130.080306,1.3186,19.856,5.853,4430.0,-6.237,386.3257561,128.7843595,20.92279536,5.694742272,0.571656066,2.090563103,0.097096,188.0310933,6.749881353,52.85178597,61.92820193,6.931347,195.8025458,6.74480074,-37.34312773
Driver,96.91526485,1.778,-0.369,-2.204724409,48.335,1.214,11.868,-2.075,-1.706,142.170723,1.467,10.402,-1.822,2100.21,-9.259,406.575616,54.18760779,-24.7782861,5.863080857,-0.193155514,1.078293166,0.086743,218.4256454,-17.95629882,25.98820596,66.80658824,5.116509,256.1609367,-23.0340749,-33.07795271
Driver,103.9370079,-1.698,-3.13,2.086614173,46.873,-4.721,11.977,-2.106,1.024,155.151888,1.4928,9.923,-2.264,3173.68,2.608,480.5144863,90.20528572,-24.69394554,225.0856664,-18.61564142,2.193761699,6.38858,227.337934,-19.01460053,42.47342063,58.17218772,6.49641,243.0313854,-21.75237529,-30.15142486
Driver,79.26136364,-2.7,-0.5,2.834645669,56.916,-2.336,18.711,-3.708,-3.208,108.9743647,1.3749,14.889,-3.127,3970.0,-6.363,292.4880331,59.78601273,-23.7875002,6.063080784,-0.339007087,1.62548768,0.120007,154.3712039,-15.54242815,36.42658282,53.45138039,5.100056,172.101318,-18.02618658,-21.42367864
Driver,103.6819971,1.09,5.188,-1.377952756,48.299,6.16,11.591,0.874,-4.314,145.1639674,1.4001,8.683,2.09,4531.46,-22.005,433.9911994,73.70857863,-40.00864053,6.122195669,0.196226397,0.966935169,0.0885007,212.4880019,-35.07086467,37.16580274,56.15848085,6.04046,222.4171346,-38.60037714,-128.0716305
Driver,96.37616321,2.5,7.9,-3.11023622,54.821,9.797,11.034,4.047,-3.853,143.3039549,1.4869,9.83,4.713,1890.0,-22.714,375.4322923,44.21153279,8.254980131,5.774731896,0.459899515,0.998246076,0.084547,206.7087803,-4.613422202,21.98143137,71.31489243,4.542559,251.6362431,-10.66585074,-64.73323314
Driver,96.83920902,1.5,-1.9,-2.007874016,48.929,-0.566,19.471,5.657,7.557,136.880816,1.4135,15.765,3.87,5473.87,12.002,404.8870117,118.37426,60.50293977,5.503195328,0.400668266,1.58847386,0.087,196.7022933,38.88117813,50.38793313,60.25180957,6.825223,204.4115162,41.0158039,77.33535917
Driver,106.4982999,3.085,-1.851,-3.976377953,47.073,1.022,15.925,2.501,4.353,159.2515211,1.4954,13.9,1.788,3382.84,10.453,536.7647506,131.561005,50.7504683,5.803044464,0.190656559,1.456185694,0.077823,260.687328,34.83738649,46.74250841,64.26141018,7.556847,275.1651568,37.91698302,80.2786995
Driver,98.17913386,-2.259,-2.342,3.582677165,44.841,-4.615,11.455,-4.995,-2.653,140.5156138,1.4312,9.116,-4.533,3324.9,0.4,407.1365567,57.57989313,-29.72402837,213.7488287,-14.10091478,-2.088974339,5.20355,209.8543046,-13.93285167,28.51364134,70.04823613,5.07355,243.4356874,-15.4002976,7.978819945
Driver,89.14638511,-2.009,4.636,2.559055118,51.27,3.023,15.481,-1.329,-5.964,123.3531675,1.3837,12.617,-0.311,3710.0,-5.73,360.2539773,67.47491248,-11.83349668,5.984982022,-0.03966916,1.35510198,0.103327137,185.1499482,-9.283297965,36.1880406,56.13545392,5.590671853,205.2040023,-11.08495082,-24.83832324
Driver,94.41660702,-1.284,3.409,1.496062992,53.066,2.443,15.661,4.515,1.106,137.2861489,1.454,13.238,4.35,3310.0,-0.99,434.272696,89.22954093,30.02244959,6.049103957,0.45774298,1.439578186,0.093958,219.3225005,14.82111361,39.98213792,59.50616271,6.389013,238.6573983,15.98979468,-5.456777493
Driver,94.22870437,-3.5,0.7,3.385826772,58.702,-1.616,23.301,1.007,0.307,130.7169381,1.3872,19.077,0.978,7150.0,0.612,367.9721562,128.9744786,7.314367093,5.797349644,0.096357405,2.05652392,0.098224,177.2908505,4.137073434,54.57976522,61.78304734,6.817363,179.9551993,4.208467922,3.333622283
Driver,94.63806371,-2.158,-1.807,2.874015748,48.565,-3.713,15.355,2.767,4.574,132.7221278,1.4024,11.544,1.735,5190.93,2.418,393.7082216,86.41375021,17.54610368,5.981757731,0.184686441,1.25709208,0.095769,193.7054511,10.35419174,43.1914814,56.02385201,6.200108,206.0767193,11.23608285,13.47912451
Driver,93.98935218,-2.469,-3.939,2.992125984,47.371,-6.214,14.915,0.668,4.606,134.7946492,1.4342,12.815,0.088,2910.0,9.581,413.2072319,74.77409884,18.05718776,6.226133469,0.01967045,1.431200517,0.0982195,214.0059996,15.39032775,35.03580787,59.97247839,5.91105,236.2717582,18.47029107,45.18741351
Driver,95.24651038,-5.463,-4.937,7.519685039,50.582,-9.446,10.226,1.062,5.999,136.8573282,1.4369,8.331,0.322,2760.0,13.845,381.206953,43.97491044,21.24498817,6.316564766,0.048656401,0.933282026,0.0965832,200.1293814,18.03073024,24.31562289,62.18679735,4.89601,232.4530993,23.8629308,50.73091894
Driver,99.75393701,1.5,-0.5,-2.086614173,46.385,0.73,15.72,-1.115,-0.615,138.9681013,1.3931,14.096,-1.027,3080.0,-0.608,443.7494153,95.1793676,-9.489576438,5.999724595,-0.112911695,1.521578402,0.092379,224.477494,-5.3395807,40.8904634,60.44856463,6.533425,243.6941055,-5.87971888,-3.949268752
Driver,104.9190229,0.357,5.125,-0.433070866,43.824,5.497,11.15,2.02,-3.105,154.283733,1.4705,9.865,2.398,2050.0,-10.453,464.7647928,62.59776648,2.50140048,6.445857755,0.261190265,1.129901997,0.0877196,244.8772088,-4.647898961,27.43772077,67.84755329,5.5333,280.179853,-7.556532452,-44.66350761
Driver,104.1383321,1.5,8.1,-1.850393701,51.46,9.199,9.078,3.2,-4.9,148.7052613,1.428,8.13,3.978,1660.0,-15.226,384.8572729,39.54159292,10.99075948,5.527599422,0.374575594,0.790960197,0.077595,208.8005816,0.044852845,20.3705458,71.98577108,4.441465,255.2760587,-3.363656947,-43.32140319
Driver,103.7983178,-0.3,1.1,0.433070866,46.56,0.72,17.355,2.683,1.583,148.4146832,1.4298,14.876,2.535,3669.59,0.583,476.2013753,128.8707549,22.10277231,5.713991824,0.253359101,1.543610555,0.082744,229.7328466,11.54492695,49.50513814,62.44095548,7.336263,241.194291,12.1684353,4.15638349
Driver,99.51011095,-4.086,-5.531,6.25984252,46.209,-9.458,11.538,-7.364,-1.833,137.1432087,1.3782,9.421,-7.11,2903.09,-3.413,395.7149426,52.07942191,-54.07786329,197.0332094,-28.09470151,4.9535564,4.76933,207.7530158,-29.65883754,26.63303821,63.87609196,5.14965,239.107056,-34.20903301,-11.93878961
Driver,86.03033286,-7.84,2.493,10.0,52.851,-3.495,9.934,5.18,2.687,123.6030333,1.4367,7.704,4.838,2767.71,5.565,306.8245365,30.10096738,30.96324494,6.077223718,0.51802021,0.82403743,0.102820245,165.4087605,18.75127715,19.65058608,62.54230044,4.111891408,204.9049037,24.45275947,14.47210427
Driver,94.12356836,2.585,-5.693,-3.661417323,44.518,-3.062,16.683,3.859,9.552,133.1842788,1.415,14.42,2.247,3630.0,22.973,398.5497582,84.48927756,61.13633259,6.404311937,0.280824834,1.668071871,0.103146,203.640683,46.76352713,39.17895149,58.45997107,6.07449,220.6015486,53.53961981,116.8700935
Driver,93.70973515,3.284,4.56,-4.330708661,50.955,7.228,18.906,12.521,7.961,139.2251253,1.4857,16.881,11.424,3150.0,15.902,445.2590742,110.5894988,121.4180687,5.839877997,1.172531008,1.785150006,0.090977,225.4408573,74.60533321,43.73035588,62.14550929,6.785363,242.5183946,82.04767523,92.97185758
Driver,79.28596994,-0.598,1.318,0.669291339,52.221,0.855,17.505,14.017,12.699,103.8204635,1.3095,15.427,12.46,2637.74,23.763,250.1251441,43.10507834,69.19124261,6.495408008,1.430530362,1.770463053,0.134833,141.5153716,46.75615449,27.64750506,58.34225509,4.21012,168.9330808,58.89869754,50.50949217
Driver,25.4250179,-6.8,-2.8,5.393700787,63.423,-6.969,42.809,-0.935,2.025,26.64862205,1.0481,27.693,-1.582,3958.4,1.643,21.0210329,5.549308285,-0.586667801,5.856309097,-0.17012301,1.815194331,0.525178,13.26850733,-0.374273447,30.10120885,24.41694247,1.228528,18.88293004,-0.525287049,-0.023894694
Driver,110.3301718,1.1,2.7,-1.220472441,51.745,3.648,11.988,-0.957,-3.657,162.6747047,1.4744,10.811,-0.406,2970.0,-11.333,543.7314291,102.6921829,-38.50433309,5.829493198,-0.064463674,1.129603663,0.07555,267.5350494,-29.06288971,40.15256399,62.36056814,7.034089,288.1487183,-33.1995088,-81.53289517
Driver,80.97709377,-5.5,2.5,4.763779528,64.759,-0.245,24.753,2.363,-0.137,105.7464656,1.3059,20.302,2.534,7010.0,-0.063,274.9661073,83.73518642,10.76562284,5.570411417,0.23091634,2.093840669,0.11772,140.6419931,5.754995246,47.60827838,53.97446768,5.56857,146.728877,6.002024765,-1.390559781
Driver,98.14781675,-3.145,3.971,3.661417323,54.758,1.747,5.39,0.893,-3.078,142.7051271,1.454,4.481,1.223,1370.0,-8.216,253.3762474,12.54131604,2.3354193,6.124507269,0.125594863,0.474530407,0.08892072,145.102177,0.00130225,8.664080745,89.7122863,2.671172281,215.9163277,-1.592886351,-9.287170466
Driver,104.1159628,-0.7,7.1,0.905511811,50.925,6.499,12.984,8.411,1.311,154.1327398,1.4804,11.319,8.317,2560.0,-1.106,503.3057506,86.33003932,69.24329905,5.837485358,0.843547608,1.179358135,0.079947,256.3328793,34.99265695,35.41325367,63.59678212,6.453201,282.8158803,38.39866087,-6.32023632
Driver,101.4517717,3.5,0.9,-4.448818898,49.239,3.89,17.412,1.831,0.931,147.9822835,1.4587,15.321,1.7,3080.0,0.703,493.5996489,119.3181578,16.12100289,5.822855992,0.173380518,1.611209731,0.084602,245.9629473,8.8422414,44.74109769,63.55371062,7.174977,262.4830437,9.517976344,4.638808007
Driver,84.43987115,-5.1,9.7,5.748031496,63.529,7.081,9.786,-1.262,-10.962,109.496913,1.2967,7.794,0.36,2690.0,-28.691,206.9739344,17.72862681,-11.68857615,6.033845416,0.007301939,0.81284539,0.11538,118.2195295,-12.66202547,14.93734799,63.98857707,3.012337,161.184667,-22.55859503,-40.20087909
Driver,98.02031138,-3.841,-4.091,4.527559055,52.851,-7.007,12.544,-4.767,-0.677,142.2727273,1.4515,9.651,-4.645,4090.86,-1.518,445.6983151,82.42174243,-39.43319184,5.586357934,-0.45389194,0.978552055,0.0825211,218.3743836,-20.71194612,39.62575402,57.09913772,6.34747,234.0885138,-22.39151827,-9.117893032
Driver,25.69121331,-6.0,-1.0,4.05511811,74.681,-3.353,42.311,-1.383,-0.22,28.47440945,1.1083,29.544,-1.243,3581.26,-0.184,25.01760724,7.121713328,-0.550536376,5.851985344,-0.134156767,2.195057675,0.500193,15.63897104,-0.360459577,32.33523839,25.81264688,1.394707,22.15917835,-0.511810442,-0.063638203
Driver,88.71689334,-4.2,1.2,4.212598425,50.45,-2.705,15.313,4.492,3.232,123.9864442,1.3976,12.536,4.196,3470.0,16.602,353.2010927,63.32705706,50.89993076,5.769227991,0.422605453,1.293872722,0.098989,183.0736845,35.58731218,34.62670268,56.16404025,5.432214,204.4167904,42.21117657,67.05660396
Driver,103.2950072,1.389,6.409,-1.653543307,50.068,7.572,11.936,10.44,4.031,148.0502863,1.4333,9.593,9.526,3689.38,9.472,459.7220834,94.54311599,122.8066443,199.2225035,64.83323209,16.54754286,5.55398,219.6367532,74.90419429,43.76158546,58.10319652,6.54525,234.3162884,81.82878682,119.104816
Driver,89.90918039,4.296,-5.749,-5.393700787,55.423,-2.781,19.776,0.334,6.083,133.9904707,1.4903,18.03,-0.397,2499.18,13.611,423.7757705,100.8505156,21.85256365,6.152862411,-0.028734345,2.014040794,0.100167,222.1734683,20.51572154,40.46897493,63.44117006,6.42003,242.1244271,24.04155344,66.14420976
Driver,103.7692377,-4.634,0.874,5.433070866,50.975,-2.893,24.324,3.439,2.565,134.4586614,1.2958,20.092,3.024,5671.34,4.799,397.3649493,141.9373067,33.44562686,6.095647008,0.331295749,2.295732044,0.100639,190.7756179,20.38718382,54.87722334,64.25181029,7.14881,192.5501093,20.62117402,31.05660409
Driver,104.1629384,3.5,12.5,-4.68503937,47.362,15.716,11.606,5.638,-6.862,141.7125984,1.3605,10.436,6.702,2160.0,-13.766,404.4853421,56.10003985,27.58497318,5.691864351,0.654146024,1.05255236,0.084532,214.5286537,7.692711988,27.64280031,63.89258671,5.220218,248.2066426,6.041300212,-52.1412217
Driver,100.7918754,-1.5,-1.5,1.968503937,50.946,-2.942,16.994,-1.892,-0.392,147.9863099,1.4682,13.819,-1.468,4665.23,-1.952,461.7499304,128.8666145,-20.66450867,5.806195934,-0.188569034,1.463471513,0.084037,220.4206676,-11.80087465,50.90114061,62.03624975,7.268985,229.2283314,-12.39475561,-18.47467364
Driver,84.07972441,-1.773,0.521,2.086614173,55.234,-0.71,7.645,-2.499,-3.02,124.5705082,1.4816,5.983,-1.961,2160.0,-11.714,244.7983599,16.40130224,-13.96076685,6.189034996,-0.221748882,0.641559386,0.103388542,139.196768,-10.44458111,12.07048061,73.80087545,3.057399444,194.0240531,-16.97236575,-17.06605969
Driver,100.1588225,-1.045,5.592,1.377952756,50.62,4.734,9.315,-2.335,-7.928,130.7240963,1.3052,7.771,-1.132,2530.0,-2.425,337.2118792,33.74801374,-9.134862481,5.906537165,-0.118787222,0.808570856,0.094407,181.1642819,-5.878121136,20.23076926,64.53184546,4.327735,222.0228886,-7.760571641,-6.899416443
Driver,85.01028991,-5.0,0.6,4.133858268,60.334,-2.748,26.633,0.091,-0.554,117.0365068,1.3767,20.413,0.214,7220.0,-0.481,318.4205904,106.5219575,0.118093784,5.745485048,0.020351843,2.183057186,0.109783,158.0863819,-0.181307392,51.61265977,57.94882604,6.213482,162.2281155,-0.196841297,-2.315273188
Driver,87.6230315,2.376,-0.976,-2.992125984,49.565,1.05,20.93,3.828,4.804,119.3890927,1.3625,19.109,3.319,2232.93,7.848,353.4223652,81.72632436,29.63960066,5.939274159,0.351524515,2.050487651,0.109242,191.8529885,20.26919763,37.24503726,62.26148448,5.672675,216.6107807,23.90931061,27.57005212
Driver,107.1917502,0.036,0.715,-0.039370079,50.53,0.745,16.105,2.117,1.402,153.9696671,1.4364,14.498,1.97,2467.62,-0.271,517.3238118,110.6692106,16.70949217,6.17949116,0.212182504,1.6098286,0.085908,263.1884827,8.489592222,40.56377809,65.34820723,6.976550592,285.3088072,9.161791492,-1.67442128
Driver,101.2124195,-3.957,4.811,5.236220472,44.268,0.742,15.463,4.398,-0.414,146.3918218,1.4464,13.139,4.449,3380.0,-1.196,479.1314333,105.0512733,33.03299332,6.209263934,0.480307243,1.481013127,0.0903789,237.2368023,15.84181231,42.86018585,60.98617548,6.89209,246.6038622,16.3841913,-7.703120079
Driver,97.69148175,-2.535,-7.433,3.74015748,43.657,-10.092,21.905,0.553,7.987,128.9824177,1.3203,17.271,-1.084,6249.47,11.457,369.1192937,112.0619156,21.71625,5.993640519,-0.093490032,1.907487643,0.101702634,181.261352,18.19894415,50.23178332,59.11007982,6.535298861,187.9013201,19.34175465,64.8225164
Driver,95.50599499,0.533,-0.307,-0.62992126,50.097,0.139,21.103,1.905,2.212,127.0172691,1.3299,18.431,1.595,3390.0,3.811,394.9825157,105.8585979,18.57125307,6.358444182,0.182305481,2.143322424,0.109749,200.986437,12.21207417,45.18521399,60.64179119,6.54236,214.9132416,13.38927792,19.87002229
Driver,68.99158912,-2.01,-2.563,1.811023622,71.757,-3.226,24.45,3.075,5.638,64.66602541,0.9373,19.518,1.92,3237.77,7.435,108.510891,21.49578814,5.010242878,5.250783145,0.186323709,1.774584227,0.1796536,65.34210456,3.771226227,26.77522146,46.44047472,2.736252861,87.39247822,5.516000059,4.750599196
Driver,87.69237652,-4.754,-1.233,5.0,55.619,-4.495,18.316,1.379,2.612,125.2189961,1.4279,15.543,1.045,3470.0,4.091,379.8028991,85.76544919,14.51205712,5.424612831,0.10292461,1.525753161,0.0932352,194.9090125,10.06173733,40.71896996,58.20103432,6.08505,211.0908744,11.33607315,19.53034612
Driver,70.56415533,-1.375,7.789,1.377952756,53.656,6.777,24.407,1.403,-6.386,97.24454188,1.3781,20.691,2.423,3700.0,-10.477,252.9066441,65.01167057,-0.336564564,6.02673651,0.237209657,2.270868975,0.138332,136.7809896,-3.912931494,39.58191961,53.87267046,4.976052,153.2296484,-5.274892368,-29.06915567
Driver,101.6128311,-3.058,7.996,3.346456693,51.05,5.521,33.422,-8.491,-16.487,116.7358626,1.1488,28.764,-5.877,5983.65,-21.751,317.3708227,135.3818397,-74.95254785,5.541081217,-0.611742655,3.084252337,0.113234,155.7950711,-51.87567609,56.216197,63.47421927,6.62069,157.0120996,-52.38348384,-109.6828841
Driver,69.91991768,-2.687,-4.791,2.362204724,64.134,-6.095,15.737,5.313,10.104,93.0124821,1.3303,13.364,3.945,2510.0,22.499,185.2905093,25.79318112,21.11627221,5.677137332,0.413331956,1.315773692,0.130145,109.036416,16.70987366,21.25455736,58.68419888,3.25289,144.5514197,25.19694284,27.7719414
Driver,94.80136006,-0.854,-2.368,1.102362205,47.817,-3.142,16.076,2.681,5.049,132.359073,1.3962,14.109,2.066,2701.84,3.763,406.3821778,77.77850835,20.79975627,5.95837452,0.21844472,1.503925038,0.096252,212.7944488,13.32900016,35.71652532,60.92756069,5.924908,236.9665376,15.43674046,16.99204053
Driver,111.1488905,-3.705,-2.29,6.417322835,35.753,-7.45,13.351,2.157,4.447,159.8610863,1.4383,11.463,1.648,3100.0,2.058,540.6447283,109.018892,21.48524136,6.233483938,0.18126993,1.284045941,0.082483533,265.2065521,12.53569709,41.89861188,62.61970115,7.171865672,284.3105596,13.74944324,14.73583767
Driver,99.38036865,-1.082,-1.828,1.338582677,50.94,-2.706,20.166,1.0,2.828,134.4555297,1.3529,17.991,0.689,2931.64,3.744,432.7974294,111.2028623,13.1878606,5.97505383,0.075831568,1.952009441,0.097022,220.7898063,9.525741905,44.12494831,62.57078011,6.75327,238.0512826,10.68305197,20.61756469
Driver,97.28659628,2.3,5.9,-2.913385827,48.246,8.001,14.461,2.765,-3.135,143.1091178,1.471,12.693,3.228,2600.0,-14.872,441.4884312,81.02992937,-4.861938566,5.856794758,0.316647926,1.329064164,0.08696,226.8305714,-12.45360961,36.1139858,60.7653439,6.127963,250.4756669,-16.29932773,-75.56185557
Driver,115.3341983,1.31,0.916,-1.614173228,47.937,2.098,16.94,5.422,4.507,162.7563529,1.4112,14.831,4.785,3550.0,5.188,552.8282306,151.6837326,63.40106208,5.697169255,0.479924238,1.531041018,0.0750792,264.6160322,36.43111528,50.37580684,66.69662045,7.95747038,275.7460022,38.37765906,43.32262498
Driver,100.5323908,-2.934,-0.971,3.858267717,48.29,-3.59,13.498,-0.102,0.87,148.9956156,1.4821,11.479,-0.212,2991.77,2.983,485.5061328,89.19560113,5.522820639,6.116840162,-0.019616148,1.266062093,0.0868092,243.5888144,5.041683056,37.86283045,60.95597636,6.55224,256.7161007,5.608840196,17.82826771
Driver,99.58392985,-1.508,1.763,1.968503937,49.819,0.489,14.301,0.595,-1.168,149.3541965,1.4998,12.466,0.735,2730.0,-4.146,487.8480666,92.00099577,-3.442789993,6.334804582,0.076993155,1.422484541,0.0900375,247.6370398,-4.839619077,37.64604142,62.37347039,6.56394,261.5130692,-5.526823936,-24.04577129
Driver,99.58840372,7.7,-1.5,-10.0,49.834,5.024,16.79,1.606,3.188,139.2309413,1.3981,15.761,1.23,1507.73,3.546,419.6156479,79.74004534,13.22007218,5.634527399,0.123215908,1.586711324,0.086966,229.5900219,9.046171174,32.62509343,69.5057016,5.631846,263.3107961,10.93816045,12.35867146
Driver,102.7760379,-0.193,-0.547,0.275590551,44.084,-0.747,20.529,6.73,7.277,144.4286865,1.4053,18.002,5.772,3850.0,12.308,464.4437975,139.2280703,81.0636127,6.286819137,0.649553212,2.081679733,0.095135,226.6161734,51.10764503,50.42589365,64.6694908,7.40505,236.3118212,54.05867607,85.93460912
Driver,106.0844667,1.441,3.496,-1.732283465,47.21,4.83,13.887,0.509,-2.987,153.7276306,1.4491,12.103,0.95,2802.32,-8.673,507.2729857,96.19276825,-13.4664464,6.371076132,0.096492713,1.391315887,0.0878637,255.1807968,-13.67975587,38.41980215,62.5254985,6.73027,276.3074505,-16.18836737,-53.70796718
Driver,117.0924302,3.45,-0.966,-4.37007874,47.106,2.245,13.77,0.306,1.271,173.0194166,1.4776,12.072,0.091,2938.32,1.77,605.5089495,133.5649344,7.270753606,5.99355928,0.010975034,1.300881767,0.073362815,293.2518545,5.354054583,44.94222322,65.82805662,7.804189459,310.3764443,5.906294335,14.66510554
Driver,103.0623658,2.416,3.105,-3.267716535,47.003,5.36,13.234,1.384,-1.721,148.9045723,1.4448,11.692,1.636,2310.0,-7.788,466.5596529,75.64679166,-1.034713899,5.832822327,0.160699668,1.213699754,0.08278,243.6404048,-5.510940901,32.24782121,64.85741823,5.979215,274.31646,-7.772841817,-37.38833092
Driver,91.72780959,-1.7,-0.3,1.57480315,60.287,-1.457,25.984,0.846,1.146,125.3171976,1.3662,21.224,0.861,7500.0,-0.023,346.1441781,128.2100867,3.01959724,5.671330237,0.054210892,2.253340887,0.101738,167.4498484,1.559834853,55.26043958,61.71633451,6.697415,169.235685,1.576259754,-2.869361874
Driver,86.35021475,-0.321,8.26,0.393700787,57.954,8.059,6.591,2.076,-6.184,129.2331782,1.4966,5.785,2.804,1390.0,-32.292,192.0791185,11.1214482,2.524283951,6.525406686,0.296583114,0.640439628,0.104926092,115.2898008,-1.981822557,8.794799692,88.77871629,2.238612931,185.4557381,-8.107484176,-22.85560734
Driver,110.4688618,-3.308,-4.688,3.897637795,51.451,-7.327,13.284,-5.601,-0.913,150.9835809,1.3668,11.173,-5.481,3170.0,-2.019,496.0457108,93.55285231,-51.86237809,6.310972621,-0.605061061,1.275863201,0.088351,246.0891887,-27.75478999,39.31826582,60.64681727,6.71318,265.2468835,-30.21405263,-12.81748604
Driver,101.9260021,1.989,3.661,-2.362204724,55.472,5.03,8.756,-1.433,-5.094,150.7920991,1.4794,7.925,-0.799,1560.0,-26.268,359.9851213,33.30767098,-25.51257467,5.767614872,-0.095239991,0.799778086,0.079766,200.4502749,-22.72403721,17.06702331,78.96849148,3.968611,256.3928352,-35.02707036,-59.83386792
Driver,23.79429134,-6.0,-1.6,4.133858268,73.248,-4.144,42.536,-0.157,1.637,25.88739263,1.088,29.789,-0.677,3252.8,1.36,20.7235979,5.92102546,-0.231055997,5.92553245,-0.069367356,1.95098529,0.558283,13.00640551,-0.143853893,32.18625093,23.88423182,1.262228,18.92570608,-0.203359675,0.029475861
Driver,86.14441661,-2.033,0.181,2.086614173,60.012,-0.993,21.778,1.886,1.705,118.9423765,1.3807,17.374,1.546,5211.22,3.913,339.7396919,93.59542914,16.60674956,6.164192416,0.173231427,1.970965761,0.113234,171.2904148,10.81191847,46.32791102,56.78451735,6.08494,176.1092584,11.23144695,18.58759676
Driver,54.37768432,2.172,-1.065,-2.362204724,56.305,0.384,14.463,6.971,8.036,80.90752505,1.4879,11.127,4.722,3206.08,23.728,114.0651428,12.90800411,13.84726798,78.27876526,12.64973852,-3.214686767,2.54157,68.82224458,10.4894324,16.17954642,57.14162043,2.18157,102.6291691,17.9130696,14.56347717
Driver,54.01306371,-0.67,-0.169,0.62992126,61.393,-0.534,44.315,4.127,4.296,58.29925734,1.0794,30.894,2.482,7736.35,3.464,104.8103155,35.22564787,5.156762142,5.260992757,0.235805667,3.024621805,0.22197,60.27363978,3.469722996,41.54202172,42.50071863,3.291419,65.48832345,3.815608338,2.581844509
Driver,99.01798497,-4.641,-1.298,6.377952756,44.627,-6.015,14.183,-1.685,-0.387,143.8589388,1.4529,11.154,-1.621,4327.28,-0.754,453.8077507,98.29465156,-14.68819115,6.056044717,-0.172242495,1.232963561,0.089048,220.8170057,-7.873201538,43.77519455,58.48473025,6.70261,233.9008826,-8.415938664,-4.882644566
Driver,71.14352183,-0.701,-0.926,0.826771654,50.829,-1.498,9.899,-2.653,-1.727,103.8669918,1.4599,8.546,-2.429,1414.13,-5.988,161.4586512,13.49153738,-7.886509967,6.323514111,-0.272516754,0.913802709,0.12731,98.70739442,-5.409826411,12.06413373,74.31672655,2.35949,150.7668761,-8.9278133,-3.683702257
Driver,88.44398712,-1.454,5.653,1.653543307,54.435,4.613,10.931,-8.08,-13.733,121.6311739,1.3752,8.991,-5.86,3530.0,-35.376,280.2558458,31.14730776,-59.60042809,6.076127492,-0.660249892,0.960248764,0.104965554,152.0010382,-44.77168071,21.41099429,60.47349874,3.932751833,186.3393502,-62.05329051,-89.12154747
Driver,114.9539191,-2.297,-4.893,2.716535433,51.493,-6.722,13.154,0.804,5.697,160.3069077,1.3945,11.229,0.071,3270.0,13.273,534.4707259,106.8971136,41.1699474,6.325975439,0.023092464,1.294176654,0.0834358,261.3731659,32.06059372,41.61022347,61.85679583,7.09467,278.9421334,36.11751392,95.21737696
Driver,85.51360057,-7.381,-7.197,12.00787402,38.969,-16.413,6.114,-8.516,-1.319,118.885782,1.3903,3.049,-8.216,3635.95,9.962,222.5536687,9.822869924,-24.43271273,136.8408637,-10.80619325,-3.818694766,3.33364,118.9087581,-10.58621596,9.421307114,68.01620414,2.76364,163.8213746,-11.71537276,19.34296788
Driver,79.85638869,2.832,2.948,-3.464566929,51.575,5.197,8.884,-6.485,-9.432,114.8854689,1.4386,7.743,-4.667,2430.0,-34.781,203.9596978,16.50328943,-28.97932347,5.811977211,-0.50127604,0.773341969,0.105681,119.1128476,-23.05817512,13.11431577,71.16966958,2.78547,170.5876031,-39.31995477,-40.42048594
Driver,109.5539549,1.7,0.1,-2.125984252,45.744,1.534,13.241,0.455,0.355,162.0790086,1.4794,11.602,0.393,2640.9,1.763,544.3754221,104.7391431,8.503426535,5.616578522,0.038883032,1.166855278,0.073216,270.6089891,5.787168366,39.97780558,63.50666263,7.034939,292.3283673,6.545076443,11.79397581
Driver,102.3018074,-1.805,-6.677,2.401574803,50.129,-8.185,19.678,-0.921,5.755,136.1285344,1.3307,14.373,-2.423,7419.92,9.516,386.7651471,111.4746836,10.63731326,6.056637018,-0.239300187,1.603936386,0.09599433,187.2976189,11.50229792,50.28883434,58.73288951,6.60638337,192.2168293,12.11872546,58.18619439
Driver,103.5612026,-6.448,-5.435,8.897637795,43.417,-12.295,13.433,5.092,10.528,139.0307355,1.3425,9.046,2.701,6861.37,18.724,391.5323923,78.61661,65.80129261,6.321820011,0.332906262,1.069075217,0.0958206,190.4774806,44.26841086,41.86653378,54.65303051,5.99361,199.6904952,47.78156764,106.4669091
Driver,101.0938618,1.729,6.362,-2.125984252,46.928,7.98,14.376,2.732,-3.631,149.1020938,1.4749,12.574,3.266,2777.06,-15.641,477.8750863,88.87658318,-7.9316229,5.507800163,0.301676861,1.244232872,0.0783015,243.7239487,-15.60464422,36.78433513,62.22151908,6.4285,258.0580584,-18.18829586,-88.30845103
Driver,98.95535075,2.968,7.162,-3.779527559,50.667,9.598,15.726,0.27,-6.893,142.93665,1.4445,14.381,1.03,2176.24,-23.171,430.6545908,78.41839086,-27.53424945,5.762384205,0.086607768,1.477915683,0.08614,230.5211061,-28.60425753,32.89165037,65.83408535,5.784595,260.9300283,-36.7466823,-98.13432003
Driver,101.3376879,3.57,1.839,-4.68503937,45.815,5.316,20.391,5.475,3.636,145.5276933,1.4361,17.828,4.885,3790.0,6.699,472.9678437,142.5115686,58.91796524,5.787228517,0.500394416,1.885981861,0.086804,229.8306367,35.35862418,50.9710712,65.11013851,7.497230017,240.1760571,37.39514933,47.67514725
Driver,86.47100931,-1.526,5.22,2.165354331,50.549,3.964,7.689,5.716,0.495,129.1425823,1.4935,6.607,5.657,1390.0,2.309,239.045451,16.6630406,24.31351371,6.531396291,0.645536469,0.742214374,0.105291258,139.5374694,14.60272996,11.44341758,82.0749132,2.845917588,202.9471507,21.64183236,2.557559565
Driver,92.26691124,0.477,0.671,-0.511811024,55.176,1.003,12.803,-7.837,-8.507,133.1046439,1.4426,11.32,-6.778,2390.0,-23.744,359.1580779,49.69059711,-68.19969775,5.298115445,-0.639774527,1.060338118,0.0838656,195.425133,-48.00254026,25.67797516,64.53268171,4.81192,228.5802886,-60.62426861,-75.9272069
Driver,104.0466178,0.8,-1.2,-0.866141732,41.861,-2.561,15.36,0.599,1.841,152.0277827,1.4611,13.431,0.386,2940.0,-6.061,504.6368897,108.7178443,-13.35308333,6.098404818,0.030821207,1.473081125,0.085526,251.5754448,-11.71121767,42.17556897,62.65413275,7.012138,270.4840305,-13.44498418,-40.21187444
Driver,90.03444882,-1.031,-0.685,1.496062992,45.103,0.342,14.583,-3.531,-2.846,127.5067108,1.4162,11.934,-3.031,3409.89,-5.254,363.4213275,57.55066831,-28.49334963,196.8029866,-19.64252421,-1.586580532,5.11895,193.9782309,-19.21133879,29.09568182,66.43350669,5.01895,224.4993719,-23.90458096,-26.9341415
Driver,108.7486578,2.878,2.251,-3.700787402,45.224,5.11,16.432,2.866,0.615,159.6718414,1.4683,14.819,2.79,2560.0,2.511,548.4989997,125.4143415,33.01278924,4.731357625,0.231874909,1.27194225,0.0633542,274.9157395,19.15216774,43.14712054,66.13317522,7.38674,285.4771462,20.07246186,17.34099568
Driver,109.6680387,-5.758,-0.647,8.267716535,44.142,-6.611,8.723,-3.096,-2.449,162.8335272,1.4848,6.737,-2.756,3257.74,2.762,488.4597198,71.17302483,-14.51471745,234.7150788,-4.429902548,0.185330391,5.92733,234.7787667,-4.428632952,35.14886175,57.55719749,5.9301,255.5808015,-3.990627468,20.58985292
Driver,116.4616142,-1.181,3.54,1.535433071,51.079,2.586,12.865,4.696,1.156,163.0954724,1.4004,10.938,4.533,3131.76,-3.584,537.7286876,110.4509862,32.24342273,261.6025572,16.38277218,0.759958837,6.781,262.4403941,16.44277423,41.95167137,67.2030594,6.81526,281.3628851,17.79182504,-12.92829202
Driver,101.4897996,-1.241,0.788,1.535433071,52.636,-0.16,9.167,-3.9,-4.688,146.9112384,1.4476,7.822,-3.285,2154.07,-17.617,351.767978,35.34428656,-43.14490762,190.956486,-31.22870375,0.600374561,4.00442,192.3820119,-31.58928141,18.87503294,73.83029804,4.04624,238.3439014,-43.31234691,-61.98901229
Driver,99.17457051,-3.537,-5.939,4.173228346,51.193,-8.788,13.59,-3.525,2.414,142.060442,1.4324,11.513,-3.828,2960.0,5.154,448.2054523,78.07741541,-18.65438784,6.265589958,-0.412877577,1.295703549,0.0933003,228.2173479,-6.189214891,35.47345201,60.21027405,6.15137,250.2077648,-5.957667829,27.16537288
Driver,100.2930387,2.1,0.3,-2.716535433,47.048,2.172,14.813,2.626,2.326,146.2786328,1.4585,13.008,2.358,2670.0,2.525,473.9021942,90.26049318,24.60681053,5.637693952,0.233922227,1.311895871,0.081898,242.6770472,14.62565825,37.36021387,62.70302818,6.45977,266.6682308,16.49680174,13.94070563
Driver,100.8097709,-1.722,-0.319,2.480314961,45.857,-1.991,12.378,0.741,1.06,142.4127595,1.4127,10.912,0.628,2078.92,-11.12,392.1929557,52.43207081,-14.34460777,231.9000964,-18.18383051,-7.494263411,5.49474,216.6259781,-15.50665947,23.81089733,69.57868635,4.99474,255.7722447,-22.04769038,-53.62186482
Driver,92.48389406,1.095,-4.652,-1.25984252,51.027,-3.766,14.189,-0.231,4.422,131.7998389,1.4251,11.953,-1.01,3090.0,5.446,397.7939526,68.50598179,2.761312897,5.878284019,-0.098161714,1.254789546,0.094545,205.277225,4.629703537,34.0867471,58.74950372,5.72677,229.3771963,6.092022879,24.73940263
Driver,27.50313171,-1.9,-1.5,1.732283465,70.115,-2.357,43.653,-1.922,-0.422,27.3946403,0.9961,30.794,-1.862,3480.0,-0.221,23.69212197,7.053931044,-0.725172875,5.81313998,-0.186206905,2.222008125,0.523319,14.76848834,-0.475078423,33.52090707,25.0085047,1.382158,20.79657219,-0.670098136,0.01435917
Driver,85.54044381,-5.852,4.963,6.062992126,54.588,0.784,20.511,2.206,-2.757,111.8962509,1.3081,17.082,2.593,3830.0,-4.605,316.5095372,74.29880404,7.07837708,6.283257278,0.276862292,1.943731798,0.122481,165.5593794,1.623104486,40.03439068,55.72491999,5.537726,182.2528271,1.320048608,-17.60477844
Driver,108.1916607,-4.086,-2.281,5.708661417,43.817,-6.551,10.764,-1.119,1.162,160.7155959,1.4855,8.796,-1.276,3150.5,3.775,504.4351913,81.93554846,1.603574237,236.8134169,3.87733664,1.951520489,6.28262,239.0950105,4.001246646,38.96874154,55.84578046,6.38979,256.9681788,4.969405391,27.97143151
Driver,110.8312455,-6.348,-0.447,8.307086614,43.89,-7.088,11.432,3.278,3.725,162.4715909,1.4659,9.328,2.826,3470.0,11.713,540.6775687,99.13877733,63.59342512,6.214832367,0.319567786,1.058925054,0.0803549,261.3760775,41.3362309,40.89462438,60.84515098,7.01036,272.0133109,44.07113247,85.68452209
Driver,85.89164281,-6.272,2.619,6.692913386,62.557,-0.653,10.451,11.741,9.122,122.4279707,1.4254,8.425,10.612,2810.0,19.357,295.5840203,30.53538308,70.69201776,5.528552685,1.032716275,0.818503531,0.0944128,161.2933367,45.33662046,19.96294722,62.69222511,4.03708,197.2883181,59.16758876,48.16623896
Driver,71.38511095,-0.597,-3.807,0.826771654,49.29,-4.321,21.065,5.247,9.054,98.08003758,1.3739,17.147,3.483,4143.87,22.379,229.5980679,48.11156096,32.42572054,131.7454352,25.7587418,-3.161264536,4.38104,127.0479637,24.3178061,32.71289141,57.78966841,4.18104,148.2026112,30.69007464,50.09138718
Driver,89.16875447,-1.319,-1.536,1.811023622,49.194,-2.675,12.146,-12.914,-11.378,125.1943898,1.404,10.038,-11.074,3450.0,-20.328,340.7128902,47.55975651,-92.03747702,6.39393637,-1.253634177,1.141382127,0.107744717,178.2696814,-57.93338564,28.1114952,57.43323093,4.891497613,205.7651514,-70.55645668,-73.41530314
Driver,101.4137437,1.3,0.9,-1.692913386,49.009,2.118,15.335,3.033,2.133,147.8078024,1.4575,13.422,2.835,2840.0,1.025,486.4288691,99.46752943,26.01500451,5.83834786,0.289638408,1.405898519,0.084142,246.0272619,14.21481141,39.91041627,62.55694774,6.737393,267.2247576,15.59602516,6.147775998
Driver,46.66025412,-1.9,-8.7,1.732283465,64.189,-9.847,68.847,-8.167,0.533,26.64884574,0.5711,52.297,-8.494,4320.48,0.217,26.44432498,15.00022666,-3.229896701,2.312523568,-0.343336127,2.600149166,0.297855,14.21524947,-2.106838999,55.36508745,25.19837557,1.962453,15.4787907,-2.29400429,-0.02173004
Driver,89.11954188,-4.183,3.384,5.0,57.741,0.738,28.572,10.337,6.953,96.17797065,1.0792,22.477,8.86,5949.35,5.29,242.1640161,85.68427222,45.61575199,104.9597587,23.85330969,14.46759222,4.73694,116.3711342,27.18055045,55.63589678,51.88312544,5.54506,120.0000388,28.19556317,28.28527163
Driver,103.9168754,-1.216,-1.379,1.496062992,48.772,-2.444,13.414,2.107,3.486,153.6262974,1.4784,11.236,1.572,3417.68,3.303,483.4503514,111.1519573,16.88597611,217.5440971,4.461645863,1.577737348,7.05772,218.4894157,4.411014204,55.27464379,57.60339643,7.11676,226.2759819,4.003221454,-4.749821
Driver,99.09180387,-0.94,4.938,1.141732283,48.008,4.092,16.703,0.098,-4.841,137.2995705,1.3856,14.498,0.733,3120.0,-14.933,430.3250851,90.97087729,-26.02045173,6.181641992,0.06252745,1.618417221,0.0964834,219.9286368,-23.79157984,39.46979431,60.3415408,6.35043,231.5869408,-26.2977733,-79.75994964
Driver,100.3355404,-0.3,-1.3,0.511811024,46.42,-1.794,16.142,-3.26,-1.96,131.8653812,1.3142,14.157,-3.015,3490.0,-3.223,407.8394722,89.27193066,-27.99323263,5.845443748,-0.312891527,1.491605117,0.094952,206.1420386,-16.57423139,41.31082708,58.4684531,6.29746,223.2346371,-18.33540723,-17.23157274
Driver,114.1575698,2.278,4.391,-2.755905512,49.411,6.344,6.791,1.391,-2.999,167.1127863,1.4639,6.249,1.754,1080.0,-33.388,362.6735817,26.03694645,-10.55021835,6.155230752,0.172278409,0.671333627,0.0764299,204.0010338,-14.88323038,13.19308797,91.14989743,3.51349,256.9127288,-24.50705507,-63.31122187
Driver,78.76923765,-1.397,1.836,1.338582677,62.207,1.1,25.011,2.599,0.763,97.42081246,1.2368,20.751,2.463,4120.0,1.203,254.292,67.6546736,11.84881218,5.896232445,0.255453685,2.236482632,0.135239,136.0922394,7.009897842,41.15291877,53.48903756,5.068602,150.635684,7.84882734,3.488182376
Driver,89.41481747,-1.377,-3.101,1.811023622,47.671,-4.355,18.659,1.41,4.511,125.5122584,1.4037,15.505,0.658,4030.0,8.049,376.3001109,89.93919418,20.72763423,5.181841246,0.067681845,1.453770298,0.0889544,190.4629677,15.60849968,42.90686311,57.56379795,6.164400577,205.2715533,17.62441188,40.28264432
Driver,112.2270938,-3.229,1.421,3.818897638,50.024,-1.29,17.728,1.726,0.305,153.7175644,1.3697,15.088,1.685,4030.0,0.526,505.5141699,143.2595336,16.09222094,6.409627161,0.189247467,1.773463623,0.0897384,241.6168751,8.470824006,51.27866599,65.63034157,7.65262,250.783847,8.825600237,4.100673339
Driver,86.49337867,2.111,-2.188,-2.952755906,49.484,-0.382,10.263,-6.333,-4.145,123.2041875,1.4245,8.733,-5.543,2100.0,-18.047,272.5471787,26.52385149,-36.87389654,4.794713583,-0.472324977,0.730566234,0.081296227,154.5289634,-25.73497983,16.98853276,69.58435242,3.594671795,202.5330861,-37.32261703,-32.69013078
Driver,101.0066213,0.73,3.69,-0.866141732,47.088,4.369,14.353,1.652,-2.038,149.9317734,1.4844,12.692,1.909,2501.08,-8.321,484.8807628,88.86845083,-1.786131169,6.167569839,0.19783937,1.405871456,0.0873276,249.2757511,-6.845142574,36.05781188,63.5987405,6.41352,264.8840851,-8.17778985,-45.42638576
Driver,79.71993558,-5.165,6.09,4.645669291,66.329,3.819,24.525,-1.926,-8.016,88.7394864,1.1131,15.981,0.572,7777.36,-11.452,194.3859841,38.90604162,-6.232442241,5.960587751,0.036615508,1.708194932,0.146452,106.7050813,-6.333073943,32.98480198,48.597557,3.964926,118.6634404,-7.733271522,-22.18838956
Driver,73.57730852,-4.952,4.174,4.330708661,61.321,1.458,23.297,-0.353,-4.527,94.33495884,1.2821,19.059,0.393,4020.0,-6.936,235.7463636,55.42443396,-4.720887604,5.682586974,0.028326004,1.958244789,0.132961,128.4228185,-4.865765086,37.02413065,52.39744483,4.651563,145.5539908,-6.124733536,-17.23764549
Driver,99.68011811,1.201,2.986,-1.614173228,45.892,4.15,17.811,-0.152,-3.137,144.4696224,1.4493,15.483,0.311,3400.0,-9.58,471.5229645,117.1046414,-23.43828064,5.750866523,0.021709442,1.610690113,0.085703,233.9719744,-19.46706137,45.35477738,62.36812858,7.055081,249.3343409,-21.79244795,-62.197076
Driver,100.0626342,-0.097,6.367,0.118110236,48.667,6.281,14.585,-0.174,-6.54,141.4262706,1.4134,12.67,0.713,2950.0,-12.596,444.8014607,82.93651855,-20.72713739,5.864541143,0.061440266,1.329358271,0.088094,227.5706597,-19.37573681,36.73553862,60.74290576,6.223007,250.26009,-23.39026545,-66.58744457
Driver,97.56173944,1.9,8.1,-2.440944882,51.826,9.725,6.267,-0.538,-8.638,140.8095472,1.4433,5.823,0.372,1420.0,-35.782,241.4731654,14.9110734,-10.88078744,5.777623526,0.017224377,0.579804609,0.085209,140.763034,-12.2046939,10.38196439,86.7549658,2.668294,206.2600131,-24.37976937,-39.34473037
Driver,103.4314603,2.3,11.5,-2.913385827,48.828,13.594,16.53,9.226,-2.274,145.3912402,1.4057,14.44,9.609,3060.0,-7.406,468.3175175,109.2643558,56.83933136,5.755565573,0.953683335,1.499453328,0.084819,232.4943921,23.37528426,44.20357036,61.09208573,6.924138,248.9994891,24.14326907,-46.694499
Driver,79.67295991,-0.659,-5.31,0.94488189,51.053,-5.843,13.421,-6.356,-1.046,115.0449624,1.444,10.224,-6.112,3662.56,17.582,284.0977766,42.22509491,-4.964372421,152.7632709,6.39462389,-1.211045005,4.40213,150.4763189,5.948967096,27.88445206,59.69638985,4.31213,177.0914381,11.06601853,65.77256689
Driver,98.94416607,-1.84,5.223,2.283464567,50.711,3.717,12.817,0.27,-4.953,139.5857194,1.4108,10.987,0.907,2680.0,-7.238,423.5746228,65.48285275,-5.852445023,5.860552211,0.086557795,1.145611351,0.088584,220.4109863,-7.391237013,31.31932414,61.49877543,5.682928,248.9186128,-9.757553225,-32.63201669
Driver,93.43459198,-2.321,0.638,2.480314961,54.925,-0.992,17.227,3.742,3.104,137.1848157,1.4682,14.922,3.356,3180.0,5.734,437.8619156,98.24841583,37.88717804,5.435144164,0.323300614,1.467955348,0.0849408,221.8089224,23.66142529,41.62660977,60.63401742,6.56563,238.9497383,26.17181122,32.13089064
Driver,77.4964209,-3.007,-4.006,2.834645669,62.486,-5.574,20.762,-1.1,2.906,89.94989263,1.1607,16.938,-1.602,3440.0,4.367,208.365135,40.60691761,-2.881971435,5.06325838,-0.136744959,1.527332868,0.1223112,117.0937494,-0.518998594,30.87156168,52.36717318,4.059968666,139.6270982,-0.150960574,8.264121668
Driver,78.15184324,-4.547,4.41,4.448818898,56.748,1.42,32.257,4.099,-0.311,96.64370079,1.2366,25.901,4.163,6090.0,-0.349,248.0839306,87.526007,16.40312972,5.984309216,0.433575143,2.929022821,0.144814,128.7421458,8.973626719,49.54532158,55.03918072,5.483456,135.0740486,9.405311877,-1.11973409
Driver,117.8954903,3.662,5.746,-4.015748031,53.252,8.485,13.719,1.221,-4.525,171.6372137,1.4558,12.294,1.881,2665.36,-15.889,587.4315898,118.9344982,-29.89171736,6.321598753,0.190382646,1.407603838,0.0780622,290.9564423,-30.01535652,41.29632168,65.55483524,7.38666,310.5876975,-34.49890775,-118.4955285
Driver,115.2916965,1.426,5.194,-1.692913386,49.838,6.397,8.579,1.034,-4.16,168.1952398,1.4589,7.72,1.54,1660.0,-29.919,445.4143154,44.00904646,-23.41555948,4.682707091,0.115958486,0.636872207,0.0578601,240.1259834,-26.07116228,19.8748774,77.90557469,4.61939,277.7861159,-35.74159972,-97.43082776
Driver,113.0212062,3.9,3.3,-4.527559055,50.996,6.437,17.443,-1.198,-4.486,163.7871331,1.4492,15.962,-0.684,2540.07,-6.728,567.4617497,142.3265204,-27.07740395,5.612988418,-0.071898985,1.618651084,0.073799,281.8848431,-20.04385583,45.95685799,67.87727028,7.741926,298.6784445,-22.0234556,-50.05760841
Driver,109.5248747,4.5,3.5,-5.078740157,51.949,7.07,16.415,2.878,-0.716,162.0434413,1.4795,15.126,2.959,2078.93,-3.107,552.077356,121.2706461,20.13363782,5.011457185,0.25702268,1.361748854,0.066196,282.2241778,8.066706826,41.03835759,68.39824559,7.171656,304.961392,8.257625197,-19.52065739
Driver,103.4873837,3.577,5.823,-4.409448819,49.293,8.906,18.137,1.565,-4.258,145.04966,1.4016,15.725,2.305,3621.27,-9.842,471.1202687,123.0167894,-9.806659032,5.983897727,0.229575027,1.707232179,0.08902284,231.8001658,-12.78776799,47.11122293,62.65160691,7.173265326,245.3521836,-14.47887314,-66.25797635
Driver,89.17993916,-1.307,-1.741,1.929133858,45.516,-0.457,17.034,-4.404,-2.663,124.6646832,1.3979,14.325,-3.991,3389.45,-9.033,351.2804277,70.80326847,-41.18087625,189.0947952,-27.99523251,-1.255588702,5.26762,187.2338983,-27.59350716,34.49926065,66.22461737,5.19762,212.5702334,-33.08748249,-43.91234643
Driver,42.63376879,-3.1,-2.9,2.755905512,65.02,-4.497,47.952,-2.893,0.007,40.10983357,0.9408,34.7,-2.735,5233.06,0.049,53.27652759,18.86346462,-2.509756958,2.821372261,-0.142272455,1.832641557,0.178254,31.79126424,-1.60001036,40.21451416,33.92109721,2.300368,37.99383487,-1.911759614,-0.249414865
Driver,113.1062097,-6.523,-2.845,8.543307087,50.497,-8.254,7.953,-5.893,-3.048,155.2145222,1.3723,6.589,-5.602,2150.0,-7.749,435.4849387,41.15374368,-53.13226808,6.36434897,-0.627157173,0.743847603,0.0853223,228.1522832,-31.70828946,20.75602448,69.62017921,4.84453,269.3992091,-39.29034153,-28.5039039
Driver,112.1241947,-1.384,-0.243,1.929133858,48.503,-1.468,12.963,0.296,0.539,158.0529707,1.4096,10.332,0.194,4133.14,5.139,501.2584796,121.4111268,19.29686843,154.5416934,5.885532016,40.13641314,3.49329,231.1890238,11.33193945,51.0633972,59.46029658,7.29892,240.4612841,11.95495831,31.65007507
Driver,102.248121,-2.103,0.285,2.795275591,48.421,-1.582,12.999,1.324,1.039,152.3807713,1.4903,10.858,1.172,3247.92,3.877,501.7288588,94.54057903,20.73317789,6.070131578,0.128280212,1.193336924,0.0840671,247.6540837,13.47441531,39.6680305,60.49857792,6.76428,259.1528583,14.45069005,25.24087328
Driver,102.2704903,-0.449,0.485,0.62992126,43.809,0.017,6.341,-5.314,-5.8,141.3638601,1.3822,5.59,-4.666,1390.0,-12.487,273.1250152,16.867327,-27.63828576,6.001227107,-0.495733604,0.581203945,0.088107,156.610661,-18.28088461,10.89436466,85.58746569,2.987793,222.8476031,-28.46637937,-16.70270963
Driver,91.79491768,-5.421,3.546,6.771653543,52.203,-0.676,9.182,9.544,5.999,121.5352094,1.324,4.523,7.613,6073.76,46.996,236.3083306,19.07146213,75.38226151,89.51545098,30.85298981,6.083149552,2.0983,123.2299722,50.94990389,17.71753431,55.29279272,3.31595,149.7833303,68.13147927,106.9076357
Driver,94.23988905,0.5,-5.7,-0.511811024,48.443,-5.491,21.674,6.847,12.714,129.3499463,1.3726,18.475,4.756,4820.0,16.565,383.0798592,114.0820562,69.64603919,5.897443144,0.513723383,2.00063731,0.100225,190.4574593,46.8121408,48.94190973,60.19477342,6.632201,200.1102963,50.18194929,94.03218537
Driver,108.1335004,-5.253,2.63,6.496062992,51.185,-1.612,41.254,8.167,5.537,105.6668307,0.9772,34.129,7.026,7517.85,5.689,272.5051519,137.7611594,39.50278864,4.420847175,0.551698018,3.044957753,0.105913,129.1476626,23.96713455,60.95305675,64.27140686,6.44799,128.9272261,23.91854548,24.79278601
Driver,93.79473873,2.84,2.494,-3.700787402,45.542,5.285,15.508,3.288,0.794,136.8620258,1.4591,13.988,3.189,2070.0,3.48,412.5925249,72.75715813,27.48256514,6.112674048,0.342935789,1.526400866,0.0952732,221.7970471,16.84906353,31.98369395,65.23718131,5.63913,241.8012925,18.76157898,13.56028918
Driver,99.45195061,0.822,3.692,-1.023622047,50.42,4.371,6.922,-5.851,-9.543,141.523801,1.423,5.879,-4.193,2740.0,-28.187,339.1406542,26.34092999,-52.58430905,5.861203964,-0.451012925,0.606763101,0.086147,180.7423545,-38.55176763,16.35558015,68.58838739,3.955129,227.1109802,-55.78912209,-76.61242528
Driver,87.10406228,0.9,-7.9,-1.062992126,50.039,-7.252,18.043,-6.046,1.937,126.0949803,1.4476,15.282,-6.373,3480.0,4.035,383.6012512,85.614679,-33.80028902,5.880582179,-0.648075749,1.620813496,0.10045,196.7194352,-15.37853676,40.6309573,58.33096562,6.098746,214.3250296,-16.28048256,19.45695176
Driver,97.18593414,0.978,4.054,-1.181102362,53.323,4.783,11.864,-0.717,-4.771,144.333393,1.4851,10.581,-0.141,2010.0,-15.653,408.9505403,54.54334871,-20.59922972,5.125460164,-0.020442339,0.959530441,0.0745472,220.7546289,-18.7698247,25.58961224,68.10871294,5.07226,257.1540925,-25.01303533,-54.68543242
Driver,100.033554,3.1,3.3,-4.015748031,46.978,6.225,11.89,-4.353,-7.653,146.0424123,1.4599,10.731,-3.223,2240.0,-30.179,399.9960391,55.10780404,-62.01595242,5.739161691,-0.344624058,1.089496649,0.082788,213.5911063,-48.85048763,26.80693829,65.19094398,5.053542,248.2316465,-63.34881964,-111.2487884
Driver,103.614889,-7.962,-5.366,11.22047244,41.048,-14.609,11.013,4.04,9.406,136.7515211,1.3198,6.25,1.643,7216.35,17.68,374.7895509,59.82243617,51.74435254,6.392271452,0.216188459,0.759003601,0.0978565,181.9823847,35.27924458,36.27757564,52.29832705,5.49112,193.2322241,39.09401059,90.4378757
Driver,98.37822119,3.6,-6.6,-4.37007874,50.592,-4.081,18.598,-2.708,3.951,132.9216625,1.3511,16.672,-3.265,2630.0,7.855,417.2885074,94.51026578,-8.456687773,5.803578897,-0.321060933,1.744422679,0.094535,217.2901679,0.459390076,39.98476293,61.88888932,6.325471,238.4699737,1.570664714,38.50258973
Driver,101.3734789,2.203,-0.725,-2.716535433,44.882,1.489,15.868,-1.163,-0.438,148.1384216,1.4613,14.433,-1.115,2113.28,-1.159,478.3175811,93.1174921,-11.30651054,6.402935033,-0.125665685,1.660618703,0.0924529,250.7377369,-6.803500209,36.14504202,66.14467802,6.36142,276.4423284,-7.684348928,-5.774563393
Driver,102.1318003,2.059,1.663,-2.795275591,48.148,3.508,13.943,1.338,-0.325,151.6023175,1.4844,12.303,1.385,2470.0,-0.994,493.326913,88.84374727,9.573130936,5.144914749,0.123715605,1.129581807,0.071803038,252.8575633,4.278915743,35.90239434,63.94280479,6.437664585,279.2992447,4.543144681,-5.499425468
Driver,112.7415891,-5.212,-6.146,6.88976378,46.123,-11.178,11.524,-0.717,5.429,159.4689513,1.4145,9.796,-1.293,2880.0,11.784,522.999801,85.81207062,18.95246901,6.33748331,-0.131019942,1.119133133,0.0835421,260.5379107,18.89121042,35.74818417,61.84336451,6.57457,283.645561,22.73891015,74.25003954
Driver,114.4192913,3.355,-3.625,-4.527559055,45.915,-0.369,17.955,1.132,4.756,165.3934771,1.4455,15.855,0.412,3630.0,11.066,559.197123,163.8606336,46.43084016,5.630526776,0.05051278,1.621837164,0.073381737,265.9870987,33.88198937,51.90410562,68.18943734,8.133322918,275.8472042,35.90821978,95.95218678
Driver,84.18709735,-2.602,-1.211,3.543307087,52.016,-3.244,0.974,-18.583,-17.372,104.1922423,1.2376,0.521,-16.389,2317.81,-6.038,48.38139679,0.307222486,-13.84518247,50.10733528,-14.71544598,-0.929568477,1.09798,28.65044897,-8.276991905,1.002915448,92.24503571,0.597978,77.90645037,-22.78424712,-0.604332351
Driver,101.2929492,0.848,2.385,-1.102362205,47.114,3.173,6.083,1.146,-1.239,145.6254474,1.4377,5.377,1.314,1050.0,-8.565,272.0900658,15.92896193,2.881590506,5.924341719,0.131269645,0.551088113,0.084348,157.2018958,0.184592619,10.12345576,90.63203248,2.863799,228.3291864,-1.328002031,-10.26104088
Driver,98.31558697,-0.335,0.471,0.433070866,47.682,0.166,9.96,-1.829,-2.3,146.6624911,1.4917,8.212,-1.432,2610.0,-12.786,429.6308803,51.24575743,-31.48386675,5.963918852,-0.159507416,0.869101362,0.085043,222.8218193,-23.6042043,25.90994778,63.45684134,5.276487,257.4183417,-30.26918277,-54.17919895
Driver,86.2182355,-3.0,0.0,2.362204724,58.71,-2.407,27.569,0.632,0.714,117.2921886,1.3604,21.525,0.359,7030.0,1.22,320.2892163,112.3473886,5.046721031,5.668910799,0.049063306,2.280416595,0.108893,158.3175493,3.286474499,52.80070871,58.99767152,6.321364,162.0807902,3.388529515,6.883964688
Driver,109.0260379,5.3,2.3,-6.25984252,51.082,6.594,21.248,0.339,-1.961,154.3412223,1.4157,19.303,0.536,3550.0,-5.188,501.2666898,171.4594471,-13.78900528,5.77535649,0.051838411,2.050999835,0.082426,237.2947359,-11.47177884,55.27623336,69.10550142,8.037667,244.5930663,-12.05585083,-41.06559845
Driver,91.6047781,1.364,2.404,-1.811023622,50.083,3.545,17.193,3.821,1.417,134.0311829,1.4632,14.664,3.584,3380.0,-0.457,421.9712986,94.47633298,24.70015293,5.855219684,0.3655519,1.548018517,0.093749,213.2806024,12.50565559,41.68768853,59.58323489,6.43813,231.205751,13.49966965,-2.485265084
Driver,102.0825877,1.561,-0.825,-2.125984252,49.394,0.514,14.441,-3.331,-2.506,139.8613099,1.3701,11.179,-2.679,4614.29,15.456,426.2638843,81.14441539,22.72987918,216.4000394,25.87197716,0.443438082,6.02292,217.0011721,26.04230652,35.52376493,61.84953404,6.04765,237.5027626,31.88184192,108.2497416
Driver,111.8222083,3.331,0.114,-3.858267717,52.077,2.713,17.706,3.841,3.727,162.6899159,1.4549,15.988,3.372,2870.0,9.193,562.8369549,146.4340478,61.79243089,6.333463245,0.383934016,1.854257604,0.0840718,276.1393451,39.93759766,47.48117358,67.46434278,7.83212,290.2840333,42.89031193,71.39133206
Driver,97.43199714,4.574,-0.435,-5.826771654,51.768,3.178,13.92,-0.17,0.265,144.8389406,1.4865,11.613,-0.237,3318.42,1.026,467.2017435,89.90983483,0.670442861,6.234488832,-0.024584212,1.309059751,0.0911448,232.8211189,1.090928782,39.37889803,59.67495436,6.5415,251.3418136,1.322509772,6.161863404
Driver,80.43575519,-8.428,-6.201,9.68503937,51.189,-13.045,19.059,9.774,15.975,106.6969399,1.3265,13.719,6.464,6571.46,20.095,263.4057473,51.91336775,53.17703382,5.036188607,0.592107086,1.244937498,0.101194138,138.4981459,36.04368699,35.54203725,51.29162294,4.711126508,151.8994742,41.20094001,62.27953434
Driver,96.66249105,1.798,-1.051,-2.165354331,47.288,0.61,16.601,1.041,2.091,144.3966983,1.4938,14.234,0.692,3427.71,7.789,469.4197747,109.0819012,26.30945738,6.131864789,0.083156472,1.586263193,0.0909203,232.9689411,19.39437204,43.92207867,61.31796898,6.9214,241.661399,20.60974574,49.76720624
Driver,105.9368289,1.873,-2.2,-2.283464567,50.645,-0.663,13.614,-0.251,1.949,157.4382606,1.4862,11.738,-0.572,2973.89,1.648,529.2335771,104.5487275,-0.493836249,5.883430535,-0.057286398,1.238623581,0.079062,262.0958013,1.126131158,40.76357101,62.65374449,7.028013,282.3076436,1.471174894,11.2277522
Driver,100.3333035,2.449,6.224,-3.307086614,47.821,8.445,15.454,1.687,-4.537,148.2849409,1.4779,13.654,2.34,2810.0,-19.834,472.8253182,93.63119516,-24.80455712,6.163890249,0.23279951,1.508109883,0.08869,241.655161,-27.68270133,37.91915972,62.54594413,6.480274,264.7320136,-33.75493958,-112.3838667
Driver,110.0348962,0.438,-1.357,-0.511811024,52.713,-1.024,18.449,-3.825,-2.468,154.673631,1.4057,15.199,-3.356,5039.0,-4.908,487.3193155,153.1510972,-45.42470072,5.474113364,-0.326965154,1.538617716,0.076032,228.8225696,-26.55597539,54.77154825,67.3066486,7.6998,234.454161,-27.38997829,-39.61718728
Driver,107.9299392,0.4,1.0,-0.039370079,47.563,0.812,13.973,0.874,-0.185,159.6993558,1.4797,12.303,0.947,2648.25,1.381,535.753956,107.2306222,12.01911149,5.995266936,0.095033329,1.322949844,0.079603,266.9759555,7.261652766,40.68127707,63.58767716,7.054678,287.7267841,8.042029002,8.549532545
Driver,30.47154617,-5.292,0.13,4.68503937,63.783,-2.484,38.462,-0.502,-0.631,33.05185218,1.0847,25.51,-0.276,4216.82,-0.569,30.71312829,7.456433747,-0.154420089,5.912754866,-0.029795535,2.060345939,0.417351,19.25792926,-0.105425046,27.9181139,29.4205284,1.430872,27.98485181,-0.157986864,-0.037974099
Driver,104.8653364,-6.324,-3.604,8.779527559,44.746,-10.024,9.681,-0.353,3.251,141.0379384,1.345,5.33,-1.246,6214.97,7.466,407.9105347,63.98878964,10.97928308,6.147182637,-0.121884445,0.626291774,0.0909048,195.4842229,9.839741084,37.23016784,53.029749,5.78579,207.9782377,11.25538963,42.24854321
Driver,94.11462062,-2.635,5.627,3.031496063,56.101,3.854,17.122,-3.598,-9.225,128.6797602,1.3673,15.362,-2.725,2490.27,-6.734,388.4319245,76.8062831,-28.18608895,5.882594244,-0.285870368,1.617877649,0.09829,206.7787986,-19.0015976,35.26654466,61.72836211,5.774442,232.0488651,-22.35707189,-27.57290371
Driver,107.6682176,4.7,4.9,-5.393700787,49.379,8.95,20.106,2.042,-2.858,159.0768164,1.4775,18.46,2.502,3790.0,-6.341,525.9469801,176.9621819,-3.688898209,5.500043078,0.220740764,1.861524888,0.075665,248.2864143,-7.684840036,55.16849054,70.15747007,8.1971,255.138083,-8.169828554,-55.5332428
Driver,113.7862384,0.597,5.171,-0.708661417,48.324,5.702,10.06,4.927,-0.244,164.1929134,1.443,7.905,4.984,3514.63,-1.461,550.43203,94.16354783,42.27737626,6.133520722,0.531233736,0.891138376,0.0781471,263.6976199,19.30958602,39.93386203,60.00147432,6.97114,274.9644022,19.99285259,-10.83396879
Driver,102.1519327,1.3,-0.7,-1.496062992,49.406,0.243,14.554,1.339,2.039,150.5630369,1.4739,12.785,1.132,2680.0,1.289,495.5695746,95.49227676,12.63320863,5.82757229,0.116232379,1.333837959,0.082195,251.7724746,7.507834919,38.25302601,63.16770121,6.654665,275.0487422,8.417494661,7.603813373
Driver,67.41902291,1.221,-0.398,-1.102362205,66.396,0.136,9.47,13.618,14.016,81.8011811,1.2133,8.309,11.578,1890.0,47.205,80.74200998,6.221881707,18.66035,4.997037886,1.030552821,0.673026588,0.127580096,51.46105994,13.46103528,9.994812954,66.53247941,1.450882401,101.0169042,29.55404183,9.655244495
Driver,66.80162849,-3.891,-1.44,3.700787402,61.259,-3.578,32.294,-3.217,-1.777,87.81518432,1.3146,26.18,-2.861,5330.0,-2.026,214.9516829,71.21945336,-12.02122835,5.841550113,-0.29599865,2.871186609,0.155796,115.0505177,-7.401925419,46.13765907,52.36698119,4.949071,123.9646986,-8.050835629,-4.986197544
Driver,86.26297423,-3.4,-2.6,4.881889764,41.815,-7.165,15.651,1.716,4.396,120.1393611,1.3927,13.323,1.254,2850.0,17.356,330.2230234,56.0556004,27.96605305,5.645577218,0.130682097,1.33789132,0.100164,176.7998154,23.19191082,31.18409345,58.26318187,5.047229,202.5415133,29.35816916,58.05174675
Driver,98.89942734,-3.1,-1.7,3.622047244,51.959,-4.268,15.845,-0.532,1.168,144.6373926,1.4625,12.134,-0.701,5337.18,1.464,437.4061544,114.4208818,-1.079680583,5.11746523,-0.067427818,1.131387966,0.075172,209.2261238,0.535603121,49.43550236,59.48570855,6.928922,217.818336,0.650112315,9.285965365
Driver,75.49212598,0.128,-7.132,-0.157480315,49.642,-7.023,17.394,-0.85,6.282,103.9385737,1.3768,14.414,-1.99,3276.0,7.54,249.3107913,45.42394926,-0.451055288,144.381339,2.710891765,-3.973586224,4.42401,137.8403674,2.302782295,29.93889507,59.99136671,4.16401,163.8294628,3.865976581,21.26172554
Driver,88.11292054,-3.5,2.9,3.307086614,56.432,0.554,18.701,-2.777,-5.677,124.3074445,1.4108,15.575,-1.701,5780.0,-11.103,351.8114315,93.71888463,-35.59104734,5.804099223,-0.212410957,1.654050351,0.101161,175.3171677,-24.70785037,46.5822466,56.37235358,6.143987,184.3091561,-26.62999555,-58.63452826
Driver,99.89710093,3.766,4.391,-4.921259843,48.32,7.75,15.365,1.019,-3.372,147.5147638,1.4767,13.779,1.496,2420.0,-16.508,419.160963,55.63579308,3.330717833,5.710080656,0.144962008,1.379097108,0.081845,258.8128625,-2.063920958,17.86495128,109.066883,4.396402,366.4696934,-6.613779266,-26.45961351
Driver,116.9917681,-0.239,6.088,0.31496063,51.08,5.896,10.204,-0.172,-6.26,167.6214656,1.4328,8.462,0.893,3385.08,-11.13,543.4356149,92.76026048,-28.19391232,254.1282057,-18.70940498,3.623013308,6.51102,258.4429887,-19.23581785,39.4478498,60.66076911,6.69789,278.0861897,-21.65103515,-69.75055328
Driver,104.9592878,-1.847,2.422,2.559055118,42.327,0.393,12.256,1.874,-0.548,147.9959288,1.41,8.808,2.011,5070.23,-2.196,459.2530058,94.96491809,8.8986982,6.253952573,0.216203246,1.023754679,0.088778,219.6983725,2.736483795,44.37465779,57.74940007,6.66821,225.8049599,2.703852721,-14.92235811
Driver,88.8376879,-4.422,2.797,5.748031496,53.173,-0.523,9.334,1.044,-1.753,117.6840999,1.3247,7.623,1.265,2015.17,-4.703,233.9967092,19.25343857,3.087948853,6.083489302,0.130406118,0.801481509,0.107943487,135.1742189,0.833238721,14.01465255,71.36369827,3.12866802,186.9784203,0.277918752,-6.453293126
Driver,101.2392627,-2.853,3.443,3.74015748,44.005,0.485,15.631,0.874,-2.568,142.9641643,1.4121,13.401,1.198,3198.43,-7.742,461.2337448,96.84832082,-9.306277159,5.836962632,0.114350899,1.414161379,0.0869942,231.7068741,-10.45711495,40.74241731,60.64322478,6.63352,242.5472813,-11.56211935,-45.88292837
Driver,98.74060487,3.225,5.628,-3.661417323,51.796,8.169,14.818,-1.37,-6.998,141.2848962,1.4309,13.412,-0.488,2310.0,-30.271,403.1630639,66.7886465,-43.93097551,6.161631101,-0.077189724,1.470032402,0.0927911,217.501205,-40.42702838,29.94568425,65.50714726,5.35872,238.7039044,-48.39961524,-115.8160876
Driver,87.88475304,-6.981,-6.993,8.74015748,45.958,-13.793,14.946,-4.659,2.334,119.6537223,1.3615,11.439,-5.046,4190.0,3.889,337.1580129,59.2168858,-22.86471414,5.012198431,-0.437176313,1.027734828,0.0886472,173.191589,-10.00347493,34.88259414,54.48944413,5.309889883,192.4575821,-10.59821479,15.72905331
Driver,90.8777738,2.288,-1.733,-2.677165354,50.282,0.169,14.834,0.188,1.922,129.6322477,1.4264,13.327,-0.051,1962.98,5.535,363.2692903,57.69493069,5.561155735,6.33100538,-0.000908836,1.496193767,0.103906,199.9044274,5.467477993,28.04074333,65.76823011,5.01755,232.8125267,7.291110907,16.93604325
Driver,98.10084109,1.513,3.512,-2.125984252,47.958,4.877,20.536,0.666,-2.846,137.1628937,1.3982,17.545,1.144,4120.0,-4.809,431.331224,126.6548724,-5.024411565,6.035589126,0.113993277,1.937504227,0.096071,211.392541,-6.036575838,49.77351709,62.42519886,7.075,221.9896621,-6.667633602,-30.76246272
Driver,98.55493916,3.152,3.767,-4.133858268,47.501,6.659,18.491,-0.071,-3.838,144.8771922,1.47,15.781,0.642,4019.91,-13.467,461.8528571,125.3588622,-34.71162417,6.095691733,0.050843696,1.759735469,0.0907991,225.7063337,-28.24003644,48.23691129,62.49349887,7.17734,231.4751054,-29.50954957,-92.24214009
Driver,107.4400501,1.824,-3.36,-2.401574803,44.978,-1.534,12.125,2.027,5.387,158.3934324,1.4743,10.803,1.317,2350.0,10.844,509.4256364,81.3325895,34.61490144,5.936546212,0.144558148,1.142319475,0.078954426,261.5841052,25.704216,33.13213147,65.21287866,6.270688829,291.3992259,30.89760024,59.14285015
Driver,103.265927,-2.469,-1.009,3.700787402,44.818,-3.496,16.346,2.211,3.22,153.4377237,1.4858,13.627,1.723,4204.65,16.605,469.6755897,128.6344118,75.05036467,205.3361237,48.17619841,4.463605601,7.18358,207.9502702,49.41353185,59.92952372,59.18616641,7.36888,212.3192148,51.52430709,129.9532042
Driver,102.597083,-0.849,5.007,1.062992126,46.265,4.194,21.374,-0.062,-5.069,134.8881532,1.3147,18.879,0.556,3430.73,-12.273,428.6136777,121.6799249,-25.82048947,6.095514041,0.043659681,2.111041929,0.099231,214.9850692,-22.25827394,47.37352205,62.78146994,6.95559,221.8055387,-23.49986835,-72.99661058
Driver,91.77478525,-3.7,-3.1,3.700787402,56.93,-5.735,17.962,-4.199,-1.099,135.6811471,1.4784,14.786,-3.928,5700.0,-2.042,400.6047637,113.9241389,-32.78890281,5.819998024,-0.413948324,1.577583354,0.0925,194.303844,-17.94149817,50.08287465,59.47717105,6.745727,201.8423492,-18.74031268,-13.93755368
Driver,84.99686829,2.064,-4.022,-2.401574803,58.366,-2.75,20.873,0.495,4.517,118.6160075,1.3955,18.547,-0.106,2820.0,8.435,353.2409167,84.46864184,11.92069966,5.863130108,-0.001511192,1.96840349,0.108308,187.1232853,10.9215191,39.64536777,59.62126752,5.853161543,207.6961678,13.14539691,33.80129192
Driver,92.47270938,1.3,-10.1,-1.299212598,52.836,-9.328,0.406,-3.728,6.372,125.3024338,1.355,0.516,-4.864,1110.0,10.21,29.03907944,0.139551945,-2.415215997,5.441249814,-0.456699438,0.037218397,0.089536,18.95201436,-1.544772819,0.613361431,117.7200182,0.318944,84.67693255,-6.671131901,0.187203734
Driver,83.06862921,-0.873,6.749,1.023622047,61.338,6.271,10.02,-8.419,-15.167,113.6656675,1.3683,8.665,-6.465,2660.0,-41.697,203.2332908,18.37434541,-38.29742456,5.834905807,-0.692911511,0.869598474,0.107547083,118.9067196,-30.18009037,14.67807754,69.14690894,2.855990895,166.8796866,-49.72120878,-51.11443991
Driver,93.53078024,-3.481,-2.835,3.779527559,52.934,-5.468,18.109,2.402,5.236,137.0593236,1.4654,15.577,1.749,3550.0,8.703,435.2859938,106.6306667,34.14812855,5.474835093,0.175582961,1.550080476,0.0859648,217.8048191,23.79489876,44.42491519,60.66871782,6.73774,232.0866224,26.2175215,51.52790208
Driver,93.5218325,4.257,4.778,-5.590551181,50.576,8.287,14.778,-3.953,-8.732,130.5722083,1.3962,12.956,-2.383,3080.0,-21.967,378.9806867,66.37804978,-50.1422915,5.827242143,-0.26375736,1.346400919,0.09497,198.5698181,-39.01320674,33.08428182,59.22849125,5.512671,223.5080246,-47.73610996,-92.65203859
Driver,86.58285612,-1.454,5.488,1.771653543,52.733,4.381,18.308,9.331,3.844,121.4777201,1.403,16.605,8.978,2094.24,3.315,349.3806383,68.95908059,57.07722936,5.894352137,0.922753073,1.750179092,0.104947,191.9620097,33.43529369,33.01727467,63.16317007,5.319263,220.7199937,38.92777231,10.5806672
Driver,95.52165354,-3.781,0.083,4.763779528,51.861,-2.892,1.74,-2.521,-2.604,126.6747942,1.3261,0.964,-2.155,1080.0,-17.025,45.40538538,0.405326155,-1.888046698,2.039020086,-0.077648496,0.032489473,0.0330184,28.84054432,-1.308421626,1.092068261,115.9413166,0.486664132,99.79866286,-5.128606405,-0.672367579
Driver,96.07641374,-0.499,-4.139,0.590551181,51.087,-4.542,19.424,0.538,4.678,128.7070508,1.3396,16.995,-0.071,3191.34,4.962,401.1455796,97.54152824,9.474574315,5.922533821,-0.001725008,1.822382886,0.099962,205.4899903,8.132132973,42.52024944,60.17844935,6.386477,223.1540838,9.400625368,25.15970114
Driver,108.8180029,4.3,1.7,-5.393700787,49.255,5.383,16.576,-0.143,-1.843,157.1541696,1.4442,15.229,0.055,2840.0,-5.19,526.2144594,133.0220717,-15.26133089,5.533495745,0.002616711,1.522790917,0.075627,258.0693049,-12.2609729,46.97951875,64.67967948,7.536243,273.130973,-13.53930126,-37.52524863
Driver,95.63350036,0.144,5.11,-0.196850394,50.01,5.23,19.17,6.322,1.212,128.7678955,1.3465,17.191,6.187,2535.0,2.281,399.8151163,89.96629965,45.75223575,5.122670759,0.553746609,1.592580521,0.0861696,210.8274472,26.08799891,38.83283481,61.99096388,6.13412,231.8036582,28.97079142,10.16700515
Driver,97.53489621,-2.165,5.544,2.716535433,51.991,3.851,10.38,-3.074,-8.618,136.6522011,1.4011,8.441,-1.712,3201.64,-10.942,399.885503,51.97629274,-30.75883567,5.887641658,-0.186432066,0.88577998,0.090264,204.5001683,-21.95424319,28.56083495,58.78794168,5.316597,232.8136067,-27.24966388,-47.61056734
Driver,69.70964567,0.8,0.0,-0.826771654,37.951,0.371,19.917,-0.536,-0.405,102.4472083,1.4696,17.012,-0.384,2950.0,-2.181,267.3697785,55.15590916,-4.231173942,6.042741325,-0.052589668,1.840447531,0.128393,146.2355864,-3.145787482,34.09237385,55.35052859,4.770239,168.1353256,-3.870012018,-6.497611968
Driver,72.68477094,-1.802,-4.058,2.755905512,48.406,-5.658,15.519,-4.623,-0.564,105.0852273,1.4458,11.909,-4.501,3767.95,7.612,240.182376,33.55841987,-12.18841169,142.4603092,-4.267817388,-4.494804917,4.15107,133.4129961,-4.413005962,24.43117867,59.05281328,3.80107,162.5149107,-4.044882735,18.19397696
Driver,83.918665,-4.33,3.166,5.275590551,57.028,0.351,13.182,-3.811,-6.977,117.5469757,1.4007,11.021,-2.92,2720.0,-14.316,299.1839281,39.77524652,-28.36939041,6.03434739,-0.322093931,1.171474234,0.108463078,163.7798208,-20.97333591,24.37328076,60.4363109,4.381241113,197.726825,-28.02479999,-38.01479508
Driver,110.6075519,3.387,1.313,-3.700787402,48.955,4.267,14.607,3.513,2.2,160.6373031,1.4523,13.254,3.239,2200.0,7.061,537.3527747,103.6685843,46.20522849,6.444485934,0.370822154,1.538346958,0.0853793,275.5106444,29.54560646,37.61102752,66.75877653,6.80586,299.7871194,33.29850459,42.06456267
Driver,111.9519506,1.0,-1.6,-0.905511811,49.755,-1.367,14.256,-1.043,0.642,165.9876074,1.4827,12.754,-0.922,2479.36,7.028,564.1690953,116.2177226,9.365453893,5.409529305,-0.101004279,1.236453149,0.069116,281.2376892,10.90856838,41.3603246,65.40352392,7.267106,302.0224798,12.80483627,46.28764194
Driver,99.10522548,3.375,5.243,-4.37007874,45.7,8.542,14.964,0.163,-5.08,150.1049123,1.5146,13.632,0.769,2170.0,-22.999,462.4775263,82.4195919,-32.94937809,6.336734833,0.065371917,1.54463993,0.0899271,244.7970567,-32.36031874,33.12104123,66.42556225,5.98515,263.7782158,-37.68150343,-106.8421087
Driver,70.82140301,2.0,3.0,-2.047244094,38.585,4.888,21.948,4.361,1.294,103.3209556,1.4589,18.87,4.136,3160.0,0.502,278.4451162,65.97635429,20.11540656,5.832907699,0.422422314,1.991271074,0.124253,150.1603742,11.36160992,38.26373521,55.30053236,5.126318,168.6582519,12.81102633,1.598633848
Driver,117.1438797,1.13,5.95,-1.299212598,51.546,6.848,13.896,4.343,-1.607,170.918486,1.459,12.365,4.542,2620.0,-4.577,595.204511,123.5303435,31.62193562,6.53268916,0.512111773,1.467764929,0.0811547,293.5927898,11.68487826,42.509824,66.22111021,7.52936,312.4748469,11.7815577,-34.74889904
Driver,101.2057087,4.991,2.892,-6.299212598,50.293,7.051,9.315,-3.796,-6.688,143.0408912,1.4134,8.691,-2.813,1640.0,-24.266,341.0628962,33.9853226,-34.59204561,5.917050945,-0.305586239,0.899303247,0.086487,191.157756,-27.05768857,17.93079701,76.25559696,3.968244,244.091539,-39.76981269,-53.21462076
Driver,99.23720472,-2.86,-8.156,4.133858268,44.378,-11.083,15.701,-0.535,7.622,140.8518253,1.4193,13.451,-1.504,3410.0,14.622,444.7436896,93.69930108,23.05084114,6.033252684,-0.142412481,1.45983221,0.09141655,223.6899356,22.38377374,40.6898129,59.89431396,6.501043231,242.2671705,26.28563479,84.65317506
Driver,101.9192913,-0.334,3.851,0.433070866,46.799,3.537,15.109,0.892,-2.959,146.1041518,1.4335,13.235,1.266,2770.0,-10.601,471.3306777,91.86194876,-13.22699868,6.184360679,0.126019392,1.474174419,0.0901218,240.5509717,-14.53666951,37.90732619,62.12310102,6.4907,254.096647,-16.38652904,-59.51447366
Driver,109.6658017,-1.121,0.47,1.299212598,56.236,-0.279,25.174,-8.866,-9.336,142.0837062,1.2956,21.543,-7.422,5451.21,-12.18,425.4318097,164.2497553,-90.08879299,6.357500342,-0.847840394,2.57677018,0.100321,200.373875,-54.71331973,57.68424676,68.8500889,7.55579,203.315139,-55.69377245,-88.06490504
Driver,84.55619184,3.17,-5.054,-4.094488189,46.881,-2.081,19.036,-3.437,1.617,122.6861131,1.4509,16.415,-3.718,3210.0,5.065,369.4774848,83.84184183,-14.60113522,5.929497684,-0.378625594,1.756252721,0.104697,192.0973575,-4.925926082,39.99839036,58.62913818,5.975216,210.7524206,-4.799735928,22.61116207
Driver,96.02049034,-2.7,-2.5,3.11023622,51.707,-4.827,15.355,-1.689,0.811,142.1642359,1.4806,13.424,-2.004,4180.0,1.032,445.7221444,110.9846756,-10.35644663,5.878716143,-0.18033144,1.432699674,0.08838,216.7327706,-4.437169854,47.12313418,59.8077955,6.907186,228.8635308,-4.59397447,9.428824922
Driver,78.62607373,2.9,2.9,-4.330708661,47.338,5.471,9.365,-8.92,-11.82,115.4415712,1.4682,8.241,-6.725,2700.0,-47.383,195.3840381,16.81996129,-39.62147868,5.698531443,-0.707449441,0.806957381,0.103337,114.0031962,-31.5057219,14.12417636,69.26593477,2.709249,161.3208745,-52.83691188,-55.37592403
Driver,92.75903722,1.3,-4.5,-1.614173228,51.595,-3.549,22.279,6.302,10.802,132.201369,1.4252,20.328,5.099,4840.0,15.861,392.1416175,131.5367867,74.75761348,5.656538313,0.533573222,2.127890697,0.095148,191.8336042,49.30841835,52.4355534,62.65326236,6.963372,199.1906938,51.87534804,97.9096462
Driver,42.20427702,-5.2,1.665,4.68503937,65.103,-0.755,31.243,4.105,2.439,47.13985326,1.117,22.33,3.419,4166.47,2.79,59.39184524,12.91959211,3.646786555,5.884022251,0.356927391,2.127420908,0.283436,36.82096051,2.411569306,26.98671561,38.15861626,1.994591,51.56604914,3.450682731,0.648256226
Driver,116.114889,-0.205,5.498,0.275590551,47.657,5.312,14.243,7.979,2.48,159.7331335,1.3757,12.962,7.751,2062.03,9.543,524.421752,95.8159125,89.43544154,6.242245442,0.849715213,1.452108298,0.0829964,271.8115601,53.87991621,35.52936167,67.48394362,6.53563,289.1868418,58.37484667,52.36902109
Driver,105.5856299,0.814,-0.701,-0.984251969,48.402,0.022,20.705,-4.147,-3.446,143.3777738,1.3579,17.996,-3.643,3915.73,-6.132,461.6405457,140.6476205,-46.44521167,6.257398228,-0.406384234,2.073705339,0.095391,224.4122622,-28.476221,51.08962698,64.8307092,7.42788,233.537625,-29.98870377,-42.82469189
Driver,91.2781854,-5.7,5.5,7.165354331,55.618,1.428,10.299,3.272,-2.228,130.4006353,1.4286,8.333,3.63,2570.0,-5.86,348.3123479,39.39099687,14.83712575,6.237499296,0.388920332,0.920052869,0.100255,184.1754505,5.339867239,23.62191057,60.77829308,4.640138,218.7503331,5.082380973,-18.97997497
Driver,102.0669291,0.544,-0.517,-0.590551181,56.587,-0.158,11.832,-6.209,-5.692,138.4021564,1.356,8.781,-4.639,4698.09,13.333,400.5242896,67.6584395,0.536797926,203.0944519,9.431553216,-4.460128156,5.96425,197.2416954,8.38484679,36.45373917,55.95305603,5.69425,214.4216356,11.39593303,72.88605507
Driver,98.42967072,0.568,6.003,-0.669291339,49.891,6.481,7.308,6.342,0.339,141.4533375,1.4371,6.441,6.298,1220.0,-2.981,288.8342089,20.50754495,30.20309774,5.995770091,0.6559792,0.670077533,0.088098605,165.3273857,16.72393648,12.33155607,84.67445223,3.187111906,230.317439,22.72082636,-4.260950281
Driver,92.60468862,0.512,-4.756,-0.590551181,48.375,-4.301,22.405,-8.828,-4.072,121.8973694,1.3163,19.547,-8.25,3520.0,-9.985,369.0249275,102.3907253,-69.8387689,6.101129906,-0.888711662,2.186446043,0.110469,189.0819153,-43.00855926,45.34708495,59.862485,6.35537,196.6952226,-45.18974838,-48.42844798
Driver,101.2526843,-2.436,-6.107,2.874015748,54.758,-7.829,8.506,-10.621,-4.514,151.2406049,1.4937,6.845,-9.926,2700.0,-18.226,434.5773211,45.21251184,-103.8718787,5.795258523,-1.012690301,0.704581179,0.079839,223.4442498,-63.48695928,23.6441354,64.19685626,5.104397,260.2098046,-78.42924795,-76.82279476
Driver,89.00322119,-2.956,-3.507,4.291338583,45.749,-6.39,16.226,-5.709,-2.202,128.7871331,1.447,13.243,-5.351,3840.0,-4.047,389.8750515,81.24686726,-43.87001906,6.156276955,-0.579460853,1.469894537,0.102116635,197.2858454,-25.14361905,40.04379466,57.18108664,6.058785812,214.387031,-27.81006672,-20.35745549
Driver,104.5499284,-2.792,1.418,3.031496063,56.969,-0.399,16.231,-0.113,-1.531,148.3609968,1.419,13.588,0.109,3906.67,-4.495,482.4303955,119.1524211,-12.92333497,6.19014594,0.006026206,1.535891945,0.0891187,234.4855568,-10.09078389,46.81100562,61.7377572,7.18063,241.0922987,-10.59355204,-31.60931858
Driver,99.72038296,3.918,3.093,-5.118110236,47.832,6.65,16.479,1.621,-1.472,148.301718,1.4872,14.814,1.824,2470.0,-9.701,451.7637839,65.17934255,8.940721136,5.927517511,0.186015223,1.545619635,0.084923,277.4284081,2.689665592,19.69703426,107.3925855,4.786414,375.8558163,1.488725317,-18.4250098
Driver,111.9452398,1.6,-2.4,-1.614173228,45.133,-1.457,16.439,-1.072,1.423,163.844175,1.4636,14.169,-1.277,3710.97,4.986,545.2698234,151.7403418,7.09012697,5.833328416,-0.127243152,1.499733842,0.076201,258.7509731,8.165797089,51.32691018,66.03557635,7.937998,268.8288713,8.849713291,41.78227
Driver,94.26896922,-5.3,5.7,6.653543307,51.731,1.434,11.273,8.818,3.118,137.1132337,1.4545,9.36,8.474,2650.0,4.15,396.6406825,51.24638168,64.00915754,5.739496599,0.849149136,0.952189004,0.08782,208.2551932,36.02683065,26.78872162,62.10264685,5.181303,241.2099287,42.60381487,16.22281444
Driver,83.86050465,-1.132,-6.065,0.94488189,72.678,-6.418,20.065,-6.681,-0.616,86.60365963,1.0327,16.216,-6.562,3310.0,-1.281,189.3407091,34.20343894,-21.95171324,6.147751385,-0.704605351,1.756985742,0.1541576,107.8771829,-12.99672304,28.12053569,52.18890111,3.724386173,132.8506858,-16.14687292,-2.020061703
Driver,104.7154617,0.095,1.865,-0.078740157,54.367,1.933,15.316,0.149,-1.717,152.0103346,1.4516,13.486,0.363,2780.0,-6.28,505.795216,105.0612445,-12.8055663,6.374660763,0.033549574,1.555252039,0.0894329,254.6808426,-11.55268875,40.47808446,63.17704937,6.90315,266.5674777,-12.63335787,-39.49298155
Driver,100.5816034,3.497,3.574,-4.409448819,50.531,6.459,14.185,2.427,-1.147,149.6416428,1.4878,12.593,2.603,2380.0,-9.353,478.2480956,84.81505581,2.845622044,5.868674797,0.259293445,1.31873601,0.083189,247.7451901,-4.856748745,34.70464815,64.38739912,6.248161,275.6921942,-7.17704892,-48.30298786
Driver,79.6595383,1.513,-5.792,-1.929133858,47.103,-4.386,23.16,1.346,7.138,107.97602,1.3555,20.404,0.349,3117.34,11.771,304.4116403,78.3681815,16.74762149,5.8570444,0.051099549,2.176409927,0.120468,162.9380539,14.55494647,40.62422748,57.37362202,5.526535,180.7346452,17.29944222,40.69848647
Driver,101.3108447,-4.3,2.3,5.078740157,51.664,-1.244,20.192,2.186,-0.114,134.317287,1.3258,18.841,2.029,3603.0,-1.177,425.2448295,125.7923978,12.38189955,6.039402568,0.227246534,2.084419187,0.098876,210.8205584,5.598442074,49.25483751,62.75555878,7.041609,222.532859,5.823677831,-5.599820858
Driver,85.44872942,-4.031,-3.703,4.173228346,60.033,-6.032,17.078,-0.478,3.226,112.9216625,1.3215,14.328,-0.92,3120.0,5.533,310.4212153,56.7794908,1.722977914,5.897314981,-0.088242454,1.507427738,0.11197092,166.6130541,3.3526114,32.72040336,56.71889678,5.040180565,190.4665275,4.626930656,18.08049979
Driver,96.80341804,-2.488,5.664,3.031496063,50.342,3.6,20.266,8.073,2.409,126.8318271,1.3102,17.281,7.734,3780.0,3.788,389.0076334,102.0435118,58.61142605,5.526916014,0.747861993,1.742468422,0.09472,196.4973669,33.01757593,45.21015801,59.48045634,6.46314,209.5553039,35.52515528,19.94919288
Driver,98.27308518,0.823,4.368,-1.102362205,48.802,5.089,17.936,0.606,-3.762,137.8552255,1.4028,16.636,0.909,1823.08,-7.114,427.6132959,87.88257661,-3.476669297,5.727838147,0.085873719,1.70955163,0.089749,230.8673276,-5.731657449,35.14412578,67.45876631,5.941902,260.5660082,-7.579812175,-28.17712091
Driver,98.99337867,3.346,2.848,-4.448818898,45.396,6.154,20.621,-0.187,-3.035,133.2992573,1.3465,18.396,0.231,2990.0,-9.456,425.7496511,111.2209703,-18.7077835,5.902262394,0.013489572,1.982477089,0.0968415,217.5367968,-16.34954978,44.36358247,62.44372878,6.73025,226.5253752,-17.56546796,-51.67193808
Driver,84.88725841,-3.423,-8.44,3.070866142,62.386,-10.233,20.067,-8.445,-0.006,92.34811203,1.0879,14.776,-8.444,4846.38,-0.237,212.7146533,38.97820233,-30.88560318,6.164249022,-0.905619237,1.624061261,0.144276,116.5917818,-17.28432774,30.95388933,50.53102586,4.068513246,135.9846154,-20.18298289,-0.496463365
Driver,88.34108805,0.834,2.85,-1.102362205,46.857,3.632,11.632,3.75,0.901,120.5471546,1.3646,9.518,3.571,2540.0,3.058,301.2559045,34.59248846,21.309764,5.568717859,0.34929294,0.931338741,0.0969672,165.488801,12.86160795,21.65555084,62.64860321,4.211410653,203.5516357,16.43433573,7.680847035
Driver,86.95642448,-1.429,2.799,1.614173228,53.007,1.722,38.052,-33.919,-36.718,81.45937724,0.9368,31.021,-24.868,8240.0,-21.505,183.8320134,70.13073737,-86.38727938,5.03548845,-2.157151193,3.015928389,0.151828,98.44095027,-54.43033103,48.60896139,50.96007264,4.706846488,101.7836648,-56.50047736,-44.66986338
Driver,96.82355047,-0.2,-7.6,0.196850394,58.535,-8.193,20.445,1.776,9.405,128.4990157,1.3271,17.527,0.379,4103.35,15.825,382.9033419,104.5099872,37.42546987,5.940954258,0.058135155,1.90147029,0.101002,192.3446707,29.68690074,46.43882963,58.66591642,6.487057,204.692238,32.89222075,85.28755487
Driver,93.66275948,-3.871,4.469,5.039370079,51.47,1.381,9.192,0.665,-3.804,126.8248926,1.3541,7.188,1.258,2630.0,-1.4,312.8189928,28.63869917,5.544569603,5.914437533,0.128564503,0.747739071,0.09733,168.7799811,2.511206187,18.46011794,64.39733608,4.055143,210.8894749,2.816593068,-3.583395866
Driver,40.44157122,0.3,4.9,-0.275590551,54.868,4.958,23.166,-1.357,-6.257,58.34891732,1.4428,18.064,0.24,3060.0,-9.947,83.06585898,14.79773246,-0.855731216,6.078206149,0.005765492,1.824031531,0.229421,50.95392647,-1.14525019,23.56552583,43.9455958,2.250832,73.00102191,-2.179176365,-4.075862724
Driver,82.18503937,-4.005,4.373,5.393700787,49.689,0.967,14.744,0.623,-3.75,116.0424123,1.412,11.699,1.255,3580.0,-2.303,318.3954845,51.48610421,3.810243114,5.868418907,0.125728889,1.224390907,0.107284,167.2492779,0.998797941,31.21193505,55.43830144,4.971184,191.080616,0.784520445,-7.993475598
Driver,111.3367931,-5.405,-0.31,6.88976378,46.024,-5.547,12.288,-0.472,-0.163,161.2790802,1.4486,10.588,-0.456,2724.19,-0.52,540.660748,94.89847148,-5.637699569,6.140000599,-0.049363347,1.173162777,0.080206,269.5196974,-3.278563661,37.43557941,63.0130918,6.82021,283.7130592,-3.507942171,-3.400843174
Driver,113.7571582,-2.358,-3.794,2.913385827,49.552,-5.806,14.533,2.574,6.368,166.9808071,1.4679,12.481,1.769,3640.37,13.511,562.6815636,136.1491029,66.74859899,5.970204929,0.200040632,1.365583406,0.0759461,269.0009324,45.83918409,47.50988709,64.34083753,7.73411,281.4752124,49.29570234,112.9042246
Driver,100.771743,1.291,1.744,-1.771653543,46.088,2.987,17.114,6.885,5.142,144.1922423,1.4309,14.918,6.136,3310.0,6.568,471.5697221,112.1990665,66.15656933,5.949953219,0.642767831,1.603122873,0.088622,234.9570999,38.94000978,44.31349928,62.08076764,6.978331,251.1827031,42.38202332,41.84984436
Driver,105.6505011,-6.719,-5.627,7.834645669,52.955,-10.728,11.533,-5.144,0.483,153.6544828,1.4544,8.333,-5.23,4883.83,0.976,486.3216871,100.0688901,-40.09047055,6.415895938,-0.583388739,0.988624145,0.0876068,230.5047311,-18.66027235,44.80079059,58.44116382,6.86961,242.3109395,-19.52024858,7.079646138
Driver,98.93521832,1.6,-7.8,-2.086614173,47.568,-6.778,18.959,0.554,8.358,136.8626969,1.3834,16.851,-0.457,3190.0,10.768,433.4171425,110.4660194,21.39235756,5.698579526,-0.041900828,1.741039748,0.090324,218.1776614,18.69153695,44.99619287,61.5504143,6.762818,233.6875161,21.14104585,61.27423441
Driver,115.8464567,4.1,2.1,-4.763779528,51.396,5.38,16.88,-0.962,-3.062,168.1938976,1.4519,15.487,-0.617,3180.0,-7.379,579.6189196,161.0776128,-33.97750294,5.743154328,-0.070092469,1.611815005,0.07344,277.9077511,-24.2899133,50.53455686,68.31803318,8.174669,289.4920338,-25.91476242,-63.9219462
Driver,99.07167144,2.109,-1.038,-2.598425197,47.896,0.869,11.645,-0.321,0.717,144.9136543,1.4627,10.273,-0.426,1980.0,-1.798,418.0542253,55.26433265,-5.436404132,5.954387739,-0.045568964,1.081637579,0.08638384,224.4728007,-3.826285456,25.86927142,67.97162225,5.157200314,263.5566434,-4.881000041,-6.472377737
Driver,28.35987831,-6.0,-1.6,4.409448819,72.31,-4.124,43.089,-1.575,0.111,31.20749821,1.1004,29.983,-1.506,4030.0,0.09,30.38260568,8.863892595,-0.816049501,5.830566541,-0.163890681,2.461062781,0.457247,18.85076819,-0.52829715,33.34935252,27.70645753,1.56796,25.60643811,-0.716972093,-0.098640925
Driver,89.43494989,-1.111,-2.799,1.456692913,46.191,-3.865,19.771,-0.34,2.459,128.3390748,1.435,16.878,-0.704,3712.96,6.462,395.4376511,101.3259608,9.38754691,6.064392148,-0.066166199,1.866260933,0.10262,199.7890994,9.024635551,44.67515372,59.54099538,6.47392,207.5445264,9.703443509,34.42865742
Driver,89.3924481,-6.453,-7.833,6.88976378,52.941,-12.733,19.139,6.116,13.949,122.5102899,1.3705,16.011,4.277,4360.0,18.93,352.6253337,84.3569837,60.81366316,5.565303735,0.437319539,1.619016914,0.0981504,180.2674376,42.65426601,41.96519644,56.62574372,5.91679,193.5406032,47.48280774,88.41956518
Driver,82.55860773,0.009,7.884,0.0,53.509,7.89,11.897,-0.051,-7.935,117.8552255,1.4275,10.452,0.942,2040.0,-23.115,258.9050053,29.2696375,-8.271881517,5.492473765,0.074491687,1.000129525,0.098009708,149.071735,-10.64417966,18.84117059,68.17846786,3.615642074,194.2093432,-18.08153822,-39.26179141
Driver,99.55484968,-1.358,-2.303,1.692913386,45.381,-3.643,14.415,1.082,3.385,146.0126611,1.4666,12.541,0.665,2780.0,7.787,469.8038977,87.61572499,22.41558391,6.407541814,0.08267593,1.446053999,0.0932073,239.5659729,17.15967773,36.98280578,61.77290986,6.40547,261.7337451,19.99057671,43.15565475
Driver,98.13439513,1.2,-2.4,-1.220472441,53.867,-2.029,20.681,0.234,2.672,134.8886006,1.3745,18.286,-0.076,3237.99,6.409,427.9193728,118.5440926,14.48312977,5.725351781,-0.004776368,1.908590367,0.092876,214.6169002,12.00715836,47.09560277,62.31561506,6.896995,228.4732867,13.34652391,36.8741414
Driver,100.4026485,2.63,1.811,-3.700787402,47.469,4.227,14.988,2.228,0.417,148.8012258,1.4821,13.216,2.166,2620.0,-3.037,487.1217222,94.73732696,11.24149758,5.986503748,0.223639228,1.41682219,0.085617,248.9206438,3.632733633,38.02601029,63.359251,6.590543,272.5798514,3.472422776,-17.33031851
Driver,86.36363636,0.068,7.34,-0.078740157,58.8,7.381,5.481,-5.672,-13.012,121.2381442,1.4038,4.697,-3.751,2490.0,-37.099,172.7627957,8.36670185,-20.31398797,6.112673697,-0.431679009,0.487996538,0.104708834,102.1189937,-16.54724693,7.882805614,80.64441879,2.143677781,163.6878158,-32.96770183,-29.75822473
Driver,90.14629563,0.651,4.579,-0.826771654,47.021,5.185,11.674,0.687,-3.891,129.8031496,1.4399,9.722,1.391,2670.0,-12.733,353.5993831,44.54320379,-6.834432048,5.733874047,0.12846585,0.985045657,0.092804967,189.1258767,-9.465096288,24.99593731,61.89461085,4.780828053,223.3543941,-13.85174949,-42.14283616
Driver,89.39021117,3.069,-0.454,-3.346456693,53.16,1.848,16.707,-5.262,-4.808,124.4745437,1.3925,14.999,-4.632,2240.0,-18.76,348.0413392,62.06127363,-48.07339301,6.13864491,-0.512378261,1.640156593,0.105762,191.1316929,-35.16587057,30.54238787,63.07986863,5.12154,210.6575232,-40.74892384,-59.63866634
Driver,83.65918039,-3.4,-2.6,5.31496063,46.122,-6.479,12.736,-9.88,-7.146,118.2059771,1.4129,10.888,-8.888,2376.17,-5.551,297.2678688,38.40203353,-50.99708586,5.987013398,-0.945530264,1.146457676,0.106918,164.1732023,-30.32657417,23.57846462,61.71697024,4.305526,199.1490712,-37.78277497,-15.10083952
Driver,99.86802076,-3.881,-6.065,5.118110236,49.526,-9.384,13.875,3.868,9.933,142.4013511,1.4259,10.045,1.654,6218.27,19.661,410.6622981,88.55321385,65.10720965,6.328170227,0.21531199,1.165741679,0.094083752,199.4765142,45.61434795,43.58888087,56.0039013,6.278914046,209.7094204,49.56982423,119.9707806
Driver,108.9924839,5.3,0.1,-6.456692913,50.577,4.558,17.414,-0.826,-0.926,157.3340193,1.4435,16.043,-0.664,2840.0,-4.579,528.4518645,140.1295284,-20.51045662,5.729740498,-0.074088558,1.66555248,0.078581,258.6423217,-14.44263067,48.13447954,65.5725801,7.658992,272.7872675,-15.68664336,-34.34700688
Driver,116.9626879,1.872,1.904,-2.362204724,46.53,3.68,9.848,3.808,1.903,171.294515,1.4645,8.773,3.548,1880.0,1.099,544.4169733,71.89498157,35.59931031,6.094521668,0.377843173,0.950088884,0.074429238,280.4161911,19.21709849,28.5876443,70.11929238,5.977624329,318.8647556,22.11678294,5.602761961
Driver,71.31129205,-3.018,-1.297,3.661417323,52.823,-3.588,22.021,1.97,3.267,94.5224141,1.3255,17.614,1.348,4170.0,4.633,232.8124259,50.86590031,9.451318186,6.012088039,0.149369949,1.905222313,0.139356927,126.8458402,6.727048589,35.33257853,51.88035214,4.519646562,144.758649,8.110948698,11.23606363
Driver,91.95597709,-4.8,-0.8,4.645669291,57.455,-4.5,19.088,-0.579,0.223,130.6406586,1.4207,14.662,-0.51,5740.0,0.601,380.1069485,103.0261292,-2.445655803,6.074777062,-0.064993153,1.631753551,0.100336,185.1122364,-0.850981322,48.75548878,56.48203551,6.543067,193.1189738,-0.854166791,2.390191221
Driver,87.06603436,-2.652,-1.233,3.897637795,41.057,-4.281,23.08,12.179,13.412,115.6319345,1.3281,17.27,8.874,7548.16,29.202,291.9586312,75.87534383,90.71472547,139.991581,55.83488724,10.3196079,4.65382,153.1455888,63.31754314,40.76091554,55.73696039,5.29652,162.7067109,68.67457111,123.1464199
Driver,97.42081246,-1.2,-2.6,1.417322835,49.521,-4.222,26.518,-8.101,-5.399,122.1505906,1.2539,21.86,-7.011,5755.57,3.697,340.1506479,124.8973787,-29.8868777,5.645765955,-0.682608371,2.310016722,0.104289,165.2483644,-13.54726009,54.77296189,60.97429295,6.639637,169.7950383,-13.83210621,19.96901753
Driver,111.025859,7.9,0.3,-9.566929134,50.75,6.919,18.544,-1.744,-2.044,162.6272817,1.4648,17.288,-1.576,2530.0,-9.495,554.2055766,152.2506735,-43.52914865,5.740215538,-0.156316371,1.802203878,0.076625,272.8980769,-30.97559331,48.46411824,68.07719543,7.875904,287.3288996,-33.53954673,-70.52066274
Driver,89.6385111,6.881,10.29,-8.74015748,56.729,14.832,3.386,-7.434,-17.725,125.0881353,1.3955,3.845,-5.24,2780.0,-78.386,78.28141135,2.773719859,-10.17874807,5.919786094,-0.589504893,0.359850362,0.098085004,49.74229793,-8.330460685,4.487394996,102.4518682,0.902042303,125.2515634,-27.17071801,-11.45085314
Driver,86.84234073,0.128,-5.646,-0.196850394,45.145,-5.519,21.278,3.551,9.197,124.3841714,1.4323,18.406,2.196,3880.0,15.044,372.5747486,100.8473061,44.19934025,5.289863749,0.218937414,1.77499651,0.093137168,189.6228148,32.47854079,45.29040285,59.18242032,6.342546285,203.3915861,36.15250742,75.88825726
Driver,105.6437903,-4.918,-1.575,6.496062992,47.221,-6.142,13.472,-0.86,0.715,149.9264048,1.4192,10.592,-0.975,4289.67,1.427,481.0492949,104.6124484,-3.511916576,6.143772056,-0.102764487,1.191196536,0.0865078,231.7838277,-0.615134388,44.6533108,59.35366101,6.93438,244.4905887,-0.505028728,9.987019794
Driver,100.3221188,-5.984,-2.742,7.519685039,45.488,-8.657,10.598,-2.181,0.561,147.3127684,1.4684,8.52,-2.253,3041.0,1.25,461.1744718,65.03813618,-15.24313014,5.00486228,-0.195916748,0.763489758,0.0709632,231.7158639,-6.910006035,31.65151688,59.76397307,5.91282,256.5059661,-7.411826136,6.601588847
Driver,92.80377595,3.091,6.469,-4.015748031,52.347,8.858,21.018,5.544,-0.926,136.7593504,1.4736,18.253,5.696,3760.0,-8.405,434.1919466,126.3683256,19.06017872,5.818639459,0.567488584,1.941547838,0.0931528,214.8125484,3.744752863,49.01723252,62.8834549,7.081034955,226.4488218,3.318945427,-52.77210877
Driver,104.8742842,3.3,3.9,-4.251968504,51.618,6.554,8.616,-10.257,-14.157,136.4311918,1.3009,7.998,-8.335,3070.0,-42.803,304.6292333,29.35457626,-81.10254985,5.818877705,-0.897508323,0.815051062,0.089198,165.9720843,-59.18781974,18.74397495,66.80279096,3.800505,207.3686738,-83.70501193,-108.255237
Driver,85.95651396,5.265,2.702,-6.929133858,52.286,6.788,-0.019,2.425,-0.276,126.4251521,1.4708,0.705,2.463,910.0,-1.943,8.817929921,0.06161108,0.378336906,4.725530696,0.202500789,0.013447846,0.076930818,5.336357061,0.228580468,0.62007824,124.5470242,0.086952739,77.60230736,3.308478659,-0.002238021
Driver,97.1277738,6.489,9.149,-7.755905512,52.043,14.239,11.858,3.384,-5.764,141.7474946,1.4594,10.925,4.408,1930.0,-36.135,350.9820352,43.70510066,-3.828982352,5.841563843,0.425416798,1.120241824,0.086789221,196.0905918,-15.6174786,21.89750591,72.3074911,4.302808276,241.5868858,-27.16862198,-91.78375498
Driver,97.29330709,1.054,-1.378,-1.338582677,48.182,-0.434,1.653,-7.318,-5.94,137.8856478,1.4172,1.485,-5.637,2311.98,-30.202,147.0574682,2.393345959,-19.10698031,5.06173522,-0.51273268,0.12894908,0.075772,85.11345776,-13.19032252,2.846752831,100.6014362,1.483253,156.0979012,-28.49283647,-14.60166783
Driver,111.9340551,4.7,5.5,-5.393700787,50.527,9.247,17.077,3.095,-2.314,165.7912044,1.4811,15.345,3.431,2900.09,-4.066,574.7554308,150.012118,19.19601053,5.674573485,0.336402102,1.574428054,0.073524,279.717387,5.772900627,48.2476055,67.53420011,7.967043,293.7712906,5.652389261,-32.92193377
Driver,104.7691482,0.9,7.3,-1.062992126,53.034,7.908,8.621,1.764,-5.536,154.577219,1.4754,7.735,2.431,1670.0,-23.641,389.5583115,36.78175015,-5.84021443,5.789794593,0.231829313,0.785911342,0.078084,213.7790821,-12.07796186,18.28993056,77.15949691,4.259364,266.9252437,-20.7446315,-63.36093078
Driver,91.77702219,-5.8,-0.4,4.527559055,60.082,-4.274,24.494,3.115,3.536,126.0191482,1.3731,19.102,2.457,6786.92,2.885,353.7969514,118.8337218,21.16384327,3.396761137,0.145254632,1.19281039,0.05913,172.6633306,12.63657398,52.88819981,60.09065089,6.594507,176.7974303,13.006939,15.728398
Driver,101.228078,-1.498,5.064,1.88976378,46.179,3.626,22.367,0.829,-4.235,135.0313171,1.3339,19.688,1.349,3651.11,-9.579,428.3087022,130.7627277,-15.14417366,5.73401112,0.123697882,2.079343599,0.0936551,212.4287253,-14.75570582,49.68559628,63.69956067,7.11856,217.9054607,-15.45730834,-59.22180257
Driver,88.56701861,-3.957,5.804,4.133858268,63.704,3.845,4.836,-1.214,-7.017,130.7249911,1.476,3.305,0.013,2545.0,-27.363,210.9105568,7.988661976,-9.947198381,5.449864026,-0.015687225,0.312469443,0.0862208,119.0152389,-9.957905853,7.037569547,81.65780015,2.38921,176.232903,-20.02199985,-29.95444383
Driver,99.81433429,4.303,2.737,-5.078740157,49.714,6.394,10.711,-6.142,-8.879,146.7752326,1.4705,9.958,-5.07,1890.0,-41.251,344.7304623,38.56434556,-61.65583626,6.427098558,-0.596333273,1.120379117,0.0919055,193.9394198,-48.79147453,19.72295802,75.75929549,4.03312,240.3331838,-68.8171117,-96.0386052
Driver,102.2056192,6.95,2.624,-8.42519685,51.492,8.189,19.179,2.268,-0.356,151.1965372,1.4793,17.142,2.33,3060.0,-1.561,512.0043116,139.467627,15.38829007,6.02848036,0.243484291,1.877833396,0.08659,252.6424108,6.569402062,47.8888217,65.93470498,7.569208,266.8054585,6.788877319,-11.11117305
Driver,86.4642985,0.311,-5.635,-0.393700787,51.164,-5.385,22.457,4.49,10.125,119.9208125,1.387,19.166,2.844,4323.79,14.45,349.3053957,99.10537138,44.65159402,5.884062911,0.313579272,2.067056036,0.108303,177.5607175,31.77313613,46.22166674,58.21398777,6.199962,189.8408752,35.0496959,69.19862277
Driver,90.67197566,-3.8,4.2,3.385826772,56.82,1.283,19.824,0.862,-3.435,128.4931997,1.4171,15.321,1.71,5800.0,-6.707,370.2276085,101.9833453,-6.570203636,5.855292633,0.148451545,1.644120755,0.0986,182.3497321,-7.427503862,48.2363783,57.5942104,6.392963,190.7127392,-8.138434416,-38.5833717
Driver,86.88707946,-4.9,9.7,6.181102362,57.882,6.587,7.175,-1.269,-10.969,116.4589298,1.3404,5.6,0.203,2460.0,-32.514,188.2033461,11.23909291,-9.883573319,6.181139807,-0.009867684,0.592981274,0.110525,109.2128753,-10.79848631,10.17562121,72.74681616,2.481966,162.1438144,-21.9664404,-33.55039455
Driver,90.51539012,-0.095,-0.119,0.118110236,48.846,-0.202,17.219,-0.07,0.049,130.6824893,1.4437,15.274,-0.076,2523.72,0.103,400.8777498,80.34412029,-0.353296773,6.306460572,-0.008222299,1.731528794,0.103748,211.8458902,-0.131425004,36.03224112,61.71118044,5.92159,235.2284563,-0.131015393,0.448734015
Driver,106.8159449,-1.749,-2.075,2.283464567,46.204,-3.753,18.02,-2.614,-0.539,147.5384753,1.3812,15.543,-2.542,3630.0,-0.984,485.2612313,129.1315929,-23.73064817,6.423678742,-0.286299061,1.827388855,0.0939062,236.9765093,-12.81959385,48.09656542,63.46946626,7.34818,248.7344121,-13.53613065,-6.936162972
Driver,98.00465283,-6.554,-0.294,8.464566929,46.096,-6.642,11.928,1.874,2.167,141.426718,1.4431,9.707,1.607,3140.0,4.311,438.1982798,67.43378124,21.03832304,5.522794813,0.158391576,0.960707011,0.0819712,221.7022788,13.53602453,33.05948699,59.01531398,5.89181,244.79618,15.69297902,21.97480042
Driver,104.6573014,3.5,6.3,-4.488188976,47.507,9.487,12.992,-0.728,-7.028,143.6019148,1.3721,11.602,0.317,2470.0,-14.088,435.2458443,71.83738217,-23.13193454,5.786506085,0.020383966,1.196360803,0.085219,225.3002268,-20.93502797,33.16958194,61.30873602,5.854149,252.0482996,-26.06353624,-66.52747604
Driver,86.51127416,1.902,2.329,-2.047244094,54.561,3.683,16.793,2.02,-0.309,127.3707051,1.4723,15.031,2.058,2230.0,-1.15,374.5725086,69.50107412,11.7481342,6.308346146,0.225489409,1.694844859,0.106282,202.7285143,5.904690801,32.58846392,62.96183693,5.4723,221.3352394,6.326769517,-4.128731466
Driver,87.34117752,0.1,-2.7,-0.236220472,56.777,-2.584,7.002,-5.593,-2.886,108.222083,1.2391,5.306,-4.869,1980.0,-3.71,148.9510373,7.886576923,-13.28360985,5.942781125,-0.507421578,0.531240545,0.114077,89.9553357,-8.378630274,8.101674926,77.169276,2.040995,149.53457,-14.44783242,-2.239116744
Driver,75.25948461,-1.253,0.049,1.220472441,56.247,-0.789,26.013,4.177,4.128,101.1088493,1.3435,21.946,3.487,4130.0,6.422,272.3835772,78.71327724,23.97139604,5.885668945,0.368991097,2.379235058,0.131159,143.9882832,15.79189618,44.06927822,55.08355354,5.422264,156.8616896,17.62750646,21.17347414
Driver,111.0392806,6.7,4.9,-7.519685039,51.952,10.078,21.182,3.746,-1.083,164.4286865,1.4808,19.628,3.87,2546.0,-3.65,577.4811872,177.6717345,24.84272597,5.53459532,0.370797541,1.988235216,0.07403,282.977311,9.311871876,51.10180934,72.04668131,8.316955,294.8937146,9.43557565,-29.39392779
Driver,96.38063708,0.89,10.834,-1.102362205,55.169,11.454,5.85,3.0,-7.834,142.3474409,1.4769,5.334,3.824,1370.0,-38.703,220.1837254,12.00581064,4.564497789,5.943154133,0.375333715,0.542578864,0.086585663,130.4818544,-2.257255817,8.609944212,93.81111469,2.349939003,203.6120449,-10.07521919,-32.85901408
Driver,80.55878669,-5.979,1.283,8.779527559,50.153,-3.732,3.947,6.517,5.234,117.2091983,1.455,2.754,5.887,1570.0,18.866,98.05993458,2.567629329,11.21157824,6.412211033,0.671293164,0.286343591,0.113171,61.21359297,7.661160488,3.639915198,95.18261884,1.18958,123.4041861,16.9100709,4.174912585
Driver,101.9707409,-3.697,3.751,4.921259843,43.662,-0.131,13.344,3.239,-0.512,150.9453293,1.4803,11.111,3.308,3349.82,-1.697,496.0259866,96.46178649,23.37638904,6.175496465,0.35451431,1.243860881,0.086455,244.358036,10.40921469,40.53261542,60.30289378,6.79364,255.1370396,10.72532454,-11.08687523
Driver,88.3321403,3.285,3.302,-3.543307087,55.221,5.587,13.299,1.975,-1.327,131.4533375,1.4882,11.447,2.226,2440.0,-4.809,375.6176205,55.11808492,8.193419621,6.158371299,0.23496771,1.250798931,0.0989691,201.2313177,2.089708742,28.06989034,62.51891084,5.14933,231.3791279,1.532676815,-17.18257166
Driver,106.5855404,-0.3,2.3,0.433070866,50.225,1.961,22.339,-0.356,-2.656,142.5876879,1.3378,20.164,-0.077,5200.0,-4.57,430.6464308,160.4649773,-15.65345956,5.682973217,-0.014497862,2.128540079,0.088555,203.1935717,-11.35082517,56.98203515,67.43246688,7.561989,206.9340195,-11.65606464,-33.23450655
Driver,104.1383321,-0.3,8.7,0.393700787,55.091,8.463,7.387,-1.184,-9.884,147.9174123,1.4204,6.638,-0.196,1800.0,-22.705,342.1814235,27.11737332,-18.45242221,5.792236957,-0.033660951,0.67253621,0.081448,189.5662977,-17.32503237,15.18631127,77.99826269,3.77728,245.7390535,-27.80984703,-50.03750765
Driver,97.24633142,2.87,2.243,-3.858267717,43.936,5.226,16.783,4.882,2.638,142.4129832,1.4644,15.26,4.58,2192.61,3.448,454.6015281,92.04156155,41.68223555,5.991534916,0.481233381,1.639084577,0.090337,239.1369211,24.56007309,36.67773406,65.22469719,6.274342,265.7048054,27.84632236,16.46191762
Driver,99.76288475,0.965,6.149,-1.25984252,48.633,6.999,11.531,-0.827,-6.976,146.4130727,1.4676,10.243,0.046,2250.0,-24.904,409.8422383,53.61477481,-32.39104665,6.101942866,-0.014657493,1.104350649,0.087658,219.5436154,-30.14709866,25.44005662,67.13306981,5.05009,257.6261773,-41.111318,-90.96504043
Driver,101.6240157,-0.369,-3.074,0.433070866,51.209,-3.37,13.979,2.824,5.897,150.4538744,1.4805,12.936,2.378,1688.06,11.837,410.5589459,69.65679007,40.13012637,212.8957542,28.19956581,0.544769716,5.11313,213.7222594,28.36910493,33.47261323,68.27390356,5.14288,243.7505522,34.55389938,58.6661308
Driver,82.71295634,-5.1,10.7,5.669291339,59.372,7.579,7.333,6.454,-4.246,110.8719578,1.3404,5.698,7.185,1900.0,-14.788,165.5570854,9.635149859,17.36605408,6.236426618,0.766735864,0.602578665,0.117068,98.57116397,8.683568777,9.245947586,75.14842681,2.248198,154.8650992,11.42233968,-10.99598064
Driver,101.3891374,-1.3,-6.3,1.850393701,46.927,-7.706,17.015,-2.282,4.018,135.5865247,1.3373,14.949,-2.89,4130.0,7.275,419.4545746,106.550003,-0.950675653,5.676887215,-0.266055823,1.540496476,0.090078,207.1743299,4.55264665,46.29678258,59.46721276,6.698245,219.9030871,5.481840603,44.96933994
Driver,92.75903722,0.827,4.782,-1.023622047,53.218,5.401,17.337,3.395,-1.388,137.1177076,1.4782,14.827,3.616,3430.0,-8.338,435.0407418,100.2172503,7.067377469,6.011393171,0.369682865,1.609098389,0.094187243,218.5886362,-2.196002107,42.73128517,60.1770499,6.600829952,235.6814936,-3.381116104,-47.93144697
Driver,96.74302076,1.471,0.691,-1.653543307,48.191,2.008,14.294,1.413,0.722,145.9493558,1.5086,12.806,1.327,2160.0,2.048,456.3459762,78.2696769,13.90572361,6.397632905,0.149951125,1.464258995,0.0930827,240.4891583,8.684385965,32.80082076,65.39867278,5.96374,269.1364428,10.08062265,9.349000618
Driver,93.09010379,-4.6,-2.0,3.74015748,56.285,-5.6,15.153,1.945,3.985,137.8807266,1.4812,11.605,1.257,4960.0,9.848,412.055789,94.21058308,34.76296144,5.756259266,0.133880712,1.215446015,0.088659,200.8403341,24.02571074,44.95663624,56.82685073,6.448525,212.3795741,26.2676288,58.93718111
Driver,84.97002505,0.1,7.1,0.078740157,53.55,7.127,8.06,-2.201,-9.301,118.9390211,1.3998,6.575,-0.497,2690.0,-18.816,255.2117075,20.35500306,-14.84858532,5.964575026,-0.07054837,0.686022126,0.104646,140.270058,-13.32322279,15.60077779,63.78520021,3.447587,182.8075704,-21.36867888,-36.3344852
Driver,86.93852899,2.75,0.566,-4.37007874,47.501,3.088,18.18,-2.744,-3.31,130.8131263,1.5047,16.479,-2.359,2260.41,-7.622,380.3651164,81.13170245,-31.05219351,196.5310547,-21.969305,1.737677085,5.57544,198.7307109,-22.34875215,38.29392811,62.32978449,5.66739,221.0678158,-26.27112727,-42.60542686
Driver,78.46501432,-7.729,-0.665,7.125984252,59.926,-5.172,11.509,15.146,15.81,109.3951324,1.3942,9.168,13.163,3310.0,27.808,234.9232501,25.02034747,70.58678663,5.7706398,1.341369821,0.924925656,0.110746,130.9027827,46.76409903,19.27163751,59.81111919,3.53531,164.4075418,63.25464879,53.07915073
Driver,87.88922691,4.159,-0.943,-4.606299213,49.246,2.65,19.914,5.769,6.712,126.5287223,1.4396,16.714,4.325,4372.57,14.697,375.6278331,98.04899674,58.86997628,6.252146769,0.493750164,1.910292102,0.107371,189.2023395,39.6604259,45.10812022,58.28156246,6.31589,201.0902824,43.30169763,76.78804457
Driver,94.64701145,-2.8,-2.4,2.362204724,55.982,-4.995,15.914,0.843,3.423,138.1171707,1.4593,12.614,0.501,4600.0,9.982,418.5791716,99.00531724,28.27431991,5.711698159,0.034015935,1.308166822,0.088116,204.5888371,21.10538904,45.49374321,57.76504576,6.565305,216.8419463,23.2825303,57.97561241
Driver,106.7085719,-8.573,-6.15,10.94488189,49.893,-13.445,9.522,-2.503,3.648,154.0378937,1.4435,6.809,-3.056,4233.56,7.402,491.4024433,80.45342877,-3.076024897,6.413756729,-0.332426027,0.806097787,0.086982,234.9564012,4.121682658,38.68194208,56.88773109,6.49859,251.0744902,5.449085565,49.91965133
Driver,97.93307087,1.6,0.0,-2.125984252,44.698,1.116,18.059,6.277,6.476,134.234073,1.3707,15.893,5.327,3110.0,7.304,423.578828,99.00244107,54.27998652,5.823083078,0.553650696,1.671041741,0.093629,215.5758744,33.29134631,42.3068465,60.54573684,6.51999,233.4904437,36.93903173,40.12090386
Driver,98.23953114,-2.4,-2.4,3.346456693,51.093,-5.059,19.321,3.654,6.171,134.7112115,1.3713,16.474,2.767,3960.0,9.266,415.2016878,112.4449718,42.80337669,5.821581692,0.295701331,1.747408374,0.093757,205.7957587,28.41608135,47.41205474,60.02211195,6.786977,217.9380002,30.84677564,55.63028416
Driver,99.6241947,4.574,5.861,-5.354330709,54.634,9.116,15.248,2.674,-3.187,150.8131263,1.5138,13.855,3.104,2177.0,-10.627,485.9801665,91.98169962,5.24525928,5.134923855,0.271726811,1.276319758,0.072448,253.7944083,-4.424384302,35.7078892,65.97557918,6.36671,279.7178532,-6.645317109,-54.47519229
Driver,117.8977273,3.529,-3.187,-4.173228346,49.689,-0.188,8.987,-2.116,1.071,168.3679313,1.4281,8.119,-2.288,1480.0,3.617,493.2644862,54.88710897,-14.30351592,5.911746332,-0.233907366,0.848435904,0.073264269,261.2958987,-5.807040027,23.12185934,75.62538344,5.191998668,310.1301223,-5.998056703,13.87981202
Driver,98.85692555,2.392,7.322,-3.070866142,48.975,9.405,14.859,1.504,-5.818,141.087151,1.4272,13.056,2.377,2790.0,-17.038,437.1406275,80.2058606,-14.71447633,5.851051961,0.227639619,1.364882136,0.088215,226.0937716,-18.9709969,35.3274214,61.47654208,6.064916,250.7437642,-24.0488279,-84.89624642
Driver,112.2494631,5.7,4.3,-6.377952756,52.407,8.692,23.988,0.877,-3.423,157.1414191,1.3999,22.177,1.249,2877.72,-6.938,538.4327045,188.8043571,-12.78044557,5.441931275,0.111938175,2.235213362,0.077565,260.0239455,-12.94729086,54.34685378,72.91316303,8.363472,268.5674425,-13.70657741,-55.81511823
Driver,74.00232641,-0.971,-1.496,0.905511811,61.442,-2.024,29.72,7.527,9.023,84.59198282,1.1431,23.819,5.53,5170.0,9.855,198.018019,57.34073506,25.71640575,5.129368748,0.509942402,2.254230105,0.138668,108.4713778,17.23454057,41.56484932,50.38247504,4.5080953,119.8073023,19.51796434,20.50218191
Driver,107.4221546,2.593,-2.701,-3.307086614,47.677,-0.338,19.027,0.89,3.591,154.4262258,1.4376,16.69,0.349,3670.0,7.121,513.7229779,150.9404631,27.31291305,5.985114651,0.044350205,1.820325112,0.084039,247.4540274,20.03866174,51.20442902,66.48198826,7.791948,257.6922179,21.36201649,55.60787346
Driver,80.80037581,1.581,1.72,-2.480314961,43.938,3.361,14.754,-0.025,-1.745,119.4579903,1.4784,12.43,0.293,2780.96,-1.588,313.7890873,51.49677539,-0.253209565,175.3504265,-0.243794501,-3.369970937,4.83823,169.4780082,-0.238137355,29.36304355,63.04674688,4.61823,198.5983272,-0.293232468,-3.314426219
Driver,86.31442377,-1.925,2.329,2.519685039,50.305,0.73,17.995,-7.455,-9.783,117.6503221,1.363,14.824,-5.802,4140.0,-8.732,336.0200116,73.15379622,-47.70639541,5.86253451,-0.604602399,1.56903111,0.107284,173.3437093,-29.66285222,39.49837374,55.46944775,5.626154571,189.6785931,-33.3856459,-36.73762355
Driver,116.1462062,-0.24,-3.407,0.275590551,53.169,-3.586,11.115,-1.825,1.582,164.3134843,1.4147,9.495,-2.055,2668.92,5.112,547.6233215,87.65969588,-5.796110833,6.276290254,-0.220193303,1.075202783,0.0801846,272.4329276,1.171836346,35.61657467,63.36809997,6.66091,297.119681,2.262600552,32.82035247
Driver,105.3261453,5.3,9.3,-6.496062992,50.117,13.686,13.202,0.96,-8.34,143.4023801,1.3615,12.009,2.309,2470.0,-19.709,430.1137248,68.82851683,-14.85757712,5.900676424,0.221903007,1.259597661,0.087103,226.8686874,-19.76292966,31.01539089,63.809537,5.666184,257.0979586,-26.38172431,-86.55717655
Driver,94.56648175,-3.317,-8.549,4.645669291,45.665,-11.796,15.83,2.795,11.344,127.2964388,1.3461,12.923,0.985,4290.0,20.603,366.0746947,73.23520892,45.21306975,6.165145683,0.135066104,1.435609359,0.103399923,186.2114461,35.35771521,38.15179217,55.89651055,5.718573836,203.5037838,41.27470092,96.62889434
Driver,104.7378311,2.2,-3.8,-2.244094488,45.823,-6.439,14.224,-3.476,0.359,153.6271922,1.4668,12.593,-3.614,2490.0,-8.146,502.13581,94.17665691,-48.734072,5.816395394,-0.36202331,1.309893785,0.080321,256.0578983,-31.35297966,37.36879495,63.82323711,6.601127,280.681823,-35.79177285,-45.81489086
Driver,99.53471725,1.93,4.566,-2.637795276,46.15,6.421,14.291,-2.64,-7.206,144.30051,1.4498,12.637,-1.64,2750.0,-22.721,440.9143743,77.06505345,-54.37531801,5.710265439,-0.181634057,1.286631662,0.083978,229.2441462,-43.65855505,33.88070177,62.30048563,5.958265,255.3710765,-52.91689674,-111.5996974
Driver,73.30216535,-0.226,-0.905,0.31496063,46.571,-1.119,10.077,-0.695,0.211,109.1960451,1.4897,8.049,-0.737,2200.0,0.754,208.4120678,17.80191372,-2.377965533,5.684055694,-0.072471955,0.788841585,0.108798507,121.3846518,-1.251034388,14.18307552,67.98780553,2.988900698,170.0115712,-1.621158521,0.930969596
Driver,80.57668218,-6.1,7.3,5.94488189,57.514,3.397,26.309,4.037,-3.263,103.7517895,1.2876,21.391,5.007,7480.0,-4.384,266.0937071,84.11282919,13.7429027,5.771078906,0.453928484,2.296177265,0.125463,136.3533612,5.670458501,48.24406779,53.89699018,5.525593,141.4037648,5.766326866,-18.72437498
Driver,91.13502147,2.702,-4.076,-3.503937008,49.373,-1.756,9.491,2.834,6.91,131.9776754,1.4482,8.591,1.9,1689.58,17.328,295.3683297,28.15933338,19.97134734,5.784462995,0.20288522,0.865719459,0.091617,168.0091586,15.91060004,16.54579449,74.79267626,3.634524,220.9707917,24.37738926,31.0695405
Driver,99.73604152,-1.668,-5.142,2.047244094,55.184,-6.303,25.388,9.267,14.409,123.9461793,1.2427,21.094,6.689,6030.0,17.887,348.3670653,117.8984915,78.27210649,6.044806073,0.73767426,2.37311018,0.1094344,172.4935494,51.35944865,51.59952505,60.14106098,6.512456297,178.5874339,53.7751121,95.48720082
Driver,90.18208661,-0.6,1.432,0.826771654,51.659,0.958,25.417,3.771,2.338,113.2563082,1.2559,19.956,3.231,6159.64,31.063,285.234251,75.86190428,58.17969282,152.0576387,47.79658347,0.591947369,5.11308,152.7358373,48.15013624,39.8702676,57.70823575,5.14511,165.5055825,54.86570885,119.7123146
Driver,107.5250537,5.3,9.7,-6.377952756,50.057,14.192,14.989,9.216,-0.484,161.9101199,1.5058,13.971,9.263,2350.0,-3.721,548.8663521,117.8115853,76.49316753,5.866667023,0.941799656,1.472046342,0.077316,276.471499,36.37234803,41.54453578,66.10469555,7.207784,297.7469482,38.6180224,-24.65340056
Driver,91.23568361,-0.613,-2.926,0.748031496,45.301,-3.532,15.95,0.961,3.887,134.5342699,1.4746,13.732,0.417,3045.58,8.456,419.4734478,82.97400991,19.70890142,6.286877349,0.055351059,1.549764958,0.0998134,215.02661,15.69935141,38.09471877,60.0703162,6.14516,234.7986431,18.30932449,42.41447249
Driver,85.02371152,-3.333,-3.929,5.393700787,39.748,-7.945,20.772,12.682,16.611,108.4855941,1.276,14.509,8.044,8234.42,31.281,257.0850893,53.3034108,75.36344552,119.0888796,43.26987123,10.92541471,3.71089,139.2760653,53.83088053,33.70303571,54.13165413,4.61347,151.936239,60.30173769,105.9792408
Driver,92.7389048,2.926,3.926,-3.74015748,50.444,6.345,12.154,-9.63,-13.556,133.4665802,1.4392,11.065,-7.956,2610.0,-54.674,273.1381814,32.27594912,-68.67948399,6.23693084,-0.90539184,1.202224804,0.0985311,156.2475177,-54.45581367,19.74272333,72.08392035,3.48641,188.0773789,-73.12013338,-100.9830495
Driver,85.79321761,-2.8,0.4,2.244094488,60.76,-1.587,28.791,0.126,-0.363,107.9787044,1.2586,21.985,0.138,7280.0,-0.725,280.0882395,95.59518332,-0.412426285,3.849263972,0.011535817,1.574034742,0.080067,140.6705047,-0.534943021,51.19481927,55.52173941,5.834125,144.7964659,-0.565887933,-2.621253752
Driver,90.98067287,-1.7,-5.9,2.007874016,54.107,-7.189,11.679,2.015,7.92,122.4928418,1.3464,9.733,0.839,2752.83,-0.886,322.9494921,39.85243797,3.747021784,5.936173231,0.086024666,1.01955547,0.101905,174.1916437,1.677597389,24.08405982,60.76894919,4.538612,208.5228291,1.830659726,-2.619347043
Driver,91.36542591,-4.3,1.1,4.015748031,58.132,-1.568,19.343,2.941,1.841,126.0365963,1.3795,15.977,2.752,6620.0,2.533,354.9087204,102.2993775,21.79128356,5.92778411,0.280644847,1.742999343,0.102275,174.7890262,12.66223457,49.23203546,57.36509305,6.324806,181.2468381,13.23332376,12.83260984
Driver,105.4827309,1.7,7.9,-1.968503937,55.92,9.103,9.93,4.721,-3.179,153.7356836,1.4574,8.857,5.262,1760.0,-14.449,430.0339766,50.77420965,20.13989969,5.808699907,0.523300804,0.909329988,0.079078,229.0131401,3.86856223,24.09696737,69.50895276,4.998109,270.2777613,1.292664723,-51.44273951
Driver,103.4135648,2.437,4.927,-3.267716535,41.913,7.644,16.892,6.688,1.762,153.3558518,1.4829,14.727,6.413,3321.96,6.714,514.5722237,128.0534067,76.22443412,5.979523876,0.675399246,1.605982857,0.083636,251.8055619,44.17867378,46.89081189,64.34867957,7.42356,259.306616,45.85294073,48.63964332
Driver,83.35495705,5.507,4.672,-6.57480315,56.938,8.27,12.966,2.281,-2.391,124.97517,1.4993,11.416,2.787,2020.0,-12.228,317.6036594,41.68120367,5.346676268,6.525559768,0.305597248,1.308081949,0.110400968,177.7454567,-1.237074621,23.11784041,66.53428846,4.35296893,217.9513746,-3.83390562,-29.63383645
Driver,72.09421976,-7.137,2.081,6.692913386,62.248,-1.697,21.074,4.998,2.917,68.01225841,0.9434,16.303,4.467,3237.5,4.549,110.3786033,18.14743964,9.348942604,5.923433388,0.468860611,1.642548114,0.189382,66.65236202,6.151147597,22.90087087,48.33798453,2.588834,92.21811279,8.852755958,2.890211579
Driver,93.37866858,0.2,-6.8,-0.62992126,48.349,-7.071,40.063,-16.037,-9.071,107.3823372,1.15,31.036,-13.051,9850.0,-8.368,272.4477312,128.0036353,-70.98515941,4.855184194,-1.141363861,2.964629588,0.111049,131.1647478,-42.00939981,59.15309351,62.06238278,6.30123,128.6961948,-41.14797437,-38.59541127
Driver,92.57560845,-4.011,-6.614,6.25984252,40.328,-11.352,11.723,0.633,7.247,127.2778722,1.3748,7.564,-1.321,5787.92,14.962,314.7567539,42.4285492,17.81361084,162.2488321,17.82234701,-2.404237398,4.70779,158.2551808,16.77515761,30.42368659,53.73167582,4.52779,176.8800311,21.56172462,61.19556281
Driver,118.1661596,2.959,0.696,-4.094488189,43.657,3.802,11.058,-2.756,-3.452,170.6845025,1.4445,9.908,-2.257,2120.0,-13.029,555.4991695,83.82173596,-51.06636941,6.04685615,-0.247183753,1.066527074,0.074380102,283.9160198,-36.01770727,32.1946014,67.87887026,6.374977804,316.5534917,-43.09351391,-74.69685734
Driver,25.34448819,-6.2,-2.4,4.094488189,75.08,-4.801,43.818,-0.849,1.718,27.51342162,1.0856,31.077,-1.244,3455.65,1.365,24.01839248,7.228654674,-0.547913418,5.927126413,-0.14288165,2.28283136,0.533271,14.95451645,-0.347796775,33.84240321,25.10080657,1.399114,21.00599334,-0.481616141,-0.069411665
Driver,88.6833393,3.534,1.332,-3.661417323,52.632,4.036,23.205,-2.162,-3.494,116.4195598,1.3128,20.139,-1.571,3600.26,-6.163,344.7289354,96.79461979,-19.8928699,6.415662541,-0.185585941,2.372763154,0.122297,177.8479732,-14.00638325,45.12802051,58.82058557,6.14387,191.074099,-15.5193814,-27.42131514
Driver,92.45705082,0.529,2.702,-0.62992126,49.661,3.152,11.457,0.169,-2.533,135.8558518,1.4694,9.968,0.522,2063.33,-11.571,362.3985681,44.02680122,-8.576193278,5.817810243,0.044625162,1.021116657,0.089944,198.3048741,-9.465728129,22.97457702,67.66093144,4.619264,239.4292657,-13.88742292,-33.80979306
Driver,92.23112026,-3.922,6.274,4.960629921,49.958,2.972,5.581,6.474,0.2,138.2775591,1.4993,4.591,6.453,1360.0,0.977,235.4456183,11.66165633,26.74639221,5.956470822,0.670051494,0.471344143,0.089244,136.191409,15.63244669,8.417572468,89.32055109,2.549135,207.1322356,23.95362964,0.984813771
Driver,77.28391195,-6.4,-6.2,5.511811024,56.08,-11.127,22.652,2.656,8.907,101.6148443,1.3148,15.836,0.255,7185.63,13.407,249.1810065,56.04093513,17.44167851,5.673282961,0.064361924,1.630885113,0.121414,131.2582313,14.23946402,38.59913081,50.55891674,4.775567,141.5026203,16.15884735,40.97578833
Driver,73.2372942,-2.8,2.8,2.559055118,62.716,0.918,24.114,32.874,30.03,75.05927881,1.0249,18.864,26.02,6080.0,32.171,136.9659919,27.77462355,68.329284,4.49857862,2.005560208,1.502493925,0.131935,79.81498752,44.71685761,29.15920292,47.56340574,3.138769,96.10842025,55.58454788,33.54581944
Driver,110.2004295,5.4,1.6,-6.299212598,44.571,6.637,16.955,-1.045,-2.546,158.2771117,1.4363,15.476,-0.807,2381.17,-0.732,537.8763694,125.8567212,-8.454258149,5.896560154,-0.07384504,1.64524483,0.080085,270.9610199,-4.99041559,43.45525651,66.46825829,7.331548,290.3196011,-5.44374266,-3.522781195
Driver,110.9654617,5.7,3.5,-6.456692913,52.468,7.905,18.811,-1.999,-5.499,160.4939155,1.4463,17.387,-1.482,2461.5,-13.195,542.1555386,145.1189272,-51.20116228,5.66719582,-0.146964354,1.788108405,0.076679,269.5118458,-38.13167133,47.18044471,67.5058911,7.689951,285.1708611,-41.74949061,-93.65603339
Driver,77.35996779,6.076,13.942,-6.692913386,54.569,18.286,16.119,11.996,-1.947,115.1802971,1.4889,14.934,12.233,1380.0,-6.896,281.6564955,44.83401266,55.2237705,5.59822291,1.182265488,1.474679304,0.103936,163.4828737,30.77815629,24.6916239,68.80905685,4.13722,202.1966002,37.17400539,-11.82383552
Driver,25.87687903,-0.857,3.955,1.023622047,57.679,3.413,24.456,-4.472,-8.427,32.60804402,1.2601,17.621,-2.001,2330.0,-12.15,22.56448813,3.658095076,-0.883528495,5.839719997,-0.225842965,1.162235487,0.392801,14.48226258,-0.6366626,18.74210186,29.98764718,1.001601,27.89746195,-1.342743073,-0.393260899
Driver,88.66768074,-0.348,-1.839,0.511811024,46.445,-1.508,13.661,4.722,6.561,126.1459825,1.4227,11.446,3.649,3069.58,15.511,356.6364228,55.95217312,52.7401606,118.4236765,17.82226407,18.64772969,2.75812,184.694583,35.54910157,32.28564893,56.39387867,5.26971,207.6235276,42.16320876,71.82635072
Driver,83.80681818,-4.02,8.95,5.551181102,59.341,6.562,56.404,-12.743,-21.693,66.53856478,0.7939,47.596,-6.929,6250.0,-10.636,135.4696995,79.6352996,-19.8292347,2.811322721,-0.353024044,3.061224174,0.1315784,65.91416995,-13.29473676,60.79283591,51.46327749,4.665293904,66.60665586,-13.44474905,-16.22767658
Driver,103.0355225,0.332,4.185,-0.393700787,52.564,4.439,10.983,1.016,-3.168,143.8607283,1.3962,8.746,1.694,3334.02,6.184,447.6177286,74.2655591,35.34269074,217.2188299,24.76799789,-1.529364351,6.1246,215.2714757,24.32408624,38.29505992,56.96887362,6.0346,233.5360344,28.49477162,53.97134234
Driver,113.0793665,1.5,0.3,-1.929133858,50.206,1.595,11.819,1.022,0.722,168.9604957,1.4942,10.725,0.938,2730.0,0.778,575.6798692,110.188557,11.7272292,5.671188246,0.093849904,1.089862539,0.070697,282.1951436,6.55612115,40.97627036,63.70948909,7.273127,302.8786286,7.165273069,5.810478034
Driver,92.22440945,-2.31,-0.369,2.677165354,51.626,-2.2,15.529,1.411,1.78,135.6572119,1.4709,13.424,1.191,2850.0,3.631,422.9597657,80.49778572,15.51445499,5.234634713,0.111540653,1.261720194,0.0820736,218.5581702,10.45859132,36.43086842,60.45521202,6.08458,240.0106743,12.01812102,17.75616803
Driver,84.99686829,-4.3,-1.3,4.448818898,56.354,-4.314,21.801,2.532,3.832,116.9430029,1.3758,18.08,1.914,6410.0,6.442,321.1114288,94.33745419,22.97421241,5.555056929,0.197708661,1.849158151,0.104437,161.2016555,15.33750974,48.18003731,56.14388902,6.008459,168.4093959,16.2976176,29.90802271
Driver,91.79044381,2.574,3.901,-2.952755906,61.281,5.313,13.371,-5.49,-9.392,134.0314066,1.4602,12.092,-4.335,2270.0,-35.93,338.855403,47.20130068,-58.03085276,6.082051618,-0.488780028,1.294522568,0.096096867,188.3333517,-46.87268687,24.47719695,67.37989362,4.483293946,226.9517774,-63.84570006,-98.852454
Driver,91.10146743,-5.634,-0.232,7.086614173,50.903,-4.829,15.046,7.541,7.773,121.4511006,1.3331,11.21,6.044,4945.65,24.416,307.8121526,51.08798107,73.14904512,137.7387988,40.56668297,11.2372412,3.81457,161.5529045,51.69756161,31.19903985,54.71567299,4.82614,181.2589299,60.8266357,105.8831986
Driver,101.0513601,1.517,-6.207,-1.968503937,50.691,-4.964,18.495,-1.341,4.866,142.6082677,1.4112,16.053,-2.081,3600.0,10.151,460.3851999,120.2901411,11.69567145,6.230479455,-0.213632221,1.816251147,0.094508454,227.4529017,13.79499926,46.73123723,62.27322195,7.075045671,241.296583,15.61831659,66.09011561
Driver,96.04957051,-5.005,-9.289,7.795275591,38.598,-15.588,9.434,-6.857,2.432,136.4426002,1.4205,6.204,-7.408,4437.9,9.254,383.2167778,51.82387124,-34.72022199,198.9844864,-16.37132792,-4.767425728,5.41974,191.62641,-15.97091818,31.21687063,57.50498263,5.10974,213.6824223,-17.35844512,26.35079645
Driver,68.96250895,-0.169,1.421,0.236220472,40.821,1.225,14.452,11.026,9.606,98.985102,1.4353,12.077,9.402,2803.4,32.629,195.6347969,24.9508033,45.27237032,3.220934241,0.535362236,0.682126122,0.0685392,113.920689,33.08903686,20.11099509,60.00146579,3.23979,139.3448009,43.83996793,44.5101674
Driver,101.7179671,-2.3,2.5,2.677165354,56.075,0.779,15.218,1.393,-1.007,147.1456693,1.4466,12.413,1.559,4103.94,-0.499,470.5511679,111.7288698,10.91773422,5.714309902,0.154951937,1.284377209,0.082554,227.8875338,5.055222694,46.42323499,60.27862099,7.020072,240.7668557,5.29225599,-3.435316075
Driver,72.77648533,-2.069,-4.766,1.968503937,63.476,-5.799,21.817,-9.76,-4.995,91.88103973,1.2625,18.181,-8.936,3390.0,-7.393,221.5572417,47.01062766,-38.97554017,6.259240884,-0.984089437,2.038274379,0.149498,123.475033,-24.30028776,33.23292931,52.81016753,4.32369,142.8644658,-28.80180898,-15.60276601
Driver,88.75044739,-3.641,2.622,4.606299213,52.499,-0.177,10.979,11.308,8.685,121.5251432,1.3693,8.943,10.068,2865.4,19.239,309.137885,39.08726555,81.91095718,142.6322658,43.32827003,8.109153245,3.59909,165.3956154,52.53330429,24.21087226,59.67257786,4.42781,196.4521416,65.05909326,72.92292523
Driver,106.7555476,-1.093,2.647,1.25984252,49.442,1.712,12.267,2.991,0.344,158.4746331,1.4845,11.228,2.963,1637.04,0.945,487.9844345,72.35396081,26.42883777,6.487350915,0.336082824,1.295456209,0.0863042,259.723556,14.75077091,28.92108645,71.26740071,5.71217,296.1833592,17.00674724,3.982005528
Driver,103.8251611,-2.5,-4.9,3.385826772,45.625,-7.554,10.37,-0.511,4.389,149.7854778,1.4427,8.967,-0.931,2210.0,-0.136,443.2217155,55.00283129,-7.353104406,5.845698632,-0.095048476,0.928476839,0.081716,233.080977,-3.971133601,25.93163901,66.57941647,5.328065,270.6266779,-4.642170106,-0.551968079
Driver,80.43799213,-2.88,-6.205,2.598425197,66.128,-7.481,17.438,-4.577,1.628,90.83661417,1.1293,14.332,-4.839,2810.0,2.9,195.5103186,30.42655273,-14.88871871,5.270788934,-0.441712995,1.324005089,0.1242824,112.6785898,-8.058450429,24.56994574,55.24769457,3.586040029,142.8281954,-9.841492864,4.353184563
Driver,104.3329456,0.066,3.82,-0.078740157,47.588,3.88,12.492,6.467,2.648,156.8181818,1.503,11.199,6.184,2058.95,7.759,495.4169867,77.32649907,66.99755832,6.442053102,0.700505294,1.287729984,0.086659,258.7186537,40.35688498,31.34171754,67.21524059,6.02461,289.846129,46.71843809,37.78074454
Driver,107.8784896,3.982,-1.655,-4.606299213,55.253,1.112,15.065,-7.228,-5.573,152.8865426,1.4172,13.701,-6.517,2320.0,-17.548,491.3549348,93.24279951,-90.06138487,5.142157709,-0.594248365,1.264352603,0.0715264,255.1311676,-59.91664597,36.04021011,65.40581083,6.42611,280.1637788,-68.72063555,-94.14735249
Driver,108.1379742,0.4,0.0,-0.551181102,46.33,0.061,13.797,-0.336,-0.349,149.0305118,1.3782,11.94,-0.145,2750.0,-8.335,480.1441803,87.49612917,-21.37857561,5.905764109,-0.037793276,1.261173882,0.083916,243.5563126,-17.08651789,37.00736464,61.80548122,6.44738,267.3306851,-20.21763166,-49.41482354
Driver,91.59135648,-3.854,-0.81,5.275590551,49.475,-4.111,15.925,1.402,2.212,128.3193898,1.401,12.928,1.052,3842.46,4.069,386.8136819,78.57073292,15.20064008,6.25208368,0.120141272,1.461670601,0.103862,195.9173987,10.30121977,39.2303502,56.85667439,5.98629,212.1733866,11.62567995,20.1223454
Driver,85.90506442,1.645,-0.348,-2.165354331,47.427,1.164,16.716,5.788,6.136,124.042815,1.444,13.984,4.626,3638.07,9.521,366.6349847,74.96660355,45.87504174,5.917527842,0.48878156,1.487942936,0.102168,188.7301504,29.44868819,38.26436787,56.93976249,5.791788,207.4350613,33.57618157,42.95362561
Driver,94.04974946,-6.377,2.374,11.96850394,35.218,-6.735,7.467,1.53,-0.844,130.6800286,1.3895,4.629,1.704,3689.39,4.954,353.5680696,36.251208,26.8448428,172.3922888,19.77182662,-1.198108288,4.80163,169.9501526,19.19237993,27.36330481,51.8235976,4.69163,192.8597487,24.76964936,42.48773605
Driver,92.71653543,-2.059,6.358,2.637795276,52.174,4.758,20.139,-11.093,-17.45,120.6129205,1.3009,16.817,-8.24,5127.49,-26.016,331.0921186,82.4841663,-91.19615913,5.739625235,-0.86023214,1.755414494,0.1036232,169.9420628,-62.01579498,42.42466883,55.76427527,5.737342939,182.4388821,-68.72460873,-116.0974323
Driver,91.11265211,-2.796,0.713,3.582677165,54.457,-1.287,7.471,-6.308,-7.021,120.5831693,1.3234,6.115,-5.37,1970.0,-23.859,201.5352374,12.80930681,-25.96915919,6.15313803,-0.594691306,0.643893289,0.106173571,118.7377078,-18.84307323,10.36408702,78.04903544,2.559458319,178.2584094,-32.42647074,-23.36664887
Driver,89.43718683,0.456,4.752,-0.590551181,54.24,5.081,9.574,-10.155,-14.907,121.8150501,1.362,8.433,-8.222,2690.0,-34.446,255.0778176,24.04673499,-56.51491046,6.150869222,-0.912210907,0.901504621,0.105777207,144.1686822,-41.13138882,16.74898639,67.32685103,3.429841001,189.0887959,-60.92956683,-62.84429667
Driver,103.9235863,-1.301,-1.659,1.732283465,48.452,-2.812,16.562,-0.954,0.704,153.5332409,1.4774,14.832,-1.026,2640.03,2.52,486.8409264,116.6604101,0.74905842,226.2142531,3.360519971,5.516646018,6.84718,230.9926455,3.618981065,49.0124523,57.57167413,7.10718,243.428621,4.274726504,23.26222641
Driver,75.26172155,-3.664,3.179,4.448818898,46.892,-0.257,25.841,15.959,12.78,94.19380816,1.2515,19.568,12.929,6409.23,17.614,225.4540651,57.01288223,65.10858195,6.27841168,1.442967951,2.239559934,0.1485,121.2818608,41.49378401,39.47531639,50.70805208,4.63499,132.2551862,46.21388466,44.83011114
Driver,93.9535612,7.066,12.053,-8.11023622,63.051,15.666,11.167,0.848,-11.205,136.4830888,1.4526,10.691,2.215,1930.0,-54.029,270.2919267,29.95355993,-14.38317002,5.800705499,0.191801769,1.076354408,0.089406004,158.0223406,-20.91319801,17.75368894,78.46374211,3.298403321,211.5849419,-38.23606798,-80.85396469
Driver,87.93396564,-0.15,-1.834,0.236220472,46.39,-1.691,14.436,-0.352,1.482,127.6147548,1.4513,12.191,-0.588,2859.03,-0.3,358.5496287,57.76835234,-5.520842987,189.946209,-3.963777779,1.352097057,4.88731,192.3746082,-4.042540474,29.2852188,65.60337228,4.97381,222.9124988,-5.058515249,-6.205640545
Driver,57.10227273,4.973,-1.991,-5.511811024,54.616,1.553,17.626,2.559,4.55,81.20884037,1.4221,14.626,1.437,2569.83,15.341,133.125175,19.45128186,7.231873362,88.28500392,7.368725131,-3.049220008,2.89682,80.71918609,6.328073972,20.13319389,57.56948962,2.60682,113.774553,10.66847569,12.92417449
Driver,104.6796707,-1.794,-0.669,2.598425197,45.806,-2.415,15.908,2.45,3.119,155.4943629,1.4854,13.586,2.022,3642.14,3.246,487.1596189,140.9051065,33.40812078,215.4313997,17.56720149,3.347977898,7.4951,217.3085773,17.74704836,59.70803603,60.90315137,7.62004,222.6611278,18.3576268,30.28278269
Driver,93.80144953,0.815,2.124,-0.94488189,49.851,2.812,9.029,-0.607,-2.731,140.0331067,1.4929,7.959,-0.246,1570.0,-16.466,321.7541702,29.12728247,-12.19356739,5.917889498,-0.035758952,0.821862528,0.088182,181.6173663,-11.53093708,16.31887852,77.28462827,3.7505,236.5953105,-18.44999608,-32.25789136
Driver,76.78507516,-6.172,3.22,5.748031496,58.752,-0.543,31.775,3.216,-0.003,93.05453651,1.2119,24.734,3.217,6491.74,-0.003,231.8482136,76.21653967,12.28409897,6.08922483,0.34171291,2.822053307,0.151649,122.1722785,6.852905529,47.07595018,53.01265693,5.159065,128.991973,7.235330954,-0.009396852
Driver,113.3366142,-0.834,-0.527,0.984251969,49.046,-1.251,16.214,2.242,2.769,158.5323461,1.3988,14.096,1.882,3380.0,5.873,536.7832735,133.9884076,36.67013634,6.201922596,0.210899564,1.599405876,0.0837174,260.3533468,23.63857693,47.4886021,64.75610313,7.61497,273.2667075,25.37011249,45.33248298
Driver,101.0849141,-6.323,-4.754,8.976377953,45.963,-10.905,6.794,-6.836,-2.082,140.8061918,1.3929,3.513,-6.313,4644.53,12.845,388.768539,35.82105936,-15.25981252,196.7236154,-0.614326374,-3.281069088,4.99466,189.7146783,-1.30835094,23.77461474,59.1295356,4.72466,217.8307695,1.347515335,58.68024214
Driver,113.4663565,6.1,1.1,-7.519685039,50.121,6.272,17.239,-3.243,-4.343,165.3420276,1.4572,15.894,-2.704,2373.31,-13.312,566.2428989,137.7162324,-64.19042729,6.326446388,-0.30910049,1.816307653,0.082482,283.5285039,-45.06612575,44.66107952,67.92058924,7.600224,301.5924221,-49.61020163,-95.43060211
Driver,96.43208661,4.5,-5.3,-5.551181102,52.518,-1.924,21.307,-2.664,2.636,143.1945687,1.4849,19.529,-2.869,3540.0,7.26,464.4965625,147.1098923,-1.315698789,5.467461826,-0.275968067,1.959903288,0.084138,226.6124949,5.059569553,51.71219749,65.94308035,7.532422,236.6483871,5.733367781,49.17881679
Driver,77.98630995,-3.5,1.1,3.858267717,56.8,-1.392,31.986,-0.255,-1.355,98.7007874,1.2656,24.898,0.048,7700.0,-1.496,248.301849,87.99974474,-1.874635911,5.844029,0.001017852,2.747392682,0.137505,127.3185716,-1.570972196,50.4830773,54.41642951,5.504897,130.9085695,-1.639589023,-5.032877007
Driver,109.3951324,5.1,5.7,-5.669291339,52.957,9.649,18.748,-1.488,-7.27,157.447432,1.4392,17.257,-0.645,2646.91,-9.756,529.8557932,144.3631874,-34.99802944,5.378294824,-0.067907914,1.68456951,0.074106,261.5143346,-26.53313196,48.05932312,66.68364993,7.688187,276.0627647,-28.97439202,-70.80821955
Driver,89.40363278,-4.0,-1.2,3.937007874,56.42,-4.628,18.998,-0.933,0.4,127.489039,1.426,14.762,-0.871,5360.0,1.195,370.6828691,96.42578559,-3.501027792,6.020993219,-0.104267306,1.624380134,0.101905,182.5800455,-1.047880001,47.05879982,55.80234203,6.367444,191.8310829,-1.023943188,5.182911142
Driver,96.62893701,1.421,4.458,-1.850393701,50.694,5.622,0.848,1.047,-3.411,138.4142359,1.4324,0.951,1.657,850.0,-24.692,55.3109577,0.489769107,1.248762557,5.256466481,0.143175407,0.07716239,0.078233,35.54355177,0.584014285,1.161625256,124.6853394,0.5533,110.826671,0.839754384,-1.331613511
Driver,103.4605404,2.7,2.9,-3.700787402,45.985,5.427,16.52,0.719,-2.181,147.4993289,1.4257,14.496,1.071,3000.0,-6.362,487.873548,109.6034011,-7.460948933,5.862364226,0.103671357,1.530150421,0.085108,244.8758885,-8.821255331,42.55596125,62.82014683,6.960187,263.3700355,-10.33482345,-40.18144107
Driver,85.92967072,0.186,1.354,-0.196850394,53.547,1.492,10.213,5.774,4.42,130.5462598,1.5192,9.056,5.255,1640.0,15.817,294.589696,29.42325319,36.03518131,6.433958909,0.600799264,1.015285418,0.103186,168.30622,24.77380652,17.19989732,74.34924671,3.68372,216.3758225,34.64292582,28.26801013
Driver,84.45105583,-5.6,-0.8,4.448818898,59.517,-4.776,27.247,1.026,2.021,113.8526754,1.3482,21.791,0.814,6173.29,2.303,310.6011618,106.490639,7.80934452,5.744987973,0.069405226,2.337463816,0.113899,154.8904097,5.276413058,51.74200031,57.99764467,6.18056,160.4498128,5.532571382,9.230120289
Driver,110.3681997,0.727,4.324,-0.866141732,49.616,4.942,6.917,-1.5,-5.824,157.5847799,1.4278,6.16,-0.781,1630.0,-43.027,305.7517154,20.71806547,-26.50918945,4.474259694,-0.072613213,0.480048629,0.058779,174.5419719,-25.16500822,11.97059281,89.01182719,3.11361,225.3588555,-39.69686842,-68.42524794
Driver,103.9213493,-0.5,7.1,0.748031496,50.547,6.597,12.447,8.404,1.304,150.5876432,1.449,10.851,8.302,2400.0,-1.072,473.2389775,77.50797127,65.21823905,5.849333748,0.843764863,1.132385427,0.081912,241.6570182,33.04391429,34.16834113,62.05837216,6.147683,268.1064352,36.46051881,-5.602954029
Driver,107.4467609,0.95,1.92,-1.102362205,47.029,2.805,14.431,-1.511,-3.431,149.117976,1.3878,12.737,-1.065,2590.0,-9.181,482.3282197,89.56127464,-28.65810557,6.35251528,-0.127165922,1.454593149,0.0905061,247.1867736,-21.51929794,36.55587863,63.07480415,6.44249,270.5422251,-25.06521099,-50.81592249
Driver,77.38681102,-3.6,-0.4,3.543307087,58.266,-3.208,22.346,-3.57,-3.099,97.50961883,1.26,17.065,-2.794,5140.0,-5.576,243.1468763,55.01679033,-17.86143108,5.65949522,-0.294395186,1.746278607,0.126833,129.3460643,-11.73661404,38.14692695,50.00766551,4.774228,142.7850034,-13.39381728,-16.33102508
Driver,86.69917681,-4.495,0.615,5.984251969,51.435,-2.979,21.261,-0.961,-1.576,115.768835,1.3353,17.205,-0.693,4670.0,-2.189,329.9215772,85.54801638,-7.780475881,6.026076151,-0.076442421,1.891668404,0.1137096,168.6024583,-5.24079023,44.18733117,56.0476384,5.876951794,180.8574128,-5.786700791,-9.606519163
Driver,94.21528275,4.706,6.161,-6.25984252,50.662,10.03,19.533,4.208,-1.953,139.1334109,1.4768,17.151,4.539,3320.0,-11.789,447.7061875,117.0486677,4.874668358,5.905794524,0.45454365,1.839264807,0.092257,224.5465422,-6.238156197,45.76289039,62.46610719,6.95361,239.5158368,-7.856180254,-71.9454603
Driver,98.62652112,1.565,-2.588,-2.047244094,47.024,-1.13,13.565,2.148,4.736,140.5659449,1.4252,10.788,1.023,4168.46,6.227,438.0487958,87.54837365,23.84993096,6.046816179,0.11567436,1.179214838,0.090972,215.3576055,16.30026564,41.3101864,57.55890841,6.417433,231.086554,18.25355979,37.39125559
Driver,114.0412491,0.8,-1.2,-0.590551181,45.18,-1.154,11.783,-1.331,-0.003,167.0590999,1.4649,10.509,-1.149,2114.56,0.245,548.5549186,89.26683219,-11.99662939,5.919202819,-0.137304953,1.109269642,0.074551,278.9944265,-6.000604221,34.45380262,66.40239025,6.539213,307.7212132,-6.569572346,-1.218477441
Driver,112.3836793,3.1,2.5,-3.700787402,51.229,4.968,14.401,-2.472,-4.972,160.8795634,1.4315,13.158,-1.839,2930.0,-10.865,543.2832773,119.4686231,-50.37262107,5.640441676,-0.195891876,1.333857587,0.074562,267.8851297,-35.06559936,43.44783203,63.98352112,7.338688,285.876671,-38.92147617,-79.57433787
Driver,100.8254295,3.833,5.621,-4.921259843,49.646,8.885,12.33,-0.397,-6.019,150.1697835,1.4894,11.156,0.456,2150.15,-32.784,413.9954274,57.06449511,-38.02629617,5.915510766,0.024236855,1.165740907,0.083057,223.6692178,-37.38102647,25.8853613,69.0551596,5.031657,262.4891589,-51.43937396,-117.4047123
Driver,73.30440229,-0.955,-0.477,1.338582677,48.416,-1.325,34.784,-16.384,-15.907,87.57068719,1.1946,27.333,-12.344,7120.0,-14.124,208.4161353,72.76942488,-54.68059454,5.457189972,-1.19561421,2.824161568,0.1475512,110.9382022,-34.89021847,47.54777373,52.03203039,4.936681304,116.3841183,-36.90530355,-34.71185601
Driver,99.80538654,0.1,4.5,0.039370079,46.844,4.489,21.189,5.188,0.688,135.2129563,1.3548,17.831,5.275,4510.0,1.427,418.036128,127.2321094,40.52116694,5.620707019,0.518560806,1.837266933,0.090874,204.3815094,21.78740615,50.8172138,62.36929337,7.036568,213.4222982,22.83151911,9.036487249
Driver,83.59654617,-5.3,8.5,6.181102362,57.048,4.997,7.962,-0.718,-9.218,108.9079277,1.3028,6.177,0.771,2350.0,-26.693,171.8028386,11.051789,-5.12591288,6.145262498,0.055951793,0.646919848,0.117643,101.0341732,-6.701374749,10.53536103,70.4839943,2.412785,152.1851226,-14.50575239,-24.17189508
Driver,107.5966356,3.8,2.8,-4.409448819,44.501,6.276,17.437,1.975,-0.766,158.299481,1.4712,15.533,2.146,3000.0,-6.516,529.4560009,140.5465301,-2.466237012,5.760640442,0.204710554,1.620810066,0.078342,257.3176414,-7.069460731,48.62874751,65.22009351,7.687361,270.7541365,-8.066793553,-50.08915251
Driver,96.83473515,-2.804,2.044,3.937007874,46.264,-0.643,7.128,0.946,-1.097,134.7317913,1.3914,4.252,1.266,3870.07,3.446,342.8679689,27.08007291,15.67692964,185.5848085,12.46609818,-5.297813088,4.5894,172.3811414,10.86885967,19.20429728,63.56769659,4.1294,208.2458868,14.99617588,21.19555048
Driver,89.01664281,1.644,2.641,-2.283464567,43.244,4.39,13.646,2.065,-0.576,133.8678865,1.5038,12.248,2.135,1860.0,-2.687,372.3865419,54.56029172,10.89954668,6.147482621,0.226955561,1.332171108,0.0971963,204.8900126,4.932443597,26.36693726,67.5436464,4.92696,230.3826037,5.207925962,-8.105318752
Driver,94.557534,2.936,8.504,-3.42519685,55.759,10.505,7.674,1.659,-6.846,141.1853525,1.4931,7.1,2.5,1420.0,-45.257,240.8493973,17.44565572,-3.663502954,5.869353141,0.23197937,0.716109439,0.086513686,142.6309425,-9.191437439,11.37402767,89.20618015,2.669469086,211.14569,-21.55759242,-46.1736957
Driver,78.08697208,-3.2,4.4,3.464566929,57.799,1.985,9.114,21.77,17.364,78.03104868,0.9993,7.043,19.662,2800.0,52.448,66.61629114,4.376920854,24.87997797,5.206327142,1.79610138,0.58099137,0.139361,42.2803148,17.32986073,8.678349074,62.79330127,1.251899,85.83268427,38.45667632,10.02974021
Driver,105.1941661,-0.776,1.24,0.866141732,49.945,0.588,24.857,3.27,2.029,137.9943629,1.3118,21.208,2.949,5014.69,2.764,419.3356531,156.0762498,28.56078647,6.365474748,0.333109893,2.531224435,0.103148,199.460902,16.5890899,56.32624999,67.214127,7.44103,203.7604055,17.00929004,19.0230042
Driver,104.5946671,1.896,6.629,-2.519685039,48.259,8.321,10.01,3.877,-2.752,149.2913386,1.4273,8.912,4.255,1720.0,-10.051,405.2272056,45.07048781,18.93830933,6.010408304,0.439284382,0.943120824,0.084246,220.5553309,6.155762973,21.65247749,72.85825167,4.686336,267.4475821,5.186394084,-30.6571373
Driver,100.7627953,0.647,5.568,-0.787401575,47.256,6.166,23.872,-3.585,-9.153,129.3658286,1.2839,21.001,-2.331,3977.62,-20.241,391.4575752,122.5558692,-61.69092812,6.118825072,-0.277796354,2.375438345,0.105401,196.3905492,-46.05222711,49.09664301,62.18556856,6.78875,201.7527155,-47.96990513,-114.7474772
Driver,74.59287759,-3.648,-10.917,3.267716535,60.113,-13.017,25.176,-4.894,6.023,94.8000179,1.2709,20.654,-5.946,4350.0,7.288,240.3691059,62.84233063,-16.76772742,5.248621888,-0.533564162,1.978713794,0.123412,129.6899714,-6.927576694,40.36558666,52.62720218,4.885178441,143.9045159,-7.161864983,19.57572151
Driver,84.40184324,-1.662,4.245,2.125984252,56.806,3.157,23.946,-0.824,-5.068,113.4269864,1.3439,20.507,-0.072,3950.0,-9.732,327.1461096,93.95559455,-16.86352485,6.192195909,-0.024073591,2.333230342,0.121676994,168.9068656,-14.06837645,45.60719639,57.82613092,6.008022635,182.0325427,-15.89086129,-41.57054488
Driver,99.20141374,8.015,9.856,-10.27559055,50.21,16.591,14.463,3.647,-6.209,147.142985,1.4833,13.319,4.78,2320.0,-45.512,383.2040121,59.50373831,-18.45340458,5.833702668,0.45458212,1.37415682,0.08430008,209.8903157,-32.30749785,27.32151208,69.24816004,4.814403772,247.0712487,-48.4795288,-148.4305555
Driver,99.16114889,-3.053,-7.227,4.330708661,46.806,-10.097,20.212,1.576,8.803,129.1604778,1.3025,17.763,0.572,3368.35,13.31,399.7453054,102.4528996,31.46521417,6.007900397,0.076166739,1.938706682,0.101547198,203.8998906,25.18966122,43.86471908,60.34383624,6.468947861,220.1105382,28.60419518,69.50532726
Driver,93.7746063,-2.825,0.816,4.212598425,44.803,-2.032,13.42,-1.044,-1.86,133.9030064,1.4279,9.962,-0.637,4626.94,6.746,391.8270051,71.63476403,6.860113303,197.3193605,5.203550281,-2.844189539,5.99034,193.7555158,5.02485628,38.25809424,54.75010032,5.82034,209.2364376,5.872105438,21.53370516
Driver,100.6531854,-4.939,1.598,6.929133858,40.598,-4.189,12.18,3.192,1.594,148.9311918,1.4796,9.941,2.978,3327.11,5.259,480.5172397,83.11569933,38.02802328,5.891111317,0.311216992,1.057464088,0.0831851,237.9672703,22.99761437,37.37288215,59.28116691,6.45028,250.1260604,24.67779776,31.98428953
Driver,96.4745884,0.894,6.269,-1.141732283,51.514,6.979,11.545,0.62,-5.649,136.2262885,1.412,9.653,1.646,2900.0,-13.459,395.7229524,54.07205722,-10.0097254,5.937181165,0.158055867,1.018047568,0.091601,206.0146558,-12.63567668,28.4407992,60.39987399,5.291118,235.8945029,-17.25950583,-55.61076441
Driver,91.32963493,-0.7,-4.3,1.023622047,55.575,-5.037,9.643,3.573,8.042,121.9707409,1.3355,7.736,2.08,2920.0,-1.788,305.5685399,30.64304051,9.28738574,6.183883108,0.222556985,0.84331741,0.106092,164.1294182,4.359824751,20.42741976,61.20432336,4.16943,201.6187156,4.969862773,-4.794007531
Driver,88.73031496,2.7,-4.9,-3.228346457,49.108,-2.635,21.246,-2.532,2.376,127.4657749,1.4365,18.307,-2.933,3750.0,6.396,393.145754,108.5986256,-5.206224813,5.982959599,-0.297653303,1.999861334,0.102901,198.2874228,1.349717276,46.53680233,60.42965498,6.595869,211.5821688,1.975450896,34.48114587
Driver,98.95087688,-2.624,1.396,3.385826772,48.898,-0.895,13.342,0.44,-0.956,145.6721994,1.4722,11.452,0.557,2740.0,-3.376,463.2857215,78.94919562,-2.602181215,6.209433883,0.057048037,1.275559822,0.0900971,236.8948669,-3.645191119,34.72912779,61.53993122,6.18653,252.7698437,-4.273724643,-17.84303877
Driver,116.7255727,0.83,3.751,-1.023622047,48.304,4.49,12.453,5.274,1.523,166.4502058,1.426,11.025,5.082,2380.0,7.339,558.5071734,96.85987559,67.41769467,6.23694976,0.559084636,1.237718441,0.0790284,281.8114919,40.42512184,36.30131934,65.48484138,6.80208,297.7741648,43.56278399,46.68338914
Driver,84.51145311,-2.9,7.3,3.503937008,53.341,5.116,7.005,-4.979,-12.279,113.7041428,1.3454,5.502,-3.04,2710.0,-5.902,225.8308791,14.91806616,-15.16865056,6.004454089,-0.324707235,0.576390428,0.109997,124.928826,-9.721739939,12.87408009,64.55262388,3.080236,169.6683514,-14.40085295,-9.308354514
Driver,102.8207767,3.171,6.08,-4.05511811,50.986,8.653,9.952,-3.389,-9.469,137.3373747,1.3357,9.012,-2.042,2220.0,-15.455,362.20523,40.62623446,-29.09131244,5.837169151,-0.219458935,0.926010389,0.089029,196.4714162,-22.25149554,21.74823963,67.29360982,4.531742,238.2154115,-30.45978893,-45.84517056
Driver,45.64915891,-1.3,2.3,1.614173228,54.555,1.367,27.121,6.334,4.034,61.11578382,1.3388,20.812,5.474,3860.0,5.14,100.1783556,21.46510359,10.32284664,5.8755393,0.571214287,2.112374672,0.215838,59.8703493,6.767152445,28.90206452,43.50593795,2.715146,77.70118465,9.049073135,3.184850792
Driver,86.77970651,5.454,8.469,-6.692913386,54.229,12.413,11.373,-6.649,-15.118,122.9091356,1.4164,10.445,-4.134,3220.0,-53.526,237.7838976,26.73463401,-45.7159309,5.918681441,-0.476158067,1.073215809,0.1015,135.3435731,-39.61275533,18.91261728,67.43512925,3.239999,176.9937901,-62.15013931,-90.54035738
Driver,99.17904438,-7.975,-1.416,9.960629921,45.801,-9.246,7.169,-3.119,-1.703,144.020893,1.4521,5.349,-2.913,2620.0,-4.155,386.3506367,31.11793044,-24.97330147,5.549062666,-0.284756393,0.527167869,0.0799232,200.4758486,-14.82511818,18.49162628,65.99790639,4.47387,240.4022032,-18.79474937,-13.93729968
Driver,102.0042949,2.777,3.069,-3.74015748,48.913,5.492,11.511,1.184,-1.884,149.8608626,1.4692,10.257,1.46,1910.0,-10.942,436.3719309,57.86825269,-3.889351703,6.006298707,0.145346472,1.089537761,0.084241,233.6429653,-7.640326129,25.9370819,69.3036602,5.235212,273.6329306,-11.37125097,-40.762988
Driver,69.83715104,0.322,3.521,-0.354330709,53.362,3.761,20.414,8.563,5.041,91.05225483,1.3038,17.487,7.775,2730.0,10.774,210.2361514,40.46755621,33.96942557,5.939559561,0.817524355,1.83975947,0.142289,120.0159855,22.37859045,29.33468545,54.72389049,3.990133,146.350441,28.52672979,18.66438053
Driver,87.32999284,2.751,-3.577,-3.267716535,56.836,-1.778,19.859,-3.188,0.389,128.5884932,1.4724,17.149,-3.253,3460.0,-0.521,400.1890518,101.812289,-23.07239336,6.174708498,-0.351081493,1.923249109,0.104543586,203.0733157,-12.43838477,44.2964437,60.01784107,6.4931764,218.7604295,-13.45210542,-2.749712678
Driver,88.06818182,1.695,4.156,-1.968503937,55.154,5.336,-0.361,-3.901,-8.057,124.7364889,1.4164,0.217,-1.638,2893.23,-17.438,62.19121728,0.302562309,-2.86275853,41.14787827,-2.613427769,-0.475600252,0.754346,33.44243552,-1.764656393,0.883729226,109.2893103,0.585014,87.17629446,-5.33073724,-2.427985399
Driver,108.2699535,4.9,0.3,-5.94488189,50.46,4.37,16.956,0.854,0.554,157.4053776,1.4538,15.604,0.747,2780.0,-0.279,529.385364,135.8978815,6.145838661,5.689386413,0.077593091,1.60595488,0.0778,259.9028961,2.87838852,47.26481591,65.2233148,7.588345,274.8810651,3.014706631,-1.530194341
Driver,94.23765211,-4.158,-0.2,5.236220472,53.843,-3.246,36.096,-1.799,-1.599,108.9173228,1.1558,28.333,-1.42,8380.0,-1.296,285.0456688,122.962884,-8.829697841,5.374676898,-0.135893529,2.943752761,0.1179592,139.3670273,-5.346757032,57.00224515,61.13994864,6.2977271,139.103862,-5.335299946,-5.681952096
Driver,102.3353615,-0.125,-1.184,0.157480315,49.031,-1.293,13.494,3.073,4.257,151.0943092,1.4765,11.886,2.553,2530.0,11.273,484.0393767,83.69012724,44.82626927,6.318082464,0.292097289,1.346526479,0.0885055,248.7003957,31.2828428,34.71182108,63.39404527,6.29299,273.9672697,36.46824476,60.78537192
Driver,90.76592699,-2.0,-4.6,3.385826772,35.834,-8.343,16.413,1.735,6.385,130.2404707,1.4349,13.774,0.893,3610.0,8.468,393.568074,84.60640952,22.83790688,5.807237813,0.089295313,1.441970168,0.095384,199.252693,17.0600319,40.72344839,57.51634037,6.128363,216.0674013,19.5031868,41.89193498
Driver,86.8960272,-1.051,7.707,1.338582677,55.71,6.99,0.563,-7.304,-15.012,122.7436024,1.4125,0.4,-5.796,1850.0,-41.837,17.62427839,0.06610403,-1.853508023,5.896938169,-0.620279115,0.02203395,0.099181,11.0806791,-1.211292496,0.406343189,118.1915904,0.188057,76.65182743,-9.052933872,-0.278410187
Driver,110.6187366,4.7,0.3,-5.984251969,49.228,4.436,15.439,1.901,1.556,163.5435308,1.4785,13.549,1.618,3102.2,1.4,556.4036832,135.433366,20.01230932,6.057991968,0.172383788,1.48141885,0.079017,269.2393476,11.26591625,47.21794935,65.13564861,7.683948,283.6030815,12.0175776,10.99778436
Driver,82.12464209,-5.421,4.454,5.62992126,56.935,0.912,19.886,1.227,-3.227,112.0467967,1.3643,16.722,1.66,3550.0,-5.616,316.8112587,70.91845438,1.028370024,6.076955918,0.168156983,1.833445849,0.117904,167.1677323,-2.088733179,38.516178,56.09240375,5.457686,185.4629776,-2.940291763,-20.79018717
Driver,109.1557802,0.7,2.5,-0.748031496,51.649,3.08,5.748,-0.033,-2.533,158.2567555,1.4498,4.899,0.388,2050.0,-15.895,403.9953888,28.56887754,-16.14064938,5.871460385,0.020253178,0.509243581,0.076957,212.5840721,-14.88818195,15.82052084,74.33445862,4.216109,264.8025893,-22.89701642,-48.97166427
Driver,89.62285254,-2.686,4.846,3.385826772,52.415,2.776,17.584,3.166,-1.68,125.580485,1.4012,14.379,3.445,4010.0,-2.998,376.121516,84.25650743,15.97047915,6.056491793,0.359884872,1.574628542,0.103593746,190.6464644,6.536608903,41.55287136,57.03895708,6.064719475,206.2368719,6.751035662,-14.77345278
Driver,110.3145132,3.9,1.1,-4.488188976,50.137,4.268,16.87,-3.351,-4.451,161.3853346,1.463,15.018,-2.546,3135.66,-9.643,548.6937395,141.461146,-57.13957478,5.653260534,-0.273942674,1.534783567,0.07516,266.9087554,-37.67714914,47.88560146,65.85021743,7.757785,280.7807176,-40.61178792,-77.70661143
Driver,98.2372942,0.6,1.6,-0.62992126,55.188,1.574,26.607,3.957,2.445,121.8190766,1.24,22.004,3.666,5590.0,1.025,340.5992503,125.0975967,22.67333856,5.814894041,0.37370756,2.396570522,0.107873,165.5821908,12.42253187,54.73164285,61.04881369,6.647072,170.3915879,12.8090091,5.518812428
Driver,84.76422691,-1.483,6.651,1.929133858,54.894,5.609,40.765,1.524,-5.127,95.143835,1.1225,32.496,2.826,7850.0,-3.744,237.055,107.0451547,5.223350978,4.46450796,0.213965271,2.867117744,0.1168328,118.1297237,1.683530727,56.31740194,58.09450115,5.769156458,118.9035513,1.684856391,-12.42622788
Driver,91.68083393,-0.649,8.947,0.787401575,54.767,8.488,2.554,-1.791,-10.737,124.5143611,1.3581,2.149,-0.425,1760.0,-65.298,54.27089576,1.066556856,-1.407226209,5.451238893,-0.068855498,0.178060815,0.090381132,35.30056848,-1.57103422,2.473894697,110.2904379,0.616558813,109.9526419,-7.804107679,-3.928216811
Driver,85.45320329,-2.5,7.1,3.661417323,47.721,4.605,1.676,-2.263,-9.363,124.1754653,1.4532,1.166,-1.184,1490.0,-22.084,62.08365358,0.683811859,-1.819775886,5.972353871,-0.137418084,0.107780044,0.099356,39.27865873,-1.471175643,1.505791461,108.137554,0.693431,107.171994,-5.207720121,-1.979421506
Driver,112.5178955,4.9,2.3,-5.590551181,51.968,6.216,19.404,-0.237,-2.537,165.4957051,1.4709,17.846,0.249,3600.0,-6.331,557.5995057,183.5910295,-24.8823084,5.809051694,-0.000429699,1.896696222,0.076548,262.5140351,-18.5886019,54.99354773,71.18967574,8.40543,269.685493,-19.38893528,-59.17923261
Driver,86.20481389,-3.007,0.176,3.818897638,50.458,-2.31,8.623,-10.154,-10.33,120.3031049,1.3955,7.177,-8.846,2320.0,-41.379,199.33653,14.68243242,-43.24962391,6.215635619,-0.988402741,0.763896404,0.107731,117.7653398,-32.00768225,11.75010789,76.10892772,2.58888,160.0055609,-48.88181114,-42.59648275
Driver,99.99552613,-3.1,5.3,3.897637795,50.941,2.666,8.625,-8.249,-13.549,125.6496063,1.2566,6.986,-6.19,3130.0,4.224,326.210883,31.96918627,-30.15186675,5.68276849,-0.608795121,0.703229133,0.094382,171.5578458,-14.24286341,21.16903766,60.15019154,4.351858,207.3355549,-16.27283592,12.82405435
Driver,48.99337867,-5.048,-3.342,3.937007874,73.496,-4.842,28.861,-6.85,-3.508,49.48058339,1.0099,23.856,-6.252,2470.87,-3.56,68.24363874,15.87769333,-7.510057801,6.346485298,-0.698985237,2.491086817,0.294113,42.16907397,-4.9132518,28.46053946,40.24110953,2.20144,59.03522514,-6.98598564,-0.969087663
Driver,115.1709019,9.5,2.9,-11.18110236,51.569,10.506,18.376,1.272,-1.628,171.1811024,1.4863,16.679,1.592,2931.54,-7.808,593.4435927,172.7316195,-13.88333077,6.326818104,0.168075734,1.919120044,0.080072,284.642822,-14.83507,51.50837877,70.35738669,8.344161,295.6515259,-15.99911805,-68.17968604
Driver,88.65202219,3.3,-2.5,-4.015748031,50.809,0.044,17.867,-3.831,-1.209,128.3672602,1.448,15.42,-3.619,3130.0,-2.778,395.809534,86.32376443,-29.58446412,6.033528801,-0.384029372,1.675162626,0.101261,204.3915415,-17.34056935,39.65075066,59.48732133,6.137967,223.7960712,-19.34293765,-13.35302823
Driver,104.8630995,-3.3,5.9,4.251968504,51.713,3.223,6.204,-3.722,-9.622,139.9404975,1.3345,5.256,-2.852,1870.0,-1.526,298.991391,18.77096207,-15.78865665,5.97667775,-0.298443568,0.548558897,0.088646,166.2295662,-9.179691657,12.09993135,78.57946131,3.343117,225.5172455,-12.80200736,-2.729954914
Driver,112.2338046,6.3,1.5,-7.716535433,49.126,6.882,15.424,1.342,-0.158,167.2769775,1.4904,14.132,1.466,2146.49,-1.687,573.1932072,123.680922,8.713757744,6.076900468,0.142922428,1.542854093,0.077574,289.3726331,3.075787083,41.60061762,67.92358867,7.324486,310.9664515,3.056240361,-12.98410277
Driver,94.51726915,2.786,4.09,-3.582677165,51.196,6.333,12.125,-1.596,-5.686,139.1533196,1.4722,10.471,-0.564,2680.0,-25.152,390.0855107,53.55825249,-38.82447614,5.819439595,-0.077917554,1.078686319,0.088058,206.7516715,-33.98131255,27.01405504,62.9758229,5.1012,239.7928035,-44.94636397,-95.91654964
Driver,106.6392269,4.244,1.448,-5.196850394,45.544,5.623,14.565,-0.573,-2.021,158.0889853,1.4825,12.836,-0.225,2765.03,-10.754,530.3167608,107.5882669,-31.05311172,5.943835926,-0.033514469,1.379607604,0.079877,265.4645895,-24.83443135,40.35685886,63.7024577,7.02512,277.4967894,-26.9311935,-71.3890119
Driver,100.3086972,-1.774,-5.55,2.559055118,45.136,-7.317,22.475,6.651,12.201,137.1745258,1.3675,17.627,3.993,7419.22,17.223,385.9811818,127.1220758,73.62964509,6.21680116,0.465915302,2.029963227,0.099559796,186.4487406,48.93945349,52.8803837,61.28577735,6.83110439,189.8583687,50.19308675,108.877823
Driver,67.05440229,-1.728,-5.666,1.653543307,61.22,-6.616,30.407,2.293,7.96,86.61685755,1.2917,24.914,0.708,4870.0,8.311,209.1217792,64.31170353,9.519741262,5.102723963,0.07620465,2.3635336,0.1358776,113.4350211,7.735769367,43.58683811,51.56400379,4.747569616,124.3639733,8.874178723,19.01030652
Driver,93.59117752,0.651,-1.129,-0.826771654,48.15,-0.545,18.648,2.027,3.156,135.3829635,1.4465,13.986,1.171,6360.03,3.964,394.5540881,108.8406841,18.61879734,5.761098714,0.123732006,1.477556094,0.091448,191.7173754,11.98687776,49.32522779,58.66739694,6.622046,198.6612333,12.60785567,24.2220911
Driver,109.3168397,3.0,2.2,-3.42519685,42.402,4.983,16.894,-0.491,-2.627,155.8558518,1.4257,15.06,-0.148,2888.49,7.452,524.2005296,128.0832631,20.94751665,5.125059779,-0.005798699,1.391926996,0.070482,258.9367796,17.10154049,45.66906968,64.58076649,7.430178,275.068446,19.03734442,53.30663591
Driver,86.90050107,-5.174,2.866,5.511811024,61.91,0.096,9.98,4.922,2.055,127.8496331,1.4712,8.185,4.674,2300.0,5.0,312.5481843,30.82431129,29.5020314,5.311445427,0.435828802,0.763017262,0.0866816,172.0059765,18.0011561,18.83375659,66.7849053,4.05123,212.6487015,23.25847785,12.00641842
Driver,102.7849857,-1.3,6.1,1.771653543,50.372,5.06,12.285,1.889,-4.211,145.7504921,1.418,10.639,2.46,2500.0,-7.583,448.127256,67.29984731,5.553293979,5.989533556,0.25085948,1.133083271,0.086575,233.1424942,-1.745704029,30.73552986,63.30876412,5.768679,263.5318754,-3.532245611,-35.25220729
Driver,99.91947029,3.457,0.182,-4.645669291,44.559,3.699,12.531,-3.14,-3.322,148.6708125,1.4879,11.202,-2.642,2090.0,-17.078,440.8691687,64.44917836,-45.41360916,6.038562839,-0.291161818,1.199137407,0.085683624,234.8222642,-33.87258385,28.41933725,67.19074167,5.477974597,271.1786566,-42.82849857,-69.37676825
Driver,71.77881174,-2.862,-9.498,2.401574803,66.855,-10.723,28.425,-3.627,5.872,75.10468862,1.0463,20.388,-5.314,6083.69,6.422,151.4158099,34.90363211,-10.81529602,5.052261625,-0.458114598,1.84817647,0.1500856,86.25116638,-5.234682301,33.67443858,46.85870562,3.568623145,99.64322899,-5.706313781,8.283438947
Driver,90.62276306,2.9,-7.3,-3.307086614,53.49,-5.341,18.49,-3.113,4.187,131.6168576,1.4524,15.97,-3.889,3420.0,11.166,409.4811687,96.84470853,-3.211557156,5.943282393,-0.390291198,1.715853077,0.097577,208.3569766,5.683615541,42.47325233,59.85079447,6.423414,225.4010344,7.453620721,59.39046111
Driver,112.7371152,2.402,-4.7,-3.582677165,39.136,-1.744,14.871,0.999,5.699,153.819345,1.3644,12.186,-0.269,4512.22,16.102,487.2166891,118.592826,51.01502283,6.347217685,-0.006896526,1.417484486,0.0876564,234.0507197,38.68701339,47.05788376,61.04976515,7.16879,244.813924,41.83387581,119.3109623
Driver,119.8617573,2.955,6.417,-3.149606299,53.949,8.571,12.153,3.951,-2.466,176.0144506,1.4685,10.691,4.351,2646.62,-9.695,610.2377724,114.5771152,14.10046832,6.547039562,0.485417337,1.268087675,0.0784049,299.0869123,-2.083473542,40.58966499,65.41819682,7.39427,319.892262,-3.844115125,-74.30261588
Driver,99.41392269,2.233,6.321,-3.031496063,47.803,8.347,14.381,-0.59,-6.911,142.8359878,1.4368,12.841,0.319,2518.32,-20.977,432.4436438,74.18983133,-32.99566281,6.039288466,0.015504815,1.381454705,0.089841,227.5158855,-30.63918901,32.72172194,63.33196172,5.815794,255.7029546,-38.45757923,-95.68165888
Driver,100.0380279,1.005,4.973,-1.338582677,49.361,5.836,13.523,0.574,-4.398,147.3027022,1.4725,11.928,1.153,2474.69,-16.799,455.1116062,75.06608634,-21.5313844,5.913530098,0.105494098,1.255850498,0.084954,237.1106864,-22.18805693,32.46964942,63.72726382,5.928902,266.7206312,-28.38447162,-80.80151463
Driver,118.678418,2.141,-1.227,-2.874015748,44.304,0.967,12.954,0.112,1.339,170.2230225,1.4343,11.44,-0.081,2580.0,0.534,587.4764951,113.1506034,0.804778848,5.916130557,-0.007910691,1.211949644,0.073384562,291.1706847,0.887782947,40.29401492,65.55043636,7.304144344,313.2911845,1.046056094,3.898238601
Driver,109.0685397,3.3,3.1,-3.897637795,50.286,5.897,11.854,-1.71,-4.81,156.0466625,1.4307,10.9,-0.985,2310.0,-12.728,491.2212702,80.47412883,-36.73122556,5.580045314,-0.122396821,1.084167314,0.075354,250.9741349,-27.89465191,34.08336789,63.26797099,6.219983,278.6908981,-33.50438879,-70.80856134
Driver,78.82516106,-3.793,-7.615,3.267716535,67.152,-9.215,19.009,-5.248,2.367,107.9927971,1.37,16.152,-5.564,3080.0,3.74,293.3383551,58.92688365,-23.73864391,5.884393957,-0.56598436,1.701469669,0.117926244,158.8108972,-11.59290601,34.22874017,56.28890708,5.011709403,181.3121793,-12.75748322,11.45565146
Driver,98.19926628,-4.1,5.3,5.472440945,49.83,1.766,7.195,-0.072,-5.372,140.6424481,1.4322,6.091,0.363,1710.0,-4.896,308.2844091,21.96065699,-1.118991967,5.800963841,0.033677728,0.616452711,0.085697,172.5089228,-1.900401838,13.38668294,78.71688052,3.475622,231.1595087,-3.629136058,-8.979684425
Driver,99.12535791,4.893,5.635,-6.535433071,49.688,9.801,14.382,-1.214,-6.849,145.4115963,1.4669,12.959,-0.151,2540.0,-31.154,423.7086379,70.83791441,-49.59165677,5.971530521,-0.041212828,1.375949602,0.087273,224.7918616,-45.59276669,31.28262818,64.35514776,5.588147,254.4843513,-58.05311381,-135.0374856
Driver,101.3466356,-1.536,1.69,2.047244094,48.807,0.345,10.933,-0.069,-1.76,148.2619005,1.4629,9.44,0.146,2220.0,-7.947,437.5318092,56.32289776,-10.97950178,6.192933753,0.009519426,1.037605904,0.0875722,230.6506898,-10.16396948,26.42357856,66.14286045,5.33892,255.0262251,-12.4291847,-32.25331366
Driver,74.71143522,-1.8,1.8,1.771653543,64.396,0.557,16.191,29.766,27.919,78.25675555,1.0475,13.368,24.493,4220.0,35.957,124.5364742,17.02884612,58.6934901,5.036728324,2.125060286,1.154659256,0.137543,74.33819672,38.9889874,20.08575643,52.05652077,2.549422,102.4138256,56.68857965,27.72068147
Driver,41.59359341,3.925,1.206,-5.275590551,48.29,4.712,15.156,1.715,0.508,62.64562455,1.5061,12.297,1.582,1780.0,1.634,69.30197944,7.94498331,1.986980721,5.40798319,0.150817451,1.062068857,0.183163133,43.86847913,1.317036847,14.40897076,51.91557307,1.628410072,79.06768151,2.459885627,0.317931979
Driver,103.6350215,2.73,6.258,-3.228346457,52.074,8.387,-1.15,5.352,-0.906,141.7886543,1.3681,0.263,5.682,2042.77,12.235,185.7715141,1.459080955,23.29914271,133.2197301,20.24314472,-2.996823766,2.50578,93.72358442,12.8493408,2.010781431,99.1367833,1.62578,151.5291303,22.81607488,10.78357429
Driver,99.77854331,-3.0,-0.8,3.228346457,52.478,-3.806,13.893,-0.337,0.593,146.0247405,1.4635,11.8,-0.354,3037.22,3.228,468.6445702,89.52301215,4.499424025,5.9428763,-0.039669534,1.257658823,0.086212,234.3599143,4.620970566,39.16413728,60.25983934,6.503321,254.8141566,5.51965451,18.20572895
Driver,88.98308876,2.338,-5.842,-2.952755906,48.907,-3.801,20.882,2.144,7.986,125.8413117,1.4142,18.839,1.193,2787.35,14.932,386.0469878,95.77071116,33.25052256,5.84853218,0.13737302,1.999025459,0.101959,202.6358638,26.90752476,41.27281862,61.35493496,6.217525,222.1567532,31.29100984,68.16035618
Driver,96.43656049,1.0,-1.6,-1.141732283,53.507,-1.414,48.314,-4.119,-2.342,93.81867394,0.9729,38.552,-3.327,9060.0,-1.649,224.2975911,122.6026574,-13.78410293,3.722572854,-0.226633808,2.99433794,0.10667,105.4976651,-8.247561894,62.20393508,61.36379672,5.963113,102.747272,-8.020591737,-6.389692878
Driver,95.6670544,-0.7,-2.7,1.023622047,49.581,-3.348,30.342,-10.095,-7.395,112.7306281,1.1784,27.239,-9.02,6310.0,-7.811,305.1450434,127.3087176,-60.08829019,5.721117802,-0.933089896,2.991004574,0.119973,149.254809,-35.99921182,56.39792376,61.94219217,6.477043,151.9487788,-36.73652339,-38.53444925
Driver,95.14137437,-2.301,-6.21,3.149606299,49.315,-8.19,14.141,0.838,7.048,132.5666607,1.3934,9.791,-1.081,6231.65,15.29,374.0193525,73.97251679,28.32360235,6.107340805,-0.090526135,1.094457571,0.097444046,184.1111465,23.18914628,40.52655441,54.04909509,5.819724417,196.0167641,26.10387976,79.892336
Driver,92.68074445,-5.195,6.27,6.653543307,50.61,1.988,9.117,6.115,-0.155,133.9070329,1.4448,7.387,6.134,2300.0,1.231,336.3661378,31.26140064,36.9381147,5.787299814,0.619342929,0.7514302,0.090151,182.661001,20.5940035,18.60633178,67.62497239,4.172985,227.3878967,25.91998997,3.247397846
Driver,107.7353257,1.1,5.1,-1.417322835,50.687,5.934,5.744,-1.061,-6.161,156.0350304,1.4483,5.23,-0.248,1320.0,-25.193,324.6340414,20.26156409,-16.87601248,5.698126051,-0.038163853,0.520558215,0.07573,180.5822889,-15.61674341,11.98184006,85.50549543,3.304158,244.2546835,-26.67283029,-44.51367752
Driver,100.2863278,-3.235,1.527,4.527559055,41.118,-2.185,13.371,5.028,3.501,148.3885111,1.4797,11.42,4.602,2940.0,11.728,475.5973315,84.13896378,64.26424941,6.121766599,0.502718995,1.257307171,0.0871981,240.4424151,41.43575289,36.32076683,61.02575263,6.37199,254.6985978,45.14250466,66.89759639
Driver,111.0661238,-6.729,-4.37,8.503937008,49.574,-10.138,11.478,-3.576,0.794,157.0467967,1.414,8.459,-3.71,4711.06,1.607,503.1950643,105.4415975,-26.18229223,6.358008101,-0.409169768,1.000290923,0.08494,238.2347831,-11.36395437,45.30540626,59.14866711,7.04729,249.8170469,-11.76131933,12.17293902
Driver,116.7524159,7.1,2.5,-8.464566929,49.798,8.594,18.657,0.161,-2.339,173.5023712,1.4861,17.36,0.443,2280.96,-8.61,612.1034197,167.499542,-24.18933216,5.624975677,0.037054946,1.771929286,0.070314,302.2721678,-20.87273285,48.34810483,71.58672289,8.213814,317.0834572,-22.74022375,-69.61085283
Driver,105.3082498,4.768,2.621,-6.25984252,49.509,6.705,12.64,-0.884,-3.505,151.1837867,1.4356,10.749,-0.026,3106.37,-15.745,483.4219164,83.8662932,-38.25662731,5.11284979,-0.012875719,0.981443991,0.071196247,242.1400198,-31.22505827,36.44248243,60.64555435,6.397071018,264.9140681,-37.01279628,-93.34827854
Driver,108.7218146,0.1,0.9,-0.118110236,49.305,0.897,14.426,1.916,1.016,159.6772101,1.4687,12.877,1.948,3580.0,1.445,535.0886367,131.3114959,21.20318216,5.554290266,0.174399779,1.29132411,0.073954,257.013968,11.80305462,47.84159726,63.65391213,7.5917,270.0608047,12.54650615,9.206738812
Driver,100.0894775,2.074,0.087,-2.598425197,47.428,1.994,14.946,2.012,1.925,148.6330082,1.485,13.246,1.749,2537.97,8.282,482.1511016,92.06000535,32.20632995,6.380264382,0.203024445,1.520406468,0.0913963,247.6865349,22.76737678,37.04861109,63.44384096,6.48392,262.4345436,24.96844889,45.6873513
Driver,91.05449177,-2.752,-7.779,3.031496063,50.955,-10.014,13.877,2.559,10.339,132.4507874,1.4546,11.91,1.285,3060.0,21.638,382.9473961,62.23564443,42.53393062,6.345570267,0.165936674,1.348531369,0.101537,200.455465,34.69036758,31.55738392,59.40695959,5.43211,224.7541827,42.59666227,90.76240875
Driver,97.71608805,0.988,5.879,-1.299212598,47.278,6.792,6.29,0.276,-5.603,141.6132785,1.4492,5.686,0.921,1240.0,-22.409,254.158836,15.37629513,-3.894579272,5.939613846,0.083007163,0.582478398,0.087033,148.1869661,-5.962036633,10.17654645,89.12275071,2.7601,217.7816661,-12.85730758,-25.02379194
Driver,94.11685755,-2.8,3.8,2.519685039,56.917,1.601,16.827,3.612,-0.282,136.4980762,1.4503,13.272,3.869,4820.0,0.469,412.0891301,103.7779846,26.86600467,5.95900016,0.383136053,1.441733695,0.093404,200.8405031,13.84648368,47.17008539,58.20060766,6.634445,211.637644,14.62705313,0.886085439
Driver,99.7964388,-5.659,-8.474,9.094488189,37.67,-15.849,10.561,0.343,8.817,137.118155,1.374,7.017,-1.618,5496.74,13.512,374.2223524,52.55459829,18.90764512,195.3705921,19.80551031,-3.60990809,5.33831,189.5346907,18.38998477,30.50149035,58.65015554,5.09831,210.8497224,23.45843036,71.12712583
Driver,104.1607015,0.83,1.259,-0.94488189,52.712,1.891,12.715,0.645,-0.614,156.540578,1.5029,11.666,0.7,1632.81,-5.345,437.7084266,72.60908668,-6.062700289,224.6338368,-5.951965491,0.436679695,5.36155,225.2569416,-5.986504886,34.45679221,66.77633793,5.3847,254.0444745,-7.669223152,-26.21115097
Driver,92.72324624,-5.168,-8.288,8.74015748,39.216,-14.651,12.898,-8.573,-0.286,127.4234968,1.3742,8.795,-8.507,5190.28,10.967,339.6676532,49.63732454,-31.41184149,178.8213309,-12.33827337,-1.974922983,4.94507,175.3549059,-12.30553948,29.96282827,58.81651948,4.80507,197.8542119,-12.51678315,41.11857379
Driver,76.97521475,-5.441,-3.86,4.881889764,65.542,-6.343,19.55,0.034,3.894,105.2494184,1.3673,16.431,-0.487,3300.0,5.601,281.2423606,57.78173451,3.721555155,5.327733548,-0.039266468,1.569582464,0.109620867,151.9382103,4.250589289,34.6264848,55.20174737,4.928457412,173.3433533,5.529600777,16.62405619
Driver,111.130995,-4.349,-0.582,5.866141732,43.478,-5.182,9.655,1.82,2.402,164.5286775,1.4805,7.791,1.495,3090.63,9.665,544.1213593,81.57671955,41.90550607,5.968231464,0.164690206,0.842675525,0.0757741,265.6520115,28.55012308,35.2038041,60.69483378,6.61388,279.9199844,31.24591464,64.94928792
Driver,101.5188797,-2.883,1.965,3.779527559,48.416,-0.596,12.626,0.344,-1.621,150.2550107,1.4801,10.468,0.576,3236.48,-5.888,488.9718003,87.35148176,-10.47062305,6.213518755,0.056108896,1.17468821,0.0871722,242.0993387,-9.70679886,38.24005373,60.11424102,6.55126,254.8022996,-10.80607361,-36.41447505
Driver,108.8784001,6.1,0.9,-7.637795276,49.295,6.234,14.933,-0.651,-1.551,162.513869,1.4926,13.903,-0.445,2180.0,-8.733,545.64063,112.740228,-25.92817402,5.714353414,-0.05168829,1.424610566,0.074961,277.6840249,-20.48462321,39.89906423,66.82464884,7.02782,301.077453,-23.60985376,-54.99963174
Driver,97.79661775,4.434,3.924,-6.614173228,46.772,8.103,0.316,-2.942,-6.865,131.0019238,1.3395,0.868,-2.025,1392.39,-12.149,64.71755311,0.487895517,-2.986692471,81.29596162,-5.137481744,-2.238087409,1.48971,39.15801182,-2.020909309,1.103003636,112.720285,0.65971,97.17093074,-5.677450231,-1.913462754
Driver,86.02138511,-2.047,-0.789,2.047244094,61.879,-1.883,19.508,-0.711,0.077,119.8821135,1.3936,16.845,-0.722,3170.0,0.199,357.4033422,81.66350923,-4.0580492,6.197056462,-0.07778623,1.889929446,0.112236,186.8672121,-2.07195582,39.64234649,58.32811126,5.87125,197.5213904,-2.176897527,0.848301462
Driver,90.96725125,-2.453,1.476,2.992125984,55.471,-0.213,12.969,-4.895,-6.371,128.8356747,1.4163,10.595,-3.884,3290.0,-14.81,369.4645188,55.91058905,-47.96323833,6.069841658,-0.427534042,1.145726511,0.099461054,191.8836659,-33.0131985,30.72356307,57.85257542,5.284319547,217.6155638,-40.09878978,-60.40087285
Driver,84.65685397,-2.607,2.865,3.543307087,48.76,0.577,2.837,6.443,3.578,122.3554939,1.4453,0.044,4.608,4058.17,23.114,176.4839528,1.509430508,22.69190565,4.97072725,0.416519763,0.011254929,0.0839358,85.47475452,13.01251748,2.510399316,80.54901722,1.76837,134.1602655,24.19403403,18.55085635
Driver,110.9587509,5.5,2.1,-6.377952756,51.994,6.519,20.521,2.264,0.164,165.1608357,1.4885,18.964,2.226,2553.74,-0.506,577.1124332,174.2817826,19.89350855,5.931214571,0.232491709,2.055478184,0.07874,281.956153,9.713687682,51.00194724,71.38701533,8.273859,293.9291636,10.08806396,-3.716017614
Driver,96.6714388,2.86,5.969,-3.307086614,55.592,7.93,11.785,1.638,-4.331,144.552389,1.4953,10.2,2.423,2530.0,-25.528,409.6544571,55.06502484,-19.56454992,6.047278655,0.234505844,1.091779146,0.088013,217.1611976,-24.41730155,26.78633715,64.56870476,5.183378,251.5311391,-34.10902171,-100.5543485
Driver,93.51288475,-1.3,2.3,1.811023622,48.228,1.139,17.76,1.091,-1.209,128.2444524,1.3714,14.664,1.401,3950.0,-0.871,383.5631794,92.71746348,7.148941295,5.729903868,0.138960771,1.523935654,0.09609,191.2315112,3.134008481,44.54594205,56.96077985,6.301184,204.6761746,3.273025271,-4.625518296
Driver,23.06057623,-0.816,3.632,1.023622047,58.685,3.135,21.659,-7.275,-10.907,30.17761274,1.3086,15.841,-4.247,1940.0,-17.575,17.4367506,2.52233591,-1.364390723,5.848016002,-0.462952606,0.84053242,0.420423,11.385656,-0.95448969,16.98284373,28.35507084,0.83234,23.97623993,-2.128813337,-0.334972737
Driver,91.88886901,-1.955,0.985,2.519685039,45.319,-0.95,19.09,3.586,2.601,118.6491142,1.2912,16.277,3.216,3340.0,4.438,349.0305072,77.81974038,26.19591063,6.321661404,0.360590553,1.860921924,0.11541,182.3027644,16.37301873,39.11471458,57.47924639,5.75999,199.6299994,18.41215044,18.48396372
Driver,95.62231568,-0.792,6.101,0.984251969,53.406,5.513,3.564,-9.601,-15.702,125.9766464,1.3174,3.078,-7.817,2310.0,-19.165,181.5513801,6.111930306,-29.64488529,5.97378751,-0.827583989,0.315635551,0.098208,104.2833648,-19.27862941,5.851814333,84.40797638,2.088145,169.7044807,-34.8425978,-15.4812836
Driver,25.08947745,-0.5,0.1,0.62992126,69.268,-0.298,32.385,-3.823,-3.923,28.8235952,1.1488,26.826,-3.047,2580.0,-4.665,23.99722266,6.103296787,-1.305823435,2.525340206,-0.138113994,1.091516887,0.203361,15.19889179,-0.884110804,29.07077626,26.47795759,1.286182,24.07489862,-1.431161298,-0.228989999
Driver,88.32990336,-0.264,-0.508,0.31496063,48.544,-0.741,15.844,-1.611,-1.103,133.4683697,1.511,13.482,-1.442,3138.71,-3.819,414.7361145,82.03073268,-17.81856837,5.571211305,-0.14369402,1.351999276,0.0889233,212.4190017,-11.73189015,37.9049799,59.24512253,6.12965,224.4111398,-12.7139526,-19.17243482
Driver,94.65148533,0.804,8.81,-1.062992126,53.285,9.409,12.049,-0.126,-8.936,133.8920455,1.4146,10.672,1.003,2350.0,-27.78,346.237468,44.19693744,-21.76019447,6.23898032,0.084653174,1.171729414,0.098224053,189.7531294,-23.57227984,23.47467793,66.14606468,4.528726459,228.6692105,-34.45069542,-80.59356481
Driver,99.54590193,7.27,10.152,-8.779527559,53.318,15.605,7.274,6.789,-3.363,144.4962419,1.4515,7.275,7.499,1010.0,-37.012,264.7447711,19.89508754,21.75242427,5.809922041,0.740547359,0.728957482,0.083660002,156.4222143,6.748070743,12.06083397,90.52727849,2.880705831,225.7973476,3.395063914,-41.11538587
Driver,102.107194,-8.037,-0.705,8.818897638,56.515,-6.065,10.112,3.361,4.066,150.7867305,1.4767,7.293,2.72,4326.08,12.518,472.0393003,77.72916838,58.20241304,5.508121969,0.273440693,0.734370595,0.0762405,227.2700302,37.51043021,38.13038337,56.55236217,6.34516,237.1210294,40.19611054,80.49286168
Driver,78.58357194,-2.851,-7.347,2.519685039,64.338,-8.718,15.596,18.059,25.406,77.03919112,0.9803,12.549,13.522,4090.0,40.85,111.7612558,14.02077665,33.12133223,5.28490982,1.283371705,1.122315493,0.1461688,67.33160862,23.73468009,17.87754331,53.07661779,2.274277824,97.76472561,38.0868674,25.03180483
Driver,41.04778096,-5.939,0.235,4.842519685,68.642,-2.097,30.375,1.295,1.06,47.78655154,1.1641,25.209,1.117,2450.0,1.227,65.47748886,16.15103859,1.329805433,5.886170506,0.117230202,2.466054684,0.285305,40.42339716,0.892952816,29.91804884,39.26080299,2.202684,57.64869535,1.309850253,0.314873881
Driver,98.2865068,3.963,5.157,-5.31496063,49.887,8.503,16.853,1.661,-3.496,143.9233626,1.4643,14.997,2.186,2749.71,-15.248,462.6846814,98.98314669,-15.76236583,6.001245604,0.21475008,1.617443961,0.089502,237.4960135,-19.36160907,39.65580137,62.83804529,6.580631,259.0357735,-23.43800853,-85.12898422
Driver,101.9394238,-1.789,-0.204,2.401574803,47.745,-1.83,13.555,0.368,0.572,150.8466804,1.4798,11.299,0.282,3382.87,2.101,495.9711691,98.35691919,8.283078654,6.023136309,0.031847783,1.233853285,0.0844102,244.0755654,5.816807616,41.05867346,60.38085768,6.83366,254.4909923,6.236023471,13.8473554
Driver,82.29017538,-3.019,-0.904,4.291338583,47.147,-3.708,0.946,-6.675,-5.772,116.9345025,1.421,0.316,-5.76,1290.0,-43.394,9.820345506,0.03030197,-1.004235133,6.050173494,-0.630490124,0.003254145,0.106770109,6.045427938,-0.629975325,0.292009468,114.7865225,0.106685542,70.33690632,-7.67980658,-0.070104987
Driver,108.5272011,2.6,0.2,-2.795275591,44.797,2.321,13.531,-2.178,-2.447,162.4098515,1.4965,12.085,-1.682,2391.77,-3.111,543.2580462,103.1426807,-25.21964794,5.835622872,-0.190287109,1.261986684,0.076063,273.5438785,-15.44757672,38.74035911,64.81499952,6.920988,296.9089173,-17.29667726,-22.27383989
Driver,91.19765569,-1.117,-2.683,1.57480315,53.29,-3.516,11.467,-7.371,-4.687,130.1753758,1.4274,8.806,-6.359,3671.93,14.559,336.6453817,40.35545665,-12.98127293,178.640738,1.614262122,0.297555226,4.36068,179.3028593,1.69758408,23.38103421,65.82355107,4.38322,213.5670733,6.049744525,64.63630752
Driver,103.0780243,1.254,-0.132,-1.417322835,53.226,0.805,11.326,-2.964,-2.831,154.7921886,1.5017,9.91,-2.557,2262.21,3.054,463.5437893,70.58378914,-17.11088174,230.4995555,-9.540742189,0.175877171,5.67688,230.7526081,-9.554480183,34.54461038,63.53099942,5.68677,257.2831615,-10.95338609,2.222488966
Driver,97.78543307,1.058,4.692,-1.417322835,44.186,5.782,16.429,6.93,2.237,140.7138064,1.439,14.46,6.63,2781.2,0.914,453.3151441,94.78294731,53.12087634,5.881214761,0.679881202,1.527063813,0.08948,232.0649702,28.43682155,39.30876022,61.97469526,6.493883,253.8939399,31.24797696,4.964952882
Driver,96.75644238,2.84,7.916,-3.897637795,48.28,10.45,14.52,0.689,-7.227,140.8442198,1.4556,12.864,1.752,2730.0,-26.909,415.0594877,70.81429525,-31.46352072,5.696051098,0.15249859,1.304519591,0.085908,218.4830617,-33.34523961,32.33140021,62.308925,5.661805,245.9512916,-42.81690316,-119.7935003
Driver,97.52147459,3.0,0.6,-3.779527559,45.075,3.151,17.381,1.273,0.686,142.6536775,1.4628,15.545,1.333,2600.0,2.444,462.703004,103.9086886,14.6740195,5.71412199,0.119676214,1.599717076,0.086179,236.4610836,9.441879822,41.28825889,62.86007384,6.707415,256.7690382,10.58758243,11.82865291
Driver,99.80314961,-2.0,-2.6,2.401574803,55.676,-4.443,15.815,-1.217,1.411,137.801539,1.3807,13.782,-1.356,2790.0,13.095,426.9804667,83.84348922,15.34533408,5.779478582,-0.127762823,1.426927571,0.089533,219.8552659,16.5777268,37.49104148,60.55633511,6.154073,241.6496704,20.22435361,65.28308399
Driver,98.74060487,-1.3,-0.9,1.88976378,46.76,-2.24,15.859,2.952,3.852,139.3785791,1.4115,13.935,2.654,3840.0,6.532,437.273391,104.93303,35.71392759,5.752005487,0.257700513,1.450840269,0.088331,215.3816156,22.80522901,45.30722891,59.43741044,6.750335,229.3758462,24.95022721,38.59109304
Driver,68.78131711,-3.983,2.437,3.582677165,63.004,0.404,15.789,1.774,-0.663,91.25760558,1.3268,13.208,1.865,2340.0,-1.502,182.1365632,24.99751352,5.327056472,6.100733942,0.196777044,1.393093513,0.142586,107.3990985,2.906573629,20.94890092,58.52901773,3.230292,143.4218902,3.684581332,-1.766853288
Driver,103.8833214,3.1,1.5,-3.937007874,49.224,4.335,9.689,-3.581,-5.081,151.3860057,1.4573,8.815,-2.775,1680.0,-22.999,392.5236379,41.83623633,-41.33567142,5.67329037,-0.287808131,0.878586515,0.07834,215.8194688,-31.82288193,20.26034369,75.17162868,4.449467,265.650526,-44.42266015,-64.35330765
Driver,91.77031138,-2.974,2.566,3.937007874,47.871,-0.128,19.389,4.155,1.589,126.7441392,1.3811,16.142,3.909,4095.74,2.555,384.0449726,97.49093002,30.89000343,5.866533042,0.403326498,1.721070763,0.100273373,193.2312097,17.63767927,44.90636117,58.45297808,6.365731521,206.8662383,19.11118361,13.43603464
Driver,96.81460272,2.925,3.643,-3.779527559,49.691,6.128,17.123,8.986,5.343,135.2458393,1.3969,16.128,8.592,1428.56,7.682,397.5907273,74.88586872,66.44583213,6.03648993,0.90719622,1.737495852,0.096148,220.5278255,40.74777958,31.43556434,70.24919808,5.394989,256.2217761,48.52114018,23.73455548
Driver,92.85075161,-0.586,-3.197,0.748031496,47.165,-3.74,18.128,1.168,4.365,130.7583214,1.4083,15.167,0.439,3950.0,4.842,402.3974962,97.52479144,14.0678556,5.825857857,0.050592976,1.601028113,0.095969,201.5555715,10.39142241,44.06281312,58.67903627,6.436188,216.3100673,11.64285956,26.54660522
Driver,95.76100573,-2.52,-2.121,3.897637795,50.017,-4.236,14.208,-3.701,-1.579,129.3233268,1.3505,9.957,-3.288,5480.82,20.814,345.7631589,69.93641004,33.28546378,171.0753765,34.56957205,-2.630193427,5.72731,168.0822767,32.96612367,40.43063111,53.25626371,5.56731,179.9383923,39.22245797,127.0949006
Driver,111.7170723,0.978,-0.405,-1.25984252,46.304,0.529,13.014,5.959,6.365,154.1027649,1.3794,11.48,5.123,2660.0,4.946,505.3745981,89.57374066,56.06112232,5.97435082,0.537535881,1.225763218,0.081925111,255.9162682,32.54705212,36.57140826,63.04824019,6.559349439,280.8265578,36.61723744,29.25233168
Driver,84.3257874,-1.706,0.686,1.771653543,57.222,-0.413,17.457,0.805,0.119,108.6242842,1.2882,14.88,0.788,2780.0,0.245,287.3322344,51.25443088,4.125521214,5.918943872,0.081700103,1.565491087,0.117082,157.5632733,2.39165926,30.48706428,57.50731647,4.723318,184.3716203,2.834498141,0.674258068
Driver,117.7903543,4.1,3.3,-4.724409449,50.614,6.655,17.617,-0.75,-4.05,168.6408375,1.4317,16.115,-0.26,3570.0,-9.034,571.1079395,173.77495,-39.13293975,5.906080276,-0.037444067,1.73235948,0.075645,269.6691907,-28.43435077,53.32348209,69.61716271,8.329396,278.2970043,-29.88357231,-81.65149155
Driver,34.90068003,-4.551,-2.185,3.74015748,63.933,-4.417,39.197,7.401,9.586,34.84050644,0.9983,27.123,4.139,4250.0,8.433,35.53026617,9.272573156,2.697594596,5.880778563,0.444789479,2.328285993,0.399636,22.09921932,1.847025885,30.0268475,30.58553681,1.600405,31.03888518,2.675632931,0.75824431
Driver,111.5336435,1.4,-1.8,-1.535433071,45.694,-1.049,13.893,-0.02,1.898,164.6259843,1.476,12.397,-0.246,2473.72,7.289,555.5909325,110.5106418,17.75955336,5.825402204,-0.020292551,1.293986535,0.075003,277.7814126,15.26312146,40.31931712,64.95283686,7.127241,299.8048847,17.67171103,49.3614979
Driver,100.633053,0.774,5.168,-1.023622047,48.068,5.863,10.944,0.896,-4.272,147.7594846,1.4683,9.67,1.442,2030.0,-16.851,415.9781188,51.60340409,-11.1291544,5.954358951,0.137899815,1.016703469,0.084552,223.5676312,-14.2273397,24.46705556,68.81820447,5.011417,264.1534322,-20.64621354,-59.51252338
Driver,101.9282391,-2.346,-0.037,3.149606299,48.099,-2.143,16.395,1.702,1.739,148.1529617,1.4535,14.026,1.472,3500.19,5.174,487.340041,116.2662896,27.14468208,6.161250179,0.164426067,1.5737391,0.0889654,239.5070007,17.88589758,45.27662324,62.03975264,7.13269,247.3999257,18.77401524,35.23385529
Driver,34.81791339,-4.471,-3.061,4.015748031,65.211,-5.131,32.986,-0.324,2.738,36.80095741,1.0569,28.344,-0.737,1700.0,3.002,40.82169433,11.12844209,-0.417831417,5.824613078,-0.068920091,2.523653602,0.376774,25.52131915,-0.227569379,31.33825094,32.79485102,1.757946,39.37050766,-0.30838273,0.30213008
Driver,85.18477094,-3.5,6.5,4.921259843,50.826,3.458,10.807,5.723,-0.777,119.0106031,1.3971,8.264,5.861,3010.0,-0.747,303.4656755,34.10937711,29.98286686,5.832451802,0.594782406,0.85351997,0.102741,160.5937147,15.68119645,23.37099314,57.27870684,4.350419,192.4021355,18.63968068,-2.164522713
Driver,74.73604152,-2.233,0.939,3.188976378,43.236,-1.439,16.203,9.556,8.618,106.8061024,1.4291,13.229,8.098,3490.0,16.496,269.3949472,44.30593545,53.17278058,5.394185112,0.777331855,1.26687837,0.107708536,146.2154139,35.12439477,29.19333741,55.12200003,4.469535944,171.5354996,43.60027842,44.34120615
Driver,100.3668576,-1.1,1.9,1.57480315,48.503,0.783,15.444,5.015,3.115,145.7983626,1.4526,13.349,4.719,3090.0,2.153,469.4253316,103.5392569,43.28725647,5.788324217,0.478329583,1.391587287,0.084654,232.6183648,23.61736913,43.13705832,60.37118525,6.83343,249.8352569,25.64073062,13.49675577
Driver,100.9059592,-3.2,-2.6,3.818897638,50.671,-5.864,24.67,-6.417,-3.759,129.1108178,1.2795,20.4,-5.6,5520.0,-4.158,375.394721,131.5122292,-46.35419666,5.613585049,-0.571732978,2.126441325,0.096875,180.8983974,-26.51238225,54.37499399,61.39315531,6.978122,186.0347056,-27.38596966,-26.77162299
Driver,97.09869363,-0.001,2.848,0.0,41.432,2.848,21.475,-0.125,-2.974,137.2783196,1.4138,18.86,0.266,3600.0,-7.512,439.7285141,130.266903,-17.97002268,6.236341087,0.018732195,2.163136399,0.0998016,217.7014686,-14.82641109,49.24153152,63.6916333,7.16348,223.444067,-15.48834326,-47.5037899
Driver,99.85012527,0.8,1.0,-0.905511811,40.155,1.364,18.678,1.319,0.404,141.921752,1.4214,16.303,1.28,3350.0,6.828,459.926385,119.36952,27.93887232,5.832473408,0.135838421,1.72467527,0.088906,228.3581134,19.55416126,46.44296565,62.42025385,7.068453,242.739945,21.46045252,43.40061956
Driver,104.6998031,-3.318,1.211,3.622047244,55.183,-1.1,13.871,-1.239,-2.45,149.3642627,1.4266,11.776,-0.93,3140.0,-7.982,487.643715,93.80761585,-28.22262227,6.314562555,-0.11142822,1.341989024,0.0895572,242.9130552,-20.40580642,39.25754739,60.7507606,6.65984,255.0278022,-22.16535391,-49.42310738
Driver,108.252058,5.1,1.5,-6.102362205,49.487,5.875,14.19,0.784,-0.716,161.4423765,1.4914,13.139,0.879,2520.0,-6.781,544.1515965,113.1673993,-10.48508532,5.804208855,0.082943812,1.368277169,0.076446,272.3746227,-11.08952502,41.22717526,64.80549349,7.153712,293.3810614,-12.99486653,-45.78963458
Driver,86.19139227,-3.919,4.729,5.708661417,41.622,0.307,25.539,-3.617,-8.347,113.7488815,1.3197,21.173,-2.229,5133.77,-9.818,319.2979207,100.7849331,-29.89191022,6.317331301,-0.265388184,2.487086053,0.124473,161.9210541,-20.91120126,48.71897044,57.84933705,6.10651,170.1583753,-22.41726113,-43.95128461
Driver,92.64719041,1.107,10.397,-1.417322835,47.367,11.416,16.479,8.032,-2.365,136.9387527,1.478,13.476,8.513,4130.74,-8.488,425.4715587,98.35914918,39.92526086,6.41247383,0.937259832,1.573914889,0.100092,210.6123203,14.44630671,43.86565373,58.71577611,6.56479,218.2589389,14.4973761,-50.45151685
Driver,102.4136543,-0.9,6.3,1.299212598,52.701,5.439,17.982,-1.283,-7.583,141.3455172,1.3801,15.463,-0.121,3810.0,-8.542,441.8351581,119.1786151,-25.06858183,5.731966673,-0.022113865,1.61164697,0.08747,215.41479,-19.06499921,48.55512354,60.87381411,7.026786,227.1776737,-20.81178191,-55.83545654
Driver,95.16598067,-1.7,-4.7,3.070866142,43.068,-6.882,12.684,-8.093,-3.393,135.7158196,1.4261,10.562,-7.501,2970.0,-5.302,407.8927378,64.22427393,-62.88231456,5.894278548,-0.785737921,1.11073368,0.091601,209.0119827,-35.70196077,32.80194684,58.77769326,5.664782,233.7446965,-40.84832784,-25.5368592
Driver,98.01807445,-0.586,5.274,0.708661417,54.699,4.859,25.069,-4.126,-9.4,127.4228257,1.3,21.086,-2.499,5380.0,-3.941,373.3942077,131.527822,-25.29006395,5.760162583,-0.257564217,2.260675536,0.101221,181.8756956,-15.5809375,53.69712582,62.61103138,6.87841,187.705182,-16.20536598,-22.9954138
Driver,95.1861131,4.029,6.439,-5.354330709,50.767,9.736,19.035,4.566,-1.873,139.4445687,1.465,16.926,4.844,2943.38,-11.144,451.3548303,110.8549919,11.48076692,5.870912472,0.484792894,1.798367094,0.091312203,229.6503669,-2.092720888,43.4249123,62.8254801,6.818862015,247.3822965,-3.591144955,-64.43046956
Driver,105.1203472,0.5,9.1,-0.708661417,50.769,9.477,9.517,1.838,-7.262,154.7962151,1.4726,8.52,2.778,1970.0,-26.673,416.6774049,46.77926569,-13.94168443,5.955273269,0.26982682,0.895701325,0.080481,222.075613,-20.28381932,22.93355957,69.28062046,4.810223,263.5674293,-30.49891979,-92.93449437
Driver,101.0334646,5.872,0.065,-7.637795276,51.27,4.796,-0.311,-4.134,-4.199,142.2924123,1.4084,0.416,-3.642,1240.0,-23.745,7.000366065,0.028683404,-0.448962051,5.071453605,-0.330881654,-0.008718356,0.0734152,4.346415192,-0.282155945,0.570804606,140.406442,0.062835346,78.66998133,-5.248021444,-0.018225262
Driver,86.96537223,-6.107,0.029,6.732283465,53.27,-4.55,16.156,5.403,5.373,118.5491231,1.3632,13.35,4.692,3400.0,8.733,336.1656159,61.27989154,39.59509602,5.217197608,0.434356244,1.246934366,0.093696,176.6238684,25.40956121,34.00097127,56.40122151,5.30305,197.1541255,29.52371283,33.08094344
Driver,103.4694882,0.9,-5.1,-1.023622047,49.064,-4.461,15.583,-1.828,3.272,148.6256263,1.4364,13.955,-2.214,3420.0,7.829,486.4561026,115.1444104,4.443095598,5.8327623,-0.215118083,1.469506053,0.083901,239.22279,8.559997494,45.18030229,61.87081166,7.108965,254.480463,9.996004395,53.36801325
Driver,97.3805476,1.806,1.803,-2.047244094,48.316,3.412,15.049,2.485,0.682,144.8704814,1.4877,13.495,2.402,2240.0,1.868,458.3418338,83.51485877,22.22861121,6.376914042,0.268957353,1.541806737,0.0937657,240.5269306,13.04145833,34.47915034,64.75112399,6.12333,267.1234771,14.79589762,8.892651798
Driver,108.5629921,2.7,0.9,-3.070866142,48.881,3.185,16.299,-2.182,-3.082,159.4510558,1.4687,14.822,-1.875,3290.0,-8.032,538.5241671,139.9266724,-44.14898834,5.598471454,-0.191314757,1.500625808,0.075278,261.0324148,-29.46968265,48.3116219,65.3125127,7.713099,274.2600289,-31.73952135,-62.90329865
Driver,105.1427165,3.491,1.834,-4.330708661,52.226,4.544,10.604,-3.264,-5.099,149.6879474,1.4237,9.604,-2.535,1830.0,-24.577,399.7931142,46.91475705,-43.94211044,5.040093322,-0.234482619,0.852221297,0.070488062,218.5269633,-34.70425316,22.33045896,72.39224319,4.678428522,263.9337739,-47.49072437,-75.38273656
Driver,103.1406586,-1.289,-0.415,1.57480315,49.212,-1.527,12.796,2.926,3.341,153.5580709,1.4888,12.084,2.751,1116.71,-19.119,383.4425809,55.19991156,-9.800965432,204.4577113,-14.91030798,1.720609511,4.46272,207.6669114,-15.50894096,26.39301481,72.99765912,4.56347,248.7938821,-23.22475135,-76.29097131
Driver,99.05824982,1.0,4.4,-1.181102362,43.265,5.132,41.3,-4.113,-8.474,114.1544381,1.1524,33.668,-1.889,8830.0,-7.356,295.9846887,155.5947241,-25.10040721,4.28093778,-0.152244401,2.891556209,0.094535,136.3747423,-16.98567856,63.01679866,67.83166867,6.80427,132.8958458,-16.46538586,-37.54827446
Driver,96.41195419,0.002,6.046,0.0,53.904,6.047,15.87,0.787,-5.259,135.1469667,1.4017,13.46,1.62,3410.0,-9.029,421.2958669,87.09483097,-7.924104693,5.69104781,0.151857258,1.376707987,0.089827,213.3903507,-10.10488227,39.81571145,59.01004044,6.286324,232.0099948,-12.20369178,-48.38022591
Driver,105.9636722,-0.3,6.3,0.551181102,52.675,5.89,6.298,0.147,-6.153,153.9526664,1.4529,5.595,0.883,1450.0,-19.3,345.214208,23.9144344,-8.95115652,5.861048593,0.078785377,0.574733645,0.07904,189.5563105,-10.45934231,13.73464443,80.82899266,3.61722,248.322591,-18.12575581,-40.12450608
Driver,87.69013958,-2.001,0.509,2.559055118,47.666,-1.315,11.148,0.788,0.279,126.0683608,1.4376,8.176,0.724,3721.6,-3.673,353.4889471,45.70033034,-1.359808797,5.926715936,0.070577609,0.867096296,0.098564,180.7605356,-2.492015245,28.37413851,55.96386337,4.999353,206.8579646,-3.534946787,-14.32698537
Driver,90.52433787,-2.355,-4.926,2.874015748,46.556,-7.159,13.021,1.057,5.984,131.7537581,1.4555,11.275,0.355,2454.72,4.679,376.2585347,54.62083935,8.412096928,6.011270349,0.041430188,1.200854654,0.096381896,201.3930656,6.840349142,27.97423411,62.53379707,5.142078935,234.0878195,8.875061193,16.7793921
Driver,80.05100215,1.044,3.193,-1.496062992,46.33,4.19,15.025,0.479,-2.715,113.6450877,1.4197,13.079,0.871,2238.1,-16.324,264.7198404,38.28513779,-8.941542812,162.0031192,-11.67556535,-5.665077499,4.23466,150.3146931,-9.944661188,23.63455993,68.19083679,3.84466,188.2846808,-15.33228,-36.67042364
Driver,80.90774875,-3.7,2.3,3.346456693,61.907,0.181,27.154,1.254,-1.046,109.6476825,1.3552,22.128,1.595,7020.0,-1.388,290.4735275,99.22296567,4.379358619,5.597954154,0.137688878,2.315746422,0.115612,145.9712968,1.717136435,51.15692086,56.56281111,5.945298,150.523858,1.738544525,-7.038816325
Driver,110.5382069,-2.0,-2.943,2.598425197,47.228,-4.795,10.87,0.027,2.971,158.6504563,1.4352,9.184,-0.37,2727.03,2.95,513.0093492,79.65209874,7.707860835,261.5899189,8.170240546,-3.59425245,6.32136,256.1293383,7.740309584,33.42804525,67.56819651,6.12136,284.3218427,9.929906666,28.18017705
Driver,101.7045455,-2.054,-6.541,2.598425197,51.76,-8.16,14.785,1.889,8.43,148.0012974,1.4552,12.442,0.666,3860.9,17.669,469.4604248,101.9645241,54.38302155,6.143479211,0.092076123,1.37899591,0.088275797,230.7412651,41.16400467,42.84305305,59.84131404,6.768930345,246.8383544,46.30019591,115.5665918
Driver,85.00805297,-0.509,3.694,0.511811024,59.697,3.396,24.37,3.587,-0.107,107.9046618,1.2693,19.435,3.61,5283.19,-0.151,293.7645049,82.80179109,17.51225833,6.303845854,0.396629541,2.259522963,0.129516,151.5378876,9.348306344,45.18107673,54.99054554,5.63656,160.9572712,9.92143095,-0.580826226
Driver,94.67385469,0.9,-7.1,-0.984251969,48.862,-6.516,17.87,4.508,11.608,131.5613815,1.3896,15.228,2.478,4220.0,15.641,389.2360898,99.0028711,53.11816706,5.749625436,0.269144021,1.591649455,0.09428,193.0601681,37.37244115,45.82783607,57.57574875,6.422139,205.5757342,41.17681719,87.44482841
Driver,101.2795276,-4.492,-4.381,6.141732283,45.282,-8.842,14.635,-0.991,3.39,145.467296,1.4363,10.928,-1.67,5436.39,6.458,443.8447326,106.0904178,7.480370978,6.436855883,-0.176466004,1.30399032,0.093694,213.1118982,8.423919168,46.84117292,58.54244051,6.79836,222.2919351,9.239220876,43.87853986
Driver,78.14289549,-3.901,-9.3,3.700787402,60.61,-11.501,18.812,-2.189,7.111,104.1723336,1.3331,15.902,-3.162,3160.0,11.152,270.671419,52.21903551,-3.905632198,5.410616254,-0.286543164,1.536010823,0.112152853,147.9039818,1.926470223,32.36296788,55.46991281,4.699915835,171.4177211,3.693866048,30.24337679
Driver,89.82417681,1.716,-2.977,-2.165354331,52.633,-1.666,21.119,1.61,4.586,130.3881084,1.4516,18.144,0.855,3960.0,8.302,402.74172,114.4990977,25.5795758,4.84429876,0.079648785,1.603437816,0.081120368,201.033906,18.82057585,47.8739618,60.93351262,6.747398832,213.0123814,20.57256575,47.49547533
Driver,112.6207946,5.7,1.9,-6.732283465,51.288,6.539,10.775,-4.528,-6.428,165.2861042,1.4676,10.232,-3.55,1890.0,-29.186,481.6644523,65.13532758,-76.7775885,5.718075499,-0.395908443,1.03540265,0.072654,255.5118217,-57.84019871,26.9746501,71.14838769,5.449089,295.4586846,-73.82384053,-126.9561885
Driver,76.56138153,-5.447,-4.364,5.393700787,60.198,-7.495,28.609,4.82,9.184,83.20508232,1.0868,22.43,2.91,5290.22,23.251,180.4684717,47.85505227,25.20825629,102.1414591,22.68740834,-1.390776599,4.17187,100.2562226,21.90483911,37.51202003,49.68724254,4.07187,113.0576503,27.13114232,50.72949282
Driver,73.39164281,4.727,-4.207,-6.811023622,50.28,-0.268,10.706,-4.838,-0.631,101.5454993,1.3836,8.116,-4.562,2626.22,-16.264,171.1389336,14.55043498,-20.06017488,112.9137754,-17.65845764,-4.239336695,3.12693,99.2397953,-14.57862072,14.24034023,62.23069657,2.64693,139.1152201,-23.19943973,-20.17425603
Driver,102.59932,2.585,4.124,-3.385826772,48.969,6.376,13.389,-1.564,-5.688,150.5990515,1.4678,11.941,-0.778,2450.0,-22.745,460.7447927,75.21633117,-47.13137659,5.943260542,-0.098559531,1.262758114,0.083506,240.8369893,-39.82701328,32.06234132,64.56631546,5.904848,270.9761129,-49.57885092,-109.7946672
Driver,92.21322477,-6.3,1.1,7.992125984,48.859,-4.448,9.869,0.752,-0.348,130.2223515,1.4122,8.046,0.827,3270.0,-2.199,369.8392803,47.83679283,1.581885913,3.794916702,0.053235763,0.542851665,0.060755,187.8679872,-0.322441846,28.94381651,55.89690307,5.140506,214.0143451,-0.790069226,-9.101918282
Driver,89.58258769,2.843,4.709,-3.464566929,58.828,6.431,9.622,-10.014,-14.723,129.3591178,1.444,8.829,-8.213,2500.0,-49.174,244.4996921,22.80980051,-57.1920601,5.999575172,-0.894978649,0.915538143,0.097150062,141.5551731,-44.13400707,15.54706299,74.19842179,3.092155955,192.7270243,-69.64196987,-73.40300525
Driver,89.24033644,-0.674,5.72,0.787401575,54.991,5.248,14.957,1.752,-3.968,129.3376432,1.4493,12.916,2.29,2705.98,-9.166,380.8914395,64.95355228,1.396663593,5.033799046,0.19491363,1.157404887,0.082613348,201.3793334,-4.15997563,32.13044644,60.42573396,5.486094691,228.6613725,-6.336482681,-36.6045926
Driver,89.24257337,0.571,7.398,-0.708661417,56.084,7.782,2.287,-8.368,-15.767,119.964209,1.3443,2.071,-6.322,2450.0,-80.345,39.49471346,0.746041276,-5.054900981,4.962346712,-0.577489083,0.150023034,0.085385279,25.92713275,-3.798048317,2.329808679,108.6054483,0.464688341,99.17381313,-17.35078106,-2.852277987
Driver,58.6166786,-0.794,2.702,0.748031496,59.49,2.234,20.822,5.746,3.044,69.65640659,1.1883,18.088,5.331,1910.0,5.006,116.4925693,20.6431923,11.43958979,5.083069755,0.476795245,1.580741773,0.1592248,71.28858372,7.526468183,23.28690786,51.97109456,2.644360891,101.8142815,11.11550885,2.722671549
Driver,93.07444524,-3.6,0.6,3.031496063,59.691,-2.049,25.746,1.928,1.361,124.4890838,1.3375,20.485,1.568,6503.6,0.782,350.1077337,122.8731778,11.25540595,5.572066017,0.160316136,2.12529612,0.099946,170.7621457,6.310612771,53.72688399,60.87262373,6.641795,174.8024241,6.477125116,4.916453395
Driver,82.05306013,-4.1,-0.9,3.661417323,62.507,-3.205,31.283,0.018,0.918,104.1477273,1.2693,23.673,-0.235,7853.1,1.229,267.5865954,94.22047073,0.875000923,3.228543905,-0.012803024,1.428370764,0.070323,135.5822891,0.968982755,51.17977109,55.53893388,5.729219,138.8696986,1.011719966,4.575158464
Driver,96.74302076,1.476,7.08,-1.811023622,51.847,8.24,19.329,4.516,-2.564,138.1516195,1.428,16.573,4.936,3820.0,-7.754,438.75066,118.7233124,15.77136292,5.648857195,0.477457869,1.702545898,0.088622,217.0008596,2.433022061,47.54829798,61.76188492,6.978952,229.5976583,1.913344643,-48.73865034
Driver,104.1271475,-3.9,2.3,4.881889764,51.121,-1.067,12.824,3.331,1.031,144.3562097,1.3864,10.868,3.248,2810.0,-0.556,454.7475079,74.05764373,24.28757728,5.827302491,0.329648451,1.129627081,0.085131,232.5890932,12.22231672,33.79190979,61.19826903,6.055905,258.5223139,13.48106663,-2.871382166
Driver,73.35585183,-2.964,-8.556,2.637795276,65.055,-9.936,29.835,1.996,10.552,88.53055655,1.2069,22.652,-0.657,6634.48,10.805,209.3557298,60.13218145,7.200242615,5.158805827,-0.04130419,2.154860331,0.1322184,113.0993433,7.11850859,42.37154252,50.47744568,4.649322864,121.7537613,8.097861016,25.23698977
Driver,100.7001611,5.585,5.312,-7.165354331,46.073,10.716,14.0,2.413,-2.899,151.2674481,1.5022,12.326,3.003,2659.18,-18.432,481.0425365,86.00851183,-14.54250675,6.301192787,0.312344434,1.393906556,0.0883318,246.7223526,-20.98034031,35.42942308,62.98678384,6.32837,262.3651453,-24.44478698,-101.4901902
Driver,94.79241231,-2.585,-5.837,3.464566929,50.877,-7.941,11.515,4.988,10.825,129.9199177,1.3706,7.676,1.974,6258.11,26.207,340.5495391,50.15419415,59.13102299,6.109237823,0.251652463,0.856004248,0.098829186,169.9985368,42.86789041,32.38355687,52.86589809,5.013593703,186.7013247,50.55269772,111.5277583
Driver,115.7032928,1.6,-0.8,-1.692913386,45.569,0.22,13.062,0.307,1.176,167.8518701,1.4507,11.239,0.165,3060.0,-17.322,559.2502884,112.8241407,-54.20682783,3.488712319,0.001823372,0.699502418,0.04367,272.4517602,-42.78115056,42.28246251,63.00595802,7.253692,290.7578503,-48.30051754,-130.6675314
Driver,92.7456156,-0.187,5.082,0.236220472,49.293,4.921,11.886,3.591,-1.491,136.6832946,1.4738,9.604,3.879,3121.0,-4.524,411.3440126,60.10545089,19.25354556,5.539020943,0.371013859,0.950573872,0.0850432,210.3350266,7.292655044,31.09571677,58.75858735,5.58987,234.8191774,7.337723743,-20.83374004
Driver,105.3149606,-1.9,3.5,2.322834646,53.898,2.077,6.712,-0.059,-3.559,154.308563,1.4652,5.826,0.199,1470.0,-11.828,357.2888011,25.40737514,-7.659566716,5.800916401,0.013530315,0.591784337,0.078027,197.1514254,-7.727229586,13.89494075,82.46532575,3.71941,258.5197689,-12.90044664,-25.23420842
Driver,93.16615963,-4.544,-4.525,7.086614173,48.636,-8.537,8.538,-5.245,-0.72,138.9059145,1.491,6.862,-5.151,2314.78,-2.507,358.1722139,32.22964697,-34.64683273,6.29040069,-0.56697362,0.760773388,0.094427377,192.1516151,-19.64474257,18.69332218,67.96889162,4.303551137,237.0327334,-24.83813893,-7.21279855
Driver,80.00178955,3.664,4.425,-4.724409449,47.609,7.777,15.653,5.14,0.715,116.5217878,1.4565,12.953,4.974,3129.65,-0.307,312.2488157,51.95688287,29.33264989,172.4965807,18.30571878,-1.93320386,4.84035,169.0869874,17.85124098,29.34139392,61.91505649,4.71035,196.8740395,21.54409529,9.616451475
Driver,101.4472978,11.2,-3.2,-9.881889764,60.231,2.671,10.233,-10.441,-7.081,134.894864,1.3297,10.412,-9.384,1650.0,-67.175,219.4920988,22.42493026,-51.70793376,5.622845401,-0.931499659,1.005897652,0.087528,132.8030937,-40.41772471,15.0992597,85.80258853,2.622537,194.7302307,-68.78268567,-57.75130093
Driver,79.99507874,-1.719,1.853,1.771653543,55.013,0.65,17.378,-2.359,-4.212,100.9558429,1.262,14.759,-1.75,2690.0,-9.661,243.6309975,40.59341779,-14.00767759,6.077786754,-0.197267283,1.582418636,0.129351,137.4761295,-10.86842601,27.2956045,57.29137443,4.164956,166.8952221,-14.57033786,-20.03454163
Driver,111.2585004,3.1,2.3,-3.42519685,51.876,4.621,16.691,-1.313,-3.613,161.4041249,1.4507,15.2,-0.81,3300.0,-7.711,547.5471777,147.1733396,-35.082498,5.768994932,-0.096292948,1.588301517,0.076801,264.2902579,-24.76854151,49.33004275,66.2563482,7.859205,276.6902898,-26.62156662,-63.13895669
Driver,94.03185397,1.113,3.356,-1.496062992,48.819,4.33,21.156,11.048,7.692,134.3110236,1.4284,18.131,9.796,4330.0,10.917,413.6175371,123.596809,95.31638982,5.968974311,1.030678227,1.984143296,0.097402,203.522726,56.49076585,49.74639036,61.79817677,6.937349,213.7207785,60.00609985,67.20072088
Driver,112.8780422,4.1,2.3,-4.724409449,53.127,5.413,15.244,-1.702,-4.002,164.5450072,1.4577,14.038,-1.173,2840.0,-10.094,563.7165881,131.9392403,-44.07802973,5.962730069,-0.139021618,1.507894626,0.077401,277.1657328,-31.63474614,45.09880765,65.67097256,7.613468,294.0493707,-34.84223984,-77.97377313
Driver,86.9206335,-2.305,3.929,2.834645669,47.178,1.791,14.146,2.236,-1.693,124.3054313,1.4301,11.672,2.499,3070.0,-3.759,356.2584324,56.70766773,9.900919639,4.786561582,0.206138101,0.993425466,0.081349572,187.3220941,3.383299367,31.10869219,58.10042749,5.24959554,213.3770606,3.209270691,-14.35858384
Driver,108.1424481,-6.427,-0.893,9.842519685,42.119,-8.05,10.681,-0.148,0.745,160.4294918,1.4835,8.527,-0.244,3434.72,6.042,523.2615233,85.33914672,20.0189588,246.8925039,15.62764731,0.729378321,6.5336,247.5937719,15.7246549,39.6121591,57.3227938,6.56614,265.3719808,18.04897029,50.33035254
Driver,115.1418218,1.107,4.106,-1.338582677,49.245,5.06,12.971,0.302,-3.804,163.7365784,1.422,11.514,0.782,2490.0,-17.45,537.8349184,94.34862426,-35.3610337,6.054634688,0.067712623,1.252726714,0.0781008,272.726214,-32.18397285,35.96261172,64.88379019,6.66528,288.5897948,-36.13662927,-107.6314446
Driver,100.7985863,-4.615,-2.232,6.417322835,45.396,-6.798,13.889,-3.401,-1.169,144.2841804,1.4314,11.647,-3.254,3220.0,-2.316,463.9888874,87.4870329,-31.43158725,6.463734708,-0.369705408,1.359715003,0.0949068,232.3826875,-17.69245005,38.53497647,59.79236741,6.46566,251.2872965,-19.46158044,-13.53477184
Driver,111.3837688,4.9,3.1,-5.551181102,49.342,7.151,18.169,0.073,-3.027,162.834422,1.4619,17.342,0.44,2740.85,-7.752,564.0309752,157.0498712,-22.90117134,5.466364966,0.019508816,1.721454337,0.072835,276.8336063,-19.00179152,48.93021522,68.84430764,8.002188,290.5261951,-20.65960055,-63.36637761
Driver,99.38260558,-2.062,0.49,2.755905512,49.463,-1.274,9.31,-0.156,-0.646,147.616097,1.4853,7.969,-0.079,1970.0,-3.229,402.2896884,41.74378279,-4.330450217,6.193557756,-0.010822011,0.871154104,0.0875576,216.0421074,-3.746701529,21.07106293,70.37238812,4.68161,247.6442536,-4.831024002,-10.34658546
Driver,94.19515032,-6.347,6.298,8.74015748,50.401,1.018,49.624,4.347,-1.951,78.34645669,0.8318,39.047,4.9,8190.0,-0.985,176.5715106,88.39092484,12.18895916,3.444950342,0.292965794,2.796146815,0.1187784,89.00166878,6.894399786,57.26825622,54.17912025,5.093821242,88.82777366,6.8813334,-2.130607367
Driver,98.2865068,-0.2,-7.8,0.354330709,45.969,-8.572,19.481,-0.234,7.584,135.6478168,1.3801,17.16,-1.072,3360.0,22.426,414.9656221,104.4536487,40.79098941,5.614043235,-0.093606858,1.746227652,0.089936,210.6915411,36.98970932,43.71649553,60.61889226,6.528841,226.6293427,42.31589387,122.5914171
Driver,92.34967788,-3.326,2.792,5.157480315,43.746,-0.688,14.261,-2.696,-5.489,125.2731299,1.3565,10.555,-1.502,4830.92,13.043,349.1912301,63.35348717,13.7576453,178.9354193,13.32330825,-2.449563349,5.56302,175.5877225,12.70920901,36.72728581,54.08157685,5.40302,191.6606583,15.49175492,51.88574409
Driver,96.48577309,0.814,4.474,-1.220472441,43.663,5.327,5.701,-1.008,-5.482,135.0615157,1.3998,4.558,0.284,2309.5,-4.337,295.2574432,16.34305672,-2.766686888,179.472335,-3.970552423,-6.651578568,4.16893,156.9236117,-2.891760189,12.54923255,67.36457647,3.42893,202.2357001,-4.893582878,-11.00825451
Driver,101.6173049,-0.652,-5.019,0.94488189,44.508,-5.682,10.531,-3.996,1.023,142.0651396,1.3981,9.124,-4.127,1993.82,-7.323,367.7125365,44.22414714,-37.40561395,204.1796152,-25.09409387,-2.455420331,4.57861,198.43207,-24.10626389,23.19367233,71.7129977,4.39861,239.8168169,-31.16377455,-29.60661805
Driver,94.71411954,-5.527,-1.568,7.874015748,43.844,-7.351,17.227,3.559,5.127,136.1661149,1.4377,14.111,2.818,4320.96,12.398,418.1390297,100.8267989,51.20093635,6.14020934,0.318705916,1.579384031,0.0966073,206.9845024,34.60367404,44.70880391,58.80376229,6.57113,213.9710278,36.39406463,73.58685118
Driver,98.97548318,-4.562,-7.408,6.102362205,48.454,-11.462,12.284,-0.543,6.865,132.1329188,1.335,9.464,-1.723,3999.4,23.397,357.2215934,46.95638529,25.74760852,191.425224,27.30041635,-0.660554577,4.89959,189.7856109,26.82138741,25.21126715,62.3231243,4.8393,219.4439597,35.54582461,97.37509378
Driver,88.87347888,1.512,0.382,-1.771653543,50.002,1.651,15.389,-2.49,-2.872,131.9045276,1.4842,13.76,-2.139,2180.0,-11.381,383.6033038,65.19660133,-28.52179057,6.168893335,-0.240016533,1.511558471,0.0996963,207.7773804,-21.28084167,30.54144178,64.13448258,5.35751,228.5117911,-24.73533009,-40.65519017
Driver,114.184413,1.0,6.673,-1.25984252,47.629,7.586,10.954,4.369,-2.304,166.1444166,1.4551,9.222,4.777,2935.1,-12.86,553.612296,91.13516219,8.414063935,5.719179749,0.465421986,0.952978948,0.0721504,272.4257643,-6.734822288,36.75789856,62.07188027,6.80686,286.6028482,-8.602390492,-88.17455292
Driver,101.3667681,-0.5,7.9,0.708661417,50.486,7.421,14.155,-0.068,-7.968,138.9193361,1.3705,12.216,1.085,3050.0,-9.008,434.2194805,78.88114654,-10.29131919,5.751292181,0.100685239,1.256395592,0.087789,221.9539064,-11.28739986,36.22465188,59.98679716,6.116908,244.6667106,-13.92738364,-46.44836505
Driver,101.0088583,3.406,2.683,-4.566929134,47.613,5.797,19.062,8.493,5.81,145.5816034,1.4413,16.749,7.584,3570.0,10.646,474.6948202,130.4472963,90.71499273,5.793463731,0.775798506,1.764360081,0.086292,233.3914407,54.76348636,48.28999716,63.76293274,7.309435,246.0078548,58.62420715,73.0244857
Driver,87.31209735,-3.222,1.54,3.622047244,61.251,-0.23,15.755,-8.633,-10.173,120.8366142,1.384,13.406,-7.309,3210.0,-18.799,337.5116984,59.45599583,-67.47584261,6.090255545,-0.796806407,1.455876883,0.1076168,179.1254421,-45.43724024,32.52125682,57.61371737,5.201502132,203.3425311,-54.50368514,-69.07489715
Driver,112.5089477,3.6,0.4,-4.606299213,40.274,4.22,23.807,-2.872,-3.233,147.4709198,1.3108,20.953,-2.251,4230.0,-5.249,466.7508383,173.084797,-36.12174946,5.866732455,-0.250728065,2.281775272,0.088729,220.3591565,-22.59365774,56.81234375,69.66833652,7.895083,225.4252936,-23.26218066,-41.90020364
Driver,97.95096636,-1.281,-0.595,1.456692913,53.762,-1.534,15.757,-2.376,-1.781,137.3476646,1.4022,12.089,-1.978,5028.38,17.609,391.8465792,81.87596596,30.83665305,193.6661887,26.16095255,5.249851344,5.46145,200.5602623,27.98721411,38.33695454,62.63157941,5.74802,218.8381349,32.78064747,104.4758861
Driver,102.8341983,-3.1,5.9,3.858267717,53.379,3.527,5.831,-5.275,-11.175,143.8117394,1.3985,4.993,-4.219,1910.0,-12.32,310.3967351,18.90353988,-30.88797747,5.670743207,-0.424757888,0.495338465,0.081762,171.3472302,-20.32363245,11.98711463,79.23662279,3.386021,231.1231027,-30.32396343,-23.25514535
Driver,73.04044381,2.492,-0.367,-2.874015748,52.203,1.568,11.124,2.663,3.029,95.74467609,1.3108,9.109,1.944,2030.0,12.644,153.4446456,13.87672121,7.871537248,5.616312539,0.200815903,0.868440264,0.122968335,92.63475397,6.182894812,13.2824576,66.52038355,2.450335204,141.0148264,11.07669808,9.13177055
Driver,105.2277201,-0.955,-5.284,1.299212598,44.811,-6.245,14.318,2.29,7.573,153.2701772,1.4566,12.533,1.369,3040.0,9.427,507.9411584,103.6150025,37.3264078,5.827715922,0.14741755,1.310772238,0.080703776,252.7276524,26.57522586,40.86700504,62.19476739,6.915731336,272.712685,30.11881307,61.68938047
Driver,26.69783465,-1.1,-2.3,1.102362205,69.49,-2.814,34.334,-1.521,0.779,30.1369005,1.1288,29.016,-1.678,3010.0,0.961,27.61510413,7.694460521,-0.768774006,2.588901685,-0.076113789,1.25272475,0.203748,17.3058583,-0.493795255,31.70410639,27.36628226,1.446768,25.63994811,-0.724906056,0.038903684
Driver,89.98523622,-2.748,-1.718,4.015748031,47.138,-4.271,17.737,-0.986,0.732,129.4123568,1.4381,14.687,-1.101,3921.5,1.294,396.1979874,92.29835188,-4.551346312,6.182589417,-0.117049726,1.650306546,0.102644,199.3063148,-1.538170637,42.88723735,58.13613481,6.31779,213.5679833,-1.521052568,6.874946102
Driver,99.52800644,1.0,-2.4,-1.692913386,39.528,-1.479,21.904,1.651,4.089,140.1373479,1.408,18.948,1.046,4190.0,12.469,436.8544251,139.6238917,43.9055245,5.928701777,0.123497848,2.065914202,0.093145,212.2782452,31.86624157,52.06776048,64.22212317,7.299903,220.9668661,33.84490225,84.08902808
Driver,79.39781675,1.603,0.652,-2.322834646,48.136,2.089,11.95,-3.053,-3.705,111.8040891,1.4082,9.108,-2.016,3351.36,-2.344,264.0995516,31.06324395,-12.22542471,153.0477675,-8.958994717,-5.784620028,4.38106,141.2073438,-7.935356085,23.36068265,57.472855,3.91106,170.9125012,-10.4052709,-8.912462534
Driver,97.4051539,-2.356,7.806,3.149606299,44.5,5.407,15.457,7.922,0.116,134.0253669,1.376,13.211,7.907,2990.0,0.365,415.7134179,79.06022338,56.83606606,6.155125756,0.847131399,1.462044794,0.0978308,214.0757015,30.03849674,36.6426912,59.66242757,6.04868,227.192405,31.91191941,1.784466399
Driver,95.6670544,0.1,-4.5,-0.196850394,46.023,-4.546,16.838,-2.18,2.32,134.7532659,1.4085,14.967,-2.487,3470.0,4.747,423.429394,99.13876542,-6.707639713,5.631178625,-0.237545972,1.522177836,0.089792,212.6867974,-0.22742888,43.30577694,59.62595653,6.558053,228.9323572,0.295324376,27.00550936
Driver,73.62428418,-0.138,1.994,0.157480315,50.132,1.879,19.673,8.996,7.002,104.5353883,1.4198,15.608,7.47,4478.8,19.992,267.0725374,62.0574139,68.99221575,131.3505196,46.69632959,4.033960893,4.82141,136.0582028,49.38937146,41.29939143,49.72069282,5.08344,147.8415883,55.8990135,97.46472886
Driver,96.80789191,-3.7,5.5,4.645669291,52.355,2.576,6.614,0.584,-4.916,139.9836704,1.446,5.594,0.915,1570.0,-6.554,292.6878041,19.31757357,0.879368563,6.138815645,0.093373946,0.599044049,0.091127,163.4573198,-1.059915028,12.52207829,78.63622439,3.292336,221.4847818,-2.820430414,-11.00996593
Driver,61.03256979,5.401,0.94,-5.787401575,59.804,4.095,14.603,-0.164,-1.105,79.40475125,1.301,13.069,0.025,1218.03,11.402,98.04082355,11.8279803,1.166459929,73.92371494,1.39298915,-3.87236965,2.22643,62.26436434,1.058704643,15.27166987,64.67958562,1.83643,105.6202518,2.21895596,3.09462155
Driver,94.38305297,-2.744,2.373,2.992125984,57.407,0.617,16.149,0.938,-1.435,136.891777,1.4504,14.253,1.089,2586.0,-2.762,429.2846039,83.67579963,2.981432136,5.553321536,0.103336377,1.421752027,0.0866304,223.925063,-0.147303771,36.35493263,61.99368171,6.12386,247.0532311,-0.580860103,-13.20924618
Driver,95.5865247,3.146,5.538,-3.937007874,52.104,7.99,18.075,2.68,-2.858,140.968146,1.4748,15.767,3.144,3290.0,-13.741,452.5649704,109.1644334,-9.624988106,5.773694951,0.30291716,1.645287056,0.088310544,227.5061145,-15.26674879,43.80829843,61.71679958,6.823285416,244.0608405,-18.00143173,-83.08007358
Driver,88.98085183,-2.425,6.491,3.070866142,50.958,4.522,47.143,-28.529,-35.02,64.64745884,0.7265,38.908,-19.36,6770.0,0.243,130.9688698,60.05131215,-38.47574109,6.776448167,-2.245220614,5.327410452,0.2894536,69.87504906,-23.06978091,52.29759691,47.39793352,4.181840106,72.87741454,-24.05953543,0.298752232
Driver,86.13994273,-0.238,8.153,0.275590551,58.731,8.009,6.477,-0.541,-8.694,121.4526664,1.4099,3.874,2.856,5144.58,8.076,186.1540226,7.43000767,12.41597287,137.600166,11.92763841,-5.227476346,3.10194,108.8321454,8.571415331,6.884520581,78.68184306,2.30194,160.0171011,14.10908777,9.464839493
Driver,103.8296349,2.208,3.284,-2.637795276,52.738,4.965,14.328,6.148,2.864,155.2210093,1.495,12.668,5.743,2630.0,8.518,514.9907891,99.50326624,71.3780604,6.372050621,0.646376374,1.456012213,0.0872059,260.5547414,43.41245863,38.4775068,63.66151951,6.78349,282.2856334,48.36832472,52.45861824
Driver,94.35173586,-1.2,-4.0,2.125984252,39.902,-6.259,17.271,-1.401,2.752,138.6325608,1.4693,14.548,-1.76,3790.0,7.129,433.7525055,106.4701612,5.051935196,5.985832803,-0.181848455,1.57873593,0.092741,214.6329057,7.656908412,45.47380452,59.66694592,6.752457,228.485024,8.855381586,42.72333884
Driver,89.02335361,1.6,-3.4,-1.692913386,49.903,-2.651,22.042,0.399,3.938,118.0628132,1.3262,19.248,-0.115,3340.0,-3.253,349.9435565,94.02315027,-6.76176639,5.806361762,-0.02300636,2.039710559,0.108429,180.8492769,-5.385653964,44.21756623,58.5582782,6.106541,196.0972175,-6.132238641,-15.06844976
Driver,91.5063529,-4.6,0.2,3.937007874,58.35,-3.253,22.566,0.369,0.246,127.779617,1.3964,16.84,0.353,7255.82,-2.385,357.1768383,110.6183563,-4.13973106,5.832507776,0.026023123,1.814305574,0.099762,174.5438642,-3.521279949,51.26325254,58.58921117,6.475221,178.9404909,-3.674020566,-13.78906304
Driver,93.79473873,-1.8,-1.2,1.692913386,53.307,-3.26,17.791,2.806,4.167,130.9612115,1.3962,14.306,2.142,4630.0,10.737,388.4718988,96.32687412,38.87799126,5.740832655,0.216394152,1.493301941,0.094167,192.3296577,26.68280221,45.52045164,57.30349163,6.374734,204.3815703,29.26415848,58.63534203
Driver,86.91168576,-2.047,3.494,2.362204724,59.745,2.3,6.259,-9.634,-13.128,115.3630548,1.3274,5.18,-7.902,2330.0,-45.616,137.4897369,6.943830375,-25.43278186,6.062510197,-0.869594754,0.524428401,0.109189804,84.11028314,-19.18949143,7.446147699,82.9226986,1.780363254,147.9459749,-39.91694351,-23.24651298
Driver,91.91123837,-4.3,-4.3,5.354330709,51.8,-7.912,13.648,5.208,9.637,127.4910523,1.3871,9.197,2.763,6392.42,3.449,356.60571,66.65485976,24.22557434,6.102890015,0.299913605,1.029875955,0.101101,176.4807349,14.05668852,39.14596566,53.11313577,5.60867,188.629778,15.33667797,16.680493
Driver,111.6656228,4.6,1.8,-4.921259843,48.465,5.323,16.887,-0.682,-2.461,167.5172244,1.5002,14.841,-0.19,3470.0,-6.257,565.7646099,160.3879152,-26.7676339,5.854271858,-0.032274221,1.576210764,0.074997,268.5259422,-19.31432326,51.69018726,67.65362273,8.119937,278.6711273,-20.49920741,-55.27817805
Driver,97.68700787,2.5,7.1,-3.42519685,46.809,9.483,19.124,5.002,-2.098,139.3058787,1.426,16.521,5.373,3630.0,-7.407,436.9676645,120.9116072,19.15336564,5.837727571,0.5377494,1.756469432,0.0909,214.2196305,4.320439221,48.69129358,61.34288603,7.03088,226.2170272,3.956565865,-47.2614273
Driver,103.0355225,-1.9,-0.3,2.440944882,46.708,-2.239,6.957,2.059,2.359,149.5671528,1.4516,6.037,1.793,1420.0,-2.867,337.8116678,24.20951312,8.614193125,5.725607124,0.177622896,0.604124132,0.079478,188.2348767,4.03450222,13.62159921,82.41533806,3.600741,249.9378954,4.718594184,-5.56720375
Driver,91.24686829,-3.9,-2.3,3.976377953,56.1,-5.077,17.016,-2.906,-0.606,131.490918,1.441,13.725,-2.687,4298.8,-1.269,398.8785381,93.56575535,-22.10065239,5.977927963,-0.296095461,1.488114846,0.097381,198.1375073,-12.10672906,44.14441386,57.53808305,6.373404,211.4655689,-13.04087076,-8.466377157
Driver,83.78444882,-4.9,1.1,4.251968504,66.656,-1.108,25.698,-0.991,-2.091,113.2426628,1.3516,19.52,-0.321,6952.29,-2.06,303.5504299,94.8436383,-6.503800541,4.646152662,-0.045488529,1.674228835,0.090796,152.4477202,-4.418455171,49.44941341,55.85130573,5.934712,158.0509245,-4.645173463,-10.6939791
Driver,82.56755548,-0.5,-6.7,0.590551181,68.194,-7.049,23.1,-5.866,0.924,87.63197924,1.0613,18.773,-6.048,3765.44,1.688,204.4026182,45.07233708,-19.85427509,5.369499707,-0.563435896,1.810102537,0.134906,113.917463,-10.90657101,34.20610258,51.00700543,4.197875,132.7704783,-12.56163071,3.304573778
Driver,104.0555655,-0.3,4.1,0.433070866,46.212,3.813,13.114,-1.326,-5.426,150.2406943,1.4439,11.489,-0.623,2620.0,-13.801,476.3376932,79.82978857,-33.55455489,5.816504913,-0.074075963,1.191360394,0.081784,244.7817989,-27.08223514,34.04881816,63.06094618,6.188404,272.1495929,-32.8309079,-73.3062477
Driver,85.82453472,2.825,1.851,-4.881889764,43.275,4.856,19.198,2.137,0.286,129.1130548,1.5044,16.968,2.095,2859.4,1.973,398.95726,101.0072482,19.61713958,192.2908055,10.28494457,3.164965546,6.26554,195.3777428,10.43954064,46.27044548,56.88066131,6.4261,208.8784875,11.11867841,9.901317708
Driver,102.8297244,2.6,-0.8,-2.677165354,52.079,0.691,14.937,-3.749,-2.906,149.6758679,1.4556,13.751,-3.368,1810.0,-15.879,459.8592022,81.68938685,-52.23570376,5.596931772,-0.347789358,1.37182892,0.079619,245.1968444,-37.4739341,32.8494636,67.90647101,5.901977,276.5774166,-45.11206979,-69.52021796
Driver,101.2437366,-6.856,-2.245,10.11811024,45.856,-8.946,11.796,-5.217,-2.972,139.1897817,1.3748,8.103,-4.617,5168.69,3.599,399.4084656,68.2755994,-20.20308566,203.3302188,-6.965214236,-1.965544562,5.64508,200.3490215,-7.001871821,34.74372047,62.01608572,5.52508,220.7666956,-6.729943993,27.41407759
Driver,80.33061918,-2.147,-5.671,3.661417323,44.487,-7.858,15.891,1.462,7.133,116.1757337,1.4462,11.631,-0.289,5287.68,27.304,274.3378086,45.50267381,34.1955756,148.529129,31.0339238,-0.967236632,4.34032,146.7774199,30.30676837,29.70949843,60.40149957,4.27032,169.7662171,39.75888374,93.09231384
Driver,101.6173049,3.114,2.657,-4.251968504,49.406,5.329,14.255,0.244,-2.413,146.9960183,1.4466,12.595,0.615,2480.0,-9.379,467.2409919,82.86863968,-13.43366922,5.970797353,0.056263343,1.342168016,0.086196,241.9928752,-13.35754772,34.6824122,63.61249181,6.193259,269.4615852,-16.63414662,-47.8507962
Driver,85.57176092,0.834,-0.472,-1.102362205,46.185,0.329,20.083,2.22,2.692,122.8881084,1.4361,17.048,1.768,3740.0,3.591,370.1661328,93.01976801,18.06352293,5.795154778,0.183280545,1.793821342,0.102599,188.9839396,11.62601295,43.60119913,58.34247696,6.202245,204.1868302,12.90975058,17.40267091
Driver,79.55216535,-0.54,1.492,0.748031496,49.779,1.035,18.309,3.096,1.604,113.0158375,1.4207,14.65,2.768,4119.4,11.055,288.1874375,59.26523678,27.87882596,159.2365432,19.83622601,-2.791845419,4.94599,155.1194236,19.08825358,34.00858799,60.06291788,4.77599,176.5950729,22.99873324,34.89570088
Driver,93.47485684,1.166,-0.421,-1.653543307,47.66,0.642,9.903,-0.363,0.058,132.5827666,1.4184,7.63,-0.378,2992.78,-15.989,346.2073809,40.49802379,-33.00676714,181.8502444,-29.10952351,-4.538395187,4.902,173.9347187,-26.46355569,27.28799971,57.11741591,4.572,200.5399032,-35.08064591,-75.98652019
Driver,112.956335,-1.275,-0.034,1.771653543,49.712,-1.116,13.96,-0.262,-0.228,156.9128042,1.3891,11.551,-0.225,3752.94,2.715,474.1693231,122.216529,9.410960941,161.2761779,3.603670716,40.12313465,3.97401,219.9515531,6.738853883,52.05012976,71.43992139,6.54981,229.5324001,7.258150013,22.80642584
Driver,97.26870079,-3.093,-7.263,4.05511811,45.881,-10.267,17.587,7.56,14.823,126.7184145,1.3028,14.37,5.099,5022.49,6.402,371.5135669,90.92195259,46.20893025,5.976520552,0.540879324,1.563654039,0.101463,185.4024929,27.56135645,44.67866488,56.70888303,6.18795,196.955377,29.77947038,33.47212257
Driver,98.32006084,-5.043,-9.144,7.165354331,45.421,-14.132,8.974,-4.996,4.147,137.5085004,1.3986,6.067,-5.867,4140.11,8.419,389.2849249,50.19265823,-21.19445673,204.2552837,-4.793722539,-6.189823744,5.5258,194.1307577,-5.454601717,29.41044919,58.86969433,5.1158,218.7292152,-3.970196988,43.23031897
Driver,101.579277,-1.395,1.311,1.811023622,49.464,0.118,10.322,0.971,-0.34,148.315587,1.4601,8.918,1.012,2070.0,-1.646,426.1901936,50.74277158,5.21941698,6.283818857,0.109746425,0.992347383,0.088678,226.5958836,1.973949975,24.30784133,68.00649758,5.09012,253.9329612,1.95465493,-6.084901026
Driver,82.85612026,-4.9,0.9,4.37007874,60.393,-1.929,30.555,-1.474,-2.374,106.1130995,1.2807,23.829,-0.907,7090.41,-2.825,277.2623598,98.99397067,-8.915995835,3.222489641,-0.054349385,1.436089906,0.068942,139.8072203,-6.007253168,51.75575095,56.50708483,5.869724,143.9006711,-6.23839442,-11.38640842
Driver,95.67823908,1.323,-2.815,-1.88976378,47.521,-1.603,9.565,-1.594,1.221,134.0345383,1.4009,8.138,-1.808,1920.0,5.441,323.1401519,30.95214627,-5.964407031,6.202854383,-0.191409435,0.883303294,0.096729995,179.7530262,-1.599387788,17.89706236,71.46567042,3.97614241,228.5124776,-0.861297181,12.21734628
Driver,102.7335361,3.14,-0.604,-3.622047244,47.762,2.251,19.302,4.067,4.671,137.9064513,1.3424,17.213,3.426,2980.0,10.162,445.2815519,111.1321862,48.79172666,6.382932129,0.393964694,2.00128886,0.100639,226.4484486,32.85703416,43.71744722,62.61235403,6.80647,242.6183915,36.28672734,58.22732233
Driver,76.04688618,-0.974,-1.882,1.102362205,46.767,-2.798,34.779,-0.901,0.981,95.00581603,1.2493,28.411,-1.112,6000.0,0.896,242.4886658,93.34662779,-3.196096514,5.554296106,-0.105923334,3.029859124,0.139463,124.8300079,-1.476033339,51.64753046,55.96824092,5.56544,129.8868015,-1.517800334,2.839894899
Driver,91.89781675,-0.928,-4.136,1.299212598,53.081,-4.833,13.793,-3.703,0.433,132.9679671,1.4469,10.933,-3.789,3778.13,19.278,373.2778895,62.48921831,10.39320115,201.9616821,16.01859625,-3.383975474,5.33833,196.4810229,14.91449623,31.02538643,66.30262393,5.13833,224.8744562,20.58561387,83.48507869
Driver,69.98926271,-3.656,-6.467,4.448818898,53.443,-9.182,20.949,4.32,10.787,91.33746421,1.305,17.101,2.493,3823.12,22.776,207.3500726,40.83912676,23.76172798,6.181502674,0.305673533,1.881904198,0.147641,116.3877523,19.64220563,30.91309281,52.20490946,4.02518,129.6961933,23.40240661,43.90102359
Driver,100.633053,-0.591,5.219,0.708661417,47.742,4.682,20.849,-1.765,-6.984,134.145714,1.333,18.432,-0.912,3392.65,-17.27,420.8796544,113.8154276,-45.85105012,6.142723646,-0.119248384,2.070619382,0.100276,212.9755418,-36.21359625,45.58793613,61.89597191,6.76373,220.733231,-38.41795835,-98.60549551
Driver,103.5902827,1.659,-1.51,-1.929133858,54.014,-0.305,17.328,2.125,3.635,145.1266106,1.401,13.271,1.146,5999.82,8.285,435.0959097,122.0171534,34.86364348,6.343911322,0.143180078,1.568882121,0.093457,207.969357,23.4173038,50.78850764,61.04512307,7.01617,214.1733559,24.47258913,57.83896727
Driver,83.0373121,-2.423,0.741,2.598425197,54.142,-1.012,23.019,4.99,4.249,110.3782659,1.3293,19.601,4.363,3800.0,9.014,313.0590634,83.3139295,36.47732699,6.299081863,0.493625765,2.259093006,0.126265,163.715699,24.06274881,42.9310682,56.63154632,5.71924,171.5038937,25.60819461,35.020753
Driver,106.3417144,-5.506,-2.663,7.283464567,53.792,-6.71,7.547,-14.745,-12.082,143.2670455,1.3472,5.87,-13.173,3260.0,-30.885,365.2329332,31.55723819,-121.706068,6.425856907,-1.494196339,0.670211182,0.0933688,188.921493,-76.28154147,19.55111262,63.68245153,4.34902,224.7037663,-97.73179835,-104.6587004
Driver,76.06478168,-5.481,4.368,5.275590551,58.825,1.04,31.837,2.108,-2.26,93.74753937,1.2325,22.592,2.754,8588.29,-2.516,228.3531099,69.70357747,7.707969002,6.072737494,0.285824072,2.548980052,0.147732,120.5704935,3.472808031,45.39611468,51.65595793,4.995105,125.154185,3.550340501,-6.965861158
Driver,97.68700787,-1.8,4.4,2.244094488,52.717,2.443,28.812,-2.474,-6.789,123.2240963,1.2614,23.442,-1.031,6730.0,1.802,345.3740548,134.7307116,-1.312507356,5.707095172,-0.099326301,2.522939328,0.105799,167.2119762,0.321867032,56.03808148,63.20371573,6.789051,169.5002902,0.346400202,9.991550684
Driver,76.95284538,-3.204,-2.856,2.913385827,60.189,-4.693,21.18,1.395,4.25,99.69890838,1.2956,17.798,0.757,3400.0,7.584,258.1473223,56.11419874,10.61136368,6.023130564,0.090811483,1.926352733,0.132201,140.7854602,8.605111413,35.19447672,54.27762365,4.765864,161.1053858,10.67177852,20.24344388
Driver,85.57399785,-5.2,0.0,4.448818898,56.873,-4.087,24.166,-0.531,-0.442,114.7532659,1.341,18.545,-0.512,6400.0,-0.057,313.5223088,92.97008964,-2.295203418,5.699388542,-0.041746557,1.948891394,0.109591,157.8934006,-1.238251023,48.16891173,55.90940853,5.947585,164.8570988,-1.295149951,0.518055661
Driver,99.95526127,1.347,2.41,-1.88976378,46.23,3.701,15.529,-0.078,-2.488,143.9692198,1.4403,13.532,0.286,2900.0,-8.043,464.9493701,94.11185254,-15.93730239,6.051749996,0.022449316,1.469330954,0.089654,236.33792,-14.08271318,39.21459477,61.69253106,6.548749,257.7678938,-16.60065855,-45.78045248
Driver,95.65363278,-0.1,2.7,0.31496063,49.087,2.578,12.141,-4.457,-7.157,133.4878311,1.3955,10.316,-3.316,2810.0,-12.307,385.4258229,56.99453418,-41.72485688,5.951856675,-0.356475139,1.093009324,0.093992,199.7169831,-28.55118986,30.52047084,58.44914666,5.364897,226.5884751,-34.70738716,-51.20955031
Driver,102.1273264,3.004,-0.278,-3.503937008,51.32,2.13,15.373,-3.04,-2.763,142.0429939,1.3908,12.914,-2.473,3555.11,-8.016,454.1548281,97.10727252,-39.47423055,6.301145063,-0.28171645,1.475476277,0.0944785,225.8455187,-25.93093473,41.85449018,59.68546731,6.64183,241.9345989,-28.73967395,-48.67894434
Driver,79.55216535,-4.6,-11.2,3.42519685,62.826,-14.083,24.18,-5.566,5.707,104.4808071,1.3134,20.221,-6.414,4190.0,7.705,280.9221913,78.62991402,-19.32711286,5.918741187,-0.647677699,2.197011745,0.126237,146.2971661,-7.192296814,44.44852366,54.16156739,5.495249,158.5953487,-7.267954319,27.52821911
Driver,96.85710451,-2.646,4.857,3.346456693,53.879,2.925,5.807,7.456,2.598,130.4100304,1.3464,2.461,6.424,4531.59,14.536,326.8262408,23.77383111,64.98519367,144.5570928,33.64367193,4.032714818,3.61113,157.7560186,38.21614601,20.25313357,53.48950262,4.1336,184.887486,47.64440013,62.55409512
Driver,101.4853257,0.104,1.605,-0.118110236,50.553,1.691,15.488,2.755,1.15,147.8033286,1.4564,13.583,2.607,2804.37,-1.289,486.6680636,99.99341009,18.58411686,6.096333434,0.276081694,1.486331469,0.08797,246.5255818,8.647875338,39.91010077,62.74987564,6.74144,267.8420714,9.198803679,-7.702195501
Driver,95.43441303,1.0,-3.6,-1.299212598,45.411,-3.075,12.29,-5.5,-1.872,139.5512706,1.4623,9.919,-4.799,3330.0,-5.292,428.7554023,70.85139315,-48.97069773,5.971472884,-0.536119967,1.061740136,0.090115,214.8307866,-28.22975582,35.51000331,57.79614087,5.956776,236.3435821,-31.91505056,-30.94138955
Driver,72.57516106,-0.548,4.776,0.669291339,54.479,4.385,13.879,3.249,-1.527,104.0730136,1.434,12.649,3.384,1277.99,11.309,201.6876251,26.0700109,16.96061691,128.9731106,14.04660966,-3.959039323,3.46201,119.1496253,12.50030946,19.85171049,65.94707391,3.13201,160.0957814,18.73025457,16.45262517
Driver,83.39074803,-2.227,1.837,2.755905512,54.342,0.238,9.883,-2.329,-4.165,120.0407122,1.4395,7.719,-1.572,2730.0,-12.498,279.6533039,26.15655394,-17.33804992,6.102672817,-0.179992514,0.825213301,0.106328145,153.6116182,-13.48194896,18.07694219,63.54626537,3.810407686,194.9374508,-19.77891966,-27.83726555
Driver,89.08151396,1.66,9.251,-2.007874016,55.199,10.405,18.147,0.812,-8.439,121.9814782,1.3693,15.427,2.285,3710.0,-15.97,355.5698845,78.04426095,-13.77469668,5.855624165,0.213622148,1.628560618,0.103534533,183.9379491,-16.21835685,39.33602119,57.00470041,5.786005073,201.7819284,-19.72700025,-70.53162353
Driver,102.4360236,-1.826,0.61,2.244094488,52.317,-0.801,11.377,0.53,-0.08,145.6862921,1.4222,9.437,0.542,2805.79,-8.725,413.7203887,53.9235674,-15.45747625,225.6130139,-16.63537164,-4.49769028,5.28425,217.1229419,-15.22857046,26.55803569,68.09503843,4.99425,251.5496405,-20.82564743,-51.83014469
Driver,63.21805655,-1.218,-6.589,1.141732283,59.416,-7.309,24.982,-2.986,3.603,82.8755816,1.311,20.695,-3.638,3560.0,4.794,187.896681,44.15529387,-8.820255499,5.935806296,-0.368375177,2.208410101,0.1599928,106.2095363,-4.037529591,34.66254754,50.73638669,4.058528248,124.9683857,-4.364255621,8.114962872
Driver,96.70275591,-0.608,4.23,0.826771654,48.624,3.694,14.812,0.263,-3.967,137.2499105,1.4193,12.86,0.785,2748.06,-7.911,424.4865458,76.39992115,-8.699545615,5.970050982,0.074417197,1.371245931,0.092486,220.4679748,-9.527262877,34.89424745,61.0714865,5.968437,245.3650151,-11.9517664,-37.63214355
Driver,95.87956335,-0.319,-1.472,0.393700787,59.391,-1.661,5.077,-18.345,-16.873,125.370213,1.3076,4.205,-15.55,3633.67,-23.668,288.4865057,20.30090634,-102.4294169,94.75158452,-33.66135502,6.764898051,2.02687,149.4711611,-56.32131635,16.50958727,59.65285329,3.75209,184.9144593,-71.09254774,-51.42934896
Driver,124.2864173,2.657,0.721,-3.188976378,50.772,2.893,11.562,0.748,0.027,184.7666875,1.4866,9.632,0.743,3540.1,-4.674,645.0570474,145.4317292,-12.84405911,5.908926561,0.072658911,1.026981624,0.06716918,301.5220676,-11.22252358,48.20380175,65.8204023,8.201189241,314.69758,-12.2395601,-45.38651397
Driver,98.79429134,0.698,2.507,-0.94488189,44.643,3.214,14.866,6.587,4.08,143.9665354,1.4572,12.965,6.019,2830.0,4.359,463.512701,89.43108119,57.19637208,5.980165326,0.63108421,1.388753956,0.088354,236.3017079,32.77021437,37.93553968,61.64825637,6.439204,259.0592093,36.62968675,24.15239281
Driver,96.21957767,-2.005,-7.715,2.755905512,49.327,-9.439,16.855,7.249,14.964,130.8574177,1.36,12.464,3.576,7329.7,26.538,350.3722344,78.24214095,77.01182525,6.137642671,0.429140982,1.396321677,0.100328923,174.762785,54.41447974,41.84530083,54.27902736,5.727415923,184.0253259,59.15643378,131.8499683
Driver,101.5680923,1.676,-3.059,-1.929133858,53.324,-1.81,12.236,-6.666,-3.607,151.1918397,1.4886,10.306,-5.992,3062.58,-12.297,485.504631,81.62878052,-79.3817518,6.453195309,-0.687047976,1.198097264,0.0899328,243.0986581,-49.3006818,35.83774881,60.47496219,6.37569,264.6810647,-55.72921026,-72.54506861
Driver,92.09466714,-2.143,-1.648,2.874015748,50.151,-3.438,19.705,2.591,4.239,117.5961883,1.2769,16.077,1.841,4316.26,18.882,317.2360318,75.04420659,43.20761016,165.335107,34.38049367,-3.841910106,5.65729,161.0405024,32.71522971,41.49514332,54.50312291,5.43729,174.4779122,37.93916442,82.89791732
Driver,103.9839835,0.797,0.17,-0.94488189,51.022,0.815,13.147,1.967,1.798,156.1960898,1.5021,12.122,1.814,1606.98,-0.179,430.6874813,71.25105314,15.80397285,222.0969217,10.10809984,1.467305974,5.17146,224.1721786,10.26054767,32.74776307,69.4220631,5.24411,255.7049184,12.33159117,9.50002808
Driver,85.39951682,-3.385,1.321,3.464566929,67.417,-0.089,18.365,0.464,-0.857,123.1326056,1.4418,15.767,0.572,3180.0,-2.191,370.3964414,80.7227652,-0.128679698,6.1971464,0.059242838,1.76516891,0.108626,192.7110902,-1.300865972,38.93372269,58.43909451,5.9107,203.8173959,-1.532573089,-9.673844306
Driver,87.81317108,-0.375,0.659,0.511811024,47.611,0.317,16.509,6.317,5.658,118.1272369,1.3452,14.07,5.46,3020.3,3.446,326.6920005,65.47184691,35.77674457,173.5085182,20.71537885,-1.775628604,5.2153,170.9126847,20.34431251,35.92942949,59.81720765,5.1053,192.6421337,23.32462596,12.3154474
Driver,87.00787402,2.535,3.474,-3.11023622,50.145,5.592,9.444,0.974,-2.5,127.5469757,1.4659,7.967,1.515,1990.0,-14.013,282.5799326,25.38464582,-1.066390143,5.833722041,0.144088228,0.809590322,0.095514,159.9129113,-4.341751123,16.08745761,71.72666794,3.58472,210.3331197,-8.600250022,-25.6996723
Driver,81.03525412,-0.334,-1.489,0.433070866,46.528,-1.806,26.716,6.07,7.559,107.3091893,1.3242,22.887,4.86,4242.51,10.475,299.2968171,94.12495641,40.17252176,6.036252623,0.530233402,2.564735417,0.127687,154.8639421,26.64695213,47.17000864,57.21901687,5.862691,166.3707511,29.24813667,40.87966616
Driver,103.3956693,3.3,0.1,-4.05511811,48.47,2.937,13.811,-0.068,-0.168,152.1049571,1.4711,12.249,0.04,2360.0,-3.367,492.0758725,86.39451538,-6.612932316,5.762559432,0.001576162,1.259322973,0.080224,254.1285856,-5.815323258,34.93373514,64.79417416,6.347045,281.9323836,-7.086177043,-17.97807177
Driver,94.32489263,2.3,-6.3,-2.716535433,49.658,-4.561,19.598,7.836,14.136,125.5688529,1.3312,16.86,5.321,4470.0,17.688,360.6535193,97.40983048,70.01553371,5.716765763,0.555187622,1.759385744,0.09915,180.4236328,46.87712662,46.41607006,57.05543476,6.251224,191.9775288,51.23093119,91.55412684
Driver,116.642806,2.729,-1.104,-3.464566929,48.981,1.272,12.822,-4.22,-3.116,171.0804402,1.4667,11.405,-3.772,2520.0,-12.683,582.3082811,108.4691784,-73.90578179,5.810996002,-0.391232561,1.185179992,0.071685934,290.5710217,-48.70454627,38.88149467,65.7547604,7.145297202,314.2113161,-54.96342442,-89.26169074
Driver,97.08750895,-2.4,-2.0,2.519685039,50.055,-4.45,20.172,4.89,6.927,130.1827577,1.3409,17.225,3.781,3990.0,15.487,388.0654733,106.9853528,61.41635704,5.746564784,0.411774301,1.806070553,0.096222,193.0658958,41.81047483,47.33512534,58.89716708,6.558154,205.0853124,45.64997639,87.87074487
Driver,76.20570866,-2.597,-0.536,3.346456693,47.557,-2.913,14.558,6.2,6.735,113.3115605,1.4869,11.832,5.088,3300.0,14.049,295.4900046,44.64516684,41.00375435,5.469672903,0.499110033,1.147416397,0.102301753,158.7461652,27.82744188,28.11586468,56.52126706,4.606232505,186.1015045,34.94640732,41.57181861
Driver,81.14039012,-2.181,5.189,2.125984252,57.641,3.806,31.669,-0.648,-5.837,101.8960272,1.2558,24.726,0.749,7118.62,-7.055,263.6853916,93.00931542,-7.145792587,5.885320254,0.061219603,2.743468027,0.133729,134.8644848,-6.659912761,50.34993052,55.67367792,5.662329,139.6946375,-7.056377931,-25.26048222
Driver,105.4491768,-3.894,3.432,4.606299213,50.958,0.268,18.291,6.484,3.052,145.7802434,1.3825,15.534,6.081,4030.0,4.963,469.9772612,129.6263955,63.01977037,6.48459685,0.694312425,1.847246942,0.0959836,228.1497952,35.7156827,49.20271477,63.059167,7.29916,238.3889688,37.66496356,34.93140402
Driver,80.20535075,2.726,-3.022,-4.133858268,52.322,-0.915,3.511,-8.938,-5.916,108.9535612,1.3584,3.174,-6.372,2795.35,19.156,122.2577558,3.836360459,-9.600205867,93.35220789,-4.188954713,-2.67721876,2.16353,72.50652839,-4.236424346,4.983227773,79.87316797,1.60353,127.2922432,-4.80013051,11.46903452
Driver,100.5502863,-4.937,-9.039,6.141732283,48.77,-13.381,8.885,-7.093,1.946,143.3332588,1.4255,6.357,-7.453,3633.54,7.661,429.0310417,58.30700569,-34.52039694,220.3548735,-11.468167,-5.232345865,5.7863,212.0392814,-11.72968732,30.8946586,60.98842826,5.4563,237.4771421,-11.04884872,47.49454855
Driver,100.492126,-2.561,-2.687,4.05511811,43.305,-5.407,10.803,-4.287,-1.6,144.5114531,1.438,8.667,-4.026,3088.06,0.434,425.5496048,58.86840787,-23.24760408,221.4309173,-7.294340558,-4.015663724,5.56045,214.7314583,-7.523052464,30.25292951,64.15793191,5.31045,243.4008403,-6.639722236,22.68710824
Driver,99.74051539,-2.598,-4.125,3.464566929,50.903,-6.239,16.515,0.816,4.941,128.0297065,1.2836,13.545,0.011,3902.5,14.049,356.5637083,71.75569833,31.33894744,195.4746613,29.03665669,-3.017832013,5.34714,191.0106595,27.76248981,33.6236862,69.41420399,5.18714,217.5781829,35.25438829,83.17862191
Driver,87.28972799,5.667,2.05,-6.377952756,54.227,6.15,7.646,-6.688,-8.738,120.4574535,1.38,7.404,-5.577,1350.0,-69.532,133.1620329,9.204444098,-18.70778193,6.241030587,-0.641407644,0.767119738,0.107884,83.91650318,-15.23588328,9.226040913,91.66131125,1.65806,149.9133489,-33.01940835,-21.43204966
Driver,100.3892269,2.5,-0.3,-3.031496063,48.489,1.717,13.802,2.222,2.522,146.9982552,1.4643,12.182,1.928,2430.0,3.833,466.2306478,79.95011452,22.79538593,5.770221986,0.197010082,1.253128363,0.083121,242.0608325,14.53149414,33.94889011,63.82719226,6.129759,270.3185675,16.9544839,19.18247512
Driver,100.9462241,3.247,7.921,-4.015748031,46.428,11.014,16.872,5.221,-2.7,147.1398533,1.4576,15.241,5.559,2430.0,-10.811,480.5822197,102.234654,22.62371317,6.309258751,0.600467959,1.736428668,0.0921235,248.2917423,4.170481982,39.11883931,64.60474488,6.65026,261.7505315,3.427178792,-59.69380464
Driver,97.8055655,7.593,8.127,-9.448818898,50.83,14.361,12.743,8.331,0.204,143.3422065,1.4656,11.507,8.281,1760.0,5.517,410.9775864,58.39138249,65.10637097,5.82563003,0.842696686,1.185511779,0.085764946,223.7195576,38.31368772,26.51295798,69.52490991,5.132130478,264.0549283,46.33045706,18.50507682
Driver,86.6432534,2.405,-0.379,-3.42519685,46.048,1.941,14.182,-3.355,-2.976,126.100349,1.4554,12.54,-2.927,2120.65,-11.68,350.6561089,59.69281993,-40.58358284,186.7455571,-30.28098948,-3.025312809,5.18192,182.2526104,-29.03906775,32.9175441,61.71022898,5.00192,208.5722249,-36.24147144,-59.44082247
Driver,96.10996779,-2.481,-0.931,2.716535433,55.019,-2.668,17.667,3.169,4.099,140.7708482,1.4647,15.292,2.658,3390.0,7.322,454.5862593,109.8292027,39.04540256,5.146992352,0.244777337,1.429218195,0.0784896,226.9657718,25.50127282,44.33517513,61.42753145,6.87093,241.7452763,27.92093074,45.04537732
Driver,92.45928776,-4.1,1.7,3.818897638,56.473,-1.131,19.775,2.927,1.227,127.7787223,1.382,16.303,2.804,6340.0,2.295,363.8826706,107.4264368,22.17091492,6.022513713,0.290821776,1.808393393,0.102665,178.5134978,12.74577844,50.00320946,58.26018671,6.458749,184.9918312,13.30169422,12.06004537
Driver,91.70320329,-1.82,7.749,2.165354331,57.695,6.598,11.303,5.7,-2.049,130.1802971,1.4196,9.567,5.977,2271.39,-3.375,315.8553066,39.0790367,30.67240676,186.5097407,18.61752724,-5.057668099,4.35869,174.8392565,17.38987838,21.90609108,72.54312784,3.99869,217.4610753,21.85227133,-2.460771605
Driver,94.20857194,-1.7,-3.9,2.047244094,56.165,-5.074,8.39,3.688,7.597,123.4133411,1.31,6.658,2.37,2660.0,-7.041,284.5628743,23.35455967,6.304576307,5.988568939,0.241061721,0.69882461,0.101177,155.6228605,1.304084702,16.27882243,65.5292526,3.71404,200.0852612,0.092043743,-15.3966015
Driver,82.28122763,-1.5,-1.7,1.456692913,67.926,-2.455,20.064,-1.349,0.439,93.34533822,1.1345,17.18,-1.411,2673.42,0.892,221.4532387,42.50119203,-4.793118982,5.677989246,-0.138774966,1.731599026,0.132346,125.6800191,-2.533728099,29.95784549,54.97509186,4.137533,151.5693534,-2.950051465,1.683508192
Driver,80.60576235,-6.466,8.657,6.062992126,61.788,5.171,15.421,-3.731,-12.388,74.58527201,0.9253,11.402,-1.356,3430.0,-23.171,106.9386049,12.12292553,-6.356820785,6.089891471,-0.180610212,1.158564647,0.173535,64.96248912,-5.877720072,16.3115771,53.02453519,2.211435,97.28794433,-10.96079,-13.03523263
Driver,100.6509485,-2.208,5.05,2.677165354,50.97,3.259,18.254,7.472,2.422,141.2423944,1.4033,15.734,7.156,3560.0,4.265,456.9152772,116.9589107,66.39273755,6.419774243,0.805430775,1.843799611,0.0981332,226.2324644,37.17894983,46.22536276,61.95257285,7.0217,239.3485268,39.71638249,27.27133478
Driver,109.2922334,5.3,2.3,-6.456692913,50.32,6.758,16.829,0.47,-1.83,162.0396385,1.4826,15.602,0.684,2740.0,-5.33,555.8238693,141.5667987,-10.56540256,5.861603615,0.064259546,1.653528064,0.077842,273.3815362,-10.25210906,46.96861801,66.71163041,7.745618,288.8141584,-11.41527561,-40.53794513
Driver,105.3418039,3.9,7.1,-4.763779528,50.772,10.206,17.358,5.091,-2.009,145.9066303,1.3851,15.227,5.358,3120.0,-4.285,482.4960263,115.0774819,32.48511941,5.729966263,0.531087331,1.574915014,0.084391,241.0915807,13.36453804,44.20870764,62.93734228,7.058006,257.9038416,13.78764605,-27.51603236
Driver,103.968325,-0.1,7.9,0.354330709,53.236,7.592,9.328,2.912,-4.988,150.9325787,1.4517,8.235,3.481,1840.0,-14.229,411.2170813,45.02281167,7.217442238,5.688476317,0.336220935,0.827167601,0.078739,219.3561861,-2.586002211,22.51171558,69.25663354,4.788029,261.7255065,-6.372625645,-47.69722175
Driver,109.1378848,2.1,-1.3,-2.519685039,50.87,0.316,12.592,-3.055,-1.755,159.7789907,1.464,11.369,-2.854,1965.54,-4.837,509.5976482,82.77199137,-34.58541758,5.969666437,-0.301140056,1.208634299,0.078853,264.4029143,-21.39531679,32.88822162,67.14520833,6.196122,295.932394,-24.91615148,-24.74111832
Driver,109.0663028,4.48,5.01,-5.31496063,48.167,9.031,13.028,0.326,-4.684,160.7847173,1.4742,12.013,0.897,1850.0,-28.021,480.7646944,74.19610609,-36.18631198,6.388549114,0.07914008,1.364681921,0.0840055,256.7092437,-36.14312501,29.31343206,70.8066615,5.6668,280.9294895,-43.5858736,-120.3523151
Driver,88.28740157,-1.995,-2.334,2.913385827,45.439,-4.301,13.802,-4.616,-2.281,126.1466535,1.4288,11.179,-4.225,3320.0,-5.595,366.3397461,58.94725226,-35.59095157,6.068121863,-0.453479942,1.210721173,0.101791116,189.7448571,-21.61314198,32.18842959,57.22888555,5.374929032,214.1803701,-25.33660414,-22.99875182
Driver,22.57963493,0.646,0.094,-0.708661417,53.743,0.567,28.205,-11.374,-11.468,31.65197745,1.4018,20.382,-7.746,2660.0,-14.732,23.78134277,4.497977712,-3.29707476,5.955052476,-0.83202353,1.413529934,0.420551,15.31427963,-2.248983298,22.15856865,29.00071245,1.116293,26.9191322,-4.080556882,-0.560266173
Driver,106.7264674,4.7,6.3,-5.94488189,49.016,10.483,13.059,0.139,-6.161,145.3975036,1.3623,11.768,1.143,2330.0,-11.788,445.2605761,70.79899845,-10.99100694,5.839492367,0.107513717,1.221698077,0.084908,234.2684384,-12.96974423,31.20736341,64.57524122,5.775122,265.7745058,-17.11341954,-52.89940215
Driver,86.30994989,1.023,5.995,-1.299212598,51.108,6.82,11.758,4.306,-1.689,124.2504026,1.4396,9.3,4.7,3069.74,-5.749,338.1317369,42.77133495,20.23485161,5.649067685,0.457530383,0.930939887,0.095466526,178.2892182,8.201663265,25.74668364,58.75215329,4.749541397,209.489264,8.484644217,-19.25760839
Driver,89.07480315,-1.055,-0.015,1.692913386,45.71,-1.044,21.698,6.622,6.637,118.9240336,1.3351,17.305,5.241,5407.2,29.261,308.6117121,75.0498733,75.02462601,153.4159561,51.26646717,8.322391789,4.75668,164.7497636,57.1362574,37.82253272,60.01009716,5.24845,181.1813581,65.52677018,128.34685
Driver,77.55681818,-2.425,-2.016,2.244094488,65.433,-3.125,21.351,1.295,3.31,92.26512169,1.1896,17.589,0.73,3480.0,4.952,221.9074229,45.85773876,6.431727784,5.325041013,0.073890129,1.675502857,0.125972,123.4863416,5.075793214,32.85440878,52.67584162,4.299662673,144.6122697,6.459757515,10.51027762
Driver,80.05994989,-4.502,4.139,4.409448819,57.636,1.28,29.061,0.896,-3.243,99.48237294,1.2426,23.524,1.512,5490.0,-4.072,260.4679048,83.79161154,1.129937389,6.025918395,0.150384676,2.64402211,0.138644,135.6405654,-0.923174696,47.23887041,54.67367667,5.465133,144.3389589,-1.153368683,-13.50547536
Driver,77.20338225,6.269,4.995,-8.070866142,48.404,10.591,10.25,-2.234,-7.229,113.9774964,1.4763,9.233,-0.35,2396.17,61.212,167.6180356,12.36691963,-15.03833685,82.48225533,-12.02516714,2.351184946,1.87237,94.84083133,-16.45801693,13.44951125,69.46841136,2.2412,140.2903917,-34.3906187,-47.66146081
Driver,103.89898,-3.688,-6.399,4.37007874,49.833,-9.518,13.968,-6.848,-0.449,143.7045902,1.3831,11.068,-6.772,4139.2,-0.931,455.2406151,95.47023951,-55.06826026,6.357711077,-0.750906316,1.283026646,0.0936145,222.3015285,-28.17783039,42.78784423,58.40702661,6.65123,236.4078502,-30.06674216,-5.937510901
Driver,88.85110952,0.512,6.946,-0.62992126,55.685,7.295,10.514,-0.55,-7.496,127.2132248,1.4318,9.374,0.325,1805.07,-18.313,280.9776096,28.58041928,-16.08917984,162.6711679,-18.71042586,-3.008271074,3.92545,154.834649,-16.73929439,19.28021459,66.97553776,3.66545,195.8452286,-26.6498736,-52.83643326
Driver,101.2840014,4.377,7.419,-5.511811024,51.528,10.906,15.982,1.652,-5.767,148.9651933,1.4708,14.27,2.537,2830.0,-26.695,465.6235002,93.46035591,-36.198872,6.104384943,0.245491842,1.561034071,0.087658,239.6336057,-39.04050526,37.60023929,62.9066141,6.394921,262.7081451,-47.549975,-148.4033802
Driver,88.80860773,-2.095,0.338,2.598425197,48.391,-1.524,29.456,1.253,0.915,110.6370795,1.2458,24.922,1.101,4980.0,0.989,309.8881088,113.1732546,7.367056252,4.920274166,0.095855933,2.308460282,0.1023432,155.7864128,4.453178675,52.3259243,59.86710574,6.281917927,162.8219481,4.687194567,4.380481717
Driver,106.0620974,-2.249,0.276,2.677165354,51.68,-1.503,13.999,-2.015,-2.291,147.7724588,1.3933,10.414,-1.495,5311.05,-7.888,454.1754535,105.7212551,-36.56914637,6.10060099,-0.171046929,1.175121848,0.0871478,217.5347704,-23.90032586,46.44191984,58.57862996,6.83532,222.6783501,-24.77985795,-54.7533883
Driver,103.091446,0.218,2.159,-0.275590551,51.875,2.33,10.612,-1.065,-3.224,145.5990515,1.4123,8.397,-0.366,3354.32,7.207,419.6730937,51.54106252,16.65542257,220.1896686,17.60501146,-1.902494591,5.26492,216.3168972,16.83686436,26.72125519,64.23345104,5.12492,247.5034913,22.87565564,54.64239389
Driver,101.2325519,-3.665,-4.501,4.488188976,52.883,-7.279,6.075,-11.379,-6.878,148.8184503,1.4701,4.512,-10.268,2830.0,-19.913,390.4902841,28.14540163,-95.61408246,5.82709642,-1.054150671,0.468863125,0.081249,200.0246546,-57.59859991,17.15955116,66.63047935,4.348538,244.3135903,-75.81328923,-67.5943252
Driver,108.2923228,3.3,-0.5,-4.015748031,49.892,2.133,14.087,0.746,1.246,160.2002058,1.4793,12.92,0.6,2740.0,2.77,541.110652,115.6048427,13.5944917,5.70063419,0.061826577,1.322744167,0.075607,267.9260343,9.273400927,42.63256282,63.89468162,7.253683,287.0186751,10.333392,19.4067298
Driver,109.1356478,1.0,-1.4,-1.181102362,43.826,-0.98,12.789,0.227,1.779,163.6486668,1.4995,11.167,-0.013,2670.0,7.19,548.2756747,102.8072953,20.06713463,5.835734611,0.00335077,1.166927592,0.075256,272.0415787,16.21977502,39.48921979,63.33381343,7.008369,294.113135,18.77459814,48.84416723
Driver,110.1221367,0.346,-1.723,-0.433070866,47.275,-1.404,12.696,-0.961,0.762,162.6896922,1.4774,10.672,-1.089,3276.74,-2.977,551.5338367,110.6989609,-19.96766853,6.175515638,-0.120223674,1.185604619,0.0800712,267.6266179,-12.53298823,42.62848483,62.27293608,7.267261618,285.6860706,-13.81683888,-22.34978883
Driver,98.25966356,1.9,2.7,-2.598425197,47.324,4.607,11.153,-4.505,-7.205,144.4445687,1.47,9.994,-3.424,2130.0,-28.712,383.5933415,48.29504685,-56.32347205,5.571048779,-0.351925216,0.982447875,0.081014,206.6794552,-43.79673604,24.45981418,66.56657395,4.774652,244.5939706,-58.15924262,-94.96516337
Driver,101.2459735,-5.541,-4.331,6.88976378,48.902,-9.186,14.637,-5.048,-0.717,138.8506621,1.3714,11.987,-4.95,3655.68,-1.301,437.8283743,87.90047509,-40.14120071,6.487084449,-0.56149766,1.409049917,0.0991979,218.1435962,-21.30901647,40.28589055,58.42890156,6.40437,234.4857604,-23.06436622,-7.49022947
Driver,100.3758053,2.468,1.736,-3.11023622,43.515,4.338,16.353,4.193,2.457,141.9389764,1.4141,14.642,3.877,2450.0,6.352,453.8671739,91.17492855,42.23707831,6.474905357,0.444369399,1.706738615,0.0977639,236.2553008,26.63567318,37.24954217,63.48707886,6.34018,259.3475665,30.19169419,32.10663357
Driver,90.27827487,-0.606,3.282,0.708661417,54.295,2.846,47.322,-11.031,-14.313,91.07820329,1.0089,38.915,-7.359,7950.0,-8.376,219.1083763,116.9765152,-35.03865572,3.809972185,-0.500821271,3.09675454,0.1129672,105.235259,-22.30292341,60.7748012,60.36391067,5.839644216,104.0429096,-22.02545271,-26.83875463
Driver,103.0668397,3.218,2.343,-4.173228346,49.966,5.05,15.005,0.709,-1.634,153.6289817,1.4906,13.291,0.954,2640.0,-5.001,511.8092214,103.3697023,-4.039687525,4.993055302,0.080180289,1.188269178,0.069035715,259.0012381,-6.015791655,39.64842967,63.95365907,6.862441157,281.1983861,-7.331862075,-30.97823998
Driver,112.2472262,-4.39,-4.432,6.102362205,45.838,-8.708,15.42,-9.343,-4.911,144.353078,1.286,12.997,-8.716,3580.0,-8.977,464.752778,101.6590085,-92.22824633,6.301225036,-0.965796353,1.486956988,0.0929992,230.0574119,-53.41580397,42.71595995,60.17193849,6.77275,245.5513802,-58.03509656,-56.66845247
Driver,101.5345383,-1.5,4.7,2.204724409,44.607,3.032,10.778,-0.35,-5.05,145.1952845,1.43,9.346,0.308,2230.0,-9.917,417.5644722,51.90338823,-11.54750186,5.644839767,0.023585776,0.932871736,0.081472,221.8969938,-11.24862924,25.24357859,66.42415853,5.132262,259.8749251,-15.42275191,-37.31927981
Driver,72.0226378,-3.759,-4.823,3.661417323,56.11,-7.353,11.664,-0.671,4.152,89.7754116,1.2465,6.86,-1.986,4431.67,28.368,122.9052656,8.950500912,2.542144357,84.56932303,7.154545651,-3.253892915,2.51937,72.09190969,4.751166561,11.64949296,60.12887979,2.06937,107.9856609,11.01132767,21.72374316
Driver,98.85245168,-1.845,-4.061,2.519685039,51.061,-5.552,19.785,3.984,8.045,131.7671797,1.333,14.651,1.959,7170.5,18.844,358.9968043,103.113983,68.4291809,154.4765531,42.73096638,18.47384375,5.40874,171.736571,51.51561961,50.89440799,55.89775213,6.43274,176.7859032,53.95268445,137.6554847
Driver,99.41392269,0.453,2.33,-0.669291339,47.486,2.745,14.949,-0.811,-3.141,145.4952577,1.4635,12.713,-0.309,3305.28,9.839,449.6536856,91.15872388,25.14318454,215.5826578,18.84291141,2.43643645,6.22433,218.272946,19.27226497,42.36824214,56.61440305,6.35585,233.5820999,21.72614368,61.33362672
Driver,107.4937366,5.5,10.1,-6.811023622,48.901,14.964,15.559,9.675,-0.425,160.3574624,1.4918,14.481,9.715,1717.64,-2.864,528.5924376,105.2302531,81.73997299,6.028720855,1.016025683,1.563909534,0.08036,275.9219784,41.59939246,37.25781278,69.60691429,6.64083,303.7967842,45.33875296,-15.07825349
Driver,88.29187545,1.667,-6.996,-2.480314961,45.595,-5.362,20.859,4.339,11.335,120.7782301,1.3679,16.646,1.67,5886.69,19.974,333.0798412,87.58684835,47.83533464,6.329132851,0.222802617,1.937224788,0.114145,168.6928121,35.88901729,44.66052826,55.74002809,5.8923,177.6778404,38.97641741,93.21037895
Driver,35.9095383,-13.8,10.6,13.03149606,51.938,-1.312,5.557,2.326,-8.197,50.49078382,1.4061,1.877,3.728,2000.0,-17.977,7.639115877,0.133197514,0.501027118,6.047563239,0.381024282,-0.044674329,0.248874,5.108689944,0.325765057,2.110737206,49.20513611,0.209673,31.33303149,1.897660855,-0.01924543
Driver,99.41615963,1.191,-2.103,-1.456692913,46.046,-0.954,9.038,-2.532,-0.429,148.6960898,1.4957,8.118,-2.481,1360.0,-2.017,371.778393,35.80474665,-17.67380643,6.299502673,-0.273973557,0.896929993,0.0883779,206.523178,-10.52240596,17.9921646,78.29375154,4.15125,257.6355508,-13.53003898,-4.752481218
Driver,82.2610952,0.87,-1.027,-1.062992126,52.364,-0.356,8.94,-8.986,-7.959,117.8829635,1.433,7.958,-8.0,1620.0,-44.222,177.3286804,13.80952794,-33.15946446,6.247825431,-0.898263393,0.843841184,0.110602,108.0487013,-24.88244029,11.37134791,81.29068332,2.31359,154.9736275,-40.1951491,-30.02095995
Driver,87.26512169,2.059,1.622,-2.322834646,51.472,3.262,18.478,0.89,-0.733,116.8215372,1.3387,16.342,0.99,2480.0,-1.597,332.7140908,66.18253723,3.775324995,6.293242378,0.107006001,1.843059322,0.1165,180.9525237,1.376871864,33.71726385,60.0782649,5.28603,205.023218,1.346945446,-5.24916821
Driver,94.09001432,4.492,3.456,-6.220472441,48.594,7.428,15.472,0.76,-2.696,140.3395669,1.4916,13.646,1.223,2620.0,-16.491,434.1170043,80.79130241,-20.7295248,6.202459171,0.116543604,1.512643516,0.094299429,226.4683936,-21.57075841,35.07580122,62.33590282,6.029997994,252.6081553,-27.02034101,-79.13266327
Driver,88.0301539,2.625,2.265,-3.149606299,52.335,4.293,1.7,-5.812,-8.076,125.1290712,1.4214,1.831,-4.692,1400.0,-43.95,62.25557152,1.051434251,-5.995297721,5.819430358,-0.498295381,0.164108949,0.096013,39.56368602,-4.354549506,2.111766652,110.0446637,0.690105,114.0540426,-14.80975674,-3.370004765
Driver,109.2519685,-7.585,-4.235,10.86614173,44.261,-12.089,12.096,-3.266,0.97,153.9358894,1.409,8.94,-3.425,4828.54,1.813,487.9841842,104.689202,-22.30734223,6.415359606,-0.380514627,1.069985541,0.0875869,232.0677322,-9.418512955,45.45304355,58.90661337,6.97136,243.2874715,-9.706836614,13.35318494
Driver,96.9734252,0.2,-4.4,0.0,47.765,-4.839,16.93,-3.705,0.723,135.8911954,1.4013,15.212,-3.503,2320.0,5.311,421.2347416,85.03544021,-18.25758394,5.570118746,-0.363288045,1.518643064,0.087984,221.7573584,-6.623610571,36.65231869,62.76175817,6.071631,246.4987532,-6.54275786,20.79681585
Driver,95.15926986,-0.128,-0.922,0.157480315,51.322,-1.025,11.553,-3.683,-2.761,138.8658733,1.4593,9.052,-3.08,3545.03,-0.947,420.3130567,66.84576043,-29.13437449,157.7454135,-11.55926404,21.01052212,3.68181,211.290038,-16.74784102,34.42534322,58.85584489,5.76749,233.0022618,-18.75674592,-16.22010293
Driver,111.4419291,2.044,1.785,-2.480314961,47.312,3.672,14.146,1.053,-0.732,161.7955888,1.4518,12.521,1.154,2615.74,-2.198,550.3430704,110.0273774,4.785362275,6.366302773,0.125964026,1.446785778,0.0835464,275.3974313,0.579989363,40.27018004,64.64099406,7.1275,295.8285533,0.290485771,-14.89964413
Driver,103.4784359,0.5,7.9,-0.669291339,46.84,8.34,9.36,-0.781,-8.681,147.2588583,1.4231,8.381,0.311,2010.0,-21.92,384.2412143,40.03896562,-20.92890391,5.47790282,0.016943934,0.807363645,0.077682,209.0343829,-20.53826058,20.41996008,71.55065717,4.483989,255.3144567,-30.30322558,-65.00128711
Driver,112.9294918,2.444,1.444,-2.795275591,56.401,3.069,21.67,3.104,1.659,156.297423,1.384,19.263,2.88,3750.0,3.038,519.9505463,177.2553303,35.78051472,5.441119105,0.276841424,1.940647091,0.0764928,246.1874178,20.73724364,55.23533453,70.83739395,8.16353,252.8298675,21.4160935,25.15648034
Driver,87.49552613,-4.2,3.4,3.582677165,58.901,0.424,22.574,3.05,-0.404,122.397772,1.3989,17.333,3.195,6360.0,-0.616,341.3013398,102.499502,16.31230889,5.637990698,0.30526235,1.80064759,0.100851,168.7138978,8.114767872,49.79371278,57.26865896,6.267905,175.1777512,8.401552359,-3.87037824
Driver,111.0638869,-7.378,-1.032,9.803149606,48.991,-7.497,8.626,-3.093,-2.061,159.4770043,1.4359,6.775,-2.852,2955.62,-4.753,511.086932,64.50782151,-36.91212585,6.382554055,-0.322216268,0.781410731,0.0834354,252.3043534,-21.76320819,30.49931572,60.84867094,6.0724,278.7766619,-25.05834963,-27.68797907
Driver,97.67358626,0.045,-1.024,-0.078740157,39.972,-0.97,15.316,0.042,1.066,144.9852362,1.4844,13.397,-0.097,2769.42,-1.568,470.5921183,93.45627664,-4.283212647,5.916908371,-0.011433057,1.420821962,0.086942,239.6770267,-3.34858874,38.54172994,62.16431654,6.53141,262.329721,-3.917023512,-8.82857362
Driver,102.948282,-0.289,3.236,0.354330709,46.236,2.958,13.765,2.639,-0.597,152.1713941,1.4781,12.106,2.711,2510.0,-2.386,496.2568709,88.89469641,17.82688269,6.283261446,0.294983953,1.366533658,0.0874718,253.7589283,7.539677471,35.9785024,63.58853475,6.46973,269.447271,7.7427104,-13.39742457
Driver,88.73478883,-3.416,3.475,4.251968504,54.293,1.016,5.273,-6.593,-10.068,125.91267,1.419,4.163,-5.297,2130.0,-19.411,198.9076019,8.919286628,-24.14815001,5.845979131,-0.553781842,0.418099754,0.09623911,115.3041447,-16.71961154,7.738617808,81.87881093,2.356339326,178.6987857,-29.50515321,-18.34804411
Driver,106.5363278,-1.3,6.1,1.57480315,52.647,5.157,6.11,1.667,-4.433,157.1246421,1.4748,5.332,2.195,1420.0,-15.187,362.9492462,24.8338431,1.558234461,5.947129789,0.218470224,0.557254097,0.078552,197.3551169,-3.757194602,13.96441383,80.78143694,3.734302,255.98942,-8.449473558,-33.93566587
Driver,100.035791,-5.856,-2.861,8.11023622,43.673,-9.028,12.243,7.487,10.348,132.8740157,1.3283,9.29,5.751,4499.07,20.149,380.5986289,61.46848133,77.59978522,6.317831321,0.660456037,1.061825978,0.100068,190.6235376,50.81875484,34.37813423,55.03534076,5.52531,208.3123129,58.29516153,96.45826304
Driver,107.583214,4.0,-0.6,-4.881889764,44.165,3.091,17.752,-0.9,-0.228,155.8021654,1.4482,15.915,-0.919,2840.0,-3.032,521.7244306,136.6340128,-16.79849672,5.666086597,-0.08744424,1.632933489,0.078413,255.8558566,-11.16138552,47.73226776,65.10116581,7.580482,270.3038612,-12.09934191,-21.18063871
Driver,98.91061203,8.008,6.05,-9.212598425,50.412,12.73,12.057,4.895,-1.155,145.9057355,1.4751,11.008,5.197,1580.0,-2.038,411.611517,55.32236266,34.67713384,5.811764648,0.525161031,1.129441066,0.083876481,224.9761215,18.25283638,24.92085128,71.85354861,4.972588627,269.0668423,21.40765064,-6.400358212
Driver,93.68512885,-3.437,0.004,4.842519685,45.577,-3.371,10.184,1.302,1.298,131.2173407,1.4006,7.402,1.032,3641.59,-3.573,340.6221785,39.91049686,1.709522607,191.3606046,-0.012782626,-6.469039371,4.88636,178.668336,0.124154678,24.37674474,63.2673694,4.42636,210.5672331,-0.212678845,-9.281485906
Driver,92.69640301,-1.592,-5.0,2.125984252,44.115,-6.643,14.181,-3.391,1.61,136.4678776,1.4722,12.03,-3.618,2930.0,3.725,421.3312605,73.40287373,-19.17150657,6.340157236,-0.396021913,1.368004007,0.0985032,217.0035045,-7.713620625,34.61958493,59.84414708,5.92929,239.5679272,-7.925823202,17.96070086
Driver,95.74758411,-4.429,-8.862,5.472440945,49.215,-12.694,18.327,2.51,11.372,131.1312187,1.3695,15.51,1.003,4120.0,17.483,394.9373851,96.02092692,45.59898644,6.269862257,0.13427299,1.769967566,0.103168,198.7594867,35.02998023,43.54229959,58.47362851,6.35003,212.1971717,39.05635817,94.79951332
Driver,96.50814245,1.627,2.022,-2.086614173,49.387,3.418,17.527,7.084,5.062,142.4353525,1.4759,15.535,6.416,2960.0,7.97,464.4599674,107.5706208,69.25674781,5.892245438,0.666086032,1.651028515,0.089057,234.9473776,41.83552483,42.45824301,62.44884445,6.811964,253.6494342,46.18848775,47.21561599
Driver,99.94407659,2.903,-0.237,-3.661417323,47.378,2.438,16.818,3.103,3.34,148.1261185,1.4821,14.649,2.56,3282.25,6.234,489.7318362,117.1487397,38.6736898,5.988598951,0.27387529,1.584309987,0.086709,242.259104,24.69060912,44.85322899,62.62906637,7.130311,258.3317184,27.05344366,41.70502096
Driver,105.8428776,-0.7,7.9,0.984251969,50.564,7.298,8.354,-4.307,-12.207,139.8212688,1.321,7.399,-3.016,2240.0,-8.889,362.3735373,34.43469569,-28.22273077,5.920371553,-0.318197875,0.771058879,0.088322,195.4457474,-18.81928935,19.3250327,68.587901,4.359738,240.303482,-25.25312891,-25.67298365
Driver,82.50268432,-5.0,0.0,3.74015748,63.024,-3.064,33.947,-1.018,-1.052,106.7649427,1.2941,25.903,-0.73,8510.0,-0.788,274.9830281,108.4061271,-4.764299018,5.831203226,-0.07999681,2.882353692,0.127999,136.5687055,-2.904468648,54.56314842,58.07437552,6.017809,137.3825871,-2.924587727,-3.493994466
Driver,82.74427344,1.754,0.599,-2.165354331,51.352,2.002,15.728,6.254,5.655,121.3672155,1.4668,13.393,5.271,3040.0,9.539,347.1841337,61.49948218,44.67144744,5.971036187,0.558979662,1.426375143,0.104981,183.8896495,28.75352851,32.95297799,58.04794809,5.318644,208.4207945,34.07604695,35.83925045
Driver,98.08741947,1.4,6.2,-1.653543307,41.777,7.296,48.031,-4.839,-10.962,97.84873837,0.9976,39.506,-1.872,8500.0,-7.84,239.7595553,135.3221325,-19.63513978,3.69281733,-0.132144932,3.073217713,0.102727,110.9748659,-13.63997259,63.33782968,64.22929535,6.229835,108.0945576,-13.22712744,-30.10497497
Driver,93.33392985,2.038,9.16,-2.480314961,56.022,10.534,22.652,9.655,0.495,124.936471,1.3386,19.283,9.568,4180.0,0.916,377.8746247,112.9560743,61.96629783,5.906730783,0.983081731,2.092551215,0.104390232,189.0733854,33.04392052,48.772621,60.41740552,6.614931363,199.9468894,35.00284887,4.921553507
Driver,76.21913028,2.585,4.176,-3.188976378,53.665,6.078,25.587,2.054,-2.122,101.404796,1.3304,21.293,2.49,4340.0,0.696,272.4140147,77.39865575,12.24116235,5.871364084,0.256294389,2.299010129,0.129889,143.6307096,7.009021929,43.9028167,54.71392367,5.401085,156.18953,7.667365123,2.309398036
Driver,100.035791,2.243,6.129,-2.401574803,58.981,7.479,7.062,-10.148,-16.277,133.7059324,1.3366,6.459,-8.018,2920.0,-64.913,176.2496393,11.26107463,-39.18004848,5.639234168,-0.825515357,0.620044742,0.0877056,105.8953054,-31.38991401,9.772150265,86.50354257,2.05635,165.3416498,-59.11710426,-50.92854878
Driver,110.4509664,-8.95,1.076,10.90551181,46.382,-7.554,8.667,4.385,3.308,163.4934234,1.4802,6.333,3.942,3856.3,10.552,535.5136601,83.25640722,71.10556065,6.169762956,0.435965891,0.720729025,0.078667,254.2956377,42.75719696,38.05091849,58.18095136,6.69779,265.3753777,45.66922723,76.2688915
Driver,98.14334288,-3.5,-0.9,3.74015748,53.395,-3.57,16.353,-2.726,-1.826,144.9219309,1.4766,13.481,-2.389,4149.21,-4.043,457.7344859,115.9306498,-30.98494224,5.782170906,-0.250512626,1.414826745,0.085256,221.6562421,-18.59421367,47.79432275,60.53217753,7.041613,233.4291523,-19.93034981,-28.11341221
Driver,87.6789549,-3.8,0.2,3.346456693,56.378,-2.903,24.102,0.313,0.158,121.1117573,1.3813,18.55,0.281,6670.0,0.239,330.3799917,106.7319957,1.936746703,5.629276519,0.02568375,1.934810553,0.10264,162.2585885,1.133208296,51.71372468,57.54136834,6.295253,167.186065,1.174438831,1.012320805
Driver,86.38600573,2.02,1.157,-2.519685039,46.211,3.094,14.657,3.944,2.787,127.0716267,1.471,13.157,3.602,1940.0,7.953,345.9932673,53.23223464,29.08444552,6.275422305,0.400812745,1.460878113,0.10498,191.9292855,19.4636554,26.82317594,65.9504104,4.81101,226.0407699,24.23994164,22.28802884
Driver,100.2259306,2.613,3.996,-3.42519685,49.308,6.245,12.523,0.14,-3.856,146.5410254,1.4621,11.121,0.699,2190.0,-16.534,433.7395896,63.30224261,-19.4769885,6.021507329,0.060705571,1.187292716,0.086674,230.3352839,-19.62223968,28.44326662,66.14618414,5.456264,265.1769138,-26.13570059,-67.26165283
Driver,100.0134216,1.9,3.9,-2.322834646,48.075,5.435,13.328,0.344,-3.556,146.7812724,1.4676,11.752,0.906,2400.0,-14.599,449.8924295,75.55386002,-20.39635955,5.798887279,0.079947286,1.214945262,0.083583,232.5170484,-20.12014748,33.70541276,62.06145693,5.974752,259.2543947,-25.17683391,-71.34122028
Driver,101.7470472,-0.011,2.609,0.0,50.131,2.6,13.798,2.485,-0.124,148.744855,1.4619,12.031,2.502,2610.0,-4.412,479.5514004,84.892701,11.18938427,5.982557146,0.257380338,1.285530625,0.085176,245.7670389,2.721079886,35.62240138,62.9525357,6.345387,271.6630046,2.197977183,-24.0289047
Driver,105.2568003,2.9,-0.3,-3.700787402,49.318,-2.876,11.859,0.177,0.477,155.9077487,1.4812,10.895,0.23,2880.0,-8.964,511.6881723,91.88914151,-22.24688677,6.120078285,0.004193551,1.194001674,0.08284,255.2366421,-18.34944838,37.95237581,61.75271169,6.686555,277.8973187,-21.56810865,-58.11369647
Driver,83.54733357,-4.5,-0.3,4.015748031,62.771,-2.892,24.741,-1.207,-0.907,112.5543576,1.3472,20.409,-1.019,6810.0,0.904,301.9624495,97.57127548,-3.739825306,5.677259814,-0.105996572,2.152606838,0.112788,151.5393572,-1.555687195,50.17147238,56.33029327,5.976935,156.9594486,-1.584791976,3.418163478
Driver,76.74257337,-4.441,0.828,4.251968504,59.895,-1.753,38.59,-1.113,-1.94,96.68016285,1.2598,31.038,-0.678,7240.0,-1.769,244.5064254,105.8996099,-5.122504861,4.959574867,-0.062046815,3.011542834,0.125895,122.7069644,-3.464078156,55.40039123,58.06448123,5.802663,124.6122461,-3.529885785,-6.037247798
Driver,90.41025412,-3.2,0.8,2.598425197,57.234,-1.789,26.409,2.852,2.086,122.3879295,1.3537,20.941,2.383,6654.48,2.522,341.1581385,120.478338,19.48997848,5.661593063,0.245758755,2.211772826,0.1037,166.9538368,11.59066227,53.6052887,60.4479289,6.558759,170.834362,11.91232948,13.96673957
Driver,101.3757158,0.774,4.387,-0.984251969,48.578,5.07,14.366,1.349,-3.038,147.6740336,1.4567,12.315,1.823,3082.93,-10.889,478.0916029,93.01416808,-11.69838287,6.042061556,0.181618251,1.334314606,0.086831,240.1922435,-14.20060174,39.12983565,61.08390235,6.600176,261.1650821,-17.18018868,-65.46312132
Driver,103.1294739,-2.712,0.387,3.346456693,51.268,-1.79,18.151,1.421,1.034,145.8882874,1.4146,16.207,1.319,2820.29,4.779,463.4208879,117.0692955,28.08938508,217.7136204,18.66484663,6.061505263,6.70425,223.4491129,19.47501313,47.44797295,57.85353967,7.00431,236.6393327,21.31839922,43.0376464
Driver,111.6298318,3.896,1.172,-4.68503937,44.296,5.174,11.637,-3.744,-4.916,161.6103704,1.4477,10.702,-3.137,1780.0,-31.801,455.8932687,60.98709102,-66.71777183,6.144835974,-0.356541964,1.163486101,0.0799443,246.1294726,-52.67906167,25.52886895,73.19847174,5.1703,275.2394545,-63.93814069,-118.3294327
Driver,85.72834646,2.341,8.337,-2.834645669,55.973,9.919,18.621,5.742,-2.595,124.3609073,1.4506,15.966,6.187,3320.0,-6.146,376.2192864,84.9507424,28.39717848,6.040631376,0.643573711,1.740238531,0.105017,194.3948328,11.48742024,40.33022142,58.52382953,6.037935,212.5582464,11.83065419,-28.48063282
Driver,84.51592699,-4.021,-0.258,4.133858268,55.07,-3.072,24.589,2.315,2.574,111.9624642,1.3247,20.655,1.922,4390.0,3.885,318.6322009,94.56208237,16.87190248,5.961660678,0.206485206,2.269244504,0.118855,163.4975043,10.98475106,46.79182064,57.3723847,5.991802,174.9584262,12.00188171,16.52228657
Driver,93.06773443,0.1,0.9,-0.157480315,47.362,1.071,19.824,4.633,3.733,131.7481657,1.4156,16.759,4.179,4080.0,4.281,398.7125086,112.5186595,38.62686102,5.73845194,0.423810798,1.756487753,0.094714,196.1180902,22.62584298,48.85388936,59.58350369,6.730138,207.0621179,24.19467588,25.10840661
Driver,39.17322835,-1.942,1.846,1.653543307,65.367,0.956,35.446,8.188,6.342,39.86242842,1.0176,24.781,6.056,4260.0,6.734,44.40338906,10.61288598,4.814693131,5.70731448,0.616576706,2.193480438,0.331566,27.59267836,3.213621584,28.24885791,33.87587533,1.745526,39.03910075,4.650973822,0.913374305
Driver,93.42788117,-3.3,-7.5,3.74015748,53.17,-10.112,13.502,2.577,10.186,130.408912,1.3958,11.152,1.102,3570.0,5.099,391.0805109,67.5295592,17.10288555,5.883755833,0.118766154,1.175466669,0.09544,199.2085783,11.83120239,35.21771814,57.05972697,5.734994,220.5721392,13.89045879,24.01358829
Driver,85.58070866,0.219,-0.212,-0.31496063,47.823,-0.013,17.128,11.572,11.784,116.5712241,1.3621,13.31,8.773,5408.64,23.18,301.3122489,58.79116082,80.47260656,142.3291933,46.29409295,10.0136294,4.23431,159.8335763,54.36934252,33.87746003,55.39820377,5.00238,177.0201633,62.13630382,92.42739794
Driver,76.43387616,-6.222,-4.188,5.078740157,63.803,-7.262,15.921,-2.69,1.498,98.8061471,1.2927,12.972,-2.898,2900.0,3.03,226.8811474,33.25488139,-9.443668646,5.849345984,-0.292230476,1.331738502,0.126175,127.9236792,-4.577064339,24.46148701,56.56833638,3.855807,159.0623657,-5.238569008,5.676670105
Driver,100.5502863,3.315,0.188,-3.700787402,54.489,2.557,11.837,-8.219,-8.407,141.7251253,1.4095,10.207,-6.568,3233.74,-14.849,411.7658069,68.49170238,-80.23341582,210.8047076,-50.23200499,0.733917904,5.41402,211.965928,-50.60325892,32.04093488,65.92184113,5.4566,240.0025404,-59.70576803,-80.18107808
Driver,99.72038296,-0.79,1.555,0.984251969,51.104,0.918,15.949,3.308,1.753,147.1414191,1.4755,13.661,3.058,3363.0,3.797,483.5388604,109.7592495,35.58318862,5.547125684,0.299519629,1.375311185,0.080384,239.1884361,21.04882015,43.70937776,61.55887073,6.99321,254.5908974,22.83414223,24.92521702
Driver,95.85048318,-0.278,-4.287,0.393700787,41.834,-4.597,20.125,-2.052,2.235,133.6202577,1.394,17.601,-2.348,3370.0,5.996,424.9238342,112.5025589,-2.780577512,6.139579587,-0.244044523,1.974179126,0.100146,214.030718,2.69189147,45.67523924,61.6573144,6.79182,221.7908663,3.091933299,34.37259813
Driver,102.5366858,3.5,1.1,-4.566929134,49.046,4.192,13.97,0.401,-0.699,151.1468772,1.4741,12.408,0.599,2350.0,-5.384,486.9059065,85.75833073,-5.873425958,5.60914823,0.054879981,1.241498036,0.078609,252.0889589,-6.79428599,34.80689434,64.8025282,6.307737,280.0324766,-8.560079299,-28.28513682
Driver,91.28489621,-0.658,0.712,0.708661417,54.863,0.249,10.957,-8.625,-9.337,124.2045455,1.3606,9.478,-7.404,2350.0,-27.267,283.8783064,30.41432014,-54.85698777,5.574818303,-0.73663822,0.924083109,0.0940544,159.7805098,-39.20256326,18.97517724,67.28304994,3.81075,200.2672811,-54.22366863,-56.74490846
Driver,84.51816392,0.33,8.373,-0.393700787,56.744,8.59,12.744,0.462,-7.911,121.3822029,1.4362,10.63,1.85,3030.0,-22.728,312.9202425,41.72241603,-14.16269205,5.980500036,0.16941432,1.122499265,0.103978761,168.9855924,-17.14190946,25.35695049,59.57703549,4.521134016,200.6489609,-24.81227263,-67.68057781
Driver,103.6014674,3.1,4.5,-4.133858268,47.778,7.167,16.842,2.606,-1.894,147.4845651,1.4236,14.784,2.924,3040.0,-6.031,488.7277498,112.6528373,8.481629778,5.829446262,0.291847812,1.553347604,0.084755,244.7139202,-0.395319488,43.30725197,62.98487666,7.026092,262.4840095,-1.192747567,-38.63387517
Driver,95.51941661,-2.617,-0.143,3.858267717,40.928,-3.165,22.317,-6.901,-6.757,128.1406586,1.3415,18.613,-5.806,4888.93,-14.471,378.4079815,114.1165369,-70.63317363,6.311211184,-0.66362738,2.169419697,0.108293,187.8329037,-45.7640534,49.19499036,60.12806486,6.6185,192.2317289,-47.22444291,-81.30186909
Driver,101.0603078,0.5,-5.5,-0.62992126,48.603,-6.077,19.128,-10.411,-4.911,140.9079724,1.3943,17.107,-9.722,3560.0,-17.701,445.5435745,119.5661247,-118.5105648,5.73348247,-1.001575295,1.783005065,0.088425,221.6642361,-74.16001434,46.72438692,62.09804317,6.986352,235.3146834,-80.34174874,-113.4601688
Driver,92.04098067,0.504,2.657,-0.551181102,54.131,3.022,13.033,-3.872,-6.529,136.2951861,1.4808,11.561,-3.08,2250.0,-18.377,382.3908608,54.98571027,-42.67989771,5.583648861,-0.312199169,1.143415083,0.0864256,206.9037462,-32.10576803,26.92738075,65.12056186,5.05627,239.7785414,-40.68140344,-63.23116679
Driver,84.02827487,0.413,-2.504,-0.511811024,49.381,-2.15,22.528,8.327,10.832,116.8711972,1.3909,19.152,6.517,4380.0,14.87,334.8973792,93.23910221,63.12041207,5.796024356,0.679782413,2.032815787,0.10946,171.6258252,41.50865727,45.38597581,57.40851441,6.026918,184.1029619,45.62939833,67.01862419
Driver,103.0153901,-0.497,6.386,0.590551181,47.252,5.926,23.104,-2.236,-8.622,132.1165891,1.2825,20.276,-1.097,3960.54,-19.007,404.4873946,124.7280969,-53.37696592,5.981328622,-0.139903632,2.237032858,0.100332,201.9319794,-41.14626879,49.17246738,62.51303571,6.88976,207.2865382,-42.87205864,-112.0614866
Driver,70.40309592,-2.1,-0.794,1.88976378,60.847,-1.967,30.012,-1.705,-0.911,89.20812455,1.2671,24.465,-1.523,4910.0,-0.963,220.3503306,67.94798303,-6.477826563,6.185779671,-0.166559726,2.815708858,0.159815,118.470093,-3.948237914,44.19084075,52.22962171,4.90366,128.2496424,-4.315967233,-2.399599051
Driver,93.05431281,2.273,7.366,-2.992125984,51.492,9.176,12.508,3.891,-3.475,139.1888869,1.4958,11.101,4.381,2054.9,-19.963,382.1127183,51.74895222,6.567145378,6.046077833,0.446519343,1.184600197,0.091615,208.5536082,-5.396218744,25.23152473,67.63999515,4.882728,247.4910622,-10.62465555,-63.91857628
Driver,90.84645669,0.474,0.527,-0.590551181,48.227,0.951,18.844,1.62,1.093,115.5558787,1.272,14.554,1.352,4928.73,2.131,322.8213593,72.41557611,11.05125421,6.271634891,0.151577847,1.661964682,0.11686,165.3271448,6.854311896,40.58093055,54.26885148,5.56417,178.0108861,7.555669264,8.864758745
Driver,77.16759127,7.389,5.081,-9.251968504,48.317,11.712,10.972,-5.792,-10.873,112.5695687,1.4588,10.318,-3.712,2400.0,-61.276,170.8614294,17.25041971,-24.50449047,6.258102362,-0.45400437,1.098151792,0.11697,103.6164812,-22.39522733,14.70364445,74.41410783,2.40299,152.0442969,-40.84849158,-47.3956152
Driver,108.9611668,1.763,-0.384,-2.047244094,56.742,0.773,20.971,-4.427,-4.043,147.2646743,1.3515,18.582,-3.886,3571.0,-7.409,484.672206,148.9133365,-54.23487838,5.516460908,-0.381816926,1.88648064,0.0819712,235.7925758,-33.79683919,51.23141588,66.38881814,7.63799,245.3882694,-35.61973879,-53.7123555
Driver,108.7799749,4.5,-3.7,-5.511811024,49.496,0.033,13.931,-2.68,1.02,160.6337241,1.4767,12.91,-2.832,2240.0,4.082,531.5402674,105.4071919,-15.42561088,5.894530501,-0.286190511,1.363544601,0.077965,268.7283456,-4.747528074,39.47278302,64.87692947,6.899233,291.899225,-4.487268444,25.60026225
Driver,107.585451,4.3,9.5,-4.881889764,50.273,13.049,12.421,4.618,-4.882,160.9621063,1.4961,11.553,5.162,2260.0,-20.943,507.6364332,84.65072286,1.240551291,5.789024824,0.504946467,1.19148563,0.075954,261.5141779,-14.52449405,33.73499174,65.51772847,6.265195,290.6234187,-20.53571796,-113.8747189
Driver,104.6729599,2.515,-0.501,-3.149606299,44.856,2.029,18.47,0.686,1.188,151.0710451,1.4433,16.542,0.535,2900.0,2.659,511.5460473,131.3885102,12.12975192,6.327250343,0.062297448,1.912158421,0.0907079,254.5119821,8.459327542,46.26146897,65.53132191,7.42548,269.2840933,9.217041106,18.25139334
Driver,109.4957946,-1.308,-4.83,1.653543307,46.13,-6.087,12.096,1.231,6.061,156.0999016,1.4256,10.181,0.341,3263.29,13.792,496.9414138,94.12218364,60.39342463,229.6869882,41.51740931,10.73406092,5.86351,244.1152355,46.42700988,38.92127986,64.52342742,6.44684,265.3940282,53.51212159,134.9995314
Driver,76.32650322,3.523,6.917,-3.818897638,64.385,8.608,40.272,-22.971,-29.888,66.01377953,0.8649,33.877,-15.776,5610.0,-24.772,131.8523953,50.16589277,-42.60093776,4.699374171,-1.322293086,3.082191217,0.1801912,73.83191544,-29.04562507,45.81173223,46.577399,3.893778999,81.06719561,-32.37769668,-28.49068061
Driver,97.226199,-1.2,-1.0,1.417322835,61.433,-2.232,9.414,-3.633,-2.522,129.0765927,1.3276,7.737,-3.171,2209.59,13.634,303.8232908,28.16411694,-6.463432908,5.872686536,-0.320142599,0.795666852,0.095031,167.6916366,0.774100638,17.72721429,67.72929119,3.880914,211.8188586,3.889247033,30.14661264
Driver,99.36023622,2.952,-10.582,-3.582677165,49.703,-8.076,22.899,6.789,17.371,132.134932,1.3299,19.918,3.893,5270.0,27.684,377.4706523,117.9808231,89.72953282,6.336697775,0.480458701,2.337573001,0.106273,188.0227812,65.3795415,49.07578076,60.60273885,6.6033,196.0325297,69.59789875,159.7793156
Driver,86.72825698,-4.724,0.781,5.354330709,53.888,-2.676,16.995,8.918,8.137,114.4944524,1.3201,13.459,7.523,4300.0,13.359,313.1136807,60.56334607,59.52713591,5.256336685,0.703006748,1.270286951,0.098073139,163.1609624,37.72236421,35.93786703,54.19376328,5.20369529,181.2402496,43.4662978,49.84411672
Driver,107.8404617,3.0,1.0,-3.661417323,43.505,3.745,17.055,-0.862,-1.784,156.6938082,1.453,15.241,-0.611,2850.0,-2.79,524.7736853,132.8765372,-14.02000768,5.749431303,-0.064666311,1.584327253,0.078857,257.3345793,-9.527425088,47.03783251,64.64029007,7.531881,272.3419111,-10.38323569,-20.35383202
Driver,83.4198282,-4.03,-11.172,3.937007874,57.403,-13.755,20.546,-2.384,8.788,105.1140838,1.2601,15.062,-4.478,6081.57,12.6,267.00961,57.5981588,-4.471204955,5.151573625,-0.385456469,1.403000135,0.1057736,139.9789626,2.487451862,37.7707587,51.60772382,4.897032908,152.971161,3.720558631,40.22151766
Driver,67.38994273,-4.593,-15.792,4.05511811,60.477,-18.399,43.054,9.124,24.916,54.23854689,0.8049,29.407,-0.238,8287.45,38.415,87.22655729,27.71249465,7.356760909,51.00690185,9.284259363,-1.107419174,2.95851,49.76474552,8.771085549,40.57150705,38.35375,2.86851,53.45644673,10.26334228,26.92347046
Driver,80.898801,-2.2,9.8,2.637795276,57.553,8.008,19.599,-40.293,-50.113,56.15090372,0.6941,14.264,-26.062,8400.0,-47.084,58.08965428,7.91871644,-27.80861097,5.346378192,-2.414167009,1.209480473,0.205511,36.3212711,-18.92740726,17.87516787,43.3829527,1.584801,50.76505683,-27.59755059,-10.14986942
Driver,101.7425734,2.988,3.306,-4.251968504,48.193,5.982,12.794,4.57,1.265,148.4867126,1.4594,11.348,4.379,2150.0,0.148,457.572086,70.26741145,34.7714316,6.005192334,0.458676929,1.21073305,0.085366,240.8438882,18.60867663,30.31229524,66.04689995,5.755876,274.6564236,21.25198315,0.660097671
Driver,98.60191482,-4.505,-3.921,5.31496063,51.42,-7.524,16.012,2.374,6.294,139.6215104,1.416,13.519,1.571,3620.0,11.041,441.4035767,96.85382189,38.90945577,6.244084599,0.184798843,1.530658131,0.0954945,220.3267542,27.77559375,42.08993632,59.50250622,6.57818,236.0375372,31.03586786,65.31880484
Driver,93.14155333,3.026,1.806,-3.385826772,50.218,4.328,14.598,4.808,3.003,129.1320687,1.3864,13.142,4.418,1930.0,9.315,355.6982676,55.06802126,36.36435752,6.243915637,0.488498266,1.453007854,0.102764,196.6845173,24.14993201,27.16263474,66.24439741,4.89376,230.6995887,29.8834617,27.12529286
Driver,84.66580172,-2.158,1.345,2.992125984,48.989,-0.533,8.073,2.895,1.55,120.8052971,1.4268,5.732,2.537,2840.24,0.704,260.9747789,18.9699929,12.13117312,156.9641913,7.61578867,-5.608322117,3.91544,139.9525458,6.755820753,15.12647678,65.40877186,3.34544,181.6498363,8.892623768,1.684459598
Driver,103.8385827,0.148,-0.721,-0.157480315,51.319,-0.602,12.597,-0.871,-0.15,155.9477899,1.5018,11.657,-0.859,1455.68,-7.197,437.02894,67.38764173,-24.62642624,224.7664524,-19.8283189,1.57794936,5.15259,227.3672711,-20.25374775,31.19791202,69.75182142,5.24177,261.1857767,-25.8059661,-50.56912235
Driver,81.57211883,-6.6,1.8,5.196850394,60.27,-2.417,33.099,0.956,-0.933,103.4296707,1.2679,25.293,1.136,7997.38,-0.916,264.7787129,99.10502771,3.580486054,5.782192577,0.116404594,2.775217896,0.130237,133.4174259,1.582204528,52.68618629,56.39572611,5.802591,135.7719039,1.60045493,-3.189019423
Driver,104.9413923,-4.301,3.282,4.921259843,50.979,-0.212,13.173,7.678,4.396,151.4200072,1.4429,11.072,7.132,3260.0,9.158,494.7536699,93.32530333,84.59149547,6.424529318,0.808212925,1.287626241,0.089677,244.9683491,49.68503258,39.37698065,60.39224101,6.70206,263.7956239,54.84154762,58.55561151
Driver,71.10996779,-3.297,-9.731,3.031496063,61.024,-11.559,29.291,-0.22,9.51,85.72431997,1.2055,23.444,-2.189,5190.0,9.872,202.1794682,58.00544145,0.392592139,5.08424026,-0.17887709,2.197083011,0.1351864,110.491093,2.853098627,41.52272157,50.57105953,4.5497248,121.8792924,3.648232339,21.20976951
Driver,88.04133858,-1.29,6.237,1.614173228,55.133,5.337,1.025,-11.837,-18.074,120.3892269,1.3674,0.733,-9.547,2760.0,-48.634,34.15010107,0.232280876,-6.091890417,6.044052636,-1.040473587,0.059658109,0.103819947,22.14382599,-4.231351662,0.876080044,110.1918023,0.392988389,88.23533974,-18.63871128,-1.703166357
Driver,86.89379026,4.3,-3.5,-5.354330709,52.914,-0.351,21.581,-6.206,-2.583,114.1159628,1.3133,18.535,-5.719,3490.0,5.556,331.796586,83.33147855,-23.3694581,5.980847554,-0.588411457,2.014347718,0.115092,173.6143508,-9.828837587,41.75650341,57.44200736,5.803793,189.9743009,-10.21558049,22.47887643
Driver,98.19479241,4.6,-2.8,-5.433070866,56.916,-0.26,12.376,4.541,7.376,136.7767985,1.3929,11.15,3.373,2290.0,23.197,374.9414129,52.36703938,49.63777316,3.258647614,0.196367047,0.642379943,0.050007,202.2882913,38.0229614,26.5155982,64.34467322,4.953235,236.3025625,49.10005403,78.80222149
Driver,102.3152291,0.451,2.824,-0.551181102,54.276,3.149,15.901,1.881,-0.943,150.7654796,1.4735,13.93,2.007,2956.95,-2.212,503.4771116,111.0025566,11.27014845,6.354905218,0.219975311,1.606253862,0.0901042,251.4416294,3.993715293,42.43848951,62.94478326,7.04663,268.8952281,3.99000313,-14.44053215
Driver,95.44559771,0.09,-1.655,-0.118110236,50.526,-1.581,18.751,-1.517,0.139,131.2623031,1.3753,14.368,-1.551,5709.07,11.616,363.8930333,103.8220947,30.80035577,176.8858714,30.65883906,-2.089539835,6.51568,175.0255278,29.79402935,48.68690793,54.60923795,6.40568,182.4052194,33.17787353,103.3540309
Driver,92.84627774,-7.887,-2.201,9.881889764,47.792,-9.419,14.468,5.941,8.142,128.9426002,1.3888,11.507,4.821,4040.0,13.103,379.3965988,69.88230993,56.82453453,5.097745129,0.440351446,1.052437944,0.08364488,192.169347,36.85306741,36.97602265,56.01691449,5.744681119,210.7986776,42.20990922,62.61585298
Driver,81.2746063,-2.736,3.789,3.700787402,56.878,2.002,1.785,0.851,-2.938,123.4708304,1.5192,1.265,1.189,760.0,-22.887,45.17317131,0.523057313,0.720249147,1.75990003,0.035867093,0.037552756,0.0292097,28.77453579,0.327028497,1.38186116,113.5367876,0.497187,90.97853468,0.400257779,-0.810265952
Driver,111.2316571,-0.5,4.1,0.866141732,47.55,3.419,23.007,-3.648,-7.748,145.7182802,1.31,19.895,-2.556,4743.01,-10.961,448.7487713,161.6779035,-55.2262574,5.950633869,-0.279576608,2.193335961,0.090546,212.6695362,-36.60013162,56.01569764,67.57141354,7.657102,217.68136,-37.78102797,-81.66315766
Driver,77.26601646,-5.643,3.254,5.236220472,57.411,-0.368,27.896,-0.648,-3.901,98.697432,1.2774,20.587,0.308,7196.38,-4.94,248.4660762,71.00739106,-4.763750687,5.985640979,0.021721257,2.272730523,0.136007,130.2402096,-4.367582674,44.25547291,52.26327678,5.126863,137.6836416,-4.806902579,-15.20173057
Driver,94.36515748,2.804,5.686,-4.330708661,46.966,8.306,13.441,-1.454,-7.139,141.2291965,1.4966,12.194,-0.588,2112.92,-9.569,402.7800422,63.59291647,-30.69482898,201.2977156,-25.49173033,3.527842691,5.01575,207.1215083,-26.92907737,32.11630283,64.93865462,5.23265,236.2590999,-34.13574957,-74.4604397
Driver,82.66821761,-5.873,4.427,6.023622047,53.596,0.077,24.368,2.204,-2.223,113.0956961,1.3681,19.437,2.604,5548.35,-3.189,314.2971379,92.87613475,7.905311414,6.167745296,0.274033224,2.211107541,0.121065,159.5911638,2.645608883,47.29964027,56.36517286,5.931938,168.8240269,2.631288707,-13.82036631
Driver,82.64808518,5.825,5.205,-8.267716535,52.105,9.759,0.036,-12.712,-17.917,106.842117,1.2927,0.868,-10.186,2821.63,-17.626,55.30018819,0.456737877,-10.54322709,50.56935713,-10.58380015,-0.786117608,1.09625,32.17826338,-6.395617887,1.317901416,91.50788369,0.666253,85.66872556,-18.10461444,-2.153419442
Driver,100.7292412,0.438,-2.54,-0.62992126,46.065,-2.118,10.178,-5.209,-2.669,141.1381532,1.4012,8.065,-4.621,3070.66,-5.169,400.1816927,47.54847087,-41.90915214,212.6794873,-25.6696528,-1.974539493,5.01682,208.5685341,-25.00447652,25.11963712,66.83416766,4.87682,243.2644201,-30.57799195,-24.72365608
Driver,86.67904438,0.1,5.5,-0.236220472,47.747,5.617,16.697,-0.581,-6.081,123.6327845,1.4263,14.015,0.588,3510.0,-12.92,358.7419405,74.50512226,-19.52102349,5.742760422,0.043512737,1.448389064,0.099519,183.7369955,-17.47957569,38.96296443,55.79995699,5.763532,201.5656168,-20.79595488,-58.06703296
Driver,79.83625626,-4.1,7.3,4.763779528,57.035,4.592,8.286,-0.251,-7.551,114.5859431,1.4352,6.267,1.163,2690.0,-22.056,222.4888138,16.06923324,-6.825094655,6.017526842,0.099338939,0.65508393,0.109541,124.7179885,-8.720509332,13.45583514,65.36901552,3.053895,169.7392642,-16.30418212,-33.73167462
Driver,111.8826056,4.9,4.3,-6.338582677,49.563,8.503,7.456,-6.284,-10.584,152.5140927,1.3632,7.178,-5.004,2370.0,-44.852,331.4223002,27.80091401,-64.01994868,5.834774228,-0.548803421,0.731353565,0.079731,183.2520208,-50.24881477,15.98589491,76.4737747,3.654807,235.4726975,-75.56483389,-104.0572373
Driver,96.53051181,1.127,1.963,-1.614173228,47.568,2.994,13.292,-2.051,-4.014,134.3978168,1.3923,11.315,-1.38,2780.0,-9.259,399.2148772,62.27092542,-24.35200358,5.874829045,-0.149869544,1.182411076,0.092372834,208.8458265,-18.09387614,31.04379101,60.53624361,5.517210302,237.0311226,-22.29537461,-39.2335838
Driver,101.0692555,0.478,3.224,-0.590551181,51.153,3.609,12.675,-0.599,-3.823,148.0299302,1.4646,10.96,-0.047,2644.25,-13.733,461.5397716,73.44780226,-27.25032024,5.73555531,-0.01536154,1.119366441,0.081691,237.5153905,-23.29154411,32.56588688,62.52345906,5.982362,265.5778574,-28.80977661,-69.29292108
Driver,102.9415712,0.1,8.1,0.078740157,55.522,7.97,7.972,-3.498,-11.598,146.1075072,1.4193,7.186,-2.311,2010.0,-27.903,342.8475438,29.39807686,-36.347146,5.891934054,-0.256075704,0.740964006,0.084019,189.4402144,-29.47741211,16.41881034,75.28516337,3.890678,241.9647347,-44.29971613,-65.72269683
Driver,90.75250537,-5.59,-7.846,6.417322835,48.858,-12.751,13.125,-0.671,7.174,127.5872405,1.4059,8.662,-2.426,6056.11,13.803,352.0862199,60.16705806,13.11088543,6.301243641,-0.243316984,1.005399405,0.10397,174.8900345,13.89946929,36.32841791,52.73625265,5.40832,188.0120446,16.33399517,63.79956448
Driver,93.48604152,3.198,6.211,-4.212598425,53.884,8.548,18.596,2.9,-3.311,138.5448729,1.482,16.256,3.43,3294.15,-8.601,445.6143116,110.7648831,4.897688478,5.797978703,0.337967746,1.706392012,0.09048624,223.9481068,-3.72397197,44.57871738,61.76417609,6.840158484,239.8812082,-4.931976905,-51.34214766
Driver,102.668665,3.3,11.1,-4.133858268,49.438,13.987,15.344,5.068,-6.032,142.2141195,1.3852,13.534,6.111,2870.0,-14.342,444.9532476,90.8919145,14.81307763,5.803519347,0.604379669,1.409894745,0.08706,225.4217274,-2.48514937,39.56673217,60.0065132,6.418128,245.8345565,-4.896465789,-79.4004964
Driver,103.7468683,-2.13,0.104,2.559055118,50.833,-1.632,10.924,1.176,1.072,148.3012706,1.4294,8.473,0.971,3622.38,-2.214,456.8407354,72.65850497,8.500270168,231.2914607,6.759756662,-1.210573435,5.8472,229.4316743,6.644938969,33.55865557,65.49373728,5.7772,255.1064292,8.254934972,8.2727688
Driver,108.1513958,1.283,-0.246,-1.496062992,48.256,0.899,12.81,3.379,3.625,160.3471725,1.4826,11.451,2.94,2270.0,11.338,521.7412012,87.59132366,51.06946419,6.482623529,0.342856493,1.330633783,0.0854091,267.9729556,34.83923261,34.1626753,65.82879047,6.42172,295.2495844,40.51385168,63.4969594
Driver,76.19899785,-1.9,-6.3,1.732283465,65.67,-7.302,35.884,5.024,11.324,93.03194345,1.2209,27.924,2.023,8540.0,11.724,225.3402249,85.63101953,21.52104478,5.497076135,0.226878127,2.93792713,0.140999,116.3863838,15.75254692,51.26342048,53.80722908,5.318479,118.4421596,16.12872317,35.0160496
Driver,104.6640122,2.977,3.451,-3.464566929,56.011,5.46,17.631,-0.317,-3.767,147.2986757,1.4073,15.107,0.363,3813.0,-9.128,478.4369782,125.5639348,-24.66885823,5.032600445,0.024000752,1.385615633,0.0732672,233.433717,-19.83435057,47.77227696,62.75116416,7.25848,245.040282,-21.57619474,-63.92257274
Driver,89.5646922,-3.949,0.569,4.409448819,54.251,-2.279,17.655,3.92,3.351,129.3653812,1.4444,15.079,3.497,3350.0,5.604,399.0554059,88.30807196,34.92186738,5.46442515,0.338577507,1.48960933,0.0906752,204.0357876,21.79355265,40.5549456,58.9274814,6.21413,220.7691089,24.21532072,28.136242
Driver,109.3011811,-0.5,1.1,0.62992126,49.089,0.642,14.416,0.809,-0.291,148.7549213,1.361,12.776,0.925,2423.58,0.216,479.0455275,88.1436526,7.316436141,5.988796551,0.087523489,1.367568077,0.08551,246.7097374,3.983563278,36.20965543,63.60394578,6.379044,272.5529673,4.439108973,0.002344417
Driver,98.56164996,-3.539,-4.82,4.251968504,53.524,-7.44,21.744,-2.33,2.49,125.8135737,1.2765,20.136,-2.504,2020.16,3.509,388.9542928,95.90957951,-11.59261292,6.356590569,-0.274102341,2.330559756,0.111647,209.8659381,-4.629988139,39.3746295,64.92107616,6.07658,232.074449,-4.720129291,13.62318659
Driver,104.5857194,1.9,8.5,-2.244094488,51.898,9.989,14.881,-11.633,-20.133,133.838359,1.2797,13.205,-8.722,4240.0,-25.726,390.1246339,80.24804262,-109.937353,5.679658316,-0.890107038,1.349750068,0.090534,197.5045338,-72.71386596,39.1111303,57.14990193,5.949134,214.3380585,-82.13582463,-132.080852
Driver,88.04133858,-2.897,1.028,3.858267717,50.829,-1.335,9.411,-12.808,-13.837,113.9663117,1.2945,7.499,-10.606,3280.0,-35.882,219.7576758,18.56646149,-58.63753381,5.708943076,-1.085203353,0.742971343,0.104724,123.9245003,-41.16806057,15.21082007,64.52316289,3.090449896,166.6926147,-62.17224134,-56.85381945
Driver,77.78498568,-3.816,-0.552,5.354330709,45.293,-4.337,20.236,4.514,5.066,104.8436382,1.3479,16.355,3.638,4130.0,7.517,278.2689493,60.53086108,26.29262007,5.344081769,0.348409039,1.575234293,0.110533407,147.7924888,17.30337553,37.09588306,53.57454057,5.020375503,165.2044937,20.10732585,23.86563038
Driver,95.22637795,1.9,8.3,-2.204724409,57.238,9.52,9.838,1.192,-7.108,140.4603615,1.475,8.842,2.353,1870.0,-31.864,323.7254225,32.312895,-9.187192972,5.787947996,0.217598918,0.893775347,0.086195,182.5665569,-15.11603821,17.81081695,75.12306604,3.851409,233.9013617,-26.32190436,-67.7190574
Driver,85.57847173,-0.12,-1.098,0.157480315,46.917,-1.211,20.503,5.943,7.041,123.6967609,1.4454,17.372,4.794,4070.0,10.538,369.1315839,96.87375062,51.16907456,5.898413687,0.507450565,1.866346577,0.104032,187.2333051,33.10269702,44.94998171,58.36951878,6.270561,200.8143305,36.41336667,52.75695005
Driver,109.7508053,5.5,4.5,-6.614173228,50.361,9.2,15.66,2.837,-1.663,164.4676092,1.4985,14.555,2.961,2420.0,-5.753,558.6243677,130.3548751,11.76081095,5.80680906,0.302678546,1.522484163,0.075564,277.3338009,0.911946944,44.50049057,66.12597317,7.511982,295.5197513,0.219765998,-40.24560907
Driver,97.09421976,-1.299,5.606,1.732283465,47.863,4.43,8.939,-4.281,-9.887,143.440408,1.4773,7.738,-3.097,2390.0,-31.883,347.7571392,32.90417441,-48.57502049,5.620032462,-0.323076718,0.763579924,0.081664,189.6748328,-38.76601724,18.46844011,70.46441479,4.11387,232.4438441,-54.72200647,-86.03471132
Driver,100.3892269,-0.2,-6.2,0.354330709,35.762,-7.114,20.482,-7.401,-1.184,138.3220741,1.3778,17.228,-7.142,4480.0,-4.699,427.8573965,129.7859507,-64.5195379,5.928494299,-0.749114047,1.872223197,0.093462,207.7341504,-36.219941,51.24809589,62.52961579,7.125949,216.5528311,-38.01976506,-31.52152127
Driver,104.3955798,-0.1,8.7,0.275590551,48.55,8.498,8.13,0.505,-8.195,142.6505458,1.3664,7.211,1.547,1830.0,-10.229,346.3152888,30.19617042,0.898960518,5.814256682,0.150404773,0.734686285,0.084905,190.9912662,-2.884394388,16.82334271,74.51655785,3.992196,243.1711614,-6.020548062,-24.11681757
Driver,93.94013958,-0.707,-3.275,0.94488189,47.353,-3.926,19.417,-0.575,2.699,131.4260469,1.399,16.265,-1.025,4150.0,3.639,404.8968238,107.4077526,1.849434568,5.855203895,-0.099971157,1.733744943,0.096558,201.2504482,3.353546052,46.6186404,59.6600212,6.634424,213.8766191,3.869533131,20.85783766
Driver,101.194524,-2.148,3.218,2.480314961,49.457,1.379,15.425,1.077,-2.141,147.6919291,1.4595,13.335,1.343,3090.0,-4.43,486.0500526,103.2639657,-0.32531458,6.47258568,0.1463439,1.5641119,0.0934759,242.9210558,-3.593199771,41.47974443,61.68824737,6.85079,260.6563924,-4.435447511,-27.85524774
Driver,95.57981389,-2.583,-5.225,3.42519685,48.116,-7.544,22.268,9.249,14.475,125.0539102,1.3084,17.532,6.232,6845.83,23.583,331.6386916,99.77478615,96.0712098,138.421017,51.35672279,23.55805023,4.66419,164.8250278,66.29307908,48.61893453,57.12867551,6.09927,171.6433586,69.8910551,148.5594589
Driver,103.7021296,2.4,2.0,-2.283464567,50.691,3.467,12.256,0.112,-1.833,154.2949177,1.4879,10.52,0.642,2710.0,-9.141,496.8503016,83.49627275,-17.84926951,5.870027988,0.037969242,1.103353809,0.080136,250.0322357,-15.89906516,35.76495975,61.66563003,6.421298,274.5421439,-19.17250824,-56.08186025
Driver,25.06487115,-1.1,-3.3,1.102362205,67.474,-3.94,35.836,-6.079,-2.779,26.95821403,1.0755,30.016,-5.408,2930.0,-2.836,22.48771234,6.47140969,-2.1203257,2.022468003,-0.197041771,1.023064326,0.179218,14.11318508,-1.40502179,32.34829187,24.93972256,1.315416,21.04418686,-2.108362772,-0.225737314
Driver,93.9043486,-4.864,-9.063,7.204724409,41.609,-14.561,11.569,-5.927,3.136,134.1161865,1.4282,8.554,-6.515,4087.84,8.213,382.4556155,58.86329041,-29.68074353,197.4279047,-14.1907074,-2.61973391,5.42294,193.213212,-13.93984776,32.26025556,60.37534521,5.25294,216.6177547,-15.26792132,24.04696811
Driver,98.47217251,1.966,1.386,-2.637795276,48.61,3.119,16.218,-1.639,-3.024,137.1890659,1.3932,14.327,-1.22,2633.78,-5.322,431.1855947,85.14375568,-18.88764496,6.107061446,-0.135205057,1.567509585,0.095278,224.1683903,-13.39635522,36.82488425,61.92213054,6.163524,248.5661572,-15.71569861,-25.88696412
Driver,102.5255011,2.079,1.864,-2.834645669,48.474,3.706,11.295,-1.423,-3.287,145.6925555,1.4211,10.0,-0.952,1990.0,-10.188,414.9113803,53.06467021,-19.81270001,5.936211846,-0.105830614,1.048766835,0.085575,223.2753709,-15.65954043,25.04349575,68.54541402,5.065968,263.3182509,-20.70519777,-35.87053534
Driver,116.0410702,-1.4,-3.0,1.929133858,51.139,-4.859,12.842,-0.542,2.601,164.3761185,1.4165,11.034,-0.848,3000.0,-11.084,550.5367589,109.0615658,-42.6890332,3.751534885,-0.061332731,0.738860089,0.047947,268.8053157,-30.99509855,41.88472417,62.64230568,7.179,287.5830965,-34.84493517,-81.11988145
Driver,87.75501074,1.83,-0.321,-2.283464567,55.898,0.919,17.611,4.519,4.84,129.181505,1.4721,15.75,3.917,2500.0,10.878,390.8601145,79.17983866,42.63781458,6.216801242,0.435860989,1.75493397,0.103752047,207.953797,29.21977452,35.82737693,61.87053007,5.831062376,233.277503,34.45659794,45.26056495
Driver,88.7817645,-0.5,-0.3,0.669291339,52.777,-0.747,19.235,3.263,3.565,125.7663744,1.4166,17.109,2.854,2700.0,1.919,384.116786,88.06758668,21.8558223,5.653226061,0.283372618,1.745328843,0.097594,201.0282706,12.85902256,39.86888608,60.21015458,6.085453,221.6412979,14.42294014,8.562458224
Driver,91.7345204,-3.1,3.1,4.606299213,47.448,0.031,7.53,-1.675,-4.775,134.0741321,1.4616,6.223,-1.099,1900.0,-10.301,293.6681362,21.8799437,-12.41384892,6.053299278,-0.12410127,0.65840224,0.093981,162.7215885,-9.673681153,14.35668528,72.68973735,3.509567,214.4113329,-14.99017061,-19.66926857
Driver,109.4152649,2.1,-0.5,-2.637795276,49.18,1.196,12.063,-0.524,-0.024,160.8876163,1.4704,10.98,-0.523,3220.0,0.518,539.1896366,111.1004211,-3.235715612,5.910860078,-0.054437991,1.167600689,0.077566,261.5014382,-1.150763244,43.33758577,61.79339389,7.244931,278.7347612,-1.154279058,3.70869717
Driver,45.08992484,-4.3,-4.9,3.464566929,65.865,-7.02,42.246,-0.724,4.176,39.89441661,0.8848,36.81,-1.3,5520.0,3.526,53.7668501,20.42796928,-0.998698609,3.122704312,-0.075631149,2.17833123,0.20435,31.72177627,-0.539172973,42.49194629,33.8960159,2.38265,36.83152398,-0.602339981,0.541633082
Driver,76.7134932,-1.649,-11.02,1.417322835,72.508,-11.54,20.819,-5.501,5.52,62.66777022,0.8169,14.977,-7.024,3740.0,8.696,87.13024495,12.86132881,-9.447717002,5.589491741,-0.670035216,1.393811705,0.1926584,53.22014259,-5.279808459,19.93284308,46.54412365,2.152355057,78.03682389,-7.195045253,3.707223131
Driver,24.2908912,-4.6,0.6,2.716535433,82.007,-0.566,47.032,-2.777,-3.451,22.98250716,0.9461,35.095,-1.72,2711.97,-1.661,17.8154513,6.094533135,-0.499802586,1.840997395,-0.054068164,1.101995793,0.202577,11.01215289,-0.334465895,37.20888863,21.74011579,1.261314,15.83105486,-0.484845801,-0.011808657
Driver,99.91052255,1.5,0.3,-1.771653543,50.229,1.437,14.508,1.085,0.785,146.653767,1.4678,12.706,1.051,2630.0,-1.845,473.5884579,87.75018575,4.614865141,5.793742941,0.104810894,1.316067866,0.083866,242.9686077,1.114683442,36.59209921,62.81325198,6.394373,267.8242729,0.90731996,-10.02624043
Driver,104.1226736,0.9,5.7,-1.023622047,55.876,6.248,10.708,1.102,-4.598,154.0913565,1.4799,9.471,1.792,2088.3,-19.663,447.6597303,58.90584842,-17.26377049,5.864253725,0.169163548,0.984614731,0.07984,234.5455662,-20.24511139,27.30425662,65.89092949,5.38761,269.7738018,-27.73737092,-82.62707348
Driver,103.7066034,-0.468,-1.293,0.590551181,50.115,-1.684,12.857,0.824,2.116,154.3076682,1.4879,10.677,0.468,3382.67,0.669,501.6356941,102.2533376,2.491598351,225.8570355,-2.042717143,2.347721289,6.8914,227.5339465,-2.162735987,53.0450156,58.08069865,6.98955,236.8825798,-2.829289301,-12.06326565
Driver,102.3487831,0.936,4.386,-1.141732283,46.344,5.28,20.794,0.243,-4.143,135.5379832,1.3243,18.686,0.717,2899.87,-11.244,436.4823669,115.3479103,-19.43707617,6.067819669,0.063291714,2.072274889,0.0981046,222.987811,-18.19013818,44.62939587,63.25841377,6.83309,231.9669027,-19.56488268,-62.90943962
Driver,101.1408375,-2.883,-2.332,3.858267717,46.187,-5.102,11.756,-2.655,-0.323,152.032704,1.5032,10.054,-2.617,2570.0,-0.812,483.4880979,73.55839041,-23.5088969,6.45773518,-0.295630902,1.162620796,0.0893405,247.0196316,-12.70422124,32.26138895,62.87103904,6.09085,273.6816297,-14.23015925,-4.281399017
Driver,94.67832856,1.981,-4.552,-2.559055118,48.204,-2.781,19.454,9.993,14.545,129.6389585,1.3693,16.785,7.591,4520.0,19.931,383.0021886,101.3136208,92.77083701,5.955030515,0.8148046,1.821449316,0.099933,192.3298342,60.77214574,45.60234684,58.64817156,6.390071,204.6616665,66.30123987,108.4030326
Driver,90.66526485,2.641,-5.473,-3.42519685,46.569,-2.97,0.674,11.541,17.014,126.6611489,1.397,0.859,9.986,1970.0,50.22,34.4075024,0.272887365,6.311511694,5.94256347,1.059581422,0.069080859,0.096879,22.51230692,4.362175477,0.997778631,117.0259761,0.377993,92.56302433,19.4540043,1.398819408
Driver,101.5949356,3.639,6.402,-4.960629921,46.632,9.846,14.937,-0.394,-6.795,149.280825,1.4694,13.368,0.586,2720.0,-28.664,456.0732904,83.53328114,-50.37295983,5.993775441,0.036829622,1.430437762,0.0855,236.6991247,-46.66567762,34.71218751,63.25800417,6.080307,263.0091775,-57.55869353,-147.1096558
Driver,80.97485684,-6.407,5.567,6.102362205,60.227,1.884,19.983,4.308,-1.259,111.7718772,1.3803,16.724,4.475,3620.0,-2.111,315.9946281,71.28137426,21.02197119,6.112954118,0.473943285,1.845857746,0.118933,166.2151,10.36412105,38.73350666,55.86065816,5.459131,184.3002628,11.26098017,-7.833066808
Driver,81.5027738,-4.0,2.6,4.68503937,58.624,-0.243,14.03,-25.598,-28.174,69.33674839,0.8507,11.078,-20.737,3890.0,-41.972,80.72547087,8.65566715,-32.33796527,6.100095103,-2.226315844,1.093597553,0.18713,49.90059059,-22.22008192,14.79966068,51.3908218,1.77503,79.96989416,-38.32834589,-14.88056024
Driver,91.89781675,0.732,1.957,-0.94488189,48.022,2.616,6.432,-1.424,-3.381,134.3367484,1.4618,5.562,-0.904,1350.0,-17.155,229.4447291,13.38616977,-8.895699615,5.864433811,-0.102405922,0.560778148,0.090577,134.379276,-7.698952,9.531468041,87.22722061,2.59026,203.0793499,-14.63558482,-16.74407395
Driver,85.85137795,-2.7,7.1,2.992125984,56.602,5.314,4.466,-3.271,-10.371,118.2748747,1.3777,3.393,-1.772,2220.0,-9.264,171.5389387,6.362909241,-7.679958151,6.039631663,-0.195054002,0.351309479,0.105896,98.93268386,-5.522654617,6.525910263,78.72654868,2.119617,157.8534539,-10.39328627,-7.396671837
Driver,92.20204009,-0.928,0.941,1.25984252,46.366,0.057,18.401,-0.563,-1.504,130.7918754,1.4185,16.045,-0.369,3070.0,-4.303,409.4863751,93.57914395,-11.11770192,6.018151297,-0.043451937,1.7492558,0.0993588,210.4323544,-8.612094891,40.97316581,60.27394051,6.34066,221.2094012,-9.359440935,-21.7734629
Driver,92.41902291,-5.6,2.2,4.803149606,56.392,-1.999,21.112,3.349,1.09,127.9916786,1.3849,15.789,3.23,6760.0,1.159,361.3191389,105.3666272,21.66016128,5.918602112,0.32438725,1.720857465,0.100458,177.1079021,11.78080875,49.82980443,57.82137364,6.409221,183.0315654,12.21836183,5.415532948
Driver,91.9872942,-1.7,4.785,2.125984252,52.029,3.458,38.005,-22.217,-27.003,94.19403185,1.024,30.34,-15.372,8870.0,-20.257,228.4946592,92.67878092,-78.81340252,5.174677159,-1.412261477,3.046588519,0.1340104,117.5902092,-50.55663298,52.37455708,55.29357351,5.432612513,118.9319528,-51.23064515,-61.81390383
Driver,90.98514674,-0.846,-4.786,1.181102362,47.537,-5.56,16.272,-4.821,-0.035,133.0077845,1.4619,13.479,-4.815,3688.33,-0.074,412.7544243,88.61428474,-34.00491121,6.269619609,-0.526389642,1.531020675,0.100683,207.5800584,-17.55796315,41.09106311,58.25938032,6.30991,223.1854156,-18.88597795,-0.403309476
Driver,112.0637974,-0.005,-2.229,0.0,45.158,-2.234,14.983,1.893,4.122,161.9396475,1.4451,13.089,1.351,3160.0,4.055,553.9231288,127.8070341,26.07419977,5.922670477,0.143321326,1.396455382,0.0778184,269.7082906,16.73921825,45.38858778,64.37014066,7.552682614,285.8242777,18.24028117,31.16356272
Driver,29.1607015,-3.397,4.665,2.834645669,70.342,3.45,38.633,3.479,-1.186,31.2115247,1.0703,26.583,3.892,3710.0,-1.104,28.04612863,7.098159829,1.823603967,5.727718599,0.38627813,2.034198389,0.431738,17.58185536,1.172623442,28.79876798,28.11761865,1.386322,26.04736563,1.729130288,-0.062428498
Driver,68.7992126,-6.796,1.65,8.543307087,49.431,-4.206,7.285,4.469,2.819,108.0323908,1.5702,5.759,4.161,1669.62,11.264,142.0503151,7.982404226,11.92052029,6.229227494,0.460520163,0.601263573,0.119814,86.91859244,8.187467835,8.205378759,79.34139384,1.94721,134.6239268,13.76093884,5.661522411
Driver,70.54625984,-8.237,11.086,8.700787402,54.348,5.126,3.468,2.152,-8.935,65.99297602,0.9355,1.281,3.814,1800.0,-29.694,9.518688902,0.113551519,0.609518977,6.200597916,0.380674861,0.003923871,0.194657,6.046978832,0.372079434,1.262468141,64.35360751,0.189771,46.23349239,2.597948162,-0.090640888
Driver,87.99659986,-5.631,4.879,5.94488189,61.731,1.84,9.146,3.337,-1.543,126.9459109,1.4426,7.363,3.526,2260.0,-3.857,293.5103169,25.5872701,15.19872718,5.282259758,0.32256182,0.680833288,0.0866304,162.7809349,7.309057788,16.4958114,68.6169908,3.74875,206.5672467,8.494573116,-8.117845371
Driver,92.72324624,3.892,-3.478,-5.078740157,48.01,0.033,14.174,-14.282,-10.804,134.5063082,1.4506,12.781,-12.753,2721.6,-45.197,330.0248544,48.62162522,-113.3573836,6.088223563,-1.380423077,1.373009309,0.0960789,181.9505047,-81.03331844,25.84301095,65.70830547,4.43022,205.0481419,-97.15874016,-129.2166128
Driver,101.7806013,1.186,1.634,-1.496062992,46.541,2.759,17.675,6.636,5.001,148.0250089,1.4544,15.358,5.896,3561.94,16.305,479.782485,120.9049673,93.64930946,6.284498483,0.665915962,1.759668063,0.091423,236.7042053,60.79632544,45.94629933,62.59681074,7.15033,244.1392391,63.57579108,110.9262886
Driver,102.7312992,-2.685,-0.28,3.976377953,44.422,-3.024,17.835,2.819,3.099,148.3475752,1.444,15.568,2.456,3377.82,6.741,466.3611585,128.055471,51.35544424,212.2045534,34.39014895,2.313460581,7.22567,213.7104156,34.87817849,56.62038117,59.92138992,7.32019,220.7722419,37.15977243,77.432917
Driver,102.1027201,3.5,1.7,-4.763779528,49.413,4.723,14.69,1.04,-0.604,148.2348336,1.4518,12.994,1.135,2500.0,-3.842,480.0495638,89.50099882,1.288039612,5.951875533,0.114694664,1.382699991,0.085344,247.3261535,-2.022477929,36.45093012,63.75244966,6.417584,272.9041499,-2.906652202,-20.76300333
Driver,90.55565497,-2.695,0.741,3.11023622,49.926,-1.528,6.042,12.297,11.556,126.8081156,1.4003,4.96,10.849,2270.0,40.565,182.5257549,9.253286665,44.03852759,6.328377176,1.222094569,0.534399562,0.103591,108.2599191,31.04424198,8.106349459,84.0800783,2.17882,167.7258396,54.37986576,32.90492697
Driver,114.9874732,8.9,1.3,-10.7480315,52.126,8.199,16.377,-1.421,-2.721,171.4112831,1.4907,15.264,-0.906,2820.0,-12.828,591.5454554,154.3478153,-55.62775344,5.995937379,-0.117043495,1.654991212,0.075153,287.0167735,-40.71616484,48.40928968,68.20613261,8.049152,300.8903422,-43.98747631,-108.6559668
Driver,96.99579456,-1.21,3.688,1.496062992,50.871,2.704,16.349,10.3,6.612,142.9073461,1.4733,14.15,9.43,3340.0,8.875,461.8036966,104.0727941,95.81532134,5.882768387,0.972830992,1.500322666,0.088085,230.5489176,55.56404811,42.75974828,60.97699372,6.778381,247.9834116,60.86676859,54.4587552
Driver,70.78337509,-4.835,-3.537,4.330708661,69.331,-5.365,29.766,-5.989,-2.452,81.75062634,1.155,22.455,-5.396,5936.21,-2.426,183.66074,49.5592323,-18.23980795,6.114357707,-0.58042773,2.512568212,0.169953,101.4647208,-11.01921878,39.30578945,48.85246605,4.22268,111.5445942,-12.21838137,-4.455603233
Driver,82.10898354,-4.798,5.195,4.763779528,58.599,2.258,24.092,-0.154,-5.349,108.6674571,1.3235,19.077,0.868,5502.67,-7.96,294.402115,81.86445868,-8.184177985,6.073633655,0.076939149,2.128064497,0.123762,151.9169465,-7.97719581,44.96643783,54.84432857,5.614725,161.9873015,-8.963252678,-30.82343031
Driver,96.77210093,-2.0,-0.4,2.283464567,52.664,-2.459,19.839,5.669,6.133,121.4309681,1.2548,16.215,4.503,4540.0,6.639,348.0702748,91.58729516,40.49855506,5.821080433,0.475671089,1.722852828,0.104127,174.3613951,24.72710513,45.98189547,56.05781855,6.110907,185.6326056,26.81001939,33.29938656
Driver,86.23613099,-0.544,-3.16,0.669291339,50.533,-3.607,23.008,1.02,4.179,118.4119989,1.3731,19.332,0.308,4390.0,6.848,345.6350512,100.0861179,15.1582019,5.769759683,0.041153361,2.047511765,0.107668,175.1547894,11.78335603,46.99211016,58.20805291,6.218173,186.7929101,13.0377917,32.53127648
Driver,104.0085898,-4.529,-4.141,5.157480315,56.257,-7.174,14.911,-6.14,-1.999,144.5143611,1.3894,12.308,-5.862,3755.98,-1.721,465.1343979,101.1251477,-51.08159339,5.901538722,-0.604585336,1.310369257,0.086753,228.7460965,-27.02386907,43.28859715,59.79370712,6.787007,244.6244677,-29.10606673,-11.05104462
Driver,87.07050823,-1.102,3.588,1.377952756,51.503,2.711,12.452,7.055,3.467,129.8165712,1.4909,10.266,6.481,2910.0,9.301,369.9679888,51.95309819,54.56839822,5.572976637,0.63694588,1.015174067,0.090359654,194.4975728,33.62937949,28.38323537,59.6776082,5.139887843,223.9848317,40.51979939,35.37435086
Driver,119.8997853,3.018,-1.607,-3.779527559,47.247,1.187,14.514,4.92,6.527,170.3169739,1.4205,12.938,3.993,3070.0,12.234,587.7825719,135.6009042,82.60926806,5.879188809,0.419519777,1.369010278,0.073361441,285.0442162,53.07333514,45.61732277,65.64888855,7.771371015,301.2098919,57.63146515,100.327979
Driver,114.150859,1.282,-3.913,-1.456692913,50.372,-2.852,7.589,-3.156,0.757,163.2084377,1.4298,6.298,-3.312,2107.59,-20.028,428.2577895,38.45862964,-59.70236051,226.4236004,-42.38334146,-2.00206039,4.58787,221.4061548,-40.80673117,20.71539311,74.54880494,4.43787,266.5805328,-54.74271352,-84.49914406
Driver,93.08115605,3.057,6.628,-3.74015748,54.982,8.772,20.227,3.755,-2.873,138.052747,1.4831,17.58,4.226,3680.0,-14.51,436.8931728,120.4501609,-6.403201274,5.81963634,0.412138231,1.863821883,0.0918984,217.2607462,-14.04280868,47.26481793,62.13043533,6.965841413,230.4657286,-16.19681302,-89.94377597
Driver,99.31997137,-0.9,3.5,1.299212598,49.379,2.606,23.439,4.826,1.326,132.1975662,1.331,19.627,4.705,5010.0,3.542,386.6163389,134.3686895,39.52231125,5.722296531,0.474926545,2.081984783,0.095969,185.9087846,22.56794749,54.49854487,62.66017428,7.014468,191.7541313,23.3961187,22.06624791
Driver,89.58482462,-1.338,6.882,1.732283465,51.32,5.811,7.693,2.133,-4.749,129.079277,1.4408,6.286,2.882,2040.0,-10.986,267.5493245,19.11330381,7.450986696,6.003914613,0.293458725,0.655929054,0.096788,150.8047824,1.635446876,12.96124121,74.44940982,3.252915,206.016662,-0.124708744,-17.84554992
Driver,81.69515032,-2.194,4.749,3.070866142,46.924,2.696,11.64,7.167,2.419,118.3088762,1.4482,9.351,6.758,2730.76,-9.477,260.080728,30.96005106,23.14536351,153.7381558,11.77448478,-5.981883014,4.1687,141.4157034,11.13323855,22.91130869,59.9687963,3.6987,173.8801448,12.91414611,-16.60111782
Driver,99.10746242,-1.012,3.871,1.456692913,45.434,2.874,5.444,-1.305,-5.176,143.7363547,1.4503,4.361,-0.431,1983.83,-8.857,274.413627,14.72892914,-9.492980259,172.2702277,-10.13081432,-5.223110226,3.59346,150.8251058,-7.850645257,10.76744267,77.80973794,2.99346,205.7557922,-13.29253348,-20.15222914
Driver,77.55010737,-2.273,3.494,2.244094488,60.371,2.2,19.745,1.9,-1.594,109.6405243,1.4138,17.061,2.108,2930.0,-3.189,304.4851308,64.47422105,7.257264764,5.819108273,0.210334943,1.782492477,0.115365,164.4208172,2.650055028,35.43412496,57.13184987,5.182421,186.8136956,2.606866043,-10.19664984
Driver,93.93566571,-1.7,3.3,1.771653543,55.039,2.037,14.661,2.131,-1.169,138.0216535,1.4693,12.711,2.533,4480.0,-2.905,422.4636048,100.7958727,8.59938434,5.667721636,0.223934818,1.307875931,0.087509,206.2656566,2.314090859,45.85679159,58.0879903,6.625759,218.5386979,2.188959162,-20.41039186
Driver,83.14468504,-1.022,-5.475,1.377952756,48.204,-6.39,14.939,-2.984,2.491,115.5657212,1.3899,11.696,-3.507,3766.36,5.67,316.1085434,51.92531398,-11.37491526,6.349753842,-0.380575326,1.328911992,0.116634,165.661609,-3.497659693,31.78048838,54.88094894,4.98968,186.5189938,-3.162683939,19.92069667
Driver,84.55842878,1.7,-4.9,-1.417322835,67.593,-4.383,21.207,-10.937,-6.037,112.2666875,1.3277,16.944,-9.244,4962.62,-12.655,303.4816201,77.97980185,-69.40926643,5.299867356,-0.899546634,1.637367563,0.102906,155.2128937,-42.598077,43.82715845,53.73938986,5.599092,166.6187795,-46.6064744,-54.20696064
Driver,99.07167144,0.1,-3.1,0.039370079,47.898,-3.282,20.062,-0.504,2.596,140.1794023,1.4149,17.973,-0.8,4370.0,4.392,437.1817782,138.0290484,7.311736188,5.340224204,-0.070570755,1.759772659,0.08326,211.3062508,6.982279929,52.34299127,63.88250469,7.291873,219.5424584,7.4813893,29.7908526
Driver,106.2746063,4.9,8.9,-6.181102362,50.431,12.981,10.557,-0.892,-9.792,147.4702487,1.3876,9.845,0.285,2120.0,-31.486,386.7945834,46.24188111,-32.13598696,5.930491488,0.007578678,1.027531564,0.084418,211.1717768,-31.64050188,22.65143996,70.48794518,4.63102,254.1598711,-45.46564347,-98.03596991
Driver,105.160612,-7.514,-5.894,8.897637795,51.77,-11.858,12.544,-4.553,1.341,150.1509932,1.4278,9.668,-4.751,4297.1,2.457,480.5395171,98.05271711,-31.35764175,6.263780977,-0.515547625,1.109632574,0.0878214,231.4144342,-13.52800746,43.25414127,58.55092681,6.81163,244.9750989,-14.05058464,16.95820646
Driver,85.077398,-0.607,5.618,0.787401575,52.061,5.145,6.75,-5.786,-11.404,118.2193987,1.3896,5.553,-3.902,2610.0,-21.067,217.7791896,13.51961447,-23.98107795,5.251740596,-0.372202251,0.505184578,0.09228,123.8116459,-17.76429735,11.2141894,70.95939787,2.837957,175.8264819,-29.48885218,-28.15468468
Driver,76.45177165,3.316,3.947,-4.05511811,53.47,6.407,15.278,6.582,2.635,109.4396475,1.4315,12.357,5.919,3250.94,21.268,272.3496605,41.46753378,52.56773326,149.9045594,40.22726473,-1.914290347,4.48551,146.3723997,38.59404612,28.0795736,56.10296363,4.33551,171.5068954,49.93574237,71.48448089
Driver,94.40094846,4.5,1.3,-4.68503937,55.371,4.426,5.52,9.314,7.971,120.2527738,1.2739,5.356,8.038,1530.0,65.033,109.02779,5.438617354,19.26766831,5.580988638,0.81065506,0.490554899,0.096239,69.13148571,14.65851195,6.65371764,94.57791116,1.336847,141.8241415,35.53646671,15.20298452
Driver,82.61005727,-5.102,-3.733,7.795275591,42.913,-9.244,12.935,6.055,9.788,117.2176986,1.4189,10.08,4.456,3790.0,19.173,304.2402793,42.11085968,46.41695073,6.119329831,0.500525651,1.096783967,0.110196782,160.5754162,32.67583292,27.5176152,55.72960474,4.596824781,186.8881743,41.31975106,61.087295
Driver,94.56200787,5.024,-7.39,-6.062992126,53.051,-3.599,19.367,0.019,7.408,136.5580261,1.4441,16.773,-1.398,3962.52,17.624,422.877114,112.5705454,34.15972395,6.336834433,-0.129859894,1.942460683,0.100762,210.7037832,30.32466329,46.28459545,60.83924171,6.77404,222.8512602,33.56701717,106.2081564
Driver,65.35656764,-6.724,1.544,8.346456693,50.511,-4.031,9.403,1.301,-0.243,98.28426986,1.5038,7.538,1.33,1820.0,-0.857,140.6396906,10.3507726,3.116177138,6.290863496,0.145221798,0.795570335,0.133637,86.03844585,1.836297907,10.66347677,71.21542051,2.14905,126.6345222,2.623902681,-0.482287795
Driver,101.4674302,0.7,8.7,-0.787401575,54.258,9.159,12.88,3.809,-4.891,147.5807534,1.4545,11.323,4.504,2460.0,-15.639,451.4552039,74.06085609,5.144848022,5.924294295,0.452031036,1.195804542,0.084821,232.5316266,-7.529554996,33.38676364,61.74167822,5.95709,259.2851198,-11.41137583,-77.2713954
Driver,79.44479241,1.9,5.9,-2.637795276,56.416,7.211,5.157,-8.94,-14.84,94.76042412,1.1928,4.672,-6.658,2250.0,-2.978,105.5454019,4.82083102,-12.55759708,5.926166774,-0.690049169,0.456160515,0.130017,64.64555197,-7.882001899,6.741244376,71.29751023,1.62398,116.8551436,-14.57776047,-1.168761847
Driver,61.40837509,1.4,-2.6,-1.220472441,54.912,-2.225,23.931,-1.513,1.212,82.18257874,1.3383,19.053,-1.738,3980.0,-1.563,180.3357833,39.311742,-6.380566287,5.723162711,-0.181786169,1.949761996,0.153945,101.8387926,-4.032382533,33.02093882,49.58865808,3.882337,120.4747945,-4.898295294,-2.832790722
Driver,85.58070866,-3.8,-0.6,3.464566929,57.42,-3.761,23.568,2.053,2.823,117.480315,1.3728,18.107,1.414,6400.0,5.704,318.0999455,96.65352119,19.10577839,5.885276947,0.156973381,1.969642425,0.110421,158.2073989,12.88296257,49.56709724,55.89953558,6.054044,164.6146573,13.62083809,26.96402316
Driver,101.9125805,1.209,3.011,-1.57480315,46.838,4.144,17.995,4.511,1.5,149.0331961,1.4624,16.381,4.359,2398.19,-0.197,499.0232773,116.0904612,36.43177845,5.928075851,0.450358535,1.751970788,0.085908,255.9029645,19.06117952,41.92285392,65.93928733,6.998631,276.7020294,20.58391377,-1.169901027
Driver,102.1340372,4.1,10.5,-4.330708661,59.132,12.974,6.125,-2.518,-13.018,137.7189961,1.3484,5.917,-1.109,1900.0,-37.229,249.2172762,16.1180188,-20.88241497,5.644689823,-0.132437321,0.577925147,0.085176,142.8996848,-19.3657484,11.36162116,80.56244854,2.854562,202.3114008,-34.96145705,-49.86565515
Driver,88.75939513,-1.631,4.084,1.968503937,56.214,2.993,38.135,-0.167,-4.251,98.26659807,1.1071,29.847,0.938,8110.0,6.823,247.9145471,104.2830383,13.57320962,4.901539322,0.092733275,2.840402006,0.120852,124.7151559,9.955396188,54.77607799,57.66166989,5.789125205,125.8095263,10.07079705,23.75679937
Driver,93.75671081,2.2,-4.0,-2.401574803,58.508,-3.185,20.126,2.43,6.513,124.7378311,1.3304,17.624,1.496,3300.04,10.251,376.7095401,94.9854618,28.8127172,6.050931181,0.167595566,1.936398924,0.105898,193.3605666,21.34280869,43.27449748,59.12715909,6.233216,209.5384942,24.17896651,48.95485373
Driver,93.33840372,3.401,2.499,-4.37007874,49.254,5.435,12.585,-0.239,-2.738,139.9894864,1.4998,11.137,0.202,2100.0,-17.647,392.5636872,54.32013451,-19.90083342,5.944861372,0.007711073,1.17010736,0.089567,212.8158241,-19.26064955,26.11787113,66.91623178,5.028259,250.377517,-26.36379168,-60.0232356
Driver,100.6397638,1.939,3.159,-2.598425197,49.04,4.843,15.851,2.59,-0.57,145.1731389,1.4425,13.841,2.675,2900.0,-4.322,474.4325473,99.1767802,11.46695961,6.027318357,0.27717004,1.498465806,0.088662,240.1117781,2.741643085,40.1629386,62.1186424,6.68354,260.9909292,2.333206709,-25.40032263
Driver,82.92322835,-2.6,2.4,2.637795276,51.155,-0.233,14.533,5.798,3.401,120.2066929,1.4496,12.206,5.554,2830.0,19.021,320.9945348,49.30645599,50.90127607,5.556313731,0.532673642,1.202017672,0.098039,172.9181257,35.97685126,28.54191157,58.57359535,4.807932,201.458942,45.23741781,58.31551768
Driver,99.17904438,0.0,-6.4,-0.196850394,38.902,-6.925,20.01,-2.571,3.937,138.4502505,1.396,17.534,-3.113,3471.01,13.679,439.782881,119.6877663,12.03834984,5.889724305,-0.301011513,1.879847613,0.092712,219.2820746,16.39100842,46.98511934,62.20950002,6.976743,232.9261313,18.67726484,84.72510595
Driver,84.41079098,-1.995,-6.705,2.598425197,52.326,-8.246,22.018,11.952,18.657,107.2470025,1.2705,19.805,10.02,3040.94,25.558,287.7280218,68.47280812,75.31506168,6.103003,1.095922517,2.186003473,0.1258952,156.8776051,52.61554005,37.06390328,57.14721396,5.128940462,177.5407969,62.44649156,78.29565956
Driver,67.44586614,-1.1,8.9,1.377952756,59.822,8.147,6.533,-5.237,-14.137,84.34726199,1.2506,5.459,-3.153,1880.0,-43.389,63.65268562,3.201912503,-5.011154342,6.138388195,-0.378074157,0.513888299,0.151464,40.84414536,-4.166580148,6.485972785,70.96540527,1.087802,93.17397403,-12.07849202,-5.77639215
Driver,112.0548497,1.763,-0.083,-2.401574803,44.588,1.706,12.318,1.09,1.173,164.9657749,1.4722,10.887,0.928,2360.0,-1.162,551.4865785,94.01931107,5.899643546,5.661193801,0.090871182,1.099670927,0.072267101,279.023195,2.111083858,35.87677793,65.63164288,6.723314894,306.1818584,2.087911143,-7.224325978
Driver,76.49427344,0.654,0.825,-0.826771654,47.718,1.419,15.162,7.41,6.586,108.9526664,1.4243,11.676,5.773,4144.05,25.387,261.3982003,40.55203042,56.63121431,136.4035518,40.7047207,1.392098494,4.17191,138.9601745,41.91270756,28.16794713,53.50618509,4.28391,161.1426842,52.31031073,85.12030203
Driver,96.54393343,-8.874,-5.804,9.881889764,56.184,-11.807,13.139,-1.85,3.954,136.3600573,1.4124,10.457,-2.347,3690.0,10.043,416.3434937,72.01853204,4.862165563,6.245730147,-0.243687171,1.177933902,0.0966454,208.9649597,8.879344477,36.17667733,57.12716086,5.95311,220.8926992,10.30557856,52.26473808
Driver,94.62464209,0.244,3.091,-0.31496063,48.711,3.305,24.165,9.623,6.533,132.5127505,1.4004,20.605,8.551,4860.0,8.822,399.0271461,137.7935956,79.40491684,5.958246533,0.899864067,2.277984556,0.1002696,194.012112,46.93024838,53.53794666,63.8732504,7.100792625,200.6071516,48.847292,55.25297365
Driver,102.5210272,-8.602,-3.664,9.606299213,55.563,-9.618,8.813,2.306,5.97,146.3730315,1.4277,6.966,1.665,2839.43,18.779,414.4655062,43.37184146,41.60311266,6.287250202,0.199607335,0.779569322,0.0895502,213.4698232,31.54590619,23.52913361,62.96897924,5.00048,237.8418841,38.3336589,76.19455067
Driver,109.2385469,1.6,0.6,-1.811023622,42.318,1.763,12.838,1.454,0.933,163.777738,1.4993,11.375,1.337,2387.08,5.264,545.2189108,98.43380915,25.95582834,4.129474944,0.097833255,0.837140269,0.053046,274.3996609,17.50300137,37.599965,64.65482644,6.826337,299.2468626,20.05182658,33.32617576
Driver,109.0663028,2.23,-1.944,-2.913385827,43.337,0.421,11.458,-2.69,-0.746,156.2493289,1.4326,9.962,-2.567,2329.88,-2.96,495.7140024,73.02115282,-27.89221763,6.226851193,-0.281371776,1.108269647,0.0837146,255.0756111,-16.48543523,31.07167618,64.94118046,6.03794,284.9170664,-19.01681393,-15.20564629
Driver,93.7746063,-0.865,2.926,1.102362205,50.622,2.216,43.883,-3.439,-6.365,100.5706424,1.0725,35.245,-1.772,8690.0,-4.222,251.8362261,128.6733336,-13.85830122,4.237000003,-0.137908943,3.026462269,0.1084104,120.1103688,-9.210081312,60.72249757,62.58987749,6.202797786,118.1075768,-9.030980283,-16.5075685
Driver,100.1543486,2.835,0.494,-3.582677165,46.778,3.161,17.458,2.825,2.331,146.7490605,1.4652,15.235,2.454,3280.99,8.726,483.1873275,118.2030996,44.02223762,6.016139883,0.267370024,1.668645963,0.0881556,239.7418646,29.45331921,45.1005638,62.75378813,7.12531,248.013033,30.98070381,57.71691942
Driver,94.7297781,-2.818,-2.28,3.464566929,46.481,-4.959,17.245,-0.785,1.495,129.8167949,1.3704,14.716,-0.984,3270.0,2.701,401.084129,86.17886399,-1.391302456,6.302939174,-0.104878218,1.676499287,0.104255,205.4358501,0.95011249,39.77586406,58.9618746,6.17465,222.9276942,1.352756428,13.43377405
Driver,76.79178597,-10.124,-0.623,12.20472441,50.109,-9.206,26.497,7.531,8.154,82.29308339,1.0716,20.797,6.097,4773.09,14.257,177.4693787,42.75582753,26.37659179,106.5239115,19.54782712,-4.207612119,4.1103,100.7277599,18.12035583,34.44612511,51.86791922,3.8303,117.1236798,22.11218995,22.48168957
Driver,88.36569435,1.969,5.924,-2.480314961,51.497,7.491,17.322,5.913,-0.011,131.2283017,1.485,14.844,5.915,3230.0,-5.624,407.617574,88.37885739,29.73499783,5.865055557,0.598390217,1.567083375,0.095981,208.6774781,12.02174093,40.14716823,59.42493912,6.243115,227.943049,12.38983178,-28.53413471
Driver,101.3757158,0.013,3.403,0.0,46.102,3.415,13.42,1.956,-1.446,151.1721546,1.4912,11.667,2.151,2647.21,-6.045,490.3993081,86.23420736,4.577005382,6.240206933,0.228437149,1.307992985,0.0873087,249.6715527,-2.018200401,35.81597738,62.65112052,6.42434,265.0972734,-2.817779368,-34.16234412
Driver,89.51100573,-1.9,-2.1,1.968503937,60.924,-3.25,25.305,2.453,4.553,118.3388511,1.3221,20.723,1.82,6870.0,7.093,324.3231586,109.8537548,23.52566974,5.77869786,0.17493295,2.230543348,0.1094,160.7240385,16.07858017,51.93684429,58.58046034,6.297079,165.2059728,16.69875669,32.97460889
Driver,102.3622047,1.1,6.1,-1.496062992,46.656,7.09,12.669,3.212,-2.888,149.4221994,1.4597,11.157,3.655,2310.0,-11.733,461.2457596,71.00322685,8.472731707,5.736431321,0.357319157,1.137407818,0.080952,241.4143875,-2.814168671,30.87243973,65.07615063,5.830953,273.5719081,-5.66842335,-54.59163196
Driver,75.6039728,-2.753,-8.932,2.283464567,71.322,-9.863,27.286,-6.395,2.537,78.43213135,1.0374,20.969,-6.992,4930.0,2.922,167.9866646,40.4242782,-18.32259217,5.075572666,-0.613515498,1.920860869,0.1447864,94.65332773,-10.0628936,35.12284248,48.20893642,3.839095363,109.8098584,-11.49134512,4.406591524
Driver,84.09090909,1.7,-5.9,-2.086614173,48.032,-4.477,21.371,-1.265,4.713,120.1167681,1.4284,18.274,-2.062,3800.0,9.762,356.7907128,93.81911927,5.795782047,5.930273054,-0.19994758,1.974555045,0.108257,183.111266,8.614954045,44.14661428,58.33780074,6.144586,197.7466775,10.19214432,45.57177555
Driver,111.1220472,4.6,2.8,-5.472440945,42.549,7.549,15.705,-0.625,-3.502,160.0892538,1.4407,14.007,-0.044,2833.34,-1.157,544.0243899,127.0824931,-4.247962456,6.06030795,-0.009040446,1.530049341,0.080893,267.7239687,-3.174363174,45.06265935,64.70917887,7.485972,284.5482371,-3.517975027,-8.906338387
Driver,108.3504832,4.9,1.3,-5.905511811,49.515,5.456,17.182,-3.141,-4.441,152.4056013,1.4066,15.671,-2.592,3020.0,-12.082,499.7361551,128.2168623,-56.9966151,5.651423335,-0.265182477,1.602904491,0.079882,245.7260452,-39.12280058,46.9249868,63.5732176,7.361478,260.3709209,-42.72658778,-84.33579087
Driver,102.6507695,0.5,-4.3,-0.590551181,49.207,-3.908,20.372,0.794,5.12,145.1460719,1.414,17.697,0.055,3983.73,4.642,465.1500171,143.7688696,15.02915641,5.133521352,0.009257509,1.660309526,0.07705,224.5089803,11.30791012,52.04063282,64.99733768,7.497923,233.6002548,12.03705367,33.27799598
Driver,102.7357731,-3.203,4.101,4.409448819,42.322,0.577,11.345,4.954,0.853,152.3147817,1.4826,9.403,4.837,2943.85,3.32,491.0650278,76.54844264,48.77691926,5.296491227,0.448999981,0.894011456,0.0728581,245.8001585,27.10870783,34.24983573,60.70174997,6.28563,260.9711277,29.16954128,19.23720589
Driver,102.353257,0.1,7.7,0.118110236,52.084,7.668,10.449,0.701,-6.999,148.0818271,1.4468,9.693,1.15,1339.78,-19.147,377.9344233,42.43250964,-8.435523676,5.631058964,0.102929727,0.957768191,0.079662,211.435257,-11.32477441,20.27304424,77.51839623,4.333958,264.5751536,-18.21314522,-46.67968417
Driver,104.3575519,-1.646,0.315,2.244094488,49.022,-1.115,12.406,1.237,0.921,149.0786059,1.4285,9.779,1.061,3896.1,18.158,446.7945149,75.42681726,57.84599688,229.8508356,43.46417666,-2.440898279,5.82603,226.2526073,42.25096033,33.62097235,69.01909815,5.69603,252.7283436,51.25072605,114.3837616
Driver,113.1822656,1.22,-1.114,-1.850393701,40.775,0.301,15.83,-1.587,-0.473,165.9603168,1.4663,13.866,-1.521,3240.0,-4.164,572.5619799,143.8943304,-29.70406734,6.049877741,-0.164459424,1.515301177,0.077850483,276.0415959,-18.79819043,48.03879802,66.16361754,7.89315572,289.825638,-20.16773076,-34.44453158
Driver,94.8595204,-2.866,8.016,3.661417323,52.422,5.809,2.115,-2.816,-10.833,115.708214,1.2198,1.406,-1.274,1950.0,3.597,70.74301011,0.949770049,-1.44067594,6.06102341,-0.132013126,0.134319258,0.1082824,43.79327978,-0.818248206,1.830611434,98.70274884,0.838693135,109.5075524,-1.795413626,0.466407271
Driver,117.6091625,2.96,-0.677,-3.779527559,46.927,2.094,14.042,0.341,1.019,173.4341446,1.4747,12.343,0.181,2939.88,0.11,608.194156,137.0602405,2.265812914,5.754258875,0.018230376,1.27676978,0.070304639,294.2531166,1.234119738,45.49613692,66.20118084,7.871780932,310.8936938,1.318230106,0.91369256
Driver,89.41034359,0.812,3.442,-0.94488189,54.104,4.03,7.126,-4.364,-7.807,126.5582498,1.4155,6.064,-3.035,2130.0,-22.878,238.9561661,15.87568765,-22.61789925,6.036369987,-0.337431502,0.632723955,0.099224943,136.7098521,-17.50135814,11.5639212,76.01237417,2.930978267,193.8512404,-29.4868464,-30.89439477
Driver,103.7513422,0.7,7.9,-0.787401575,54.019,8.303,6.331,2.273,-5.627,154.6418665,1.4905,5.718,3.001,1320.0,-28.794,311.0939436,19.98210989,1.213515298,5.845993075,0.290914117,0.580990144,0.078432,176.856095,-5.796921996,11.57417992,89.16710647,3.173997,245.2969643,-14.21836265,-45.12903722
Driver,89.99194703,2.786,7.39,-3.346456693,54.884,9.351,10.45,-0.12,-7.51,133.7446314,1.4862,9.457,0.875,1852.76,-38.471,283.4551103,28.79153155,-16.32276373,5.898643477,0.064880601,0.969624125,0.092445,163.4344289,-19.23039739,17.03098192,75.84068548,3.497642,215.823997,-33.01012002,-65.11989262
Driver,101.2571582,2.443,3.999,-3.149606299,49.113,6.116,13.979,-2.717,-6.716,147.4765122,1.4565,12.436,-1.787,2620.0,-23.343,451.5862653,77.34123064,-56.93471596,5.922371643,-0.203947369,1.312373652,0.085167,234.8927331,-45.47208243,33.24418659,63.20167202,5.957817,263.0256369,-55.6203524,-114.7909243
Driver,100.5860773,-1.1,8.7,1.614173228,51.159,7.613,8.878,-1.114,-9.814,135.8896296,1.351,7.65,0.201,2310.0,-7.519,349.1365127,33.88902503,-6.340156854,5.820532237,0.014739213,0.783338203,0.089402,188.9089524,-6.367917216,19.51773457,67.43347807,4.313758,232.6625646,-9.597069894,-21.09064132
Driver,70.04071224,-2.989,0.773,2.755905512,57.668,-1.121,35.212,6.18,5.408,77.74785254,1.11,27.786,4.902,5780.0,4.624,174.629682,58.04744082,17.07351648,5.816499294,0.507716085,3.039818294,0.177914,95.72988552,10.89648431,44.46842544,49.35605917,4.39539,103.3451163,11.89224991,8.188536569
Driver,97.46778812,-1.804,6.293,2.165354331,54.452,5.003,12.826,4.697,-1.597,141.3596099,1.4503,11.014,4.9,2560.0,-5.166,430.6943898,66.18752573,27.53458046,6.031186984,0.510666742,1.181467502,0.090037009,224.4157347,11.45950944,30.94234066,62.34525952,5.690652922,254.146094,11.94741113,-23.17879622
Driver,104.1249105,-0.321,-8.912,0.393700787,50.609,-9.175,18.57,3.529,12.44,143.6679044,1.3798,14.478,0.667,7020.38,22.351,407.4477398,116.3213645,69.73394379,6.15221186,0.109980399,1.636565512,0.092369186,197.0858867,51.05965834,49.73014009,59.52373264,6.734528029,202.9491536,53.5184176,146.5207134
Driver,103.7602899,4.1,0.9,-5.31496063,47.424,4.743,16.194,3.146,2.246,151.5173139,1.4603,14.358,2.863,2810.0,4.916,507.4930066,112.0942425,37.50167131,5.759333949,0.291787031,1.487191097,0.081285,255.1812472,23.27420027,42.11783873,63.88855475,7.051106,274.662673,25.73578641,31.65745602
Driver,91.00304223,-1.988,2.707,2.677165354,46.936,0.848,19.122,9.016,6.309,127.3042681,1.3989,15.859,7.977,4310.0,10.618,381.2855247,96.12624113,74.16128208,5.653586462,0.797859073,1.628694166,0.096033326,191.4441115,44.88547896,44.65627299,57.98788692,6.308756534,204.935768,48.99173046,55.87180166
Driver,98.3603257,0.986,3.053,-1.377952756,50.54,3.864,13.347,-2.144,-5.197,143.8265032,1.4622,12.336,-1.705,1568.95,-5.126,381.3080525,59.17622935,-20.2743434,201.7526479,-14.05815983,1.41649731,4.72031,204.3339347,-14.32701139,29.1836254,69.81304311,4.80684,239.6580771,-18.08197631,-24.76796146
Driver,82.37070508,-5.339,4.913,5.31496063,59.816,1.797,22.51,0.658,-4.255,104.3087867,1.2663,18.598,1.312,4100.0,-6.644,281.7361937,69.60205567,-2.190753926,6.118219167,0.12880026,2.067786159,0.129198,149.3558513,-3.948218147,40.37360196,54.43105974,5.26616,164.6875587,-4.928699586,-22.09724067
Driver,87.36130995,0.566,-3.932,-0.669291339,59.044,-3.593,9.144,-4.054,-0.122,126.7372047,1.4507,8.104,-4.039,1310.0,-0.524,251.3235948,21.42108547,-17.83909292,4.835620393,-0.340810085,0.679235445,0.079482009,146.8960435,-10.55871518,13.81503062,79.27332423,3.105658942,206.3886467,-14.92384121,-0.63768278
Driver,89.11730494,-5.1,-0.1,6.299212598,50.51,-4.376,12.515,6.81,6.91,126.2907122,1.4171,9.936,5.763,3480.0,3.256,362.8315012,53.66191809,41.22686946,6.043281603,0.610640109,1.071961452,0.100839,187.1305801,23.16668627,30.77518543,56.75802593,5.245178,212.0395397,26.81443871,13.21095732
Driver,91.43029707,-1.068,1.401,1.417322835,48.299,0.45,18.265,4.191,2.79,133.3307981,1.4583,15.813,3.816,3281.0,5.185,421.0039074,99.14425236,38.55687637,5.419514345,0.36547453,1.55421592,0.087552,213.6583381,23.59245789,42.55279246,60.31575336,6.52177,229.7897744,25.93748477,28.22280457
Driver,109.8022548,4.5,2.3,-5.472440945,48.628,6.173,12.945,-0.897,-3.197,163.3263243,1.4874,12.035,-0.546,2090.0,-11.233,530.557257,95.80884886,-30.78612886,5.79098058,-0.063662634,1.245005499,0.075027,270.7286002,-24.36647821,36.56329786,65.71466273,6.613451,297.341177,-28.83380734,-65.38792142
Driver,96.59314603,-2.231,3.736,3.188976378,43.89,1.415,8.598,0.085,-3.651,138.7278543,1.4362,7.347,0.512,1820.0,-8.354,327.9686975,28.51928831,-3.330549788,5.833482603,0.046654482,0.749784442,0.087634,182.2885686,-4.427779208,16.42688507,74.26472502,3.860607,234.6277411,-7.551049627,-18.16813927
Driver,86.6432534,-3.315,4.272,4.921259843,45.056,0.958,4.567,0.997,-3.275,125.2158644,1.4452,2.834,1.719,2334.6,-20.081,128.6006912,3.402890355,0.058227474,107.3481433,-3.782898553,-3.133713573,2.17342,78.63968584,-1.470807084,3.920765417,92.75727726,1.50342,138.8803786,-5.271298793,-11.48622886
Driver,91.44595562,-2.169,-3.37,2.952755906,46.494,-5.431,17.341,-2.656,0.714,130.641777,1.4286,14.593,-2.762,3567.01,1.326,404.3798121,90.4058109,-16.15958454,6.39256385,-0.306239465,1.691157804,0.105082,204.7628137,-7.549533906,41.50601518,58.6305035,6.30079,220.791062,-7.99349748,6.958499878
Driver,92.64495347,1.7,18.1,-1.456692913,58.675,19.03,3.161,-6.832,-24.932,124.7040533,1.346,3.041,-4.297,6950.0,-69.197,99.00146269,3.017404347,-16.00473743,5.975436929,-0.559835578,0.299469245,0.099774,59.46440706,-13.72014697,4.773108039,87.47222685,1.174766,118.5759539,-36.54831177,-28.03900924
Driver,99.78525412,-0.232,-7.533,0.31496063,49.547,-7.731,20.213,2.198,9.732,136.6877684,1.3698,15.611,-0.137,6928.7,16.472,388.849689,115.2560054,44.2631859,6.021391648,0.013872576,1.730053796,0.095566118,189.1515101,33.44918288,50.48349871,59.52619448,6.672206917,194.5355242,34.9928476,101.6827178
Driver,99.76959556,2.093,6.6,-2.716535433,48.938,8.425,13.887,-0.545,-7.145,145.7475841,1.4609,12.568,0.283,2238.29,-25.641,427.4261655,68.43736256,-35.46404741,5.94944445,0.009899601,1.327587881,0.086569,228.3652582,-33.73649876,29.90098099,66.07606655,5.508534,262.0303425,-44.15725193,-104.5550001
Driver,88.73478883,-2.629,-0.815,3.346456693,47.233,-3.249,19.038,6.942,7.758,124.2542054,1.4003,15.717,5.674,4360.0,7.779,367.9599912,90.94472318,51.25599906,5.831798814,0.587220128,1.664967094,0.101503,185.6308779,31.19333123,43.89380239,57.20705754,6.152319,199.0646847,34.13764138,38.84545571
Driver,94.97584109,1.128,-1.545,-1.417322835,48.232,-0.538,5.995,-8.304,-6.759,140.8815766,1.4833,5.133,-7.096,2070.94,-34.807,255.1478038,14.48232976,-46.70973337,5.975836748,-0.761665079,0.530712848,0.088036,145.7120212,-33.57719956,10.14172757,83.36606841,2.816674,209.3469069,-55.63679439,-47.41295016
Driver,110.9632248,4.0,3.4,-4.409448819,45.348,6.847,12.541,-0.894,-4.287,163.8654259,1.4768,11.477,-0.337,1930.0,-11.957,525.1539035,86.49026761,-27.59054049,5.811533845,-0.043712355,1.187890417,0.074846,271.9674234,-22.7229264,33.31347982,67.86454722,6.294857,303.3281173,-27.76317498,-63.38546579
Driver,113.0167323,4.7,3.5,-5.275590551,50.771,7.398,15.209,-1.316,-4.816,165.6173944,1.4654,14.068,-0.664,2770.0,-13.175,565.9450321,130.6411861,-48.51846934,5.476210017,-0.082740929,1.385879532,0.07055,279.2965002,-36.84993114,44.46972219,65.82304334,7.573869,296.8664151,-40.92052462,-100.9171835
Driver,95.6670544,-1.3,-6.1,1.929133858,46.723,-7.644,17.208,-4.785,1.315,128.1160523,1.3392,15.065,-5.04,4090.0,12.671,382.987921,91.1252964,-5.040851,6.012557831,-0.50349621,1.641701383,0.101153,192.9078774,5.280478473,43.27315054,57.51473185,6.227218,207.1477296,6.935079869,66.60269885
Driver,80.73774159,0.424,4.81,-0.511811024,54.996,5.107,5.929,2.561,-2.25,120.2713404,1.4897,4.597,3.108,1720.0,-18.448,162.3948665,7.490083743,5.483354837,6.330389024,0.32889534,0.490883384,0.109201487,97.37622973,1.599808299,7.047464139,85.48977721,1.986680085,164.8669298,-0.012943633,-11.04419859
Driver,100.317645,4.179,3.094,-5.433070866,48.81,6.76,15.964,-2.253,-5.347,142.3514674,1.419,14.168,-1.406,2790.0,-14.252,407.6514907,55.9247942,-16.85345461,5.891976653,-0.148848866,1.463930087,0.087701,250.8353564,-14.26813488,18.55672853,104.3817275,4.452758,349.7858193,-23.10807595,-24.35727199
Driver,93.12365784,3.18,1.594,-3.74015748,48.675,4.395,18.78,4.834,3.24,138.138869,1.4834,16.954,4.432,2560.0,7.358,445.8036948,103.6287339,48.22622559,6.313218443,0.495835719,1.941195173,0.0991286,231.0081107,30.65194474,40.8781035,63.50232775,6.5953,250.5688271,34.1587431,38.60033211
Driver,89.07704009,0.659,3.22,-0.787401575,44.36,3.894,21.554,1.131,-2.089,120.3004205,1.3505,18.155,1.497,4080.0,-3.536,356.8210251,96.65519811,2.032982546,6.314663849,0.159353412,2.099949781,0.115057,181.428281,-0.927488932,45.39040536,58.23038865,6.21743,193.5989601,-1.25428484,-17.00055857
Driver,97.25527917,3.953,3.1,-5.472440945,47.071,6.785,19.386,5.417,2.317,144.7067377,1.4879,16.991,5.037,3480.0,2.844,475.3648953,131.9921083,48.2836426,5.8679359,0.518255134,1.814282411,0.088058,233.5504154,26.93261385,48.51738767,63.99958067,7.335524,246.3308246,28.64855679,19.37971207
Driver,96.21286686,-0.373,-1.64,0.551181102,49.678,-1.957,14.287,3.04,4.68,137.2698193,1.4267,12.133,2.328,3084.99,5.077,401.3160896,69.5898713,29.88348241,216.0020387,22.01410359,-2.336990766,5.44008,212.2089683,21.37506843,31.49507344,70.43832442,5.31008,243.212607,26.56284864,38.34395988
Driver,110.6768969,7.3,3.1,-8.74015748,50.581,9.149,18.339,2.583,-0.517,164.1504116,1.4832,17.051,2.628,2660.0,-2.817,562.2333617,158.542873,15.39208202,5.779539591,0.263847793,1.790534057,0.076355,273.7764673,5.169451453,49.83665881,68.45369455,8.038092,286.8162546,5.167188676,-22.16015771
Driver,110.8312455,-4.337,-4.721,4.881889764,52.81,-8.02,16.03,-4.1,0.621,147.7706693,1.3333,13.659,-4.176,3479.93,1.111,486.0087017,113.0931371,-31.24272679,5.979317887,-0.434157289,1.485695168,0.0863798,239.1045777,-14.92277456,44.67146323,61.6799232,7.07406,253.5663432,-15.70668671,7.483801568
Driver,95.02281675,-2.2,-0.2,2.637795276,47.754,-2.681,18.241,-2.405,-2.121,129.0466178,1.3581,15.639,-2.059,3350.0,3.284,393.7221888,94.09381353,-7.286391021,5.778539231,-0.211587331,1.635190334,0.096659,198.7582936,-1.715510589,43.39264248,58.20756651,6.347674,214.73839,-1.495376123,16.27931173
Driver,102.9974946,0.5,8.7,-0.590551181,52.523,9.021,10.068,4.496,-4.204,152.8668576,1.4842,8.921,5.152,1900.0,-17.915,425.2269575,48.77658512,15.65428602,5.838196363,0.512804749,0.918601436,0.079909,228.7493271,0.012164396,22.87497817,71.34731019,4.899203,272.9227885,-4.24205889,-61.58751393
Driver,78.67752326,-2.843,2.371,2.519685039,60.342,0.751,25.714,3.367,0.996,107.6433876,1.3682,21.073,3.187,4960.98,1.219,296.166062,89.3086368,17.62864908,6.258620663,0.350326609,2.443775488,0.130258,152.5030314,10.06891691,46.75690226,56.09887621,5.7782,161.646769,10.73220664,4.780330572
Driver,116.2871331,-1.8,-1.2,3.385826772,37.37,-4.462,15.789,0.395,1.775,161.0202666,1.3847,13.368,0.258,3890.0,2.305,530.0891306,142.8207603,9.820628209,3.822134011,0.01048396,0.9205811,0.050386,251.761983,6.928606435,50.62729118,64.4792082,7.762372,262.0744201,7.388679979,17.38589377
Driver,97.94872942,-5.5,2.9,7.519685039,49.022,-2.118,5.651,0.204,-2.696,141.3148712,1.4427,4.541,0.429,1600.0,-2.344,279.4858477,15.18824337,0.853328782,6.34437164,0.045659784,0.502777165,0.093161,155.6476195,-0.023906911,10.47612433,81.29154518,3.045592,216.9663999,-0.532368271,-3.567903152
Driver,69.86846815,2.4,-1.0,-2.086614173,57.335,-0.091,9.531,-3.016,-1.921,95.62611847,1.3687,7.342,-2.225,2150.0,-17.332,135.4703252,9.818648707,-8.742300468,5.619055907,-0.252763232,0.694210552,0.122666,82.36044596,-6.953540197,10.76144489,67.85343695,2.137357,130.8839443,-13.19853387,-11.2865026
Driver,111.9855047,-0.1,0.5,0.236220472,46.713,0.307,12.71,0.844,0.344,164.1917949,1.4662,11.313,1.019,3390.0,1.185,556.3942216,122.5337207,11.91278947,5.813782812,0.084269866,1.184695423,0.074828,267.4931315,6.959009587,45.48566687,62.97269547,7.518462,282.7885698,7.503070319,6.607289944
Driver,102.458393,-1.411,0.222,1.850393701,50.795,-0.929,11.198,-4.223,-4.445,144.3555387,1.4089,9.357,-3.559,2800.17,-32.264,321.0310298,32.10698995,-53.96894556,171.0586399,-42.35188232,0.678639075,3.81969,172.7297714,-43.040498,19.38854231,67.13261754,3.87429,212.2375067,-59.59009871,-97.71981184
Driver,96.84591983,3.015,2.477,-3.976377953,47.735,5.22,15.597,-2.924,-5.4,133.406854,1.3775,13.4,-1.945,3170.0,-8.768,411.8507115,80.74508049,-30.903803,6.034149946,-0.214268207,1.450040538,0.096504,211.2146291,-21.69779624,37.69089591,59.21069093,6.084415,232.1108294,-25.13418107,-43.66370668
Driver,90.12168933,-0.191,-1.998,0.275590551,47.416,-2.173,15.675,2.752,4.749,126.3211346,1.4017,13.803,2.166,2453.83,10.737,363.1499683,62.56878652,27.15495013,6.323437205,0.249711991,1.555213186,0.106849,195.8539881,20.09902268,31.07114809,61.59990706,5.29318,222.9215944,24.58956772,38.1644273
Driver,92.33178239,0.206,1.712,-0.275590551,49.122,1.891,6.967,-1.812,-3.524,132.3062813,1.4329,5.887,-1.244,1600.0,-13.292,245.656817,15.60730825,-10.4898227,5.784089164,-0.133742368,0.588236907,0.090789,142.2092966,-8.454142169,10.89535429,82.03925281,2.861985,205.341357,-14.72415503,-16.11065752
Driver,66.72780959,2.138,-0.421,-3.346456693,61.065,0.762,13.759,2.81,3.23,97.84739621,1.4664,10.595,1.909,3189.57,12.151,206.0991573,24.59393998,13.37195336,6.014449722,0.216052378,1.110287034,0.129946484,116.5943706,10.41725212,20.44220128,56.85129845,3.430158604,150.5565519,15.38601042,19.62897727
Driver,108.426539,4.0,0.8,-4.68503937,44.738,4.508,17.942,0.893,0.075,156.9577666,1.4476,16.144,0.788,2800.0,8.589,525.4273402,138.1255229,33.89447813,5.686775637,0.094002407,1.662971675,0.078207,258.0979499,24.77995789,47.64464164,65.42469061,7.602991,272.6888488,27.06310379,63.73335771
Driver,102.0042949,4.315,-3.355,-4.921259843,55.229,-0.352,5.258,1.78,5.135,144.2289281,1.4139,5.143,1.138,930.0,73.46,135.0103839,6.448286624,7.697940015,6.12820115,0.149550078,0.522877482,0.0879758,85.50996526,7.848004736,6.333688853,111.9918796,1.38757,156.6905678,19.66601167,18.46605099
Driver,90.50644238,-1.918,3.123,2.165354331,55.868,1.822,36.732,-18.211,-21.333,102.6082677,1.1337,29.518,-13.137,8500.0,-17.021,259.6763801,108.9414103,-79.23001464,5.131809478,-1.19869424,2.936596983,0.120852,130.3303398,-50.10261129,54.77460468,58.48988005,5.914532015,130.9506836,-50.38027932,-64.33845086
Driver,109.6479062,4.7,1.3,-5.787401575,48.832,5.422,16.767,-2.003,-3.303,157.3686918,1.4352,15.433,-1.675,2910.0,-8.882,525.0918771,135.0530725,-42.08935652,5.57411795,-0.167629095,1.555858884,0.07617,256.9917461,-29.11395478,47.43350698,64.75873563,7.566735,271.5438055,-31.69362099,-64.91393903
Driver,83.74865784,2.94,-0.108,-3.858267717,54.387,2.0,16.086,-0.858,-0.75,124.6098783,1.4879,14.546,-0.767,1910.0,-2.055,345.6467155,58.62750104,-6.561369831,5.342231699,-0.072807052,1.379521988,0.091609985,191.6446672,-4.512191918,28.83511437,65.2900191,4.95533394,226.1761138,-5.66835335,-5.841271393
Driver,106.8494989,-1.049,-0.059,1.338582677,48.929,-0.973,13.784,1.278,1.338,157.456156,1.4736,11.375,1.054,3781.61,3.793,513.0112015,121.6533377,21.84938495,233.7226943,11.27364553,2.784629112,7.30879,236.0030953,11.38131752,50.50317464,55.93293892,7.43979,245.8287248,11.83162728,21.12968709
Driver,100.6218683,1.927,3.628,-2.362204724,50.325,5.227,12.163,2.957,-0.671,150.5887616,1.4966,10.768,3.05,2090.0,-8.679,457.3159205,66.41085215,10.14111548,5.739900013,0.299574891,1.096466227,0.080239,241.2332176,0.412747108,28.9007973,66.89415203,5.6217,277.0445618,-1.423762746,-37.26963674
Driver,76.74481031,-5.7,-7.9,5.039370079,59.628,-11.325,33.428,4.533,12.433,94.97584109,1.2376,26.712,1.905,6660.0,12.659,233.7418203,85.76669375,23.04462888,5.779507936,0.222404699,2.935114722,0.14361,120.5960206,17.09761509,50.64353022,53.79467669,5.379081,125.4272587,18.04819029,39.35927884
Driver,80.93906586,0.236,3.582,-0.354330709,48.737,3.789,13.386,-4.511,-8.093,108.0259037,1.3347,10.196,-2.491,4024.34,10.325,245.6962155,32.41699376,-0.89291254,143.3789359,3.579144124,-4.861810334,4.19381,133.6669828,2.736082562,24.30665063,58.45403193,3.81381,162.1214612,5.08364473,25.62532613
Driver,99.41615963,-1.305,7.389,1.692913386,47.556,6.195,13.177,1.078,-6.311,143.1625805,1.44,11.426,1.866,2720.0,-12.776,442.0913736,72.25983993,-9.782756079,6.098459695,0.186856415,1.241873436,0.09006,228.3156999,-13.2940525,32.89394985,61.66723855,5.904373,255.5159515,-17.34953706,-62.12647557
Driver,97.83688261,-2.452,-8.305,3.267716535,49.24,-10.42,18.531,1.025,9.33,128.8725841,1.3172,12.981,-1.57,7775.47,15.609,353.1411188,86.73446467,26.04089341,6.098439436,-0.138761744,1.453079832,0.101517818,174.5995263,22.18564769,45.14963154,54.95910057,5.980195945,181.4448424,23.81291236,80.76679022
Driver,105.2635111,-1.586,0.621,1.771653543,54.411,-0.514,21.737,-0.366,-0.988,141.969175,1.3487,18.768,-0.23,4190.0,-2.315,451.1680503,146.0013757,-8.848253806,6.137655841,-0.028060291,2.132079777,0.0949302,217.629442,-6.275741404,52.88606867,65.73541982,7.45426,221.4600891,-6.440138384,-16.20730777
Driver,107.7688797,1.35,-0.865,-1.614173228,53.709,0.126,22.34,2.734,3.6,144.8803239,1.3444,19.136,2.139,4677.0,6.015,452.6890732,156.8486397,35.77659646,5.689658804,0.221068834,2.021252239,0.0863232,215.4888287,22.82258808,54.91206036,66.91878322,7.61449,220.8375251,23.5769895,44.42710126
Driver,90.88895848,-2.145,-5.15,2.677165354,46.603,-7.179,12.945,-2.195,2.955,132.2530422,1.4551,11.137,-2.56,2420.0,7.147,375.3248851,53.47400404,-7.468161547,6.24741828,-0.2725457,1.233584583,0.09969,201.2880964,-0.595928917,27.36487932,62.92183739,5.09021,232.2730218,0.634953329,25.18581838
Driver,96.50143164,0.295,0.102,-0.433070866,48.531,0.363,14.432,2.47,2.368,131.667636,1.3644,10.674,1.823,4979.92,11.578,372.5633096,77.32752124,45.86563621,186.0103871,36.0755237,-3.848197977,6.12037,181.8425419,34.35404918,41.52544905,53.24161215,5.90037,194.0395147,39.2078261,85.96818329
Driver,95.43664996,4.233,5.281,-5.551181102,50.644,8.761,10.817,-1.345,-6.625,133.7104062,1.401,9.535,-0.029,2420.0,-20.19,351.0936727,41.51308738,-21.64539266,5.863612032,-0.019144042,0.984657,0.092045,190.6109057,-20.38508002,22.82927956,65.22874621,4.55961,229.2862631,-28.96058646,-60.86746161
Driver,105.0510021,2.1,-0.3,-2.677165354,50.866,-2.033,10.997,-0.31,-0.01,156.1822208,1.4867,10.039,-0.362,1860.0,-2.097,472.8851919,64.81303918,-5.887721087,6.175844924,-0.034972146,1.099419299,0.083084,249.522574,-4.317422197,27.85871025,68.87428489,5.577101,287.7413667,-5.44410704,-8.223227908
Driver,57.5317645,0.12,0.833,-0.118110236,63.608,0.893,31.996,0.263,-0.571,65.80238905,1.1438,26.312,0.382,3710.0,-0.676,128.4114958,36.38111523,0.608643653,6.297147635,0.040310344,2.994970361,0.2246328,74.35488603,0.282538669,36.90477342,45.93553762,3.449706893,89.43906622,0.308399982,-0.639588339
Driver,99.8456514,-0.727,3.129,0.984251969,42.599,2.339,10.51,1.453,-1.676,141.9644775,1.4218,7.486,1.911,4309.42,-8.392,433.5045001,67.69054901,-6.697853172,6.119069234,0.193841609,0.836393446,0.0901637,211.5305991,-8.788171623,35.90272601,55.58719785,5.96615,222.4920422,-10.00531393,-47.49335062
Driver,103.6372584,0.518,5.133,-0.669291339,52.108,5.536,4.959,8.364,3.231,142.4000089,1.374,3.184,7.069,3103.47,7.452,365.5779831,24.38159964,58.82444189,198.4093926,37.69575724,-5.782216782,4.61758,182.3196774,33.51848676,16.91885827,65.73399477,4.07758,222.7961441,43.74184261,33.62713355
Driver,97.58634574,2.1,4.347,-2.716535433,45.351,6.423,18.968,3.082,-1.266,135.5100215,1.3886,16.203,3.301,3730.0,-2.478,428.9022831,111.4441537,17.63551812,5.794995097,0.330772422,1.705093357,0.092538,213.5225264,7.35236382,46.24670112,60.89959302,6.813993,227.2008305,7.594584882,-14.84244304
Driver,96.94658196,-8.116,-6.717,9.05511811,55.664,-12.307,10.351,0.892,7.609,138.014048,1.4236,8.124,-0.043,3304.74,22.196,388.604487,47.39389867,35.62185289,6.240642341,0.018150886,0.903730294,0.0946291,199.5641106,30.39661512,26.62570593,59.32896156,5.07717,219.1516088,36.59970329,91.63389059
Driver,109.9655512,0.983,0.087,-1.141732283,56.706,0.732,20.002,-0.213,-0.3,152.6632963,1.3883,17.047,-0.163,4481.0,-0.562,489.8383173,159.5939481,-3.360064364,5.257918862,-0.015642022,1.653347085,0.0746496,231.6085488,-2.154506469,54.43677075,67.51295235,7.81742,237.6246552,-2.231793494,-4.486881217
Driver,107.8359878,1.1,10.3,-1.220472441,51.939,11.035,12.417,2.947,-7.353,156.3598336,1.45,11.032,3.944,2560.0,-22.741,487.1424477,77.31161962,-12.95087457,5.702395438,0.376078481,1.119349882,0.076871,251.0832518,-22.91377632,32.41562991,64.34452389,6.078989,280.5546072,-30.60257029,-120.1719384
Driver,98.36256263,-5.927,-9.504,7.322834646,47.919,-14.883,13.841,-0.279,9.225,141.1766285,1.4353,11.475,-1.426,3670.0,16.623,437.2204257,82.52503136,28.17845081,6.39003728,-0.138454455,1.324385996,0.0958651,218.6229209,25.93775957,38.35054039,58.24440449,6.24677,236.2266655,30.3329806,93.99573703
Driver,98.87482105,-1.3,-2.1,1.732283465,50.666,-3.268,21.734,3.194,5.294,131.8049839,1.3331,19.535,2.582,5050.0,6.082,392.2270978,131.6938844,33.64078991,5.253388811,0.252506283,1.895323517,0.08809,190.5574606,21.33582461,53.12436971,62.637894,6.985966,197.1642193,22.3086335,38.35107083
Driver,102.0221904,0.5,8.9,-0.590551181,52.325,9.352,12.71,2.123,-6.777,146.58733,1.4368,11.197,3.147,2530.0,-17.921,445.668979,68.94083705,-7.172182753,5.84090674,0.306617493,1.162537174,0.084082,232.7427786,-15.0128203,30.98984411,63.56372864,5.758168,262.7986782,-20.67866183,-83.22198375
Driver,78.88108447,-3.258,-6.184,3.031496063,63.815,-7.789,19.36,-5.045,1.139,96.45289012,1.2228,16.169,-5.216,3060.0,1.813,235.2214673,44.08944911,-19.66544451,5.161863888,-0.467485679,1.484736938,0.1156808,131.1537283,-10.62582324,30.34296332,54.51458304,4.281586862,156.0381685,-12.41737782,3.90676858
Driver,92.63376879,-3.881,-6.24,5.826771654,40.721,-10.761,17.198,-5.667,0.573,126.3260558,1.3637,13.074,-5.784,5172.2,9.921,334.8885434,67.08537869,-13.24724029,157.8035756,-2.070916735,11.40761707,4.42882,176.8614536,-0.964191019,34.93253962,60.18940602,5.20793,195.9331443,-0.053124251,50.59283889
Driver,94.09225125,-2.609,-6.963,3.385826772,42.955,-9.768,17.369,-0.862,6.102,131.9398712,1.4022,14.754,-1.705,3586.82,10.925,407.3193568,91.66456457,11.75241593,5.81786964,-0.16115255,1.554650535,0.0946134,206.266607,13.23730663,41.56471951,58.83693524,6.32453,222.2365196,15.49152989,58.06782822
Driver,99.39826414,-0.217,1.024,0.275590551,46.209,0.816,14.815,3.402,2.378,142.6035702,1.4347,12.806,3.073,2880.0,0.685,457.1276387,87.42433495,25.53715006,5.89205229,0.316461062,1.351239996,0.087821,232.9783721,13.73554508,37.74837544,61.2094945,6.384196,255.671252,15.18455375,3.743862489
Driver,96.22628848,0.881,4.622,-1.181102362,46.804,5.449,16.976,3.21,-1.412,141.0140032,1.4655,15.113,3.381,2619.58,-7.193,453.7046237,96.14933909,11.44729204,6.136760629,0.354985109,1.666419411,0.093486,234.3338027,1.101484327,39.12483992,62.94852935,6.489461,256.7303702,0.12568073,-38.16058868
Driver,96.81012885,1.09,2.444,-1.456692913,47.789,3.433,22.094,13.479,11.035,139.9219309,1.4453,19.184,11.807,4590.0,17.775,428.1933602,138.2583492,132.5971278,6.009417496,1.254929193,2.123730143,0.094766,208.5306926,80.81949796,51.95504693,63.92850736,7.217689,216.6267942,84.80653185,119.3274451
Driver,98.48783107,2.108,3.564,-3.070866142,46.523,5.565,20.679,-3.034,-6.598,136.6653991,1.3876,17.759,-1.922,4210.0,-10.814,425.5069022,125.3940185,-42.91741699,6.090605239,-0.219535774,1.980482735,0.097454,209.1672517,-29.81258798,49.68641317,62.26968066,7.029379,219.4993503,-32.00497266,-68.55657186
Driver,109.5315855,-6.977,-0.217,9.251968504,44.451,-7.383,9.161,4.244,4.461,161.1359162,1.4711,7.301,3.723,3089.28,15.346,515.1405234,69.38423022,72.24753752,5.605915133,0.37599195,0.73744338,0.072513,253.7525556,47.33171754,31.93776343,60.5346479,6.19247,270.2908717,52.52001225,93.13234564
Driver,82.74427344,-4.5,1.3,3.897637795,64.75,-0.921,25.983,-0.411,-1.711,111.7593504,1.3507,21.301,-0.02,7250.0,-1.342,297.1704488,99.88449422,-3.102713052,5.639612333,-0.015063065,2.240594247,0.113599,148.8289254,-2.272707691,51.09152447,56.64043795,5.991935,153.1231005,-2.368435512,-6.662287549
Driver,96.88171081,-0.1,-5.7,0.275590551,47.417,-5.881,15.779,-1.675,4.025,142.3501253,1.4693,12.975,-2.354,4089.86,8.614,444.1174685,104.8718246,5.721397134,6.099006198,-0.24538925,1.435426916,0.091434,217.4754351,9.228822454,45.403618,58.93819061,6.786523,230.770525,10.65419468,54.43639123
Driver,110.5136006,-5.489,-6.165,7.677165354,43.669,-11.942,13.372,-4.473,1.692,154.1510827,1.3949,10.299,-4.757,4721.78,3.291,491.7916225,114.1971532,-28.31370967,6.312978914,-0.518731828,1.199732792,0.0864092,233.9897062,-11.17310271,47.02695763,60.18512234,7.14839,244.4061638,-11.3982536,24.7440193
Driver,102.3622047,2.5,0.1,-2.992125984,50.17,2.083,15.808,-1.094,-1.194,148.4298944,1.45,13.894,-0.868,2830.0,-4.796,490.467442,103.5520152,-19.00804954,5.687235155,-0.090111229,1.418874163,0.081761,247.8890552,-13.50745392,40.68469381,62.95970788,6.827915,268.4722486,-15.33748282,-29.26872556
Driver,24.648801,-4.8,2.0,4.173228346,63.196,-0.806,47.099,-7.055,-9.151,26.11354689,1.0594,35.531,-4.131,3030.0,-4.049,23.09889149,8.073815645,-1.613568278,6.04412544,-0.448499987,2.617089888,0.603438,14.16323207,-1.079533285,38.18705194,24.22193032,1.461043,19.60577414,-1.508804683,-0.17825536
Driver,96.46340372,-2.7,-6.1,3.503937008,48.938,-8.584,23.99,13.655,19.755,123.9801807,1.2853,22.363,11.985,5094.41,22.085,351.8411431,120.6210207,117.4600227,5.525765574,1.206600461,2.301471891,0.100613,175.3203013,74.82049524,51.38137571,60.82875863,6.572797,182.8593082,78.91912286,120.7953226
Driver,97.46331424,-0.3,-5.3,0.472440945,47.905,-5.647,17.773,0.071,5.371,141.3571492,1.4504,15.806,-0.486,3980.0,9.7,446.8193955,120.9872111,23.33551063,5.371780387,-0.041389108,1.542608801,0.081993,218.8488749,19.18081304,48.25737825,61.6595629,7.0588,230.6309225,21.00746461,63.08789763
Driver,103.5768611,3.615,8.822,-4.566929134,49.811,11.881,13.981,5.13,-3.692,149.842296,1.4467,12.456,5.689,2410.0,-16.067,471.5522005,81.69400519,15.29706584,5.92587714,0.574851102,1.316024016,0.083851,245.2967703,-2.787489314,33.92029866,64.40402187,6.139331,273.7158704,-6.262453158,-81.26442735
Driver,99.09851467,-0.155,7.98,0.196850394,55.351,7.873,11.561,-1.024,-9.004,141.1052702,1.4239,10.169,0.077,2470.0,-26.205,387.0483959,50.139052,-32.71296251,6.015375758,-0.01335507,1.080472407,0.089671479,207.5687892,-30.68846944,25.28840563,65.2118632,4.929344831,243.8251788,-41.97053689,-92.89298534
Driver,113.940587,5.7,2.1,-6.614173228,49.113,7.095,16.064,0.888,-1.212,165.7560845,1.4548,14.929,1.117,2640.0,-5.562,574.7654432,139.3896139,-7.600553234,5.874162805,0.101072676,1.581723656,0.075972,283.7982624,-9.051775151,45.67944219,67.20579003,7.745378,300.6572605,-10.26549926,-43.73888993
Driver,98.27084825,1.144,4.965,-1.456692913,50.611,5.905,20.401,4.954,-0.011,135.6017359,1.3799,17.333,4.956,4130.0,-0.352,424.8488419,122.6867606,34.19418836,6.086632359,0.525286185,1.929238697,0.097906,208.7886573,17.30542663,49.25009585,61.835659,6.984761,219.7202265,18.18673517,-2.203815835
Driver,103.5701503,-5.844,0.809,9.05511811,44.469,-5.176,10.551,0.609,-0.2,153.937679,1.4863,9.011,0.629,2354.4,-5.851,441.8336563,64.49908576,-9.899128431,218.6673384,-9.259055454,0.504869833,5.51016,219.3693619,-9.327649756,33.73686739,59.98570917,5.53898,243.9551049,-11.74136195,-35.19937417
Driver,113.4059592,3.5,5.7,-3.700787402,53.497,8.266,16.08,1.055,-4.645,168.3314692,1.4843,14.24,2.028,3190.0,-12.789,570.9303208,147.3578079,-29.47623926,5.562231511,0.1607509,1.430332327,0.070623,274.5506618,-27.11731856,48.74995976,66.45370059,7.90779,287.4860569,-29.64771312,-110.3057831
Driver,72.62884753,-3.7,-2.5,3.307086614,66.073,-4.242,26.614,11.127,13.627,64.82887437,0.8926,19.522,7.205,6870.0,18.203,107.3862061,21.96687633,17.86842662,5.570171406,0.766725491,1.890681511,0.19122,63.61638344,12.61082093,28.43051192,44.13967996,2.771849,77.07481013,16.05360224,14.07247762
Driver,84.20722978,-3.2,0.2,2.401574803,62.376,-2.065,25.608,-3.09,-3.23,115.940408,1.3769,19.877,-2.319,6630.0,-5.112,316.9345856,101.2917871,-22.58313377,4.34843982,-0.185881217,1.595471195,0.083034,158.4994462,-14.48152338,50.17961179,57.18520392,6.114485,164.2620703,-15.171426,-24.24931157
Driver,103.7781854,-3.941,-1.607,4.881889764,50.643,-4.846,22.716,-0.042,1.565,136.3528991,1.3139,18.644,-0.303,5520.36,2.086,407.5213305,137.9353039,4.119357602,6.306385279,-0.029099362,2.194370564,0.10174,195.9152554,3.535130669,53.88025577,63.51596386,7.14233,200.8569599,3.683092689,13.71292711
Driver,109.8335719,1.3,6.1,-1.771653543,48.703,7.332,7.505,0.133,-5.967,152.9800465,1.3928,6.807,0.633,2130.0,-26.446,391.9281547,35.98394397,-25.20783365,5.675069866,0.066203996,0.681466211,0.077254,208.0869316,-24.92149696,19.47253262,69.66477816,4.425069,252.4954693,-36.95067161,-81.60693992
Driver,100.9999105,3.1,0.3,-3.897637795,48.265,3.033,17.294,2.62,2.32,148.4336972,1.4696,15.22,2.322,3100.0,3.737,494.9813002,119.3967695,29.70963265,5.749525627,0.236390408,1.579952842,0.083227,246.4157138,18.24957378,44.75577836,63.52337924,7.18234,262.8800967,19.90462126,24.8350871
Driver,106.847262,2.73,2.888,-3.149606299,49.421,5.228,13.957,0.576,-2.312,160.8003758,1.505,12.651,0.853,2130.0,-7.439,531.7788112,96.90741739,-8.664967727,2.923957311,0.04203673,0.662082345,0.0383258,273.98943,-10.03378673,35.92192342,67.0096579,6.6176,300.2094422,-12.28719701,-42.32654746
Driver,96.0920723,2.676,3.567,-4.05511811,46.566,6.103,16.74,0.463,-3.104,144.1879921,1.5005,15.281,0.8,2139.93,-7.321,445.6822453,94.23906192,-13.63299134,206.8458029,-11.62450293,14.20344343,5.53611,226.3203703,-14.18801106,40.13268606,60.83334098,6.37784,246.6155891,-16.74967857,-52.02101545
Driver,85.31898712,0.812,2.428,-1.023622047,42.796,3.306,9.083,0.864,-1.564,119.4595562,1.4002,6.062,1.44,3647.1,-6.945,295.1901854,26.4518241,-0.085035788,6.16235054,0.146722497,0.665686085,0.107567,154.0214344,-2.518492304,19.85076153,57.94443995,4.05198,185.6107327,-4.404942455,-19.16325841
Driver,27.70669291,-5.068,2.658,4.488188976,66.462,0.444,41.63,-1.705,-4.362,28.08674839,1.0137,30.503,-0.366,3099.07,-3.556,24.64987005,7.233516829,-0.197504295,5.872862093,-0.046522228,2.251165957,0.511687,15.42142941,-0.151948664,32.97054507,25.86328736,1.392446,22.54013745,-0.240272976,-0.160321166
Driver,89.23138869,0.661,-1.401,-0.826771654,49.467,-0.836,24.92,-3.35,-1.949,120.1393611,1.3464,20.991,-3.002,4700.0,1.954,351.6167418,114.1072292,-13.22702022,5.744150685,-0.297784795,2.233510401,0.1069,175.7092173,-5.883756324,50.50325829,60.17516832,6.509442,184.4632313,-6.082173833,9.963576808
Driver,94.63358984,-1.2,-3.4,2.047244094,45.431,-5.313,17.431,-4.79,-1.246,134.3515122,1.4197,14.718,-4.519,3630.0,-2.575,417.1945667,99.11706771,-38.54764741,5.889288586,-0.475383887,1.568631136,0.094196,208.6412237,-21.56134482,43.98029893,59.05859882,6.535322,223.7882054,-23.39704805,-15.43066588
Driver,102.8207767,3.504,3.498,-4.448818898,43.902,7.146,17.613,-0.45,-3.948,144.5964567,1.4063,15.863,0.064,2610.0,-15.029,468.6779112,104.2013348,-31.82606408,6.029368108,-0.007680494,1.730458903,0.0898426,241.3358475,-27.75133753,40.22952125,63.77193957,6.67622,253.6052381,-30.41718141,-84.05732008
Driver,104.5163744,-5.959,3.02,6.57480315,55.287,-1.126,23.748,-0.814,-3.834,139.8776396,1.3383,19.849,-0.257,5460.43,-7.006,419.9178701,151.8066531,-23.80821079,6.211658744,-0.042209315,2.30994624,0.0983716,199.6663875,-17.15564511,55.68383238,65.91998942,7.37974,201.4832491,-17.37952693,-48.78955419
Driver,101.509932,-1.3,-0.3,1.57480315,52.127,-1.604,19.177,-1.051,-0.751,146.3985326,1.4422,15.487,-0.831,5364.23,-1.772,442.8027997,140.2025872,-12.904702,5.421768953,-0.091743185,1.539545317,0.079977,209.7489587,-7.790582975,53.92016442,63.6421832,7.346315,215.4434068,-8.068451812,-14.24950872
Driver,112.9362026,-0.6,0.0,1.023622047,46.08,-1.184,12.17,-2.901,-2.883,165.4030959,1.4646,10.069,-2.243,3540.0,-1.133,553.4517483,117.4700956,-26.85089041,5.8685501,-0.248475017,1.066181546,0.074692,264.0895961,-14.13011716,45.26738434,61.93233202,7.417021,279.0136574,-15.06799096,-11.39468179
Driver,101.6575698,-1.908,-0.055,2.480314961,51.521,-1.572,10.584,-1.027,-0.972,146.1173497,1.4373,8.541,-0.865,2973.38,-0.186,456.1396721,63.388586,-5.058521462,226.7520201,-1.148786059,-0.784938284,5.80549,225.5004457,-1.170297295,32.12572001,60.60577668,5.75549,250.9067931,-0.745256202,6.702189717
Driver,85.81782391,-4.366,6.868,5.826771654,46.372,2.695,54.889,-21.315,-28.183,66.75957409,0.7779,46.145,-13.781,6570.0,-11.758,136.4993674,77.28932399,-33.74171236,3.032407035,-0.73760931,3.13337564,0.137401,67.59966493,-21.76747948,59.46428639,50.97050878,4.61858,68.31108272,-22.00898493,-17.68661449
Driver,97.32238726,-3.0,-3.4,4.842519685,41.762,-7.554,19.314,5.341,8.801,136.1741679,1.3992,15.713,3.783,5239.19,12.857,403.3778534,115.0130753,60.85103243,5.832481523,0.408976244,1.677849267,0.092745,196.0794199,39.78023163,49.79184989,58.73666547,6.828441,204.4156101,42.2070493,81.07707757
Driver,100.8164817,0.559,3.739,-0.708661417,47.934,4.243,14.032,0.461,-3.277,148.0607999,1.4686,12.288,0.9,2640.0,-12.354,472.0202268,84.21190997,-18.48649589,6.163130175,0.085527955,1.352834064,0.088283,242.5006219,-18.31287398,35.51939093,62.76156191,6.288427,268.2682749,-22.54060804,-66.32631719
Driver,98.83455619,0.279,0.377,-0.393700787,39.937,0.71,16.223,2.72,2.343,145.8245347,1.4755,14.434,2.445,2618.55,1.345,477.4188244,99.78862338,22.89928498,6.059233204,0.259689993,1.570383334,0.088939,244.4639055,12.9655828,39.5206531,63.42180388,6.662115,266.6610076,14.34740184,7.61862504
Driver,80.15390122,-4.5,9.1,3.937007874,64.066,6.816,27.605,2.455,-6.645,103.0807087,1.286,20.176,4.459,7750.81,-8.663,260.9882705,77.24129317,5.912552066,5.786960549,0.402810087,2.159536469,0.125563,134.6943253,-0.197647523,46.33081601,52.77771991,5.351283,140.2321786,-0.463876096,-32.00682649
Driver,83.93879742,-4.4,-1.4,3.858267717,58.465,-4.765,22.731,-2.982,-1.449,118.8504384,1.4159,17.468,-2.734,6214.68,-1.462,324.8192444,96.7227839,-17.54613815,5.711644981,-0.269640961,1.839657981,0.105411,161.1974317,-9.883064535,49.33520842,55.9610474,6.093185,168.0321781,-10.36232528,-6.591876467
Driver,87.81988189,-1.237,9.407,1.456692913,59.783,8.687,5.008,2.961,-6.446,131.4889048,1.4973,4.28,3.718,1370.0,-50.097,132.7123667,5.39781724,4.050903916,6.200250578,0.373750922,0.439337433,0.097662828,82.82356707,-0.075303183,5.691356245,100.6518677,1.483339821,158.3569073,-5.353452463,-16.33771117
Driver,106.6459377,2.939,-0.048,-3.976377953,44.92,2.903,15.048,3.3,3.348,158.4605404,1.4858,13.333,2.809,2800.0,6.549,537.205243,115.0023119,44.21125416,5.917102738,0.29551919,1.417235176,0.079497,267.6604545,28.12732112,42.13721762,64.32828941,7.212427,287.2375828,31.13771979,45.14702143
Driver,114.6698282,3.029,-3.899,-3.818897638,46.52,-1.022,10.58,-1.488,2.41,164.49915,1.4346,9.478,-1.846,1890.0,5.594,513.2116483,69.53218265,-6.175797372,5.516490725,-0.174527073,0.92735795,0.070233676,267.5778185,0.219229825,28.43967247,69.71144215,5.825757966,305.7211407,1.549082783,26.51595616
Driver,99.57721904,0.2,-1.6,-0.236220472,44.011,-1.978,25.128,0.861,2.595,129.8353615,1.3039,21.484,0.459,4720.0,2.945,388.6364263,138.409085,10.56211619,5.855270364,0.048653782,2.342009625,0.101195,188.7115716,7.395054069,54.22925672,63.93855951,7.071692,195.0731895,7.746392059,17.65264254
Driver,96.9980315,0.05,5.238,-0.078740157,47.011,5.285,12.68,-2.604,-7.843,139.5532838,1.4387,11.286,-1.71,2281.35,-19.488,396.5757775,56.69817679,-37.09764127,5.92585852,-0.192082816,1.183610468,0.089632,213.2194174,-29.97819366,27.28891992,65.25896239,5.160675,248.2194369,-38.97080821,-70.99628401
Driver,100.9797781,-1.5,9.3,1.771653543,54.464,8.148,6.447,-6.107,-15.407,133.5502416,1.3225,5.611,-4.379,2440.0,-12.16,305.9520621,21.64341674,-32.83309857,5.678578922,-0.442514875,0.559052447,0.088351,166.4771767,-21.63844887,14.39727639,70.23432465,3.660611,216.433357,-31.06641991,-26.91595121
Driver,116.7367573,7.7,1.7,-9.133858268,51.199,8.091,17.277,-2.485,-4.185,172.5181192,1.4778,16.108,-1.909,2194.49,-15.887,596.6166999,146.4258303,-66.87067874,5.680216511,-0.20302491,1.651814504,0.070924,299.0009503,-49.36223549,44.85099718,69.88848118,7.767817,317.3009921,-54.38560713,-118.5334214
Driver,92.591267,-0.15,-0.729,0.196850394,48.991,-0.86,1.455,-7.769,-7.04,125.0823193,1.3509,1.229,-6.772,1270.0,-19.09,56.83091682,0.649879997,-7.038749909,5.939051945,-0.710692743,0.110965161,0.097991,36.43513712,-4.722260429,1.505522049,111.3857127,0.631419,108.2787317,-14.91065884,-1.287506092
Driver,106.9814782,1.385,-0.921,-1.614173228,54.668,0.061,12.007,-9.376,-8.455,147.3219399,1.3771,9.627,-7.432,4463.0,-26.893,437.3233525,77.44572584,-121.7364207,5.681645291,-0.762600077,0.989667163,0.0810496,215.0364091,-79.27351295,37.53808991,56.88234662,6.08725,231.1383378,-88.85193149,-158.2553086
Driver,92.64942734,-3.115,-4.265,4.488188976,46.789,-7.195,13.045,-13.563,-9.298,121.3251611,1.3095,9.677,-11.567,4691.12,13.067,317.5676902,53.61559927,-43.42731009,167.0862734,-17.85183855,-3.289231284,5.12632,162.2777779,-17.74698267,33.98865261,54.47573976,4.90632,180.4618515,-18.12811184,44.87157361
Driver,79.16741231,-5.833,-0.118,7.559055118,52.41,-4.628,19.727,-10.453,-10.336,102.215238,1.2911,15.581,-8.655,4550.0,-14.254,258.918622,53.00027858,-53.29566609,6.178994545,-0.954446337,1.730930446,0.13102133,138.720128,-34.29275093,35.19520216,52.49838873,4.722771958,156.1921856,-40.03445235,-41.02481419
Driver,104.0153006,1.512,3.444,-2.204724409,41.21,5.172,8.884,3.336,-0.108,147.857015,1.4215,7.883,3.351,1470.0,-3.976,368.9771187,34.81263758,18.1542905,6.030282887,0.349995673,0.833299078,0.085084,204.3618445,8.779447823,17.86837074,77.32917175,4.141314,258.4821179,10.23186353,-9.510076992
Driver,92.85746242,-2.832,-6.988,3.858267717,42.416,-10.091,17.513,-1.347,5.641,128.8716893,1.3878,14.725,-2.163,3706.24,9.938,392.2793371,87.84355555,6.1104556,6.424184644,-0.228752089,1.71481945,0.107156,199.1643787,9.381167093,41.24527602,58.08440634,6.1887,214.515157,11.1667437,50.64930658
Driver,102.1206156,-0.89,4.61,1.141732283,49.362,3.846,17.446,4.48,-0.13,140.1317555,1.3722,15.125,4.497,3230.0,-0.395,453.914382,106.2879248,33.637927,6.373870487,0.499305967,1.751669178,0.0978486,227.8811957,17.08307652,43.29485365,61.37657524,6.79646,243.7824745,18.23104198,-2.360089104
Driver,117.9379921,5.9,5.9,-6.614173228,51.302,10.709,20.47,2.548,-3.352,168.0798139,1.4252,18.482,3.036,3406.19,-7.943,572.3520214,190.8673141,-4.202664848,5.332277211,0.270813821,1.803115441,0.069333,269.7712598,-10.09968495,55.12247508,72.39472636,8.546552,276.9859739,-10.73480581,-73.0904912
Driver,90.45722978,0.418,-7.449,-0.551181102,45.807,-7.043,21.28,7.673,15.122,123.5627684,1.366,18.145,5.184,4800.0,19.438,355.6745134,99.02599336,70.5269695,5.927897624,0.565436759,1.968826276,0.105293,179.8298016,48.41410685,46.23107935,57.99431671,6.223709,191.108832,52.84126995,97.70271414
Driver,96.35603078,0.782,4.655,-1.062992126,45.972,5.411,12.431,-1.311,-5.966,140.4431371,1.4575,10.566,-0.33,2927.36,-19.236,417.3662531,62.86892119,-35.91669807,5.912737821,-0.051438569,1.111406145,0.088734,215.8925234,-30.3502816,30.74638893,60.63053586,5.576522,243.9528889,-38.21392695,-87.35604523
Driver,90.50420544,-5.0,0.8,4.330708661,56.411,-3.015,22.997,1.468,0.676,126.5633948,1.3984,18.139,1.431,6101.62,0.134,361.5194105,114.8550632,8.290125946,4.319000459,0.100448685,1.439065994,0.074637,177.1364518,4.363096789,51.5376847,59.54597452,6.57282,183.0756162,4.514102386,-0.181685952
Driver,90.02997495,-2.6,-1.4,2.086614173,56.963,-3.638,21.979,1.136,2.549,127.4311024,1.4154,18.46,0.776,4476.49,4.171,382.3170449,114.7834792,14.80564713,5.972832952,0.085282634,2.025640294,0.103053,189.3794233,10.30682934,49.58382593,60.24299047,6.674357,199.1879174,11.09103866,23.23456583
Driver,99.76959556,-3.617,5.392,4.921259843,43.775,1.61,13.316,5.32,-0.072,148.9900233,1.4934,11.53,5.328,2642.9,-0.24,479.5939027,82.56479438,43.35573145,5.493025752,0.509909884,1.135474365,0.0778164,244.9306113,22.30998708,35.10111667,62.37995565,6.3077,260.8643005,23.73415101,-1.306271834
Driver,111.06165,-0.6,-3.321,0.708661417,49.583,-3.832,8.563,-5.502,-2.181,159.4076593,1.4353,7.073,-5.143,2426.25,-12.58,449.3480092,49.86870688,-68.15974483,199.7372689,-34.80940265,11.3087254,4.04285,233.7659671,-43.10704079,23.9850023,67.98778847,5.1061,271.265852,-52.35924634,-67.01297857
Driver,92.67179671,-0.805,4.459,0.905511811,54.079,3.876,17.057,1.584,-2.875,139.4130279,1.5044,15.053,1.924,2812.0,-5.803,448.2230239,96.91533348,2.343710715,5.025351336,0.164620774,1.365834475,0.0772096,229.7469537,-2.790372909,39.9904128,61.90395048,6.52699,249.2455822,-3.798898584,-31.50514412
Driver,30.23443092,-8.0,-0.2,7.519685039,57.995,-5.848,13.784,23.917,24.284,30.00872405,0.9925,10.756,20.722,1370.0,51.09,11.7467731,1.144141772,4.222050223,5.703931234,2.079738367,0.299102963,0.40235,7.7621441,2.860807297,11.46989543,28.80066996,0.550685,20.81021475,7.866928492,0.367705131
Driver,81.87634216,-7.102,-8.458,11.1023622,40.231,-16.927,15.825,-8.147,0.311,105.5849588,1.2896,10.061,-8.228,6035.93,23.656,228.8358793,30.0702281,-12.79824847,134.7011596,2.064443384,-5.262504759,4.08925,124.2875986,0.285296479,24.10503364,56.13045344,3.65925,148.0584623,4.016736848,54.20830752
Driver,78.20105583,0.855,1.702,-1.377952756,46.465,2.514,17.716,-3.311,-5.013,109.3982641,1.3989,14.274,-2.238,3902.02,1.79,281.1487203,53.60177065,-8.061869196,158.5764216,-3.469214863,-4.326809461,4.94545,151.9887194,-3.43927251,32.52765215,57.62345806,4.66545,173.9336122,-3.566971958,7.491216511
Driver,89.93602362,0.613,4.239,-0.787401575,50.887,4.737,19.371,7.69,3.451,122.6355583,1.3636,16.279,7.086,3830.0,3.222,366.9851659,88.83886068,50.09609815,5.850810027,0.725913625,1.72634532,0.103395,187.3717304,28.20189998,42.75754116,57.71251517,6.107899,202.5120423,30.7942545,15.40746538
Driver,107.3639943,2.918,-2.178,-3.42519685,52.377,0.073,17.443,-4.557,-2.379,145.3547781,1.3538,15.57,-4.236,2740.0,-5.853,479.6710477,109.5336027,-48.27940687,5.528487367,-0.413309245,1.560010705,0.0817664,243.7758477,-29.58105846,41.92209107,63.50691863,6.88275,262.1378458,-32.53872099,-34.88056368
Driver,108.8649785,5.3,0.7,-6.102362205,51.167,5.013,16.554,0.709,0.009,161.6045544,1.4844,15.337,0.759,2670.0,-1.87,548.521177,139.042311,0.679758446,5.678953785,0.068653086,1.574049793,0.075512,269.1409792,-1.338797874,47.08955988,65.98378388,7.690197,284.5115033,-1.620199814,-14.7115673
Driver,55.27245884,-2.127,-0.661,2.007874016,63.99,-1.7,25.9,-0.859,-0.197,67.26735863,1.217,20.609,-0.817,3530.0,-0.302,121.9379495,26.17402136,-1.775368166,5.828290181,-0.083668455,2.10144217,0.193631,72.12065352,-1.109470534,29.26115684,46.67331683,3.021098,92.49602906,-1.442439003,-0.243364087
Driver,99.08509306,4.404,3.207,-5.905511811,47.037,7.321,15.439,5.297,2.09,143.5034896,1.4483,13.633,4.944,2620.0,4.371,460.882312,89.68706906,47.91390275,6.089238621,0.528794768,1.486645765,0.090506,237.2331461,28.11929211,37.28256601,62.63169461,6.375846,261.5078328,31.72065822,23.14069757
Driver,80.91222262,-5.3,7.1,4.645669291,63.162,4.413,27.641,2.513,-4.587,104.1434771,1.2871,22.381,3.676,7590.0,-5.949,267.5020663,88.62586484,5.667575345,5.794159984,0.326069014,2.423500292,0.126456,136.4790051,0.658948981,49.49554061,54.622345,5.62076,140.8009629,0.550804616,-24.2776806
Driver,93.18181818,-3.5,-2.9,3.543307087,57.825,-5.405,16.209,-4.733,-1.833,138.9674302,1.4913,13.874,-4.37,5450.0,-3.72,416.2065,114.0515243,-42.38406652,5.72556278,-0.457430549,1.452571421,0.088382,201.1961341,-23.86866387,49.56691144,59.58483914,6.820237,209.4847797,-25.06500733,-25.73100436
Driver,105.7959019,-5.739,-8.807,7.086614173,46.996,-14.186,17.629,5.684,14.492,138.8958482,1.3129,14.637,3.702,4890.0,21.398,414.5055556,105.4567013,81.46441636,6.257540705,0.436553072,1.675873712,0.0968053,204.3237423,56.50779379,45.82747155,58.98863482,6.60176,214.9641157,61.11511661,131.1355155
Driver,78.33079814,-3.996,1.197,3.503937008,65.172,-0.655,28.736,8.893,7.696,91.7065587,1.1708,20.717,6.769,7486.97,18.893,211.9884341,55.38402,39.96346602,117.7958481,28.86681843,-0.670679414,4.48688,116.7631657,28.5282197,37.85643141,51.96613248,4.43514,127.3712433,32.09812807,44.95190403
Driver,102.6284001,-1.297,4.623,1.614173228,48.113,3.459,24.442,-3.052,-7.674,131.9984789,1.2862,21.331,-2.018,4264.28,-15.642,402.2956708,134.9803351,-53.59105417,6.246847873,-0.245120978,2.4762396,0.105785,198.1880016,-38.69911617,51.82999548,63.78858791,7.05746,202.1312142,-39.82449674,-95.49170747
Driver,104.107015,-4.5,3.1,5.826771654,50.259,-0.69,6.914,-1.146,-4.246,151.6349767,1.4565,5.844,-0.82,1720.0,-6.318,376.4890185,29.44812935,-11.57908489,6.020781052,-0.090539596,0.620395524,0.082535,201.813035,-8.483434222,16.49450987,74.12612822,4.103103,253.1034593,-12.16616684,-16.790788
Driver,25.61739442,-6.6,-1.6,4.724409449,73.191,-4.315,43.951,-1.303,0.483,26.8432355,1.0478,29.458,-1.38,3823.59,0.38,22.16597867,6.272586419,-0.544989396,5.795382316,-0.148787013,2.018106262,0.525071,13.89593857,-0.353774224,32.03740945,24.55612593,1.304231,19.47980081,-0.494204495,-0.05736363
Driver,75.63976378,-3.491,2.891,5.354330709,48.735,-0.178,14.187,-5.306,-8.197,105.8822477,1.3998,11.774,-4.143,2802.98,6.15,230.3054389,30.63567686,-12.18860586,142.0073807,-5.365655586,-4.48676425,3.8369,131.5496781,-5.295540053,21.43036497,66.5652001,3.4869,169.3141772,-5.636618486,12.64359559
Driver,115.3588046,7.7,0.5,-9.330708661,49.915,7.152,19.0,-0.923,-1.423,166.2012348,1.4407,17.757,-0.892,2840.0,-6.263,575.382503,170.8488862,-29.57646256,5.723023531,-0.079996305,1.851044769,0.074951,278.3010319,-21.09718129,51.25794547,70.13762176,8.267966,289.7593042,-22.44162938,-50.32374661
Driver,91.24910523,-1.7,-2.7,2.165354331,50.728,-4.205,13.223,0.415,3.209,130.2232462,1.4271,10.849,-0.109,3140.0,0.408,385.1196209,60.2777982,-0.04719587,5.866921147,-0.010799375,1.134584264,0.09512,199.42563,0.200569112,31.84233802,58.38662791,5.483888,224.9730266,0.298584888,1.739872255
Driver,102.2168039,-4.421,6.074,5.0,55.491,3.027,14.871,-1.729,-7.803,141.8877505,1.3881,13.206,-1.024,2536.29,-15.355,439.1181125,78.96658997,-35.15397293,5.835316333,-0.116920816,1.375207909,0.087494,229.6694379,-28.45215817,34.32820625,62.9032392,6.000693,256.7875812,-34.62258026,-73.12427604
Driver,95.04965999,-3.116,7.186,3.858267717,53.062,4.84,1.961,-5.843,-13.029,130.7967967,1.3761,1.467,-4.573,1770.0,-13.578,108.1760286,1.592922538,-9.654576607,6.125864361,-0.497771889,0.148755166,0.096782,64.89529735,-6.31218581,2.223057141,104.6614043,1.136343,136.5441043,-14.62177384,-3.427726059
Driver,99.41839656,5.9,0.7,-7.244094488,52.348,5.347,14.498,2.148,1.448,144.419515,1.4526,13.557,2.11,1920.0,3.37,444.3327836,77.86576496,20.45849229,5.790687231,0.204600552,1.398798985,0.085349,237.0659047,12.98556083,32.54110486,66.73110752,5.832955,268.9229508,15.34240528,12.78461624
Driver,108.2699535,3.1,-0.5,-3.74015748,48.951,2.186,16.895,1.789,2.362,157.7563529,1.4571,15.399,1.52,2377.63,-0.404,537.0675735,123.5295794,12.80836315,5.229015148,0.138452328,1.449564308,0.071111,271.6525381,6.323945216,42.7628168,66.63926858,7.274163,291.7577929,6.736827472,-2.646460019
Driver,78.51870079,-2.6,2.4,2.440944882,60.804,0.391,13.514,2.448,0.149,107.4579456,1.3686,11.725,2.465,1910.0,3.396,235.3211901,29.77129803,11.7353659,5.813530752,0.252928945,1.187821473,0.114488,135.804666,7.611172885,20.70957792,63.41843325,3.612029,175.6226777,10.37374089,5.317423951
Driver,32.54294918,-4.2,2.6,5.078740157,47.181,-1.698,35.873,8.748,6.059,41.67658375,1.2807,25.041,7.02,4510.0,9.741,48.9394621,11.89499574,6.268768417,5.918564318,0.74593657,2.337983486,0.329953,30.42396857,4.249624112,29.18496995,34.97838419,1.866778,41.78921286,5.999049594,1.607786878
Driver,94.92886543,-1.214,6.171,1.57480315,53.217,5.263,18.023,-5.657,-11.828,122.3499016,1.2889,14.87,-3.595,4520.0,-7.897,356.3466911,83.48527376,-37.20288331,5.835670098,-0.376911447,1.573671132,0.102750329,180.4110948,-23.76910111,42.40994983,56.10601853,5.948595242,194.3686558,-26.34492571,-37.52563416
Driver,68.25340014,-2.744,-9.001,2.401574803,61.477,-10.494,31.84,3.147,12.147,82.91226736,1.2148,23.696,-0.188,7105.7,13.987,186.5391093,53.84318764,9.378388483,5.700858504,0.010817183,2.490151297,0.157817,102.1583797,8.706499764,41.23927243,49.03177491,4.336843,110.4863584,9.922889718,27.1213102
Driver,118.0856299,4.228,1.836,-5.236220472,48.904,5.533,4.615,-2.17,-4.005,164.1343057,1.39,4.43,-0.23,3165.32,-15.631,509.0387099,50.20789922,-40.34721681,5.802147646,-0.035745149,0.465751998,0.073345903,247.2273698,-30.26132273,26.29890647,60.86104839,5.679236414,278.7361688,-38.27436998,-87.82832968
Driver,99.22825698,1.439,5.815,-1.968503937,45.904,7.21,13.852,-0.276,-6.091,145.3326324,1.4646,12.219,0.553,2630.0,-21.382,443.2543056,74.54848808,-34.35509455,5.955298446,0.039445273,1.296164412,0.086844,231.0917001,-32.02220925,32.88743385,62.85750533,5.891759,258.6719748,-40.03418322,-102.6887611
Driver,107.3662312,-4.75,-2.366,7.007874016,44.961,-7.139,13.632,-0.846,1.52,160.2006532,1.4921,12.033,-0.983,2553.65,10.207,501.3631585,103.7682906,24.6898298,237.8785873,19.92444427,2.558391355,6.59412,240.5145364,20.36761202,44.59411036,60.79659261,6.71859,257.1244727,23.15933625,73.42799637
Driver,101.1005727,-1.36,5.884,1.968503937,40.059,4.267,15.112,5.855,-0.03,144.7689245,1.4319,13.108,5.858,2880.0,-0.101,469.9005167,93.13184809,46.78269684,6.278394719,0.640739651,1.484764203,0.0923343,238.30829,24.13351871,38.81994077,61.53094999,6.5538,250.9941964,25.40902648,-0.570027494
Driver,100.4943629,3.9,-4.3,-4.921259843,50.289,-1.178,14.704,-6.032,-1.64,148.7895938,1.4806,13.537,-5.849,1743.76,4.745,460.582643,80.28065057,-38.94973049,5.602814568,-0.568052735,1.351036844,0.080087,246.2535186,-18.49119321,32.30553133,68.63577245,5.870674,279.5605331,-20.12859443,19.88761337
Driver,110.2720115,1.7,6.3,-2.047244094,50.633,7.702,4.662,-12.064,-18.364,139.0725662,1.2612,4.347,-9.828,5930.0,-64.328,186.8729704,9.281217326,-57.6661215,6.150960636,-1.141494982,0.461550371,0.092177,104.1609319,-42.397911,9.45051411,77.38812787,2.111424,155.4656641,-75.70474282,-76.60767752
Driver,94.66938082,3.482,4.978,-5.196850394,49.703,7.936,13.36,-1.504,-6.482,141.0869273,1.4903,11.77,-0.43,2669.04,-5.377,403.1099735,66.54121193,-15.55790281,207.5427114,-13.14213828,-0.416295662,5.4364,206.8996913,-13.06353052,33.72972032,61.62530197,5.41068,231.3422131,-16.09747494,-34.54053187
Driver,99.82999284,-1.3,0.9,1.417322835,56.237,0.002,16.489,-0.833,-1.733,140.0013422,1.4024,14.485,-0.577,4400.0,-3.324,433.3676316,115.5277267,-14.13415811,5.799893896,-0.06804921,1.529611417,0.089005,210.5857134,-9.530011506,48.59803614,60.2314706,6.929938,221.3064584,-10.26568972,-22.23306864
Driver,94.33160344,-0.879,3.539,1.220472441,46.425,2.702,23.236,6.624,3.085,134.1378848,1.422,20.201,6.198,4076.15,4.199,419.2274699,137.091781,54.07110784,6.119047463,0.666794646,2.282453587,0.1013192,205.174401,30.90847735,51.9659731,64.0518126,7.180228589,214.2587105,32.49820924,26.48706362
Driver,91.6607015,-5.1,7.7,5.94488189,57.603,4.455,8.601,7.841,0.141,122.4127595,1.3355,6.791,7.962,2200.0,0.212,264.6802917,21.18092204,36.67422979,6.222052429,0.862008424,0.737293216,0.106065,147.2774508,20.52728807,15.17285399,67.43360607,3.460348,193.9116715,27.07075483,0.384612428
Driver,21.44774517,-1.059,0.935,1.377952756,49.355,0.026,10.141,3.833,2.898,27.51677702,1.2829,6.881,2.978,920.0,10.067,6.572528305,0.412009836,0.345605104,4.561222837,0.244170468,-0.024652486,0.345134,4.380926154,0.234228932,7.405530689,27.00039422,0.331354,16.00780332,0.874393397,0.019914192
Driver,102.0244273,3.1,-1.015,-3.700787402,44.5,2.144,16.715,0.583,1.599,151.1034807,1.481,15.107,0.386,2430.0,4.214,504.2762957,109.6823058,13.11123157,6.315752099,0.046846009,1.726321224,0.089751,258.07426,10.07791276,40.42694089,65.21421837,6.89988,278.7476197,11.46900378,25.02115375
Driver,86.0638869,-2.544,-8.464,3.228346457,46.139,-10.912,12.24,11.536,20.001,113.1753311,1.315,10.102,8.499,4120.0,10.23,294.1490283,42.28793363,55.36545306,5.903284958,0.8859841,1.064227769,0.110152,154.4190559,33.4135967,28.75456238,54.08325363,4.606737,178.3814485,40.15863804,32.29626447
Driver,99.48550465,1.369,1.323,-1.732283465,49.978,2.473,10.484,0.204,-1.119,144.6740784,1.4542,9.233,0.36,1810.0,-7.674,391.2980538,44.77829406,-5.754585886,6.107949824,0.032894057,0.993061043,0.088468,212.9907349,-6.322029091,21.98822876,71.13055323,4.660984,258.2990499,-9.377803161,-22.9786983
Driver,99.28418039,-8.752,-4.89,9.881889764,55.324,-11.004,12.732,6.053,10.943,137.4856836,1.3848,10.081,4.661,4070.0,26.652,395.0614629,64.00233442,83.8167372,6.281271547,0.54312232,1.13844757,0.0963002,199.3644442,58.91635326,33.70460377,56.64080488,5.57858,211.9510991,65.31483673,129.7341209
Driver,100.8925376,0.1,-10.1,0.0,45.462,-10.18,15.932,0.798,10.898,138.0616947,1.3684,13.773,-0.664,3612.75,20.952,421.5400676,89.99828342,41.53291425,5.793724521,-0.053966185,1.436159618,0.089695,212.5307968,36.00724659,40.55834367,58.76739365,6.314434,229.9248152,41.75295104,115.2965542
Driver,96.31129205,-2.235,-7.343,3.385826772,45.172,-9.566,18.687,3.096,10.44,134.5924302,1.3975,16.134,1.731,3830.0,17.391,414.786902,103.9028243,52.74502167,6.069706577,0.205634829,1.776482188,0.0976328,208.1542299,39.29669387,44.42687539,59.82121401,6.570225485,222.9813117,43.90671361,99.3123005
Driver,93.81710809,4.035,1.447,-4.173228346,55.457,4.231,18.092,1.591,0.144,128.2639137,1.3672,16.294,1.572,2290.0,0.561,388.5816839,79.64218024,11.23475264,4.711288811,0.129538324,1.380493912,0.0790594,208.3881709,6.454991507,35.51901936,62.8080467,5.7932,224.5043192,7.006101235,2.215694442
Driver,90.28498568,2.586,-6.879,-3.346456693,47.633,-4.518,19.19,0.103,6.982,126.4696671,1.4008,16.5,-1.097,3670.0,13.417,382.2444555,92.72149621,19.71037652,6.032591636,-0.098108915,1.803531028,0.103483,195.1881469,18.63360669,42.69106071,58.64835076,6.228923,211.270307,21.61796468,67.05005809
Driver,100.3959377,0.825,3.365,-1.102362205,51.714,4.016,16.95,5.193,1.828,143.8430565,1.4328,15.402,5.009,2226.64,-17.264,386.613986,72.75530188,5.04403576,205.7905642,-5.827112376,1.284063865,4.97059,207.4918978,-6.028789676,33.19397288,71.05757274,5.02925,238.2071238,-9.773574624,-72.34408746
Driver,101.6441482,-0.731,-2.063,0.905511811,49.35,-2.691,11.514,-2.424,-0.361,152.334243,1.4987,9.566,-2.365,2948.2,0.218,480.0441572,81.84779671,-24.03442931,225.262618,-15.05068378,1.957296227,6.24216,227.3975891,-15.30263573,40.31031708,57.14274682,6.34219,244.876287,-17.37006338,-17.7817174
Driver,82.88072656,-4.003,-7.904,3.661417323,61.582,-10.074,7.896,5.458,13.363,102.7444971,1.2397,6.243,3.569,2550.0,35.946,136.1304881,8.384899316,14.66665703,6.205959534,0.421309053,0.649596287,0.125856,82.53973618,12.25164613,9.191463893,72.47513503,1.99112,132.1713944,24.18456607,21.43998279
Driver,76.22807802,1.371,-4.542,-1.850393701,46.719,-3.25,13.104,-2.029,2.512,108.3822477,1.4218,10.172,-2.672,3227.24,2.337,262.483787,32.93136747,-10.15516738,5.888088694,-0.271712961,1.05515276,0.114587,143.3144397,-4.826944891,23.57088401,56.97277331,4.083389,174.7231159,-5.477455203,5.566762199
Driver,112.184592,5.3,2.7,-6.062992126,51.062,7.04,17.711,-1.684,-4.384,164.6792233,1.4679,16.47,-1.205,2155.85,-11.783,567.2099396,136.9583861,-43.32227828,5.565232451,-0.125875783,1.654783662,0.072916,287.6814096,-32.77197604,43.66421286,69.34837861,7.509947,307.5343607,-36.57375208,-80.26280273
Driver,93.49498926,-2.043,0.275,2.874015748,43.12,-1.908,19.871,4.757,4.482,138.9589298,1.4863,16.425,4.004,4854.58,11.137,425.098299,124.8359088,60.27221054,6.22475931,0.452645505,1.884214237,0.0971397,206.7334765,38.60950566,50.18582049,61.72770078,7.01845,210.818909,39.66819059,73.00155881
Driver,93.19747674,1.576,3.196,-2.086614173,53.804,4.349,12.123,-3.036,-6.232,134.209243,1.44,10.182,-1.861,3010.21,-10.119,393.3958369,61.36555112,-36.41963691,193.9154918,-25.15430863,6.153789016,5.02182,205.3736617,-27.72928732,30.30166833,61.26324108,5.45749,232.616646,-33.60151428,-63.3187543
Driver,76.7134932,-2.346,-9.567,2.125984252,63.538,-10.736,26.277,6.258,15.825,100.4690855,1.3097,19.848,2.27,7365.28,18.437,248.9711481,67.86823444,31.58897637,5.686949202,0.259585181,2.071969114,0.1261,131.1252306,24.02172162,42.69839825,51.96324825,5.030243646,139.1226808,26.29476891,56.69123871
Driver,89.16651754,-0.783,4.235,1.102362205,44.45,3.437,7.281,-0.047,-4.283,125.96233,1.4127,5.834,0.728,2050.0,-18.952,233.1060375,14.82548106,-4.816650886,5.818064491,0.060336513,0.586369088,0.095996258,133.7872221,-6.315048763,10.99412635,76.96215733,2.850397769,192.2338126,-12.87581991,-24.03749573
Driver,114.4461346,-0.207,-1.178,0.236220472,54.427,-1.327,8.476,-4.195,-3.017,161.8069971,1.4138,7.401,-3.817,1830.0,-12.635,458.2253404,46.75197757,-47.84106067,6.34929695,-0.431363004,0.832030235,0.0817569,242.3728597,-31.6134072,21.60776665,72.86329481,4.95717,285.8431676,-40.24601159,-46.6391061
Driver,71.62446314,-0.702,2.275,0.708661417,61.159,1.889,31.074,3.415,1.139,69.35867037,0.9684,23.51,3.104,5200.0,1.204,136.1522775,35.23252139,7.560690324,5.921663465,0.323339147,2.504874515,0.1957048,78.19653802,4.666842274,35.42355402,45.89582394,3.471453465,91.68023467,5.528000328,1.299947699
Driver,101.9573193,-4.3,-1.1,5.118110236,50.959,-4.702,13.233,-1.429,-0.329,146.5390122,1.4372,11.302,-1.329,3810.0,-0.997,467.7890167,99.65032713,-13.97319921,5.812149109,-0.142358202,1.186183613,0.083949,227.8085523,-7.720631756,43.60841455,58.93813514,6.790386,243.1294532,-8.359654141,-7.313842785
Driver,102.9549928,2.848,6.144,-3.661417323,49.478,8.581,16.464,1.102,-5.041,145.5569971,1.4138,14.541,1.846,2966.2,-13.096,472.9113741,103.3136325,-16.46445071,6.05641014,0.182167058,1.584418997,0.089159,239.1027455,-18.44165075,41.10764695,62.23793702,6.747608,258.937807,-21.8624689,-78.33420484
Driver,84.22288833,-6.723,5.436,6.496062992,60.431,1.601,19.158,4.134,-1.302,116.9058697,1.3881,15.974,4.305,3700.0,-2.234,339.2862085,76.28962375,21.19421134,6.127547354,0.456782291,1.767773397,0.113501,176.3630451,10.15611781,39.7459983,56.51644152,5.702089,193.6503916,10.90731006,-9.268173253
Driver,79.80941303,3.144,0.572,-4.842519685,46.966,3.512,11.162,8.185,7.613,115.4151754,1.4461,10.197,7.246,1530.0,31.143,216.1494578,22.29076735,36.60006186,5.342228966,0.690552371,0.939819939,0.097139982,129.2588931,26.83690044,15.6726322,74.62701204,2.973010362,182.8522945,42.51413795,32.02334948
Driver,106.7980494,0.725,-0.6,-0.866141732,53.837,-0.07,16.821,0.329,0.928,155.500179,1.456,14.895,0.212,2980.0,2.082,529.2876937,127.8109768,8.126647581,6.617407007,0.027213895,1.798717054,0.0914559,261.3617852,5.931667666,45.79760575,65.27090465,7.44676,276.6075678,6.504658772,14.8944424
Driver,104.5566392,1.1,7.7,-1.377952756,52.889,8.662,12.045,1.471,-6.229,150.72432,1.4416,10.695,2.332,2340.0,-19.148,454.1186335,66.19142499,-13.79980641,5.788150279,0.221822275,1.098474566,0.08085,238.4704518,-18.98528327,29.31621411,65.50742459,5.646078,271.5683926,-25.83078376,-85.92625633
Driver,99.77630637,-0.8,-6.0,0.905511811,41.421,-7.464,15.2,-1.581,4.545,144.5300197,1.4486,12.942,-2.182,3370.0,10.269,463.6405584,98.57510383,8.558038918,5.887188546,-0.220438978,1.371072593,0.086713,230.6564499,12.07487077,41.85363866,60.14048072,6.699647,248.4230524,14.39318958,62.50817881
Driver,85.00581603,-8.935,0.121,11.53543307,46.538,-8.448,16.693,12.813,12.692,111.2710272,1.309,12.82,10.793,4790.0,17.455,290.1467,53.03986425,75.76065239,5.141563328,0.982299486,1.182128637,0.098487946,152.1153899,47.51179231,34.09473738,53.03386201,4.88346765,170.2204157,55.15385291,58.83330993
Driver,96.19273443,-0.517,6.261,0.708661417,46.974,5.779,13.286,-0.43,-6.692,139.0475125,1.4455,11.595,0.418,2600.2,-16.09,413.5455484,64.50582827,-22.56372625,6.19019663,0.030074587,1.275666454,0.094184,217.4542801,-21.25036089,30.49568342,62.3865945,5.545261,247.4168177,-27.40232747,-68.48586194
Driver,100.8880637,1.7,1.9,-2.401574803,47.0,3.627,21.071,-0.204,-2.104,141.7826145,1.4054,18.177,0.212,4100.0,-3.698,452.4822686,140.5839412,-9.552743659,5.737299005,0.016759982,1.911394333,0.08857,219.6631127,-7.709250621,51.72023194,64.67580966,7.390833,228.7793482,-8.24139746,-25.564411
Driver,104.6080888,1.257,1.93,-1.417322835,55.087,2.807,11.702,-8.823,-10.753,150.669515,1.4403,10.272,-7.302,3092.95,-33.255,434.7946888,63.46596613,-113.8007398,5.768779319,-0.759828373,1.055355372,0.0804982,223.9106764,-80.02947682,29.98583079,61.89456819,5.52716,250.199797,-96.12754775,-158.4042499
Driver,76.82086614,-0.2,4.4,0.354330709,71.432,3.8,24.311,12.851,8.522,76.92488368,1.0013,19.07,10.942,4240.0,12.08,155.5400133,32.61770802,33.80296182,6.039938835,1.169212823,2.039083827,0.17387,89.60412276,21.9590341,30.77583349,48.59645194,3.489406,108.7640473,27.55274786,15.21071277
Driver,95.60665712,-2.903,-5.372,3.74015748,46.891,-8.093,19.356,5.122,10.494,130.9410791,1.3696,16.022,3.436,4810.0,9.317,392.6020595,106.93615,45.53624771,5.804734791,0.360958447,1.697762292,0.096059,194.0815715,29.36965662,47.51905264,59.00250986,6.566964,204.8367629,31.65983601,53.45644282
Driver,91.34753042,1.0,-1.8,-1.062992126,40.551,-1.384,16.32,5.882,7.84,130.2912491,1.4263,13.531,4.359,4060.0,7.88,390.5964398,87.15815332,46.43677692,5.921716427,0.463824796,1.450315624,0.097243,195.8766398,28.78125008,42.3008712,56.69127896,6.205394,210.5640759,31.76311909,41.91563778
Driver,91.82176092,2.913,6.648,-3.700787402,51.851,8.939,18.018,15.69,9.042,137.2427523,1.4947,16.055,14.444,3130.0,19.039,429.9364065,99.02746741,143.1023323,5.995926707,1.515098795,1.736883267,0.094372,220.016616,87.73410618,41.32151009,61.16543741,6.491089,238.8059101,97.57886402,103.9003507
Driver,86.21599857,2.472,10.5,-3.11023622,54.945,12.236,6.063,-7.232,-17.731,113.7097351,1.3189,5.617,-4.888,2680.0,-72.034,97.66568662,5.114802762,-13.17649754,5.558596078,-0.518364284,0.508632616,0.101564322,61.78848793,-11.30721502,7.022871801,88.12165721,1.273932748,129.4700888,-30.70173641,-18.27033351
Driver,104.9592878,0.463,-0.628,-0.511811024,55.189,-0.306,3.779,-6.93,-6.302,142.1628937,1.3545,2.865,-5.184,2778.89,-2.943,358.6039456,20.07837623,-40.55321664,187.7085577,-25.67408809,-2.72088436,4.2626,178.4291305,-23.79327757,14.96865875,64.78212523,3.9526,219.9192867,-31.99037924,-23.15419916
Driver,93.06773443,-0.717,5.701,0.866141732,54.597,5.192,17.424,2.897,-2.804,131.1363636,1.409,14.525,3.368,3820.0,-5.742,403.9123615,92.80540119,10.30013544,5.748113473,0.331053693,1.508631284,0.094071083,203.2302512,1.614362815,42.69778298,58.45893428,6.35630128,219.0789541,1.103363225,-30.98277226
Driver,102.3107552,3.568,6.979,-4.645669291,50.272,9.949,15.102,1.398,-5.58,148.8605047,1.455,13.454,2.225,2710.0,-22.198,469.0177797,89.30986447,-28.30974553,5.904241609,0.210547782,1.420660054,0.084484,241.4439551,-30.93702137,36.4380556,62.99415655,6.3295,266.2272303,-38.20888051,-120.6306128
Driver,94.90425913,2.181,5.899,-2.834645669,48.345,7.841,12.331,-0.842,-6.741,137.4143253,1.4479,10.839,0.177,2450.0,-23.282,380.2564075,52.07145262,-28.01598686,6.009563737,-0.000971496,1.151411187,0.09221,204.5166694,-26.65002807,26.27929635,64.39206254,4.985867,239.4643953,-36.2065095,-81.82893768
Driver,79.14951682,-0.93,2.615,1.338582677,49.473,1.82,16.916,-3.222,-5.837,108.7969757,1.3746,13.827,-2.163,3513.65,-4.562,274.1053724,49.3029976,-15.03638677,155.7111912,-10.05894978,-4.010254683,4.75716,149.2577152,-9.541164039,30.50242028,59.360206,4.49716,174.1130214,-11.52648977,-11.73758216
Driver,67.38994273,-3.2,2.8,2.874015748,63.871,0.822,20.426,-4.382,-7.214,86.00460809,1.2762,17.261,-3.291,2830.0,-8.928,187.102065,34.91341279,-14.75069583,5.863235683,-0.348579363,1.783617408,0.148577,108.1763167,-10.54907636,28.08734549,53.49655107,3.70019,134.4929158,-14.08488752,-13.05353271
Driver,97.29778096,-5.9,5.5,6.850393701,60.74,2.08,7.396,-2.741,-8.241,137.867976,1.417,5.747,-1.452,2650.0,-25.023,329.5498695,25.83515459,-33.46473857,6.055648937,-0.176169744,0.614661951,0.091447,174.5781345,-27.03254843,16.98657716,65.67488932,3.966964,217.4901764,-39.93710845,-67.96052016
Driver,112.3545991,3.0,-0.2,-3.307086614,47.175,2.027,16.173,0.638,0.891,166.6917949,1.4836,14.184,0.597,3299.89,3.544,566.9611833,150.7379748,17.96597248,5.812116003,0.053702788,1.491465583,0.074566,270.9880455,12.29224671,49.94580268,66.65387748,7.97522,282.8184734,13.13675189,28.41283687
Driver,91.57122405,-2.4,-2.6,2.874015748,45.294,-5.798,15.659,-3.786,-0.991,125.9882785,1.3758,12.61,-3.473,3818.87,11.742,366.4408206,71.48094629,-0.89893289,5.923983772,-0.35837392,1.34436274,0.100172,186.997525,6.163804605,37.80882875,55.77880311,5.721316,205.0051338,8.272252201,52.42289208
Driver,88.92045455,-0.591,-1.639,0.866141732,45.746,-1.063,13.058,-0.566,1.073,127.6601646,1.4357,10.469,-0.775,3292.89,2.054,349.1969872,55.75228629,-3.243094053,187.8283768,-2.552752206,-2.903012001,5.03443,182.8854989,-2.41808705,30.17836622,65.45104124,4.85443,212.57777,-3.216475785,0.166820775
Driver,95.25098425,-1.001,2.8,1.377952756,46.461,1.849,17.481,1.133,-1.668,138.1035254,1.4499,15.274,1.343,3040.0,-3.258,444.20803,100.5705296,2.813585367,5.410769671,0.123954022,1.496321395,0.0841216,225.6029768,-0.816822377,41.68609324,61.30413234,6.62354,243.1182922,-1.272363795,-18.31248428
Driver,98.35361489,-0.006,6.647,0.0,51.053,6.643,13.178,2.579,-4.068,140.8466804,1.432,12.047,2.939,1657.21,-10.292,395.4923935,57.09589768,9.003797819,5.909612565,0.296130926,1.258083747,0.088726,217.3390993,0.616582682,26.0205054,70.34360125,4.981163,259.0676286,-1.313326452,-31.58326055
Driver,100.6800286,0.229,7.077,-0.275590551,52.359,7.253,12.597,4.862,-2.215,138.5544918,1.3762,10.248,5.293,3284.18,-4.094,427.7908145,69.65455146,30.48081178,5.851090553,0.535753367,1.07247823,0.088966,216.1419841,13.01296898,34.38458414,58.40459891,5.913363,239.5233753,13.7019698,-20.83565246
Driver,101.122942,-1.135,2.93,1.496062992,44.644,1.78,19.094,2.487,-0.443,138.5558339,1.3702,16.986,2.536,2900.95,-1.211,451.3362574,111.4973502,16.57898593,6.224834924,0.274016429,1.924970757,0.0975158,229.4344095,7.830572243,43.61332883,62.86527058,6.84116,239.0405759,8.082217242,-6.968968732
Driver,116.9917681,0.158,1.929,-0.196850394,48.88,2.067,12.448,4.636,2.707,164.2920097,1.4043,10.917,4.29,2560.0,12.226,546.724765,94.92374038,71.71469161,6.173907193,0.47300739,1.213524855,0.0792353,274.8357583,46.47784351,36.47986736,64.27045114,6.76386,290.1483455,50.47413541,78.25419691
Driver,101.2459735,0.0,-5.8,-0.196850394,38.205,-6.36,14.371,-0.559,5.403,146.0902827,1.4429,12.219,-1.294,3340.0,11.926,467.8423824,94.46507833,19.21793,5.886494144,-0.131765204,1.292398871,0.08551,232.7880452,18.74652529,40.64420401,59.91972167,6.627275,251.5685709,21.99939744,71.9449184
Driver,22.90846457,-5.2,-3.6,3.267716535,76.677,-5.556,50.691,-6.882,-3.147,20.37200251,0.8893,32.134,-5.48,3695.55,-2.033,13.38196239,4.135038306,-1.221530844,5.912839805,-0.56906452,1.157338897,0.726148,8.39011969,-0.810272003,34.05889875,19.35387989,1.040564,11.38332056,-1.102364732,-0.027215604
Driver,108.2744273,-2.395,0.984,3.031496063,47.58,-1.206,24.235,-3.416,-4.4,138.3864979,1.2781,22.76,-3.142,2056.35,-5.791,461.8308801,137.5960384,-35.71649173,6.484253965,-0.362068705,2.733859614,0.105526,240.4975402,-23.35159017,46.16664959,69.09257357,7.14544,256.8401933,-25.42869469,-30.59075548
Driver,99.83222978,1.859,1.555,-2.519685039,44.196,3.468,16.779,2.124,0.569,148.0104689,1.4826,15.025,2.054,2580.0,1.374,490.8829536,107.3012882,20.36526655,6.26473326,0.225955814,1.703682127,0.0908685,250.4346483,11.67945191,40.72084858,64.1128679,6.85008,270.314916,12.79210345,8.117369219
Driver,101.8879742,5.843,2.727,-7.125984252,44.877,8.626,11.56,0.301,-2.427,147.8981747,1.4516,10.87,0.598,1100.0,-22.466,379.2984279,46.58959621,-13.69229285,6.19015956,0.052026901,1.182277098,0.0879961,214.1861961,-15.15892261,21.3161984,78.92059444,4.38042,251.7608695,-20.91497776,-52.16378028
Driver,92.24454188,1.055,4.312,-1.338582677,49.269,5.221,16.575,5.826,1.514,137.1313529,1.4866,14.405,5.605,2970.0,-1.169,436.2999423,91.81942584,39.20425493,5.937877397,0.578767091,1.537001842,0.092738,223.1208224,19.72235832,39.64399399,60.85506233,6.40768,243.7759982,21.38169585,-6.23636872
Driver,101.5278275,0.1,2.5,0.039370079,50.976,2.396,17.694,3.314,0.814,144.1251342,1.4196,15.265,3.23,3480.0,-0.401,461.0281416,120.9219284,23.92083737,5.799195137,0.326327018,1.606269834,0.08665,225.1752155,11.7989501,47.93578524,61.58567789,7.136484,238.0560642,12.4374711,-2.669098691
Driver,95.84824624,-1.456,-3.638,2.086614173,51.399,-4.801,16.271,1.54,5.178,128.3634574,1.3392,12.868,0.503,4521.42,-0.669,378.5737856,87.29186493,5.98629802,154.7494661,3.488091865,20.88302215,4.71383,178.4474243,4.794851539,49.30645541,62.15241694,5.89296,188.3611349,5.353383859,9.685984448
Driver,97.06290265,3.1,1.5,-4.015748031,44.646,4.515,15.085,-0.68,-2.18,141.9734252,1.4627,13.235,-0.303,2650.0,-9.339,444.7672686,86.60086548,-21.66204117,5.66875168,-0.037948649,1.343901595,0.085013,227.2374534,-17.60997748,37.97371004,60.58342814,6.301338,249.6865654,-20.84682015,-49.23492033
Driver,92.91338583,-1.134,-4.454,1.614173228,45.809,-5.557,21.007,0.227,4.681,128.5488994,1.3835,17.582,-0.553,4470.0,7.488,388.0617938,110.6643972,14.23996142,5.920328752,-0.046248346,1.905138082,0.100663463,192.9908057,12.16386259,48.21273169,59.86902999,6.62168725,203.7502085,13.3538176,42.06674221
Driver,74.10298855,-0.066,0.823,0.078740157,49.45,0.766,17.59,12.508,11.686,100.9750805,1.3626,14.545,10.372,3680.52,31.127,234.9555148,42.81015437,70.85902487,117.7974325,44.24456436,5.666136306,3.71086,128.5843432,49.98780363,30.2178423,52.84344288,4.19081,149.8924319,61.29222368,83.52544835
Driver,110.8983536,-3.468,-4.006,3.818897638,52.917,-6.631,8.693,-5.69,-1.684,159.9264048,1.4421,7.215,-5.482,2370.0,-5.114,488.9602861,55.47198363,-56.05736866,6.290082314,-0.605062996,0.810368344,0.0819785,249.8502754,-31.95592967,25.87172398,65.79296795,5.56539,284.0809164,-37.52148284,-24.41055465
Driver,100.9506979,1.184,6.363,-1.456692913,46.115,7.502,15.871,4.839,-1.524,150.857194,1.4944,14.159,5.025,2580.0,-5.758,500.5056526,104.473922,29.26983346,6.013560655,0.521310404,1.537961261,0.0851724,254.8098467,10.84008645,39.81660206,64.04584787,6.82446,267.5229816,10.87162993,-34.50080702
Driver,99.50563708,0.204,9.186,-0.275590551,48.131,9.37,11.237,-0.254,-9.441,141.5533286,1.4226,9.941,0.887,2410.0,-21.715,394.7091541,50.71456262,-22.37028549,5.848276278,0.073878375,1.02737476,0.086805,210.7065878,-22.88976238,25.29765758,65.22129669,4.992123,247.4032884,-31.81326323,-78.38864655
Driver,100.2751432,3.34,2.101,-4.251968504,45.29,5.413,18.16,-0.704,-2.805,147.6597173,1.4725,15.992,-0.273,3235.7,-10.284,488.1615025,124.1997395,-30.98729987,6.298777872,-0.042711912,1.837813168,0.0921406,242.0961233,-24.23460538,45.97680227,63.59600987,7.23984,249.9517788,-25.58661538,-69.25980451
Driver,68.06102362,-2.5,0.3,2.952755906,54.475,-1.533,18.214,0.879,0.579,87.58052971,1.2868,15.305,0.904,2530.0,0.916,184.4753556,30.35535465,3.275961578,5.905709413,0.094345063,1.581002854,0.145452,106.8408062,2.108302806,25.41651816,53.95407325,3.526323,135.6780278,2.78658458,1.2681846
Driver,57.42439155,-1.0,5.2,1.023622047,74.504,4.509,35.16,12.822,7.565,49.94183966,0.8697,28.127,11.032,3560.0,8.817,75.62945834,21.50976855,14.86595539,6.091577728,1.187625201,2.962715327,0.291423,45.63104301,9.796619724,34.54806132,39.56695839,2.545657,59.10128157,12.92112188,3.262092479
Driver,97.13224767,-0.6,-2.6,1.141732283,49.998,-3.885,18.867,-3.162,-0.406,134.822611,1.388,16.589,-3.1,3051.02,-2.87,427.3887694,105.254431,-28.86163125,5.65479605,-0.30979264,1.697709326,0.090831,216.4446209,-17.01278164,43.89436423,61.25253187,6.6418,233.0730568,-18.63354254,-15.95709568
Driver,94.85728346,-1.545,8.366,1.968503937,55.238,7.294,27.951,-5.732,-14.098,120.9366052,1.2749,23.69,-3.376,5710.0,-19.606,338.220346,123.1245097,-61.11333908,6.196672595,-0.405581188,2.759796345,0.1173192,167.9687217,-43.59434174,52.84656518,61.24555169,6.550810574,173.6250573,-45.635659,-101.8987721
Driver,97.08750895,3.992,-0.2,-4.527559055,52.998,2.815,9.043,-7.023,-6.823,141.7958125,1.4605,8.441,-6.195,1430.0,-40.734,281.9178424,25.03299142,-48.21875359,6.251260949,-0.697848997,0.914422909,0.0920379,164.4384853,-36.70929333,14.55002977,83.75747936,3.21398,221.4000929,-56.38479714,-57.59328917
Driver,99.88144238,0.54,4.507,-0.708661417,46.257,5.024,14.501,0.482,-4.025,143.9097173,1.4408,12.633,1.04,2780.0,-11.369,456.1401728,83.86493876,-15.38452173,5.905838687,0.097138956,1.333874543,0.087145,234.0784865,-15.85501981,36.26121102,61.71001139,6.25927,258.458989,-19.49764425,-60.27382594
Driver,98.40282749,1.36,0.273,-1.653543307,49.749,1.424,11.896,0.741,0.468,145.1304134,1.4749,10.448,0.675,2090.0,-3.645,426.484506,58.46662822,-0.185467968,5.743365927,0.065123438,1.06245154,0.083227,227.373035,-2.001067874,27.11376505,66.73792557,5.319753,264.0369387,-3.100986396,-14.03831631
Driver,92.73219399,1.569,4.231,-1.88976378,52.536,5.434,13.902,1.838,-2.393,137.1512616,1.479,11.804,2.257,2910.0,-12.255,417.434362,70.26095837,-5.996917765,6.007312407,0.224729393,1.264911006,0.092769,215.9958723,-10.69105288,33.54284654,60.191006,5.811587,241.3625237,-14.1533819,-57.5359784
Driver,85.26530064,-7.108,-3.704,8.779527559,47.299,-10.312,13.737,0.214,3.918,118.8242663,1.3936,10.422,-0.429,3980.0,6.865,327.3168949,50.81610912,7.697331239,4.864001642,-0.030484679,0.905024714,0.086249136,169.4483145,7.234546467,31.48509672,54.68216297,5.025935212,191.848403,9.244243321,25.50573856
Driver,97.03158554,2.5,-2.5,-3.700787402,43.98,0.055,23.103,3.109,5.609,140.6628042,1.4496,20.323,2.178,4033.4,9.177,443.1286509,150.5564362,43.99802615,5.643797959,0.233489851,2.118060141,0.089032,214.1526184,29.54534366,53.64246694,66.08565791,7.491017,221.9531839,31.04093528,64.38943989
Driver,115.3811739,1.825,-0.4,-2.283464567,47.115,1.296,15.276,2.165,2.565,168.0623658,1.4566,13.434,1.801,3130.0,2.817,583.4259073,141.8380872,27.91950642,5.721436902,0.182062756,1.38542533,0.0724936,281.6744179,16.629806,47.21020841,66.14044127,7.886183563,296.3881256,17.81397041,23.35353536
Driver,80.41114889,-2.212,0.593,2.992125984,46.099,-1.537,12.675,2.232,1.639,106.5956067,1.3256,9.896,1.918,2960.0,4.035,244.09597,28.273333,10.89995061,5.392281932,0.184212792,0.934947355,0.106418608,135.8505859,7.253618186,21.01355801,58.74706322,3.779092404,170.9408381,9.841845515,8.127704527
Driver,108.180476,-1.4,2.2,2.007874016,46.743,0.242,12.506,1.127,-1.018,162.1411954,1.4988,10.198,1.456,3730.0,-10.324,532.1829588,113.1732932,-23.78129359,6.188985083,0.129068355,1.141207287,0.080482,254.6982297,-20.70637185,44.91846812,60.99118022,7.26059,269.3809109,-23.16369653,-81.44987261
Driver,110.8603257,-6.224,0.38,8.267716535,44.623,-5.965,9.446,1.434,1.054,161.2249463,1.4543,7.966,1.333,2374.51,3.821,505.8753647,63.50413704,19.49257409,6.306706614,0.149882324,0.898182961,0.0816948,257.7092898,12.52763372,28.24142467,65.25054009,5.84799,279.9622292,14.20473492,19.60861131
Driver,95.55073372,2.009,3.798,-2.755905512,48.499,5.576,14.851,6.337,2.539,135.447611,1.4175,11.43,5.642,4689.45,2.024,411.1548296,88.00779484,44.54880386,5.947579396,0.587416586,1.233496019,0.093165901,202.144558,23.73418431,42.69620177,56.72170421,6.309685174,215.8795011,25.5542427,11.65003486
Driver,98.37374732,0.952,0.467,-1.220472441,55.474,1.122,11.557,-6.059,-6.526,137.773801,1.4005,10.369,-5.309,1912.76,-13.583,334.8320488,38.10999267,-46.75730202,165.5823772,-27.35708724,7.095324755,3.42891,190.0639478,-33.07989799,19.43203555,74.05398826,4.12121,236.3658124,-44.23147389,-46.86105693
Driver,95.97575161,-0.658,-2.188,0.826771654,48.03,-2.78,12.247,0.923,3.111,139.1732283,1.4501,10.553,0.504,2410.0,0.813,409.9786063,58.00900621,4.773630425,5.968632956,0.053161437,1.116982457,0.090328,216.7859678,2.985632491,28.29812791,63.4689372,5.361311,249.7077963,3.606845535,3.23632038
Driver,99.77854331,2.006,0.799,-2.322834646,54.742,2.218,11.322,-1.048,-1.847,136.7499553,1.3705,8.167,-0.414,4367.27,15.794,383.4690635,56.45128964,29.98817005,198.0444881,25.41680834,-3.554031178,5.44138,192.3713241,23.92798346,31.44883035,60.11305917,5.21138,215.4700589,29.96364963,75.91968759
Driver,99.44300286,-2.2,-7.0,3.700787402,40.203,-10.373,17.688,-3.576,3.466,139.1685308,1.3995,15.134,-3.914,3582.81,5.367,440.0918615,109.7041884,-16.21696287,6.20041475,-0.430236914,1.701701972,0.095982,218.2368815,-4.448345853,45.67540796,60.51692864,6.824494,232.4253098,-4.204841761,31.36674234
Driver,92.02532212,-3.259,-3.276,4.527559055,42.132,-6.885,16.246,-1.289,1.987,129.3479331,1.4056,13.186,-1.615,3950.0,3.702,392.1072752,82.88298267,-2.933508561,6.200923459,-0.169861089,1.48149801,0.102303,197.5977906,0.763227257,40.52580601,57.08756239,6.10775,212.8206906,1.223355271,18.99554185
Driver,102.317466,3.438,5.476,-4.448818898,51.065,8.258,12.753,2.048,-3.428,148.0384306,1.4469,11.368,2.57,2170.0,-13.154,448.0716375,67.91810964,-1.113836314,5.085102211,0.220801045,1.025761663,0.072383358,237.0466171,-8.258471246,29.77326496,66.08257741,5.650683969,271.0941128,-12.23047336,-56.61859215
Driver,91.30726557,-5.2,1.0,4.527559055,55.768,-3.146,25.586,3.953,2.991,124.1403454,1.3596,19.319,3.239,7750.0,4.207,340.9713585,115.5926449,28.33777701,5.854215272,0.344045056,2.103943449,0.104735,166.7441795,17.05711708,52.93020145,59.40413936,6.473848,169.4993931,17.40362971,22.97418235
Driver,84.28775948,-4.842,0.701,6.377952756,51.558,-3.154,13.848,-3.609,-4.31,116.1146654,1.3776,10.756,-2.872,3660.0,-8.395,312.0788064,46.58156835,-26.19045797,6.114037458,-0.317423168,1.171607328,0.111398912,164.2123601,-17.55968686,29.48524168,55.38592444,4.80658467,189.1161745,-21.58016159,-28.07090706
Driver,92.25572656,-1.552,-6.933,2.401574803,39.95,-8.787,14.112,-5.269,1.665,134.5004921,1.4579,10.896,-5.621,4318.71,3.879,409.8527263,80.05819285,-30.21747294,6.202253654,-0.602320339,1.223294629,0.0975326,202.6824725,-12.77488852,40.37559676,56.66002599,6.13802,217.4745935,-13.27278019,21.29802224
Driver,102.6776127,0.972,0.797,-1.220472441,46.424,1.722,15.342,-1.442,-2.238,148.9150859,1.4503,13.612,-1.162,2590.0,-5.634,488.1502387,97.18535508,-22.38526082,6.21298409,-0.131472684,1.524452482,0.088958,249.4779247,-15.81522833,38.41671352,63.41455063,6.63478,271.2568743,-18.0514943,-32.28871636
Driver,67.45481389,-2.932,-6.917,2.834645669,56.515,-8.859,36.587,4.729,11.646,67.01369005,0.9935,26.775,1.215,6790.65,9.414,130.9177819,39.00168765,6.098935909,6.343155357,0.16099767,3.108026602,0.22398,74.70322558,4.925884787,39.278295,45.17036672,3.57577,82.36961232,5.665744442,10.03261638
Driver,90.93369721,1.644,5.233,-2.125984252,53.415,6.454,27.814,1.895,-3.338,118.7274069,1.3056,23.538,2.511,5080.0,-4.724,341.438759,124.374114,3.603683918,5.77418601,0.244682706,2.550647194,0.11097,168.7504874,-0.674659941,53.27520525,61.58194033,6.61227,175.2547578,-0.85507801,-24.20133822
Driver,120.0384753,4.3,4.9,-5.157480315,51.19,8.426,16.475,-0.89,-5.79,172.7984073,1.4395,14.912,-0.097,2976.07,-13.504,598.3027761,156.0438988,-51.01682559,6.020187948,-0.024272686,1.622865458,0.074726,289.1327777,-39.38538164,48.59812918,68.12048027,8.127191,302.7071244,-42.60889376,-116.7011855
Driver,89.11730494,0.713,1.385,-0.905511811,45.38,2.088,12.909,2.344,0.959,131.1665623,1.4718,11.463,2.227,1890.0,4.413,350.1952915,47.27056472,17.61027056,6.149743254,0.242260059,1.243017246,0.0989455,194.0186078,11.53755968,24.24454371,67.72612109,4.6338,221.4992026,13.75016764,12.0086327
Driver,110.8424302,2.565,-0.035,-2.992125984,49.277,2.175,12.383,-1.12,-1.085,161.8065497,1.4598,11.201,-0.987,1910.0,-4.029,518.4099993,81.59320668,-16.55863625,6.341517526,-0.112395631,1.26844198,0.0826398,270.3405747,-11.38318473,31.68874435,68.71592085,6.14687,302.1068371,-13.50722746,-20.18658402
Driver,100.0156586,2.633,6.197,-3.42519685,46.447,8.703,22.686,4.772,-1.425,143.7045902,1.4368,20.274,4.958,3450.0,-3.825,472.2933632,153.1261803,27.19767453,6.157817789,0.527046515,2.311029409,0.0949537,230.48604,10.98816213,52.0783593,67.21527472,7.64617,235.0208399,11.10245446,-26.85050021
Driver,112.5492126,1.4,-1.4,-1.377952756,48.251,-0.768,15.274,-2.288,-0.774,162.4870258,1.4437,13.491,-2.179,2883.24,12.906,547.06178,123.5169548,19.32605704,5.799211855,-0.2103003,1.407521369,0.076042,268.9867785,21.33362806,44.25652292,64.43519377,7.40121,286.1509689,24.39984993,94.53984466
Driver,79.74901575,-1.96,1.183,3.031496063,44.235,-0.832,20.45,1.675,0.493,108.0988278,1.3555,16.038,1.572,4733.75,13.71,272.9083985,58.18515258,27.11966074,121.1122046,15.53635599,14.08016856,3.62759,148.2809594,21.34138073,34.69392073,56.92570399,4.78044,166.7220395,25.25438891,51.9236673
Driver,115.8844846,-0.782,-2.382,0.94488189,51.924,-2.994,10.686,-2.635,-0.254,162.7532212,1.4044,9.258,-2.603,2310.0,-0.815,524.7544116,75.25840584,-25.36664302,6.256349334,-0.284815528,1.036538349,0.0805686,267.4191526,-13.63669468,31.19515057,65.44788821,6.18716,297.4639266,-15.34047786,-4.480516941
Driver,104.5566392,4.352,1.652,-5.748031496,49.011,5.444,6.15,-5.086,-6.737,143.5688082,1.3731,5.932,-4.253,1220.0,-20.433,271.5620406,17.38273012,-28.31217363,5.925904888,-0.450750422,0.607962117,0.085682,157.2705559,-20.13496956,10.95226348,88.26251532,2.932301,225.8055971,-32.74736341,-25.53663105
Driver,78.41803865,-2.786,3.807,3.976377953,50.662,1.521,13.862,-9.992,-13.799,108.1057623,1.3786,11.806,-8.209,2890.0,-31.393,237.9681995,31.19904393,-52.68016496,6.202464395,-0.921668887,1.278830782,0.1216968,134.9834477,-38.66031478,22.07792273,60.37227324,3.71137092,170.1033928,-54.01392165,-59.39421979
Driver,93.51288475,4.275,-9.51,-5.31496063,52.683,-6.243,16.551,-5.4,4.11,139.0193271,1.4866,14.625,-6.071,2805.63,11.827,440.5061216,91.1562021,-21.69393973,6.169342818,-0.640297924,1.626983697,0.0951015,226.9700873,-3.398164198,38.51945591,61.59155302,6.35848,247.6161148,-2.014166166,61.86820967
Driver,99.58392985,1.584,2.162,-2.204724409,45.799,3.702,16.284,-0.019,-2.181,143.4117752,1.4401,14.484,0.26,2591.65,-7.143,462.8360178,94.81212254,-12.78859695,6.086708248,0.020981342,1.58169857,0.090874,238.4496658,-11.69348824,38.388877,63.09011278,6.479473,261.8336691,-13.97528931,-38.32233752
Driver,99.49221546,1.451,2.791,-2.165354331,49.595,4.027,16.893,2.276,-0.516,147.0463493,1.478,15.019,2.341,2738.48,-1.204,487.305098,108.8330203,16.50012806,6.092356836,0.24773778,1.647577676,0.0889544,247.1156497,7.666786799,41.73590169,63.62987401,6.90478409,267.0210406,8.118216383,-7.285901478
Driver,102.6216893,1.1,8.5,-1.377952756,52.333,9.352,10.171,2.74,-5.76,147.7574714,1.4398,9.062,3.636,1930.0,-18.229,399.814816,45.34797328,4.687207996,5.743772918,0.352657829,0.916800496,0.081365,216.9593407,-5.447687766,22.14176099,70.99283535,4.712635,261.509801,-10.79778065,-57.57426466
Driver,81.39540086,-3.265,-4.687,4.133858268,46.078,-7.836,5.164,2.969,7.656,119.9834467,1.4741,4.165,2.056,1610.0,30.494,132.8949415,5.351590946,8.166909277,6.236899629,0.244101898,0.43274892,0.107671,81.80303372,6.902878773,5.807692731,90.69333524,1.61707,143.4393052,15.24182721,11.92234456
Driver,74.55037581,-3.904,2.02,3.42519685,58.906,-0.339,29.821,3.69,1.67,97.1241947,1.3028,24.378,3.378,5250.0,1.692,252.3661536,82.63235208,16.15801604,6.272060088,0.373379208,2.864634261,0.148716,132.105534,9.564488141,47.32200348,54.58961151,5.40781,140.1704371,10.21166196,5.352702676
Driver,59.12893701,2.712,-0.879,-3.070866142,56.713,0.903,16.091,6.261,7.14,83.19792412,1.407,13.961,5.074,1998.03,12.209,135.0216853,18.66332507,14.65719229,90.05129662,11.39122368,-2.85717459,2.77119,82.46101295,10.20169869,18.92828289,61.54843459,2.50119,120.0147142,15.98631948,8.774120481
Driver,85.7619005,-1.2,-0.8,1.929133858,48.47,-2.538,24.626,-8.913,-7.956,112.0110057,1.3061,21.351,-7.603,3818.88,-14.78,317.063219,93.12238357,-64.5194887,6.110340042,-0.853022851,2.404283988,0.12233,164.4691486,-42.26037882,45.71592788,57.19430889,5.944995,177.4563815,-46.66206572,-62.57652174
Driver,101.9617931,-1.75,-7.462,2.362204724,45.795,-9.165,15.239,8.167,15.629,143.3862742,1.4063,13.089,6.072,4210.46,30.203,423.7449326,88.87099738,113.3614315,6.045972829,0.67571436,1.425072556,0.08994606,211.80324,79.09926677,40.02771615,58.3243481,6.215607522,228.3443615,89.34701428,173.6170198
Driver,100.4362026,3.978,5.331,-5.157480315,50.096,8.665,18.328,-0.54,-5.871,142.3100841,1.4169,16.097,0.421,3410.0,-15.616,456.7515756,114.3314363,-36.76188777,5.988427628,0.026829843,1.745859197,0.090951,228.3526852,-30.93997539,44.9632066,62.05535993,6.935571,243.7531332,-34.74315716,-97.80465138
Driver,64.51771654,-4.6,-1.0,3.818897638,62.662,-3.951,35.778,1.278,2.358,83.73545991,1.2979,29.429,0.908,5280.0,4.186,200.7181813,73.6479202,6.583495943,5.358942386,0.093513713,3.015700678,0.154438,107.218798,4.861793577,48.34428921,52.41617955,4.920541,114.9222236,5.329899249,9.491527102
Driver,99.92394417,2.25,-0.944,-2.322834646,54.827,0.643,11.786,-3.162,-2.218,147.4129832,1.4752,10.655,-2.893,1700.0,-8.449,418.9988134,55.50736597,-31.01058943,6.325568719,-0.325290812,1.191826048,0.0902656,227.7003265,-20.84553953,25.09633361,70.98169095,5.04755,267.777268,-26.19711821,-28.12496039
Driver,102.8341983,3.1,3.9,-4.094488189,47.464,6.647,13.102,-1.116,-5.016,144.5973515,1.4061,11.63,-0.321,2360.0,-12.598,439.9719138,69.02383534,-23.22678438,5.67396305,-0.040938764,1.172619249,0.082892,231.6427503,-19.88598731,30.84153097,64.3435895,5.717503,262.6723013,-25.07776691,-55.77807878
Driver,94.57990336,0.416,-2.184,-0.511811024,48.287,-1.814,16.998,4.473,6.657,135.9392895,1.4373,14.527,3.43,3600.0,8.987,427.209749,97.98368548,45.95404104,5.969430295,0.367587385,1.565959634,0.094231,214.2040273,29.82270192,42.75678134,59.52956511,6.533909,230.8142393,33.193921,51.23541685
Driver,109.1513064,2.619,4.011,-3.188976378,47.67,6.399,13.987,0.286,-3.725,153.2278991,1.4038,12.57,0.765,2270.0,-11.731,491.6771816,86.64998303,-16.96055745,6.415442336,0.074950436,1.445039962,0.0888335,255.2093432,-17.03209255,34.47387571,65.37914873,6.29711,281.970036,-20.91667443,-61.29111813
Driver,88.17555476,-1.713,6.612,2.204724409,53.59,5.347,20.694,8.542,1.93,122.3534807,1.3876,17.192,8.218,4270.0,3.074,363.3022308,96.22903194,56.30931534,5.613371302,0.806324765,1.758638219,0.09995655,183.4987628,31.24544985,45.36261144,57.89247682,6.235565238,196.5091471,33.71040397,15.23506239
Driver,71.44103436,-2.409,-4.037,2.755905512,49.288,-6.112,24.859,-0.526,3.512,92.11345741,1.2894,19.486,-1.287,4950.67,4.506,224.5655961,55.24595031,-0.808073191,5.564426269,-0.117549503,1.969594955,0.133919784,121.8166853,0.924517546,38.59966557,51.12813896,4.61277121,135.7161779,1.345474805,10.98080703
Driver,111.0683608,4.1,-2.5,-5.196850394,48.317,0.922,14.06,-1.853,0.647,165.6867394,1.4918,12.989,-1.942,2510.0,2.879,560.9110835,121.305053,-10.27422881,5.841595342,-0.199202885,1.363301299,0.074946,277.2155677,-2.65657837,43.15831747,64.85158576,7.390004,296.3562522,-2.426820818,20.21622929
Driver,93.36301002,-6.185,-1.868,7.913385827,50.618,-6.972,7.726,10.002,11.87,130.4818361,1.3976,5.139,7.772,4412.29,22.834,325.2947049,31.75224734,83.57831044,136.9227276,40.00238377,8.520260087,3.2298,168.5282852,53.77766969,21.91348491,57.12383717,4.37756,197.2907165,66.45527363,95.05447193
Driver,101.1497853,-1.016,1.446,1.299212598,50.083,0.596,10.785,-0.886,-2.332,150.0603973,1.4835,8.562,-0.439,3376.63,-11.058,475.8747732,72.93275841,-30.96094709,5.942421727,-0.056249832,0.917974141,0.0829286,235.2958997,-23.40476299,34.59593475,58.71261455,6.19335,249.0780103,-26.01936894,-64.83059521
Driver,101.5412491,0.7,-2.7,-0.826771654,51.747,-2.242,16.367,4.434,7.134,146.8647101,1.4464,14.664,3.52,3850.0,13.406,469.6066048,120.0266785,67.93540257,5.384835067,0.351557456,1.429520431,0.078621,229.433386,44.93019426,47.16377765,61.72687306,7.12711,242.269453,48.69619416,93.09500415
Driver,110.1601646,4.7,4.9,-5.669291339,50.609,8.769,19.682,0.5,-4.4,163.5793218,1.4849,18.098,1.218,3720.0,-9.521,544.7722608,181.4404653,-28.48742867,5.674889729,0.091690365,1.880756715,0.075765,256.5693465,-23.38510424,55.11265481,70.78247831,8.323771,263.4912818,-24.43887864,-86.43266519
Driver,106.634753,2.5,7.3,-3.031496063,54.237,9.159,8.696,-1.75,-9.05,155.0279617,1.4538,8.021,-0.572,1870.0,-38.059,367.1172285,35.47756612,-38.09986595,5.686290666,-0.079631234,0.799757173,0.076569,201.3064746,-35.08717005,18.62941694,74.91578523,4.080181,250.4842018,-52.71155886,-99.31955155
Driver,99.76288475,1.503,4.841,-1.929133858,49.525,6.125,18.127,3.312,-1.529,144.8279796,1.4517,15.759,3.541,3420.0,-6.876,474.2938765,121.3357606,9.215768375,5.973156184,0.361500064,1.705908884,0.08898,234.4036801,-0.69051269,46.33329621,62.75468839,7.14843,248.9717278,-1.437643,-45.49965939
Driver,91.80162849,-4.1,5.1,5.433070866,51.385,1.812,11.559,2.878,-2.222,131.2343414,1.4296,9.364,3.182,2890.0,-1.867,375.3820805,51.62385837,17.71909304,6.143053884,0.338981163,1.024771241,0.098446,193.8544264,8.267082282,29.20646906,57.72677847,5.213944,221.363884,9.081284995,-7.488939875
Driver,89.96062992,-3.8,-4.0,3.307086614,54.57,-7.23,15.138,-6.054,-2.023,133.6676807,1.4859,11.769,-5.523,4500.0,-3.991,401.4893279,86.91603686,-48.48269923,5.827846144,-0.582048912,1.243722684,0.092622,197.8347638,-27.01091478,42.94668329,56.27258727,6.264521,211.4075138,-29.26552885,-24.06946494
Driver,88.50214746,1.455,2.507,-1.850393701,53.18,3.596,25.019,7.662,5.155,120.2594846,1.3588,21.208,6.741,4660.0,8.12,351.4330907,114.2308012,56.163098,5.898130633,0.7055735,2.318631903,0.10987,175.7181481,34.23245355,50.29781828,60.11224851,6.494823,184.8057601,36.40700467,41.29485409
Driver,109.7485684,-7.049,3.507,8.779527559,47.8,-2.931,14.323,5.785,2.278,151.8499463,1.3836,11.659,5.49,4040.0,5.989,493.5790235,112.269081,64.96093825,6.239817791,0.604688197,1.32930422,0.0870859,238.318143,37.04556151,45.50032361,60.67373109,7.11187,245.4123365,38.47578068,43.05721073
Driver,107.5272906,2.089,0.16,-2.795275591,45.151,2.239,15.975,3.249,3.09,158.5831246,1.4748,14.067,2.807,3080.0,4.321,540.5585722,128.3329815,39.25311447,5.932511909,0.294465908,1.504837571,0.079943,265.0684578,23.63998018,45.46202183,64.60445048,7.500675,281.2727538,25.60421531,32.04739365
Driver,77.75366858,-3.1,-2.1,3.11023622,61.232,-3.92,25.551,6.09,8.238,96.84591983,1.2456,19.289,4.108,6262.67,12.022,238.6149709,61.91524283,29.58405038,5.652237124,0.426667184,1.992723368,0.129479,126.8161297,20.35883097,41.2464185,51.1916817,4.865059,136.9598326,22.63515969,34.01899805
Driver,102.0467967,4.113,-2.382,-4.763779528,44.835,1.766,17.164,-0.39,1.992,147.7869989,1.4482,15.588,-0.642,2340.0,5.446,487.3610669,105.837994,6.31261159,6.386785938,-0.066011939,1.799961688,0.0930179,251.8884516,7.264052813,39.65654921,65.31166365,6.73415,273.4641101,8.646966306,30.25433242
Driver,102.2100931,2.08,5.89,-2.401574803,52.645,7.478,7.917,-1.579,-7.469,151.3466356,1.4807,7.277,-0.746,1570.0,-37.922,317.0779621,25.51523747,-25.96182054,5.860511365,-0.097467929,0.741591663,0.08063,180.2847766,-24.45810276,14.11685969,84.16013711,3.401997,242.4153541,-41.15309439,-66.39138204
Driver,86.20705082,-1.975,6.329,2.480314961,52.51,4.813,13.268,9.185,2.856,127.259082,1.4762,11.657,8.873,2072.07,6.835,338.2586181,46.59133128,58.03710326,5.784807372,0.897407492,1.188713652,0.096061079,186.8147292,34.95657046,24.68539216,65.63623376,4.615934072,225.168661,43.42497776,18.69596162
Driver,79.7154617,-3.7,-6.5,3.346456693,61.846,-8.725,30.299,1.36,7.86,100.8303508,1.2649,24.72,-0.297,5740.0,9.644,259.4067731,91.09063209,12.71379454,5.533458335,-0.009626445,2.575270395,0.126842,132.7245403,10.73231891,50.37870083,55.03845539,5.632312,139.1737734,11.54819579,34.25373997
Driver,96.83026127,0.161,-4.057,-0.196850394,51.409,-3.928,10.078,-0.746,3.311,122.6458482,1.2666,8.038,-1.437,2620.0,12.115,293.3468406,28.6342744,2.638264196,6.097053641,-0.141234061,0.859239322,0.104027003,160.9119022,5.476762191,18.85446697,64.08494289,3.949679356,202.2052864,9.501300435,28.52403168
Driver,67.2892806,-2.371,-0.179,2.086614173,67.635,-1.155,31.208,3.166,3.345,72.79035433,1.0818,26.399,2.6,3491.4,4.117,156.5926469,45.92076017,8.63982083,5.785452537,0.270631782,2.805250249,0.186028,88.9885837,5.840277228,39.00789873,48.59896498,3.919469,104.1857015,7.054772095,5.418540236
Driver,80.96367215,-1.786,6.079,2.519685039,44.554,4.264,7.385,13.168,7.089,119.441437,1.4752,5.747,11.887,2460.0,11.436,232.3494558,15.14771273,53.16576768,6.152594603,1.277888527,0.61300589,0.107213,131.3183855,32.46811955,11.9613932,70.56065261,3.010707,182.9721735,47.53510489,16.68730159
Driver,108.9007695,6.1,1.7,-7.401574803,50.427,6.824,15.018,-0.68,-2.38,161.5926986,1.4838,14.025,-0.406,2210.0,-10.735,540.6758166,112.3120733,-30.22479138,5.690938807,-0.047818207,1.431469157,0.075122,275.2629961,-24.33265249,39.95151304,66.55952977,7.009804,298.4530576,-28.10042657,-67.16750988
Driver,101.650859,-1.961,-0.548,2.519685039,51.511,-2.109,11.809,-0.818,-0.269,144.3984878,1.4205,9.7,-0.775,3025.89,2.863,436.3178143,67.90190335,2.735986221,225.9793798,4.65783729,-1.879731106,5.66027,222.9308128,4.47349073,31.50690698,66.81698172,5.55027,251.9314541,6.217957071,22.46343547
Driver,91.31397638,0.63,-0.345,-0.708661417,52.869,0.131,7.308,-3.606,-3.26,122.6588225,1.3433,6.438,-3.177,1180.0,-17.5,188.8202182,12.09511548,-14.00167602,6.165965348,-0.351948166,0.675787906,0.10445,114.1207873,-10.30814668,9.655862822,85.58147536,2.32214,176.0170297,-18.12813002,-11.98051191
Driver,77.00429492,-1.257,-1.061,1.023622047,64.785,-1.653,23.144,0.889,1.95,96.56428955,1.254,17.859,0.432,5078.96,-5.414,237.4080348,63.88747475,-7.347712646,123.2455161,-7.647078356,-4.333658478,5.26005,119.2881314,-7.084622507,46.31537912,45.58681418,5.00005,126.9180875,-8.158760219,-23.94670893
Driver,110.3033286,-1.479,1.278,1.811023622,48.243,-0.043,13.404,3.765,2.487,156.2853436,1.4169,11.574,3.449,2880.0,6.098,520.6567159,98.39503579,47.00908517,6.312470724,0.386240975,1.320431517,0.0854582,259.6434403,28.77374457,39.03051894,62.34989306,6.84887,280.072114,31.98807646,39.59302936
Driver,85.54491768,-3.827,3.739,4.763779528,57.095,1.258,32.534,-13.851,-17.591,100.1679939,1.1709,27.126,-10.653,6035.11,-15.697,259.1066035,96.40616741,-65.98415182,6.011625325,-1.14769219,3.105097132,0.1418952,133.3107806,-42.43396543,51.02434601,56.6045685,5.696260702,139.2393586,-44.71383879,-55.02151946
Driver,89.84430923,-1.32,5.07,1.692913386,51.887,4.035,8.325,-5.915,-10.986,126.4121779,1.407,6.94,-4.308,2650.0,-36.281,248.0331681,19.16514971,-37.77684948,5.785849608,-0.463495845,0.696450519,0.095422708,140.2641914,-30.04197151,13.74743798,71.45543481,3.135707742,191.0150065,-48.76129561,-58.99572115
Driver,79.62151038,-3.0,-2.2,2.834645669,53.576,-4.978,23.731,-3.029,-0.788,112.2912938,1.4103,20.221,-2.874,3914.41,-0.445,322.5657195,91.96530057,-16.55499999,6.009843137,-0.308050514,2.231115821,0.119029,166.316863,-9.127432622,45.60666502,57.28441985,5.962438,179.4067584,-9.878785055,-2.368310495
Driver,101.8208661,1.706,3.105,-2.362204724,46.726,4.712,14.548,2.549,-0.557,151.5598157,1.4885,12.802,2.627,2630.0,-7.015,497.8321606,95.14699996,6.145219414,6.074405754,0.272267012,1.392059758,0.085153,253.524128,-2.085483749,37.86677039,63.50985833,6.634176,277.3575434,-3.483736452,-41.10857131
Driver,80.37312097,3.641,3.428,-4.763779528,47.709,6.746,15.165,2.046,-1.382,116.2994363,1.447,13.015,2.311,2500.56,-9.1,289.7650551,45.41006018,4.240448951,170.7905673,1.257288785,-4.60916197,4.46346,161.9090279,1.323631284,26.0494232,68.2126392,4.16346,197.5496935,1.093253247,-15.61795724
Driver,113.2627953,4.1,5.3,-4.566929134,53.181,8.375,14.658,-0.999,-6.241,167.4458661,1.4784,13.535,-0.306,2175.53,-12.8,566.2241257,114.7085361,-35.83364647,5.373544216,-0.036288242,1.302425344,0.068236,287.7592924,-29.2451427,39.5144164,67.70937888,7.100996,311.7771794,-33.8310267,-83.1475563
Driver,87.3210451,-4.2,1.2,3.582677165,57.725,-2.018,25.621,2.161,0.943,120.5361936,1.3804,19.724,1.865,7050.0,1.13,332.1339765,110.5117082,13.06849552,5.725268142,0.195320357,2.098067551,0.105669,163.8486765,7.439966312,51.95764903,58.64797103,6.350964,168.0793178,7.658597569,6.327386103
Driver,99.96420902,2.806,1.13,-3.503937008,51.245,3.385,10.765,0.397,-0.733,147.5516732,1.476,9.59,0.507,1730.0,-7.077,408.3235933,48.86572937,-4.416888724,6.040950602,0.048616241,1.021231928,0.085859,221.7054631,-5.47106598,23.00371296,71.62002811,4.820127,266.5576756,-8.142828875,-22.29618102
Driver,86.88484252,-1.7,5.1,1.732283465,62.301,4.245,20.233,2.531,-2.569,98.03350931,1.1283,16.927,3.034,5490.0,-5.282,243.525067,55.53773206,6.55938259,5.485553112,0.274642722,1.681618995,0.122153,129.7403372,1.77446408,38.1626284,51.01238137,4.740368,143.0653536,1.564265396,-15.28304474
Driver,84.46224052,-4.271,2.562,5.393700787,54.169,-0.529,18.411,1.843,-0.719,114.065408,1.3505,15.787,1.931,2973.66,-1.147,322.5340055,64.84091256,9.193898254,5.814700175,0.194685138,1.644390946,0.1100232,172.8389419,4.502508726,35.02436834,57.53890224,5.293654493,195.5405797,4.93940356,-3.966120622
Driver,101.8656049,3.751,6.447,-4.842519685,50.402,9.556,14.894,-0.448,-6.895,150.5028633,1.4775,13.356,0.54,2710.0,-30.93,455.7191543,82.5886505,-53.98269307,5.936443442,0.030423745,1.414641473,0.083972,236.9902574,-50.13998903,34.24341209,63.60985504,6.02096,263.8164847,-62.14935763,-156.9622457
Driver,97.96215104,3.53,5.283,-4.133858268,54.464,7.808,10.182,1.36,-3.923,141.1453114,1.4408,8.413,2.417,2879.0,-20.649,398.5584189,47.59469437,-14.67420055,4.756184661,0.18969131,0.709341438,0.0702976,207.4304563,-18.73988861,25.45694843,61.90761977,5.06016,238.253787,-25.97336261,-82.30566639
Driver,96.64012169,0.2,-2.4,-0.157480315,51.5,-2.794,19.017,3.271,5.817,133.6842341,1.3833,17.0,2.693,2810.0,13.536,417.9921488,99.21311632,45.23145225,5.769416413,0.275191745,1.772497857,0.093651,215.2430972,32.79295113,41.76466086,61.4523077,6.435041,234.0590646,37.32508582,68.28517039
Driver,82.02397996,0.067,5.092,-0.078740157,51.714,5.145,24.296,7.843,2.751,112.3250716,1.3694,20.304,7.345,4480.0,3.964,319.203154,93.79145435,45.79910307,5.816825491,0.749943156,2.173977081,0.1152712,163.6287486,26.50482988,46.65200341,57.20061068,5.980832727,175.0133641,28.59913768,16.93413264
Driver,98.16571224,3.548,7.184,-4.803149606,48.266,10.355,14.244,0.482,-6.702,143.4023801,1.4608,12.7,1.483,2600.0,-27.589,422.3751959,70.45178054,-33.53775634,5.801841824,0.128198565,1.310587881,0.085877,222.8053156,-34.75233704,31.52379089,63.37771266,5.628841,251.9754411,-44.95235038,-121.3092001
Driver,93.36301002,1.7,10.7,-1.614173228,56.806,11.913,17.377,4.89,-5.81,136.8441303,1.4657,15.086,5.821,4390.0,-15.913,416.0695564,107.1122832,-0.650537709,5.704184482,0.554948367,1.563717031,0.089776,205.344509,-11.58680973,46.44515195,59.31527425,6.67175,217.4469766,-13.66477791,-96.96034305
Driver,92.88430565,-5.2,1.8,4.37007874,55.803,-2.314,18.392,1.2,-0.548,129.3206424,1.3923,15.022,1.394,4327.06,1.757,390.3145677,97.6816793,12.54831412,5.258370159,0.119616265,1.433215428,0.087468,194.3621975,7.562278147,45.38119147,57.98130779,6.411374,207.1746992,8.214244875,8.505828186
Driver,102.7245884,-2.798,-2.186,3.622047244,47.383,-4.764,11.164,0.597,2.783,152.6565855,1.4861,9.607,0.28,2407.51,-11.064,468.1844035,70.34093681,-36.06717365,225.6416629,-27.95793062,0.693159751,5.76213,226.5851047,-28.18392598,35.35752898,60.59037845,5.80144,249.4557076,-33.60748093,-87.84686821
Driver,113.1084467,-6.054,1.348,7.716535433,45.785,-4.575,15.076,1.021,-0.327,152.6355583,1.3495,12.873,1.057,3340.62,-0.871,508.8679496,113.2172939,6.558795773,6.198977289,0.113290547,1.449994722,0.086431,249.5135814,2.578724219,43.83445756,61.97850962,7.14939,258.6108527,2.612813086,-6.072800099
Driver,92.4682355,-0.176,-5.096,0.236220472,44.692,-5.274,12.502,-7.417,-2.321,127.5586077,1.3795,9.134,-6.788,4337.03,-6.68,367.6559168,58.06256869,-55.45671315,5.564802846,-0.664806411,0.91698424,0.0916047,184.8623376,-31.79845528,33.84443827,54.52070564,5.43093,203.1559561,-35.84690534,-30.15373173
Driver,100.5927881,2.273,5.924,-2.519685039,60.574,7.207,11.586,7.263,1.339,147.5982015,1.4673,10.721,7.136,1280.26,-9.958,383.8562653,50.36977063,32.52371785,212.7840972,13.01073548,-0.942043744,4.48608,210.3429663,12.98779753,23.6619821,79.14269747,4.41696,257.9802048,13.42664391,-39.57837536
Driver,99.14549034,2.653,3.764,-3.622047244,45.487,6.375,13.463,0.636,-3.128,146.3162133,1.4758,11.85,1.116,2440.0,-15.24,371.0593827,41.82441426,1.781694329,5.617386811,0.10574854,1.158104798,0.080544,231.0291161,-1.929414497,15.04022613,111.3416983,3.844626,350.7762217,-6.318556383,-19.28568953
Driver,81.4535612,-0.181,9.021,0.236220472,57.442,8.906,6.2,-1.516,-10.537,116.1712598,1.4262,5.425,-0.216,1740.0,-43.68,132.9643019,6.90735504,-5.449831832,5.798794889,-0.048684174,0.524066579,0.103599893,82.05147867,-6.136125341,7.261230836,86.91469089,1.688644162,150.5885473,-16.46248999,-17.4828656
Driver,28.82292412,-1.3,-3.1,1.299212598,67.402,-3.793,33.264,-6.062,-2.962,31.56540802,1.0952,28.365,-5.34,3220.0,-3.378,29.91949792,8.151823894,-2.859181875,2.414328736,-0.235798895,1.162639135,0.180101,18.74512601,-1.893951208,31.21970485,28.39119842,1.49588,27.48675898,-2.803983654,-0.450390704
Driver,93.63815319,-1.0,-3.2,1.614173228,44.05,-4.872,13.132,-0.47,2.756,139.1079098,1.4856,10.97,-0.847,3040.0,-4.114,429.543773,73.12368556,-15.09004206,5.716302791,-0.093663912,1.121038145,0.086758,217.6829727,-10.37769003,35.42305001,58.93043816,5.982531,240.2424327,-12.13312769,-21.48701417
Driver,31.57211883,-2.9,-0.9,2.598425197,63.225,-2.573,53.966,-2.53,-1.63,29.28999642,0.9277,42.552,-1.981,3300.0,-0.827,30.91630973,13.55974036,-0.98412217,4.038400637,-0.141314827,3.018933186,0.395207,18.05728996,-0.647625189,46.12201539,26.85776974,1.891113,22.67016788,-0.81576251,-0.070301398
Driver,106.1180208,-1.233,1.954,1.338582677,55.042,1.092,15.641,0.476,-1.478,154.6866052,1.4577,13.357,0.685,3522.73,-4.889,516.5636258,123.5412002,-9.640809048,6.386062165,0.069963982,1.557403947,0.0881011,251.1155257,-9.025518719,46.18075889,62.91944808,7.37639,258.5481094,-9.564217801,-36.07522644
Driver,65.68987115,-2.77,-3.14,2.519685039,61.516,-4.645,36.952,5.491,8.631,83.44331603,1.2703,30.372,3.691,5580.0,8.493,198.7662528,75.46460116,19.21838264,5.042483112,0.340565965,2.949162489,0.147116,105.7594278,13.21590968,49.2620624,52.58079845,4.946868,112.5359717,14.26784356,19.3006243
Driver,63.97637795,-3.6,1.8,3.149606299,68.019,-0.082,31.341,-0.373,-2.269,78.81956872,1.232,25.2,0.211,4810.0,-0.971,177.777433,52.63632001,0.022722841,5.802402932,0.019288011,2.699494612,0.170847,98.71675536,-0.196571918,41.1303551,49.358649,4.265653,110.5805464,-0.265442876,-1.680323341
Driver,87.85790981,-4.4,-0.8,3.582677165,58.388,-4.081,26.585,0.677,1.573,119.8843504,1.3645,20.439,0.336,7315.11,1.336,328.2729472,112.5833104,4.692700865,4.021924384,0.024101872,1.522050946,0.074482,161.697737,3.165095708,52.63455884,58.97275874,6.364592,165.1768619,3.258305417,6.650950015
Driver,92.85298855,-4.0,-1.2,3.937007874,55.126,-4.803,20.053,-0.443,0.892,132.7142985,1.4293,15.597,-0.537,5870.0,1.976,386.9539797,112.8408527,1.336112406,5.953810994,-0.060965975,1.704985562,0.097229,186.9772109,1.986509755,50.79594456,57.95890379,6.746475,193.6807093,2.147341026,11.21617961
Driver,103.2972441,1.831,-0.2,-2.322834646,49.319,1.375,8.902,-1.411,-1.212,150.4974946,1.4569,7.946,-1.246,1450.0,-8.565,381.2011208,36.57190806,-15.78055056,5.936023509,-0.13419861,0.827477551,0.082279,210.0877221,-11.68479775,18.19814231,77.62011239,4.221553,264.4437095,-16.62987948,-21.36219064
Driver,112.0906407,-2.791,-2.344,3.267716535,52.027,-4.525,10.449,-5.819,-3.475,156.3652022,1.395,8.793,-5.375,2660.0,-9.594,495.5361334,69.27670124,-66.72792487,6.440660012,-0.612499167,1.014889377,0.0862934,250.8168656,-40.70819884,30.97564531,62.6982325,6.03956,278.3128461,-47.12081385,-52.03717475
Driver,27.46734073,-4.1,-2.5,3.937007874,70.23,-4.054,47.938,-0.782,1.718,27.06983715,0.9855,33.629,-1.383,3820.0,1.24,24.24293146,7.993084026,-0.549916799,5.89009356,-0.14260469,2.518498538,0.555601,14.92957064,-0.349424227,36.5835468,24.72699755,1.466809,19.88695575,-0.460364295,0.032737195
Driver,101.1005727,0.9,0.3,-1.181102362,48.749,1.221,16.09,3.204,2.904,147.0423228,1.4544,14.045,2.892,3040.0,2.613,485.5930899,106.8135448,30.5929333,5.673903815,0.288508638,1.43343288,0.082427,243.4270265,17.74110415,42.19356494,62.38574971,6.910093,262.100343,19.45457652,16.40828069
Driver,98.83903006,7.445,6.447,-9.251968504,47.074,13.429,14.239,1.211,-5.236,148.3636811,1.5011,12.938,2.239,2417.64,-36.306,419.8337665,67.81031173,-35.51496432,6.336076151,0.216867664,1.457417449,0.0907022,224.8892575,-40.35078466,29.71487226,66.27908074,5.37651,246.1586318,-49.42141217,-146.8900963
Driver,105.0867931,-0.5,5.5,0.826771654,51.992,5.021,17.509,0.877,-4.623,146.6915712,1.3959,15.131,1.596,3580.0,-6.585,480.8706749,122.4289706,-6.218892973,5.886387678,0.156932056,1.613226497,0.086293,236.3024696,-8.442661998,46.79571956,62.76223177,7.212381,250.0660913,-9.581908757,-45.04993911
Driver,59.91186471,7.198,-3.46,-6.496062992,62.317,0.34,5.743,-3.471,-0.011,62.96886185,1.051,5.983,-3.469,150.0,-36.431,24.87489714,1.338418236,-1.590249687,5.717510176,-0.35957257,0.402966689,0.188076,16.49865807,-1.115704814,6.374688347,60.24238461,0.550762716,62.3843253,-4.555985469,-0.352910669
Driver,84.53158554,-4.267,5.543,4.291338583,61.647,3.236,22.364,-1.185,-6.729,99.54209914,1.1776,17.328,0.194,5134.72,-10.841,251.2914052,57.8198536,-11.04197803,6.029171844,0.000703783,1.892134573,0.132654,134.228943,-9.94170476,38.13962896,51.98934715,4.822355,148.454401,-11.86034545,-31.18466873
Driver,98.69362921,-1.9,6.7,2.362204724,55.275,5.304,6.937,-2.845,-9.545,135.6880816,1.3748,5.946,-1.77,1960.0,-9.649,292.1995779,20.34208519,-14.93006143,5.895726729,-0.188803621,0.611336184,0.090307,163.3352139,-10.84914466,13.14066265,76.07498251,3.403697,219.6955117,-16.74982738,-17.43032172
Driver,100.0469757,1.334,5.131,-1.771653543,49.359,6.277,12.756,1.064,-4.067,143.5540444,1.4349,10.64,1.836,3202.38,-12.537,448.9014092,75.60447695,-13.31564546,5.933635181,0.178062716,1.129163644,0.08718,226.5904581,-15.40244409,35.35865481,59.43585313,6.115735,249.5186591,-19.17900314,-67.91226939
Driver,97.86372584,0.192,0.607,-0.236220472,50.763,0.764,20.741,6.543,5.935,138.3623389,1.4138,16.233,5.155,6446.75,16.6,384.2636919,107.4961877,81.57824626,195.6748845,65.2037639,0.293166041,6.31918,195.9343038,65.36065897,43.38251222,57.75982342,6.33233,206.1659112,71.45727011,145.4997549
Driver,103.5589656,2.1,6.5,-2.834645669,46.868,8.6,14.071,4.236,-2.264,144.795544,1.3982,12.331,4.651,2550.0,-6.213,454.6734667,83.07383373,23.44070651,5.865210838,0.470127664,1.293341778,0.085937,232.3856113,7.98851882,36.55121472,61.02950298,6.244909,255.9431682,7.752990976,-32.60970764
Driver,84.47118826,-2.61,0.963,4.05511811,43.586,-1.782,16.411,8.01,7.047,115.7880727,1.3708,11.657,6.177,5830.08,20.644,288.0467893,54.26027226,64.34336004,150.1766627,45.84624677,-0.489269868,4.88363,149.443483,45.50791581,34.40798014,52.6948878,4.84863,164.5309752,52.62109217,89.78171865
Driver,83.05073372,-6.327,2.83,6.023622047,58.452,-1.074,21.101,2.537,-0.293,114.302747,1.3763,17.717,2.576,3840.0,-0.471,330.0486587,82.0235329,13.60404809,6.087379827,0.272884864,1.959579171,0.116509,171.1802127,7.047561519,41.97817347,56.58236502,5.776446,186.6934541,7.642012854,-1.939956997
Driver,115.5623658,2.389,-4.452,-3.11023622,48.652,-2.349,16.719,-1.824,2.628,166.8320508,1.4436,14.701,-2.211,3400.0,5.33,573.6323479,155.9317373,-1.0485023,5.586820728,-0.211060833,1.486334711,0.071734711,274.1409036,4.703786871,50.2107368,67.38968978,8.080684611,285.816827,5.359355243,45.82496705
Driver,79.05780243,-5.25,-4.012,4.566929134,66.893,-6.259,21.899,-5.502,-1.49,72.39732462,0.9158,15.904,-5.149,4310.0,-1.96,127.5388337,21.39484345,-11.82583732,5.284067692,-0.477004183,1.458405971,0.1582776,75.1481424,-7.311950573,24.67642326,48.00087482,2.878128797,97.5762842,-9.648264718,-1.710581068
Driver,67.08795634,-0.1,6.7,0.31496063,42.83,6.46,8.092,3.116,-3.578,100.1550197,1.4929,7.029,3.579,1151.21,-8.281,121.6261155,8.10226608,6.808876824,5.743238361,0.35356218,0.66944681,0.119351,76.17999374,3.836503683,9.125512351,77.85528834,1.79155,137.0343697,6.148711173,-2.761377305
Driver,88.19121331,-3.7,5.1,4.527559055,54.062,2.343,2.703,-3.91,-9.01,123.8813082,1.4047,1.891,-2.864,1710.0,-9.28,112.0040673,2.131183829,-6.416179783,5.972604927,-0.305007366,0.187697489,0.099703,67.61374048,-4.297968811,2.953078539,96.56603539,1.267762,134.7575379,-9.527185139,-2.763252283
Driver,101.1117573,-1.803,1.534,2.362204724,50.668,0.056,11.138,-2.111,-3.646,143.4943182,1.4192,9.114,-1.529,2997.86,-0.43,421.7997373,58.97794731,-12.07190427,218.374717,-6.719364487,1.128524964,5.09759,220.5047954,-6.791100643,27.93580368,70.13512579,5.16767,255.6413435,-7.986864965,-2.72328769
Driver,98.93298139,1.596,2.484,-2.165354331,47.039,3.971,14.693,-0.466,-2.95,144.3483805,1.459,12.857,-0.038,2700.0,-11.167,458.3337739,84.76885267,-23.1102852,5.759394048,-0.013015192,1.323479201,0.084764,235.6391116,-19.72309885,36.11128125,62.13798724,6.259924,260.6548724,-23.79596655,-58.70208344
Driver,80.78471725,2.079,1.052,-2.519685039,51.165,2.727,17.749,-4.138,-5.19,117.3367037,1.4525,15.16,-3.237,3180.0,-14.85,331.8953827,65.58333482,-38.56599865,6.011792912,-0.357271345,1.632192294,0.110305,176.2014194,-28.06745092,34.96967475,57.31122274,5.339904,198.5676308,-33.71991456,-54.60082106
Driver,101.0357015,-2.483,-7.871,2.913385827,49.09,-10.024,17.26,2.793,10.664,143.1207498,1.4165,14.117,0.997,5096.77,18.822,431.8326414,113.288193,61.54713832,6.332263391,0.140654781,1.642137289,0.0948534,210.2141328,44.96668798,47.51087039,59.87898827,6.83067,219.5527407,48.25693596,124.1604194
Driver,96.71170365,-1.355,-2.202,1.771653543,50.718,-3.31,18.418,-5.77,-3.569,135.5086793,1.4012,15.486,-5.21,4010.0,-4.107,424.3737068,109.1143389,-47.68352323,5.856011234,-0.536818448,1.647005996,0.0932296,210.1783545,-27.27376353,46.31383651,60.16155354,6.755452479,223.3724217,-29.35504031,-24.71075255
Driver,87.09511453,-0.61,1.029,0.708661417,48.025,0.481,17.898,7.898,6.868,123.3715104,1.4165,15.803,7.072,2743.94,13.132,363.2396287,73.70156301,62.52547811,6.393764064,0.802334371,1.815718892,0.111814,193.405572,40.8293681,35.58837492,59.86054369,5.6319,215.3691346,47.22204437,51.73190556
Driver,104.6483536,0.596,0.955,-0.708661417,51.993,1.421,13.471,0.949,-0.006,153.6294291,1.468,11.735,0.95,2647.67,3.994,479.0761652,87.31164513,16.28533104,233.5427106,9.672599605,1.688594254,6.24296,235.5680423,9.78681479,40.08499122,60.24121982,6.33268,255.3493277,10.84859632,17.64946375
Driver,87.50671081,-1.541,-1.587,2.204724409,50.273,-2.867,26.833,5.69,7.276,108.9542323,1.2451,20.922,3.996,6600.35,30.932,273.6311885,74.93558543,60.99739786,143.2477879,47.87976597,4.477031534,4.84121,148.9264121,50.98973552,38.65350661,58.11015111,5.10097,162.0331229,58.07294044,123.3444488
Driver,101.6284896,4.72,7.681,-4.960629921,64.104,9.979,9.777,0.519,-7.163,142.3447566,1.4006,8.74,2.016,2552.56,-7.418,401.7679209,52.37685965,0.67538744,212.5996871,-3.211673942,-2.075741946,5.01796,208.4100484,-2.971571653,26.8627884,69.05344869,4.87796,244.2930043,-4.996933302,-30.90166864
Driver,100.5950251,1.5,1.5,-1.968503937,47.95,2.965,18.244,3.555,2.055,142.0282301,1.4119,15.788,3.33,3490.0,2.006,462.28564,118.0876716,31.36722409,5.769150736,0.337201271,1.65050006,0.087623,229.1570712,17.60458133,46.24262315,62.31794036,7.060921,243.4743044,18.90267372,12.9096145
Driver,110.638869,3.7,2.9,-4.133858268,52.08,5.74,13.092,-1.88,-4.78,159.9673407,1.4459,12.052,-1.158,2450.0,-13.306,525.6158223,96.12576186,-44.03704235,5.609589142,-0.14027577,1.207798655,0.074185,266.867266,-33.13809879,37.07786312,64.58275473,6.691275,292.0514264,-38.72128516,-83.33942622
Driver,111.0303329,-3.211,2.404,4.173228346,45.026,-0.809,16.648,4.422,2.018,150.2476288,1.3532,14.108,4.151,3810.0,5.664,492.5286801,125.118802,52.25520734,6.229073837,0.458259993,1.606249214,0.0887606,239.0782279,30.87120026,47.52336894,62.67611863,7.31649,245.4636253,31.95652177,40.8880762
Driver,112.6163207,1.9,0.1,-2.519685039,47.877,1.774,11.231,-0.131,-0.231,167.870884,1.4906,10.24,0.096,2620.0,-1.841,568.1661671,100.096703,-6.385264493,5.862627343,-0.01267934,1.074011007,0.073444,281.405163,-4.790797476,38.25478654,63.92268769,7.007757,305.0239422,-5.534331505,-15.78666322
Driver,90.55341804,-3.7,0.1,3.464566929,57.984,-2.343,18.403,1.834,1.734,125.3236847,1.384,15.245,1.669,5740.0,3.697,358.5503045,95.94457954,17.74120198,4.337091772,0.120675496,1.203239737,0.074468,177.7770159,11.26234832,47.14312789,56.69950927,6.230024,186.8195932,12.054094,18.2704194
Driver,60.25187903,-6.973,-9.493,8.661417323,46.455,-16.168,16.447,3.916,13.409,80.16777022,1.3305,13.853,2.342,2392.71,29.187,131.1588287,17.92127241,11.05041334,6.119771447,0.285318475,1.438825543,0.163301,79.85069278,9.876466013,19.07012709,56.47033218,2.57878,104.6339957,15.02859063,19.89070519
Driver,79.03543307,-1.861,0.052,1.692913386,62.69,-0.909,23.459,-3.742,-3.794,96.30547602,1.2185,19.436,-3.081,3890.0,-6.452,246.3822102,59.61648577,-19.13590975,5.980798398,-0.332235888,2.10654631,0.137492,133.7523397,-12.90422121,38.17825536,53.15986376,4.826803,150.4359921,-15.06990977,-17.19067822
Driver,38.98085183,-1.9,-10.9,1.692913386,67.884,-11.803,65.256,-3.859,7.041,21.35289907,0.5478,52.336,-6.647,2733.78,2.58,17.28457572,9.685210566,-1.639921179,1.505088478,-0.174246231,1.681504802,0.239831,9.420892741,-1.071916911,54.47164365,20.66090266,1.569627,11.41363205,-1.297314255,0.056080761
Driver,115.3319613,-0.383,5.15,0.472440945,47.207,4.795,10.485,7.028,1.878,161.1502326,1.3973,9.125,6.789,2210.0,9.698,504.3234037,68.17291175,77.76768543,6.169084865,0.736649127,1.003899479,0.0801679,260.0277158,46.71187348,29.00263611,66.60265247,5.88236,282.9932769,52.30699813,48.43696074
Driver,92.35191482,-5.132,6.264,6.535433071,53.032,2.387,19.021,-2.464,-8.728,122.5225931,1.3267,15.598,-1.142,4436.94,-12.821,356.4112706,85.707922,-31.89946688,5.795938298,-0.133137596,1.640216335,0.102249154,181.1204874,-23.97404303,42.8197874,56.58599165,5.990600948,194.8619386,-26.97204532,-61.17375187
Driver,111.4978525,-1.731,-1.126,2.795275591,37.323,-3.397,11.911,2.463,3.589,164.9881442,1.4797,10.36,2.044,2630.0,1.953,555.945469,96.05238989,24.87075844,6.179888754,0.222045481,1.145185027,0.078845132,277.0852069,14.20289178,37.215384,63.98012063,6.867835695,301.9622829,15.85291279,12.97217571
Driver,67.14164281,-7.937,-7.145,9.960629921,52.291,-13.333,19.492,1.905,9.05,88.69139227,1.3209,15.811,0.602,3420.0,17.725,192.5437532,33.89877621,11.51589911,6.109898359,0.090694077,1.703132032,0.149111,109.754756,10.73024976,27.56668486,52.68509591,3.71379,125.8365311,13.61479111,28.74606803
Driver,87.52684324,4.1,3.9,-5.511811024,50.992,7.201,24.007,-7.488,-11.388,118.0102452,1.3483,20.766,-5.269,4390.0,-17.336,332.8804707,103.5622753,-62.64271603,5.695344221,-0.54993428,2.184694539,0.10777,167.915893,-42.6637351,48.7861906,57.92439539,6.228004,178.0788552,-46.2668559,-82.7083916
Driver,92.22664639,-4.054,-7.258,5.984251969,41.062,-11.924,14.995,-4.03,3.228,127.436471,1.3818,11.533,-4.639,4443.01,12.386,345.1740085,64.01629268,-14.20352239,186.3433321,-7.363987555,-2.461937574,5.2836,182.5174316,-7.21806979,32.91025763,62.39364722,5.1336,205.6236247,-8.213866541,22.66668607
Driver,71.72288833,-4.243,1.169,3.779527559,61.738,-1.117,23.005,0.01,-1.159,85.82386364,1.1966,18.453,0.221,3880.0,-1.51,195.0582619,41.65278717,-0.205739418,5.187166345,0.018070835,1.713786355,0.1327304,109.3081311,-0.480727717,32.817416,50.69727461,4.024477719,128.959299,-0.70359656,-2.707019694
Driver,65.70329277,-1.703,0.095,1.692913386,60.13,-0.884,33.231,0.866,0.771,84.01619542,1.2787,26.989,0.701,5200.0,0.899,200.4652949,66.82664337,3.054907399,5.719687826,0.071965923,2.902595726,0.160583,108.3068925,1.983607888,45.6175349,51.48413698,4.763045,117.4891664,2.184581199,1.975818338
Driver,107.2431997,0.83,-3.601,-1.102362205,47.138,-2.831,11.008,-2.619,0.982,158.7643164,1.4804,9.707,-2.747,2060.0,-2.569,493.9441731,68.37978947,-28.08726476,5.938074886,-0.286347726,1.023366893,0.078473463,257.34227,-16.36513565,28.94934621,67.6873418,5.809553259,293.4840601,-19.2465886,-12.11385734
Driver,97.2754116,1.268,1.06,-1.614173228,50.863,2.092,15.378,2.104,1.044,144.0857641,1.4812,13.378,1.95,2870.0,-1.818,467.0544622,93.80129907,11.44389699,5.889543645,0.198754688,1.41304794,0.087086,237.0824735,4.625377444,39.02616257,61.6888575,6.545239,258.9417606,4.767335989,-10.32916224
Driver,63.39701145,-3.1,-6.3,3.188976378,58.21,-8.254,19.764,-1.61,4.69,82.94268969,1.3083,16.465,-2.293,3810.0,8.485,173.9955512,32.07682315,-2.811101077,5.703690504,-0.219357787,1.657793602,0.149585,99.27084238,0.089785686,28.62312336,50.2131714,3.58739,121.5180053,0.939408567,12.18453162
Driver,86.62983178,0.616,1.713,-0.708661417,50.708,2.216,19.681,9.162,7.449,120.920723,1.3958,17.336,8.18,3030.0,13.667,358.6425431,82.0513772,70.79907361,6.357428619,0.921737483,1.994727049,0.114463,188.8688457,45.60041958,39.06035031,59.00407145,5.84501,207.2260775,51.5629817,57.17575307
Driver,93.69183966,1.413,9.332,-1.614173228,58.556,10.196,6.332,-3.258,-12.589,132.442287,1.4136,5.737,-1.694,2190.0,-46.533,201.0880117,11.78678446,-18.83241134,6.317393724,-0.222663436,0.617896398,0.099187435,118.7782243,-17.6265182,9.311690102,85.21254948,2.332083822,184.3437667,-35.90524323,-42.43926595
Driver,99.57050823,0.975,3.745,-1.299212598,46.034,4.685,16.173,1.467,-2.278,144.0803955,1.447,14.058,1.797,3060.0,-7.961,468.3526107,101.145875,-4.922462659,6.190599595,0.18572899,1.5658973,0.091915,235.8428727,-8.460836464,41.21232458,61.57856971,6.719344,255.2940356,-10.28282273,-47.54272746
Driver,94.64030064,-2.6,-1.0,2.322834646,56.169,-3.481,16.783,1.114,2.3,136.347083,1.4407,13.498,0.977,4480.0,8.7,414.0458645,101.2117285,27.75820029,5.749011832,0.082165887,1.409440875,0.090189,203.0930517,19.97424688,45.96608451,58.14767174,6.586939,215.2709613,21.94091302,49.57555211
Driver,83.79339656,-4.758,5.781,4.448818898,60.712,3.105,26.158,1.985,-3.796,104.7156854,1.2497,21.402,2.641,4980.0,-5.255,283.3821454,84.66440328,4.803002278,5.949481808,0.264381008,2.352693545,0.127713,147.2074461,0.375970831,46.04582532,55.38160663,5.614367,157.4836549,0.11730691,-19.22221588
Driver,66.72557266,-2.221,-0.539,2.204724409,58.776,-1.886,24.522,-3.385,-2.846,90.11564961,1.3505,20.454,-2.906,3660.0,-4.577,220.5343322,53.63585089,-14.42896313,5.812253546,-0.302039999,2.151889158,0.143697,121.9292377,-9.546491592,36.9977902,52.31857641,4.519892,139.5023852,-11.30355856,-10.11504191
Driver,108.5003579,-4.591,-1.458,6.850393701,43.473,-6.317,10.248,-2.563,-1.105,161.5363278,1.4888,8.694,-2.445,2500.01,-9.739,456.4396415,66.89614482,-44.92639303,222.6406209,-28.714269,0.621258434,5.52789,223.4337562,-28.87464658,34.68860052,60.77738856,5.56043,247.2111229,-33.69605552,-58.18958008
Driver,83.57193987,-1.864,2.122,1.771653543,61.735,1.12,21.789,2.151,0.029,112.1579724,1.3421,18.754,2.147,3380.0,0.054,323.5943862,80.80464415,11.82053798,5.760665264,0.215926783,1.962174442,0.112864,170.2732048,6.449500507,41.23583833,57.21651236,5.7085,187.1506172,7.094048332,0.211586557
Driver,85.05055476,-2.235,-9.787,2.047244094,62.201,-10.966,19.206,-8.945,0.843,106.5918039,1.2533,16.26,-9.068,3120.0,-0.378,287.2645511,57.9357571,-44.74745787,6.102475397,-0.962289097,1.776404784,0.1240776,155.5224103,-24.88240387,34.09979986,55.89280285,4.951474768,178.1753948,-28.55449429,-1.127457902
Driver,99.68011811,-1.308,-2.347,1.850393701,48.803,-3.492,11.797,-8.11,-5.763,135.5203114,1.3596,8.55,-6.651,4776.64,16.959,377.5799619,65.27117847,-3.655980928,169.1767499,4.295098561,13.0475548,4.50019,193.2982007,7.684478391,33.68633389,59.97307999,5.47388,213.7702627,10.47062668,90.00935264
Driver,98.34466714,0.3,2.9,-0.275590551,55.321,3.005,10.248,9.183,6.283,126.5300644,1.2866,8.409,8.177,2740.0,-2.517,336.410117,38.7559251,44.51568115,5.796865442,0.82209193,0.863244581,0.095994,177.4102934,22.56087675,24.12712043,59.16190216,4.612841,210.2783375,26.22074353,-8.09092932
Driver,103.0981568,0.137,6.442,-0.157480315,44.541,6.581,7.054,0.276,-6.165,149.6998031,1.452,6.223,1.026,1660.0,-29.929,315.5036986,22.41648681,-12.40901713,6.414542205,0.095624073,0.695319,0.0890351,177.7354459,-14.74075088,13.01233868,83.07969306,3.37959,234.9966888,-25.73515792,-53.72992661
Driver,110.7171618,5.519,-0.837,-6.57480315,45.384,4.633,15.483,-0.8,0.037,161.6316213,1.4599,13.45,-0.808,3262.81,0.205,553.5039126,132.8507236,-6.878118597,6.213821423,-0.087386772,1.523036677,0.0820277,267.8342374,-3.240812046,46.94845223,65.00478293,7.64738,275.5913328,-3.322794758,1.608529971
Driver,88.41267001,4.3,-2.5,-5.433070866,48.487,1.262,17.302,1.206,3.706,125.3885558,1.4182,15.025,0.436,2950.0,10.128,374.7509533,75.42311634,18.99044077,5.896059142,0.055474766,1.588151854,0.101041,196.9861305,15.84108779,36.45195349,59.32166991,5.765718,219.3398288,19.10537931,43.03951713
Driver,96.19049749,-3.9,-4.3,4.724409449,49.641,-7.875,9.001,-1.603,2.697,143.0663923,1.4873,7.468,-1.93,2230.0,9.69,380.7645582,37.27901733,-1.752871101,5.601935826,-0.182248487,0.737282809,0.081633,204.0160519,3.187470797,20.19736359,68.49458154,4.526757,247.980934,6.220625665,30.16732636
Driver,83.82247674,1.964,0.561,-2.952755906,48.677,2.289,17.476,-1.487,-2.049,124.1528722,1.4811,16.309,-1.325,1451.99,-17.79,318.3261991,58.49116926,-28.42099269,171.6663804,-24.01388046,3.239689738,4.4526,177.2918754,-25.44793411,29.74193884,66.10146572,4.65271,210.6285319,-33.9571354,-64.15189087
Driver,85.81335004,-1.589,-0.44,2.047244094,48.885,-1.827,11.435,-4.184,-3.744,117.1434324,1.3651,9.048,-3.484,2890.0,-5.079,290.7064393,32.73108306,-22.16834274,5.918394545,-0.364799497,0.942380316,0.106067,157.7505364,-13.88287863,21.72275792,60.15901917,4.157796,193.5984752,-18.05565471,-12.92383926
Driver,99.81209735,-1.841,-5.945,2.795275591,46.887,-7.669,9.919,-5.768,0.177,145.2051271,1.4548,7.253,-5.809,3843.59,9.133,412.3032187,54.03291655,-19.96552003,222.1210411,-3.119363954,-7.52755905,5.49256,209.4261046,-4.055974127,28.35547787,65.66397958,5.03256,239.2760494,-2.037879896,51.47229892
Driver,99.80762348,-5.3,5.1,6.614173228,51.713,0.988,8.858,1.686,-3.414,140.2281675,1.405,7.408,2.209,2080.0,-0.208,365.3706027,35.81534242,13.78941781,6.193487022,0.238558902,0.809703223,0.092228,195.4237983,7.327357654,20.33889569,66.87368507,4.435548,237.6781285,8.863966403,-0.616069899
Driver,116.360952,2.5,1.7,-2.913385827,50.176,3.749,13.977,-2.902,-4.602,169.3418933,1.4553,12.723,-2.318,3110.0,-11.119,580.384312,134.3420908,-62.59861179,5.815223878,-0.250380692,1.331885736,0.072926,280.6879516,-41.88987377,46.05002943,65.14391305,7.753265,296.1824359,-45.56128401,-91.89034531
Driver,84.17814961,4.823,0.736,-6.771653543,50.547,4.718,17.815,-1.112,-1.848,126.9058697,1.5076,16.408,-0.902,1791.71,-24.671,336.1748523,63.45174209,-38.4879087,177.8177218,-32.05497757,3.850179475,4.61398,184.4899313,-34.25156632,30.96397563,66.52302885,4.85366,215.9474962,-44.54425737,-94.18059657
Driver,98.38716893,-0.1,-0.5,0.196850394,57.208,-0.717,15.762,-2.091,-1.591,139.366947,1.4165,13.798,-1.874,2730.38,-3.875,437.9004131,89.45119042,-22.15881912,5.544411194,-0.184625246,1.372597584,0.084911,223.1619431,-14.14459725,39.28990404,60.20111362,6.364742,244.2101796,-16.05352502,-20.56183343
Driver,95.35612026,-3.3,5.7,3.858267717,54.07,3.241,7.329,0.932,-4.768,138.6377058,1.4539,6.215,1.536,1680.0,-7.682,295.9097715,21.07124341,3.504407102,5.758610105,0.149611881,0.623227525,0.086315,166.8895749,0.108658918,13.08766679,79.17673654,3.371593,226.1706928,-1.499123656,-13.09458589
Driver,95.74311024,3.017,6.78,-3.700787402,53.479,9.017,15.102,-2.388,-9.168,135.5637079,1.4159,13.216,-0.896,3200.0,-25.163,400.8233578,73.83445863,-50.92539881,5.938887674,-0.118271917,1.402826172,0.09335,207.9076655,-42.5567602,35.01734624,59.52163773,5.783323,230.8484149,-51.53838866,-118.1077068
Driver,91.95150322,-6.0,-0.2,5.0,57.344,-4.619,22.17,0.757,0.995,127.970204,1.3917,16.712,0.593,6930.0,0.543,360.1739037,110.4000243,4.634227717,5.89467401,0.057454481,1.818386429,0.10059,176.0891342,2.700498769,51.02271286,58.60766429,6.488395,181.0915198,2.793939508,2.634339723
Driver,96.52603794,0.9,-6.7,-1.141732283,47.235,-5.958,24.515,4.192,10.892,127.5617394,1.3215,20.874,2.299,5110.0,14.515,363.9183895,126.7818502,49.90557409,5.74369624,0.254390784,2.229607633,0.10073,177.3630308,34.89391426,53.44969829,61.32825153,6.773642,183.6677649,36.65071774,83.67022397
Driver,100.5391016,0.011,-4.422,0.0,46.23,-4.412,14.912,0.233,4.655,141.9510558,1.4119,12.05,-0.693,4229.21,8.823,424.1842735,86.28756317,18.6335457,218.4832574,15.99266407,-1.691185932,5.9161,216.1485996,15.65610596,37.78118529,67.36231516,5.8261,237.2994868,18.70450923,54.78712803
Driver,67.48613099,1.4,5.6,-1.062992126,63.333,5.93,30.241,-9.524,-15.148,82.0611131,1.216,24.898,-6.106,4950.0,-17.469,185.6081254,55.75554569,-31.16560555,5.615474503,-0.633077563,2.58879699,0.158457,101.7711421,-22.13799681,42.23856846,49.16385659,4.400645,112.687945,-25.33213476,-34.33922603
Driver,101.7023085,-4.836,-6.348,7.086614173,43.98,-11.378,13.292,-3.419,2.929,141.3515569,1.3898,10.156,-3.941,4458.75,16.626,416.6374056,73.69952738,14.0377057,206.9499715,18.83398805,5.137337224,5.4539,215.1127368,20.76173317,33.32421535,62.41882453,5.77317,237.7395618,26.1120581,106.2844307
Driver,74.70248747,-1.754,4.562,1.614173228,63.381,3.682,26.938,4.069,-0.492,92.58567466,1.2394,21.008,4.183,5444.75,-0.73,228.4006184,61.94429149,15.31793251,5.947508814,0.432343156,2.290394537,0.14425,122.6672033,8.317546866,41.54153019,51.47903411,4.81007,133.9673055,9.043254196,-1.894929536
Driver,95.66929134,3.496,5.527,-5.157480315,48.768,8.596,15.13,-0.862,-6.389,144.0859878,1.5061,13.936,-0.18,1953.47,-13.705,413.5081524,75.63738755,-32.99462679,209.2450783,-28.09231943,2.656705379,5.41102,212.8037976,-29.02471834,35.47791016,63.93945123,5.55137,238.8248461,-35.96195887,-85.08684272
Driver,98.82113457,1.5,-6.3,-1.850393701,49.145,-5.16,22.078,0.748,7.048,139.4436739,1.4111,20.055,0.028,4770.0,10.881,424.2630706,148.8156053,32.99950205,5.460819978,0.011795011,2.026361624,0.086824,203.5442787,24.86286582,54.71061036,65.48945786,7.375167,209.4880594,25.96520138,74.29241168
Driver,37.48657838,1.711,-4.399,-2.204724409,47.281,-2.818,3.081,0.475,4.874,56.20391911,1.4993,2.733,-0.768,720.0,66.449,10.94488882,0.274185676,-0.109488589,4.94779278,-0.042984782,0.080070907,0.181691758,7.046679914,-0.046356726,2.723134567,54.91497522,0.259668259,43.17537415,0.003445319,0.14429151
Driver,109.759753,1.976,0.381,-2.362204724,48.499,2.13,16.098,1.914,1.534,158.966088,1.4483,14.621,1.747,2344.91,3.917,540.9778885,117.0850966,26.04106497,6.355115133,0.197701718,1.682466673,0.0856388,274.8399036,16.73272302,40.94258964,66.54955015,7.14097,295.4870032,18.53904774,25.08501035
Driver,100.1342162,5.867,10.36,-6.929133858,54.805,14.516,15.009,5.201,-5.159,148.1151575,1.4792,13.181,6.263,3086.41,-32.569,442.8719348,81.64398121,-16.67350287,5.755147154,0.600409032,1.354764335,0.082679939,228.1533135,-32.23766785,35.23101682,61.69798806,6.011773912,251.6740755,-41.92133697,-170.0560188
Driver,100.5771296,-0.86,-8.062,1.25984252,46.413,-8.881,16.494,1.089,9.152,147.3194792,1.4647,14.41,-0.07,3460.0,18.418,473.22476,109.4095724,48.45022186,6.122267491,0.012768393,1.591903172,0.089079992,235.4727303,39.43596436,43.48078729,61.55782968,6.903047202,251.9293003,44.5044017,119.1586676
Driver,103.6439692,2.9,6.5,-3.582677165,50.31,8.938,18.406,4.678,-1.822,155.8448908,1.5037,16.782,5.232,3470.0,-5.404,517.8585203,153.4325325,23.42477736,5.783289295,0.485951971,1.768120728,0.080467,248.707393,6.972262339,51.62275606,66.67074341,7.852439,258.9617763,6.884311836,-47.18158509
Driver,111.1242842,4.0,-0.4,-5.905511811,39.846,3.988,17.24,-2.243,-1.837,162.6201235,1.4634,15.626,-2.048,2630.0,1.665,553.87542,142.5052281,-13.48238722,5.701703648,-0.198513233,1.611168101,0.075447,271.7391718,-5.331852739,47.4292095,66.54938802,7.756722,286.9111899,-5.451168571,13.14226047
Driver,104.5454545,-0.984,3.133,1.338582677,42.992,2.078,15.757,5.364,2.231,153.0203114,1.4637,13.183,5.007,3946.79,7.41,501.1187075,124.4561689,66.53616988,6.157072355,0.546790297,1.484163623,0.0857769,241.7973727,39.32476867,47.45735259,62.40782519,7.34225,248.0615577,40.68744157,55.05664415
Driver,105.4715462,1.031,-0.229,-1.299212598,44.568,0.818,18.034,-0.232,-0.002,154.4667144,1.4645,15.49,-0.231,3901.21,-2.65,510.2495509,145.9923712,-11.20130831,5.952912092,-0.027006544,1.677956219,0.083066237,244.4937085,-7.907940206,51.0416502,65.46797971,7.710972752,254.6511963,-8.423678141,-20.76799943
Driver,77.90354331,-3.042,-8.104,2.874015748,66.896,-9.403,18.549,-5.158,2.946,92.6791786,1.1897,15.427,-5.61,2900.0,4.914,211.1846944,36.25507403,-17.49490994,5.671369495,-0.548549244,1.542705067,0.1319368,120.0071778,-8.876727276,27.18865429,54.72021693,3.879897084,147.7796129,-10.30717584,8.595435715
Driver,112.9451503,4.3,3.5,-5.118110236,49.912,7.183,22.792,2.688,-0.812,163.3674839,1.4464,20.817,2.737,4320.0,-2.271,524.5153172,210.8706608,13.47599172,5.751884178,0.275524,2.22352425,0.078368,239.2950571,4.596013901,60.42621143,75.90308049,8.569913,240.9727649,4.606666269,-20.50145442
Driver,95.57310308,-1.486,4.39,1.850393701,50.561,3.168,15.095,1.627,-2.763,140.1832051,1.4668,12.963,1.997,3010.0,-6.051,445.2813516,86.44669083,2.199224975,6.189878698,0.209298971,1.438602959,0.094009801,226.5398237,-2.992216745,37.99130763,60.44915769,6.322473254,248.6430405,-4.249369255,-32.65194669
Driver,101.1139943,-0.284,0.848,0.393700787,44.082,0.554,12.293,-0.51,-1.357,149.1197656,1.4748,9.93,-0.249,3520.4,-6.066,481.5244299,86.52609355,-18.364549,5.659247537,-0.030253717,1.016644728,0.0797865,236.8136712,-13.74152286,38.75450992,58.93977352,6.54538,247.7691776,-14.9111282,-38.14190713
Driver,102.9281496,-3.148,4.991,3.976377953,49.665,2.314,12.734,2.586,-2.405,145.7954545,1.4165,10.891,2.874,2700.0,-2.985,459.2190139,74.11627421,16.73395337,6.054754233,0.300896712,1.175944568,0.087614,235.5351952,6.721677357,33.40126691,61.81354086,6.049165,262.301673,6.915325231,-15.274915
Driver,110.3614889,4.1,0.9,-5.039370079,50.135,4.252,12.435,-0.591,-1.491,162.9080172,1.4761,11.478,-0.424,2240.0,-5.012,537.2524512,94.54411667,-15.88341272,5.794881527,-0.046524949,1.187717572,0.075104,272.9378332,-12.03344277,36.31307738,65.40694575,6.664478,299.6200332,-14.15705286,-30.04590667
Driver,96.54617037,3.097,4.099,-3.976377953,45.568,7.14,11.172,-2.782,-6.881,133.2775591,1.3804,10.152,-1.891,1780.0,-39.772,285.7897851,30.94898645,-30.54510409,6.100312007,-0.226550263,1.078268623,0.0960872,165.1744533,-27.81731192,17.85662814,75.76921964,3.55826,202.5558768,-39.61571513,-67.28866828
Driver,90.6742126,-1.185,-2.87,1.417322835,48.466,-3.92,11.655,1.017,3.887,132.3581782,1.4597,10.302,0.597,1859.94,10.991,337.6155513,40.46724126,12.73636951,6.228497551,0.073029306,1.127264283,0.0989069,188.135359,11.00942986,21.60451229,69.52769601,4.33902,229.0865203,15.45780942,27.15578652
Driver,108.07534,6.784,0.079,-7.480314961,50.874,5.632,10.725,-6.713,-6.792,150.530825,1.3928,10.235,-5.847,1470.0,-47.125,333.4262678,36.68626775,-62.07539953,6.188126724,-0.656069176,1.105712327,0.0862552,191.5637375,-48.87193077,18.42891335,82.02853507,3.74664,245.2828449,-71.43453894,-89.24517507
Driver,96.36497853,-4.575,1.035,6.023622047,47.641,-3.148,9.145,0.423,-0.612,136.8926718,1.4206,6.866,0.526,3102.11,-0.566,376.5029607,44.54151721,4.442261989,201.4176967,3.537831641,-4.524475237,5.02148,192.7317851,3.249174634,25.76308401,64.44796802,4.71148,225.0708422,4.277168645,4.439858985
Driver,111.8736578,2.2,-0.2,-2.401574803,45.804,1.413,13.547,-2.151,-1.91,163.559413,1.462,11.458,-1.531,3440.37,-4.195,548.081786,123.8273426,-31.32761008,5.735738977,-0.182766752,1.184698411,0.074157,262.9374194,-19.20168069,46.2033514,62.90304721,7.493439,277.3700448,-20.73674361,-36.56541385
Driver,103.1764495,0.932,-0.072,-1.141732283,45.06,0.859,16.726,0.49,0.561,149.6801181,1.4507,14.83,0.419,2820.0,1.283,500.5701821,113.6172579,6.883039353,6.376318891,0.048095202,1.716654501,0.0914368,251.6383614,4.570667874,42.62845229,63.67475456,7.05984,269.2989464,5.05098933,8.191956085
Driver,84.32802434,1.35,-0.853,-2.204724409,44.584,0.517,18.77,-0.277,0.576,126.2893701,1.4976,16.872,-0.344,2382.1,1.881,361.0254022,82.01144996,-0.950901155,187.3566823,-1.439610218,-2.368393526,5.80863,184.6196129,-1.364715184,41.31769407,57.58702115,5.67863,202.2968174,-1.850330121,-0.768851437
Driver,105.3865426,4.3,7.9,-5.472440945,49.039,11.685,16.791,4.679,-3.221,147.7326414,1.4018,14.838,5.16,2960.0,-8.853,488.5663511,111.0684455,20.25237413,5.791956681,0.513072217,1.547936552,0.084069,245.6977294,3.495561704,42.65361756,63.13044938,6.977831,264.2175356,2.580931967,-55.84127446
Driver,99.20812455,-1.159,8.176,1.456692913,51.53,7.255,7.987,1.713,-6.463,144.1273712,1.4528,7.024,2.402,1690.0,-16.012,334.8279187,27.71553993,2.345304206,5.89988379,0.237180868,0.724482488,0.08523,186.1332122,-3.4600734,15.49336131,77.435146,3.773426,242.0478204,-8.12768889,-33.76988045
Driver,108.0082319,1.988,-0.488,-2.598425197,42.571,1.677,15.106,-2.021,-1.532,154.485281,1.4303,12.655,-1.725,3786.74,-6.485,510.2985612,121.2199141,-36.09306335,6.205361674,-0.194909726,1.434506143,0.0854418,246.6242021,-23.46405719,46.41513155,62.19586391,7.3231,253.5941645,-24.47166563,-48.18937346
Driver,99.648801,3.255,1.724,-4.015748031,48.295,4.63,14.032,2.568,0.843,147.3702577,1.4789,12.115,2.414,2814.36,-1.075,477.6341896,88.22462839,17.32223184,5.633355281,0.236374047,1.22051467,0.080953,242.1323195,8.160838237,37.22526521,61.75861243,6.458282,265.8212803,8.773170896,-6.117512306
Driver,25.44738726,-5.8,-0.2,4.330708661,71.913,-2.691,42.842,-2.074,-1.796,28.64754832,1.1258,29.829,-1.343,3670.0,-1.483,25.46768489,7.334796986,-0.644369988,5.965745843,-0.156113512,2.262846774,0.508815,15.89680013,-0.432201158,32.68998812,25.92428719,1.415897,22.29501771,-0.614753907,-0.17891074
Driver,84.89620616,-1.286,-4.442,1.732283465,45.528,-5.705,18.893,-2.032,2.41,122.4789728,1.4427,16.59,-2.325,2821.32,6.577,366.8749551,79.70906822,-4.39673749,6.131248313,-0.241431363,1.835502888,0.108421,193.8563548,1.190206744,37.76396678,59.62132298,5.82011,206.3729318,1.774115624,27.16019594
Driver,101.4159807,2.546,2.63,-3.543307087,46.787,5.024,8.658,-3.919,-6.549,142.4847888,1.4049,7.368,-2.517,2682.11,-19.075,388.5876663,39.91128087,-42.5667625,5.847560304,-0.272121268,0.762243417,0.08564,203.6709701,-31.53962158,22.02895636,64.40460213,4.730548,242.3099547,-42.24597816,-68.0181391
Driver,96.94658196,-3.9,7.1,4.960629921,54.505,4.215,9.11,2.548,-4.552,136.5922513,1.409,7.579,3.024,2200.0,-2.153,354.748373,35.4640349,16.29402738,6.154043548,0.322754467,0.823024788,0.094141,189.7172972,7.892873565,20.68781618,65.32398991,4.422204,230.4275082,9.098840795,-6.353540508
Driver,98.36703651,1.8,0.6,-2.165354331,42.189,2.081,22.097,4.038,3.448,134.7687008,1.3701,19.278,3.61,3830.0,6.939,420.4040187,130.8559564,42.95194408,5.564860941,0.350132881,1.970178883,0.090991,206.512721,27.07327621,50.87981455,63.0244666,7.106881,216.6431175,28.82980831,42.38629723
Driver,109.6613278,4.0,3.4,-4.68503937,43.196,7.188,16.841,-1.146,-4.552,160.1579277,1.4605,15.203,-0.515,2770.0,-8.504,538.6670431,135.4319747,-31.30348246,5.589156661,-0.059604962,1.534941857,0.074937,264.3382503,-23.46599665,46.81357646,65.25617202,7.602384,279.7126843,-25.77855191,-63.29541359
Driver,86.11533644,-4.6,-3.2,3.779527559,57.303,-6.696,32.32,1.25,4.485,113.3417591,1.3162,24.939,0.305,8350.0,4.412,293.8694341,118.5423047,9.859608016,5.659301257,0.027858942,2.687128864,0.115951,143.0780027,7.300333834,56.24232103,59.68213081,6.289405,143.3316751,7.318380736,19.61875644
Driver,120.7587688,4.948,-2.404,-6.377952756,46.458,2.315,11.184,1.044,3.449,169.4812545,1.4035,10.155,0.466,1980.0,13.919,543.6787643,80.87908721,33.34108586,5.831686085,0.056229384,1.052689908,0.072259933,280.4978358,27.07536123,31.06152437,69.0869459,6.196340989,315.2381272,33.59457467,74.41136706
Driver,107.2454366,4.5,0.1,-5.669291339,48.292,4.082,12.274,-4.493,-4.593,154.2790354,1.4386,11.418,-3.808,2070.0,-14.118,475.4642176,76.56352545,-58.48313981,5.831542972,-0.415417746,1.185329588,0.079816,247.2334674,-39.74666543,32.40920671,65.03106529,5.972227,277.8142913,-47.4802885,-70.35875544
Driver,100.1856657,1.674,4.609,-2.007874016,47.49,6.143,13.973,0.78,-3.829,144.6760916,1.4441,11.823,1.469,3236.69,-16.908,455.0184916,83.92037225,-27.07245817,6.076784341,0.1383726,1.293443647,0.0889468,229.482479,-26.01269076,37.25658101,59.8019161,6.30622,241.8199914,-29.03200954,-95.54776275
Driver,99.20365068,2.971,7.13,-3.858267717,49.346,9.685,14.176,-0.09,-7.22,144.1242394,1.4528,12.617,0.95,2660.0,-26.579,429.2763938,72.44906695,-37.92745801,5.946627071,0.076076821,1.335654086,0.087585,225.397639,-36.97590997,32.30425446,62.97525117,5.742014,253.3640118,-46.87870388,-121.9717875
Driver,93.3741947,-1.133,7.894,1.496062992,52.565,7.026,6.036,-5.537,-13.43,127.226199,1.3625,5.139,-3.827,2430.0,-18.182,251.1824961,15.05714175,-26.39328134,5.966010873,-0.413287427,0.53345076,0.097423,140.4848396,-18.88859159,11.36676019,73.29417197,3.057958,194.7732528,-30.20546573,-28.66523357
Driver,92.82167144,-2.603,3.409,3.42519685,49.938,1.218,19.03,-1.336,-4.745,120.7066482,1.3004,15.938,-0.614,3796.24,1.836,357.3292509,83.36968126,-0.376686705,5.739618171,-0.059180509,1.65472878,0.102835,183.2875874,0.816484613,41.40050377,57.04089839,5.938805,199.4847227,1.081702895,8.341648147
Driver,91.68754474,-2.716,0.483,2.834645669,55.552,-1.382,14.744,-4.715,-5.198,129.7414102,1.415,11.915,-3.841,3805.0,-10.745,387.8659276,72.46676477,-46.69715306,5.568530712,-0.383805166,1.192667981,0.0909312,196.3615869,-30.38650685,37.21351173,56.68678622,5.82815,214.295978,-34.56173207,-51.96856183
Driver,98.04044381,-4.804,-6.846,6.811023622,45.201,-11.634,19.971,9.337,16.183,130.7404259,1.3335,16.534,6.894,5380.0,22.217,375.6021515,102.5413514,94.23564879,6.091274331,0.76698145,1.841821919,0.101403379,187.2399755,62.64475201,46.71779803,58.20099592,6.368883106,197.272918,67.49267369,123.0362347
Driver,97.45212956,0.989,2.701,-1.338582677,45.841,3.662,18.176,0.987,-1.715,140.581156,1.4426,15.688,1.248,3490.0,-5.844,454.3980276,113.9335117,-5.665583378,5.713818024,0.118472045,1.623066906,0.087623,226.1201529,-7.275851567,45.52011493,61.79879969,6.951494,240.9499691,-8.356438355,-36.58940824
Driver,88.49543665,2.783,-1.398,-3.464566929,55.017,0.551,15.073,11.175,12.573,121.9537402,1.3781,13.049,9.0,3540.0,32.663,318.9460374,53.25841778,88.4256821,6.261858126,1.020622334,1.45272051,0.109547624,170.1194574,62.48250636,30.38030371,57.62891933,4.839119216,195.189554,77.09994382,110.8821001
Driver,88.44398712,-0.865,1.935,1.181102362,48.705,1.175,12.017,1.559,-0.376,124.6883948,1.4098,9.063,1.647,3659.0,22.998,295.0809509,36.62549601,35.11341635,163.4691915,28.86026312,-1.63436519,4.15968,159.7708363,27.72610216,23.43169313,64.37043932,4.02968,192.8328507,37.97256631,69.57674913
Driver,88.27621689,-1.746,-2.962,2.598425197,43.876,-4.78,20.916,0.505,3.468,121.3099499,1.3742,17.363,-0.079,4330.0,4.781,357.8351739,95.24283172,9.146342258,6.106441482,-0.00098142,1.935255164,0.109972,181.0249129,7.515734224,45.3385141,57.68177419,6.189694794,193.9003676,8.437510468,23.29533231
Driver,111.7170723,-0.706,-2.364,0.905511811,46.542,-3.033,14.466,4.432,6.796,161.3050286,1.4439,12.515,3.524,3430.0,7.444,545.5993292,126.0822008,57.78241141,6.03314362,0.378087146,1.36169743,0.079447,263.9453495,35.46531395,45.96969371,63.59375283,7.52301,278.8082778,38.32377068,57.964632
Driver,111.1712598,-1.7,1.5,2.244094488,50.004,0.035,13.972,3.317,1.817,158.5486757,1.4262,12.223,3.209,3910.0,3.451,523.3155899,128.7341656,39.57119591,5.934240266,0.323846191,1.313323961,0.079481,249.8982133,22.52822841,48.30607086,62.84299883,7.514105,261.9566755,23.93660165,25.68292905
Driver,105.6751074,3.5,10.5,-4.291338583,51.236,13.332,8.126,-1.799,-12.299,147.956335,1.4001,7.651,-0.281,2020.0,-41.384,321.233404,28.40230728,-31.44951426,5.708232788,-0.054120548,0.762583543,0.080489,178.8913537,-30.47602278,16.47933722,75.55945566,3.649712,229.9918343,-48.70518571,-88.83340408
Driver,103.0153901,0.5,10.1,-0.551181102,53.096,10.381,10.311,0.561,-9.539,145.2375626,1.4099,9.193,1.787,2250.0,-20.766,400.1637206,47.35311516,-13.62013943,5.951748629,0.170067205,0.96547483,0.085885,214.6488794,-17.35645754,23.59023549,67.53655528,4.872117,254.6859034,-25.47045742,-72.05911184
Driver,102.8207767,1.703,0.242,-2.165354331,46.2,1.876,14.665,-3.141,-3.383,149.8400591,1.4573,13.112,-2.721,2390.0,-9.392,483.1956378,89.41037419,-41.69190369,6.241155563,-0.304873872,1.469209687,0.0885752,249.9614971,-28.46461952,35.83450807,64.34016767,6.3805,274.8094495,-32.86573783,-49.93021647
Driver,101.9282391,0.171,2.794,-0.236220472,43.592,2.974,13.994,1.79,-1.004,148.8168844,1.46,10.954,2.017,4502.95,-4.072,472.7485737,107.0191744,3.379767151,6.250596889,0.214360539,1.259737618,0.0888197,227.5734631,-1.49130509,45.79992708,59.65961587,6.94356,234.0235045,-1.73885387,-28.49966816
Driver,84.72843593,6.571,2.081,-8.149606299,57.624,6.269,12.734,-2.125,-4.206,121.1710361,1.4301,11.979,-1.599,1100.0,-26.5,256.7224928,31.52141169,-17.077015,5.684768661,-0.172915809,1.183734033,0.099066122,152.3979075,-15.07992991,18.73129777,76.24052726,3.437540527,205.4112596,-24.14180834,-32.52716246
Driver,115.591446,2.413,-1.07,-3.267716535,47.142,1.171,14.567,3.199,4.269,169.9096278,1.4699,12.902,2.594,2980.0,8.07,590.0358966,134.9774969,54.0206228,6.016684369,0.279168732,1.397096879,0.075260077,286.705221,34.77920349,45.39273487,65.82279161,7.769826474,303.2925206,37.83030428,65.59073449
Driver,110.4845204,4.669,0.834,-5.866141732,44.114,5.666,14.551,1.513,0.679,162.9733357,1.4751,12.969,1.401,2566.96,3.811,557.5035376,114.6196469,24.02365535,6.117107636,0.153288411,1.436266865,0.0798011,278.9002354,15.55294056,40.88196239,65.26051117,7.22131,291.0078802,16.56455727,26.21968712
Driver,102.5702398,-0.9,7.1,1.141732283,54.954,6.492,4.912,-6.076,-13.176,140.9019327,1.3737,4.361,-4.696,1920.0,-22.047,260.3096599,12.99150177,-31.28024152,5.970362406,-0.50359397,0.452076173,0.087819,147.0844647,-21.99298968,9.241254447,84.17539453,2.819777,212.3681646,-36.5219743,-30.03866678
Driver,68.51512169,2.4,8.0,-1.88976378,66.06,8.656,27.244,4.678,-3.287,67.92658375,0.9914,21.165,5.745,4130.0,-0.832,126.3599321,28.80164928,12.05960077,5.783702484,0.577284053,2.165744345,0.191558,73.6116446,7.107594348,31.92075746,45.24448213,3.197323,90.38601913,8.678662408,-0.78687826
Driver,101.3980852,3.7,0.7,-4.606299213,49.263,3.901,13.323,-0.146,-0.846,149.8445329,1.4778,11.863,0.054,2180.0,-5.978,469.1960492,76.05365917,-10.12879,5.959540071,0.001072289,1.257937067,0.084105,246.195658,-9.115256704,31.92910774,65.89191934,5.954866,277.9612776,-11.49213752,-28.04138241
Driver,98.91955977,-0.304,0.008,0.393700787,46.679,-0.279,10.057,1.303,1.295,141.9919918,1.4354,8.742,1.135,1870.0,-2.912,374.9807363,40.45398056,4.460724198,5.995212391,0.116732361,0.921784176,0.088344,204.8551568,1.305731835,20.88586184,70.8589361,4.500733,250.6214454,0.950268112,-8.256756259
Driver,114.9472083,7.9,1.3,-9.133858268,53.431,7.342,15.816,-2.234,-3.534,168.7810934,1.4683,14.693,-1.747,2190.0,-14.606,574.6406896,127.414425,-56.46970571,5.739180416,-0.180473061,1.515807407,0.072748,290.2317105,-41.96384148,42.024728,68.16663653,7.373437,311.2552831,-47.14732943,-99.56776723
Driver,28.06012885,1.5,1.9,-1.811023622,58.596,2.803,19.722,-3.679,-5.579,35.99185755,1.2826,14.176,-1.91,2070.0,-11.373,23.32139046,3.024766293,-0.874577391,5.665635571,-0.207462361,0.935185006,0.338836,15.17439022,-0.638568391,15.48965059,32.96495465,0.935564,31.51161106,-1.465746091,-0.398715147
Driver,102.1340372,3.076,3.645,-3.661417323,54.269,5.861,15.304,1.999,-1.646,151.5007606,1.4834,13.539,2.245,2680.0,-4.854,502.8958959,102.8529517,7.432093991,6.425420784,0.246464179,1.571947728,0.0904617,254.6141821,0.087230112,39.74618797,63.44246711,6.8286,275.0479691,-0.615232391,-29.66021984
Driver,111.5023264,6.584,3.184,-8.661417323,45.702,9.651,17.675,4.072,0.888,167.4212598,1.5015,15.678,3.906,3330.0,1.727,578.7308761,165.2805023,44.42693923,5.93117054,0.405666832,1.687801619,0.076308,276.3940736,23.84722638,51.38619834,68.88691835,8.240234,287.014047,24.89205056,15.10242932
Driver,100.5994989,1.6,-2.8,-1.811023622,52.201,-2.029,24.033,8.054,10.872,124.8156764,1.2407,19.228,5.517,6630.0,18.817,342.0743667,109.9776919,73.30324173,5.561827249,0.564822672,1.978668865,0.09867,169.1731715,48.92977153,50.83184758,58.4308258,6.364345,174.6752176,51.13023887,99.40130144
Driver,88.19121331,-0.283,-0.634,0.393700787,42.368,-0.945,18.331,11.349,11.983,121.3370168,1.3758,14.311,8.606,5783.7,20.758,328.9701056,73.29614665,90.24273387,126.4752772,38.29600304,22.61783868,3.49742,173.5138027,58.08630907,38.22895531,56.71756986,5.52712,188.0596352,64.03255636,98.89796579
Driver,84.13564782,-3.491,4.619,3.700787402,55.454,2.212,24.724,2.272,-2.347,104.9698014,1.2476,20.458,2.665,4460.0,-3.588,286.7735214,80.36244563,7.749184055,6.218956494,0.282379035,2.336658668,0.13227,149.8273005,2.685731579,44.06082938,55.13561054,5.530268,162.3613124,2.665994763,-12.84738647
Driver,87.27854331,-4.8,-0.8,3.976377953,57.694,-4.407,22.428,-1.65,-0.826,118.5305565,1.3581,17.422,-1.468,5890.0,1.017,325.9343425,95.69286849,-5.973867544,5.685082247,-0.145577722,1.823872225,0.105119,162.1049853,-2.576212682,48.87788511,55.89913025,6.081057,169.6927907,-2.649933731,4.731048225
Driver,82.17609162,1.688,0.731,-2.440944882,48.381,2.231,14.135,-3.03,-3.761,112.9046618,1.374,10.674,-1.958,4052.33,7.149,282.596453,41.51994796,-0.80088524,156.0586632,2.637941269,-3.100543203,4.52702,150.3009256,2.267392091,27.7284864,58.55943872,4.29702,176.2094722,3.876171941,22.20239976
Driver,102.245884,5.9,2.5,-7.125984252,51.259,7.193,12.562,-3.579,-6.079,149.8105315,1.4652,11.525,-2.602,2080.0,-28.817,424.8947484,61.06531434,-57.0347019,5.649494073,-0.274724382,1.151884039,0.079572,229.3307365,-46.13499312,27.07049807,68.82686144,5.217353,267.6289695,-60.28175636,-107.6674478
Driver,92.18638153,-0.168,7.519,0.196850394,47.194,7.364,14.445,4.063,-3.457,134.3479331,1.4573,12.696,4.492,2400.0,-13.031,394.2581988,64.22280066,12.14501691,6.110216939,0.46720013,1.381077147,0.0965283,210.6718014,-0.344377107,30.48807158,62.93915132,5.43484,230.0483366,-1.934051744,-50.52927435
Driver,105.0442913,1.088,-2.931,-1.299212598,49.04,-1.987,11.142,-3.36,-0.429,155.7840462,1.483,8.954,-3.265,3388.59,1.947,497.8091323,94.80690389,-32.32288221,224.4628395,-21.16599393,3.264249409,6.70093,227.130577,-21.72129312,49.88739882,57.40545098,6.84896,238.0840241,-24.04885361,-26.42788116
Driver,71.92868647,-7.6,2.0,6.062992126,68.148,-1.467,17.097,1.809,-0.252,94.0940408,1.3082,14.368,1.812,2550.0,6.931,206.2806057,31.91859849,9.850730477,5.800280454,0.19110949,1.458161796,0.132116,119.2587176,7.323194096,24.2983041,57.18906948,3.65785,151.3630815,10.22863087,10.66702973
Driver,100.8164817,3.658,1.382,-4.921259843,49.232,4.542,17.157,4.421,3.039,143.4111042,1.4225,15.04,3.924,3090.0,5.85,469.3418288,108.3154096,45.72451055,6.023004746,0.41810909,1.633934282,0.090234,236.0767337,28.02692362,42.9621785,62.26466311,6.875774,253.9135568,30.87731866,35.75996905
Driver,84.75304223,-5.2,0.6,4.606299213,56.952,-3.348,26.119,0.163,-0.394,116.817287,1.3783,20.402,0.378,6622.89,-1.242,320.8267532,106.041845,-1.170676576,3.415046683,0.014698032,1.285186714,0.064699,159.6511237,-1.250888459,51.20433136,57.98200752,6.219475,164.8772875,-1.327208295,-6.91228422
Driver,96.46116679,2.7,-5.9,-3.307086614,51.383,-3.952,18.806,-0.93,5.157,138.6215999,1.4371,15.64,-1.995,4575.76,10.68,425.1183237,118.4369136,15.78649114,5.452668894,-0.177464704,1.554216859,0.084919,207.4131141,15.70254422,49.10520783,60.73859221,6.924001,217.4836076,17.20451676,68.67848576
Driver,111.2562634,1.7,4.5,-2.086614173,49.301,5.961,10.326,-1.481,-5.981,155.9408554,1.4016,9.344,-0.782,2580.0,-17.624,482.1834414,68.34726412,-42.35018299,5.772013207,-0.092668558,0.959513613,0.07762,246.3282221,-33.7823898,30.63227108,63.22019767,5.910761,276.3574125,-41.82082049,-91.34732789
Driver,100.7963493,-1.9,-1.5,2.204724409,52.414,-3.127,16.776,-0.712,0.788,149.8973246,1.4871,13.735,-0.585,4529.41,0.528,472.0968211,131.219374,-5.033190809,5.819156827,-0.086828974,1.456649484,0.083094,224.9948014,-2.073615019,50.94489549,62.46580426,7.350493,234.0140106,-2.1225882,0.67077641
Driver,101.4495347,-1.487,2.711,2.007874016,43.895,1.165,20.245,3.998,1.287,129.1392269,1.2729,17.629,3.832,3359.88,3.258,404.2432189,104.6015512,33.04866186,5.957836193,0.402000236,1.91573868,0.100537,205.3910855,19.48138761,44.54287153,60.60557188,6.55948,213.7146588,20.44372918,17.31957685
Driver,104.0622763,4.269,3.318,-4.68503937,51.16,6.764,11.803,-1.561,-4.879,143.7851199,1.3817,10.571,-0.747,2097.05,-22.353,398.3994231,52.41321303,-32.04874006,6.237777364,-0.098315818,1.165547984,0.0912714,215.7485584,-28.11797734,25.03482037,68.00148431,4.9555,252.2809466,-37.45916746,-75.98043588
Driver,97.42081246,-5.014,-1.619,6.181102362,47.4,-6.246,11.138,2.234,3.853,143.6213762,1.4742,9.237,1.77,2790.0,8.73,434.756692,59.68793495,29.10622532,5.511930886,0.176631921,0.907517254,0.080384,223.5020194,20.35774998,29.40064629,61.18613051,5.59855,251.2197031,24.60229278,40.42000196
Driver,110.1870079,3.3,0.1,-4.251968504,49.317,2.837,13.587,0.86,0.76,163.4907391,1.4838,12.489,0.755,2600.0,2.171,554.3915055,113.7834285,13.44026248,5.810641839,0.078580427,1.301754372,0.075375,275.3873513,8.697562427,41.5387457,64.49474295,7.230892,295.9144293,9.681626259,15.20963555
Driver,98.21716178,-3.853,-7.426,5.275590551,47.621,-10.949,14.433,2.236,9.662,142.1060755,1.4469,11.944,0.865,3986.01,18.626,438.4042334,89.33522766,52.84117888,6.085921606,0.114269334,1.310021762,0.0909256,217.5928888,40.12425376,40.73711366,58.30374887,6.400805718,234.1474798,45.62216692,110.6733509
Driver,104.5722978,-0.081,6.274,0.078740157,44.055,6.191,9.169,1.112,-5.162,150.9343683,1.4434,8.047,1.749,1930.0,-19.768,399.7753674,40.80280453,-9.717792347,6.432318654,0.181810291,0.912047125,0.0889721,216.1919792,-13.70413732,20.32306909,72.31420675,4.55618,259.9692622,-20.93471836,-60.84867904
Driver,92.20427702,-2.901,-0.244,3.976377953,50.119,-2.67,15.541,-3.053,-2.809,129.8707051,1.4085,13.216,-2.683,3033.85,-4.215,393.6104512,73.27364028,-25.48180437,5.724503081,-0.272020299,1.353148069,0.093890642,204.1905201,-15.91611071,35.64430366,59.0340103,5.82362929,227.1902388,-18.36753502,-19.10871481
Driver,98.22387258,-1.8,-1.2,2.244094488,42.54,-3.726,17.222,4.534,5.9,136.6076861,1.3908,14.644,3.66,3670.0,11.476,426.6597217,100.2548559,54.18418574,5.913481329,0.39285295,1.565555928,0.092959,213.1674947,35.80799439,43.68333914,59.45152868,6.58999,228.7014023,39.6890886,66.96193182
Driver,87.56263422,-3.01,-2.063,4.330708661,45.633,-5.011,15.452,-4.825,-2.762,126.7204277,1.4472,12.873,-4.423,3282.15,-5.061,377.5472466,69.64148956,-37.3141424,6.108100173,-0.476988901,1.407791012,0.10268546,195.146416,-22.45123949,35.49020974,57.69861453,5.688977993,217.2235904,-25.75448239,-22.30427732
Driver,106.531854,-4.596,-1.817,6.456692913,43.765,-6.631,7.769,-2.651,-0.835,158.3142448,1.4861,5.876,-2.522,2983.49,0.411,480.5692037,71.97087894,-25.1383098,226.1418438,-13.82048524,1.585161234,5.90694,228.2796437,-13.99377519,36.87318841,56.29625419,6.00384,247.8558499,-15.70203116,-11.86237512
Driver,109.6344846,6.165,-4.579,-8.661417323,41.719,2.38,14.82,-2.816,1.763,157.251029,1.4343,13.289,-3.136,2440.0,7.276,525.787784,104.0974803,-10.52555325,6.154356497,-0.32990874,1.474993081,0.083295,267.4611304,0.259910954,38.71661275,65.0766669,6.86125,289.7338882,1.42332345,44.67389185
Driver,76.72020401,-1.025,1.362,1.062992126,54.678,0.636,25.874,-0.613,-1.975,101.1683518,1.3187,21.792,-0.278,4110.0,-3.133,273.2817332,78.40601239,-5.237996949,6.016036982,-0.034800892,2.413180277,0.133882,144.3189923,-4.133757962,43.79859507,55.03133867,5.411205,157.5519534,-4.726377103,-10.30128419
Driver,100.7627953,1.201,2.124,-1.57480315,44.388,3.351,14.345,2.047,-0.077,149.1385558,1.4801,12.036,2.061,3418.81,-0.326,489.6557425,102.0099076,16.31182846,5.521405998,0.198262358,1.204209555,0.0784006,241.2175523,7.960002795,42.09633333,60.61093502,6.882,250.9707978,8.25746265,-2.146332736
Driver,100.3780422,2.3,5.9,-2.716535433,53.13,7.63,10.797,5.603,-0.297,147.4268522,1.4687,9.576,5.756,1790.0,-6.109,414.4361952,51.97428817,33.46299168,5.75406336,0.572976164,0.974100657,0.081868,221.6952296,15.18619058,25.0608133,68.01809425,5.021594,261.0955938,16.58327642,-21.21739755
Driver,104.3575519,3.3,5.5,-4.173228346,48.357,8.29,14.842,3.238,-2.262,151.4370079,1.4511,13.143,3.618,2600.0,-10.046,496.119702,96.02838686,7.80095825,5.760406327,0.355668396,1.354988724,0.080874,253.3663338,-3.484725494,37.91587505,63.76910227,6.628631,277.2589599,-5.532430262,-58.39413371
Driver,91.23568361,-0.204,-3.18,0.275590551,46.372,-3.374,2.058,-11.013,-7.833,127.5404885,1.3979,1.384,-8.671,3085.25,-65.997,46.34864061,0.589773853,-8.002052761,6.275283405,-0.998126037,0.125390605,0.101838,29.93898816,-5.82427772,1.603423796,112.9263797,0.510491,91.17156023,-20.57560702,-3.990974431
Driver,114.1553329,7.5,2.1,-9.173228346,50.014,8.504,16.01,-1.306,-3.406,167.7872226,1.4698,14.386,-0.448,2916.6,-13.49,572.2856897,141.1791964,-51.79500968,5.91795645,-0.076473697,1.536193345,0.075464,278.5400189,-38.91886312,46.94526793,66.3744567,7.785859,293.4670418,-42.52288933,-110.2834039
Driver,78.89003221,-4.228,-5.595,4.37007874,59.416,-8.099,14.609,12.493,18.088,87.1277738,1.1044,11.519,9.369,3750.0,31.384,151.4648202,18.37305649,34.37579179,5.112255238,0.864895653,1.015916158,0.1243336,88.78777263,24.94831508,18.96734017,55.07202087,2.789063987,120.7911897,37.73989825,32.23168091
Driver,83.74865784,2.759,-0.67,-3.897637795,49.18,1.716,17.789,13.558,14.228,114.3562097,1.3655,15.926,11.666,2950.0,30.402,298.1555618,56.34119404,88.99063192,5.798753665,1.203761806,1.645725957,0.10946,163.7094915,61.93589747,31.52612425,58.62644594,4.809973593,189.4753883,76.15665397,90.04174412
Driver,116.8933429,0.6,1.2,-0.551181102,45.023,1.346,16.565,2.396,1.23,166.3795186,1.4233,14.574,2.439,3300.0,-1.136,566.133364,153.9068636,16.99241782,3.613432553,0.140501226,0.948267964,0.04629,270.4233869,7.349378462,50.45007805,67.07990349,8.020135,281.8481728,7.565995497,-12.48327602
Driver,89.04124911,1.3,-4.1,-1.614173228,47.741,-3.088,16.694,-2.54,1.676,123.0621421,1.3821,14.034,-2.841,3270.0,2.594,364.0303524,71.18023811,-13.44966991,5.880025207,-0.288514468,1.479139586,0.102268,189.6980283,-5.73791235,36.42000764,57.68145846,5.672367,210.859655,-6.015206519,11.00137037
Driver,93.68289191,-4.707,-0.522,6.141732283,49.19,-4.6,12.342,-1.637,-1.115,126.8855136,1.3544,9.705,-1.46,3330.0,-2.404,362.7374854,51.54059558,-12.87200666,6.223257775,-0.161432576,1.076814794,0.10329538,187.7727378,-7.952526339,29.6556256,57.28785021,5.173656545,214.1633013,-9.509373991,-9.509899115
Driver,98.92627058,-1.055,0.586,1.338582677,50.878,-0.272,8.36,-0.502,-1.088,147.9860863,1.4959,7.259,-0.373,1630.0,-6.55,367.6532886,32.60006064,-8.059155165,6.119514102,-0.043882423,0.779707522,0.0860853,202.1410909,-6.676321184,17.17123069,76.4222169,4.10648,241.1218752,-9.054181921,-16.08285798
Driver,77.67090193,-8.065,-9.667,7.677165354,56.057,-15.14,10.382,-1.274,8.393,113.6495616,1.4632,8.222,-2.276,2681.0,16.325,245.4210517,23.02500544,0.167521711,5.452318113,-0.204116049,0.782093878,0.10025,137.9007601,4.372444144,16.95438254,63.88290149,3.48569,177.1468031,8.616605741,29.52818471
Driver,89.41929134,3.775,-4.665,-4.645669291,48.829,-1.357,16.356,6.741,11.405,125.5867484,1.4045,14.303,4.78,3480.0,22.23,362.2803475,71.6204423,65.79029381,5.76208834,0.504368965,1.477442713,0.098309,188.8653807,47.33735579,36.29436289,57.62507084,5.620346,209.5021719,55.68914265,95.81077295
Driver,106.4401396,-4.53,3.681,5.708661417,49.814,-0.156,14.978,4.683,1.002,151.9562008,1.4276,12.616,4.557,3570.0,2.888,502.760329,113.8313211,47.68958085,6.081914106,0.486531979,1.397102606,0.0850837,245.2434696,26.25325338,44.71185709,61.62666728,7.16044,253.3650186,27.30049997,20.3922923
Driver,91.7345204,-0.4,-2.0,1.062992126,44.75,-3.094,13.336,-5.484,-3.468,134.4119094,1.4652,11.125,-4.798,3040.0,-0.584,406.4753425,67.87879328,-35.43750897,5.672203904,-0.486712557,1.126907823,0.089154,207.7946516,-18.7192644,34.30386813,58.44114248,5.761836,231.0363881,-20.90927257,-4.031268909
Driver,102.1228525,3.943,5.796,-5.039370079,44.614,9.802,17.338,6.586,0.79,151.8837241,1.4873,15.729,6.487,2431.29,3.243,511.2145892,116.3089423,63.9916101,6.215336282,0.705402835,1.772932593,0.0881342,260.8002816,36.02862709,41.70046623,65.74980259,7.05256,272.4937384,37.89295029,19.8474923
Driver,97.59753042,0.685,0.84,-0.826771654,48.021,1.456,18.629,3.444,2.605,139.9089567,1.4335,16.457,3.11,3050.0,7.956,454.4635582,111.3093959,42.78976456,6.355335901,0.354510006,1.903488193,0.0983606,229.6969835,28.10704443,43.77730275,62.45308974,6.86207,238.9888476,29.74199679,47.09258124
Driver,81.97476736,-4.197,-5.133,4.133858268,61.358,-7.43,20.67,3.028,8.161,99.93266822,1.2191,17.134,1.774,3700.0,11.596,255.6170816,54.37312867,19.07777025,5.199259516,0.174254403,1.600453409,0.1131976,138.7913205,14.69386317,34.96048891,53.56147619,4.714571172,158.4583681,18.03103421,31.24313316
Driver,70.80127058,-7.2,-0.2,6.102362205,63.407,-4.438,30.085,-2.353,-2.14,88.60280959,1.2514,22.104,-1.749,7010.0,-2.565,209.788375,61.58469639,-8.951316013,5.860277276,-0.19295433,2.39320158,0.150238,110.872566,-5.743140879,44.36848386,48.55121727,4.789163,117.495645,-6.173031103,-7.083177254
Driver,81.93897638,0.82,-1.681,-0.905511811,56.168,-1.132,19.442,8.801,10.483,111.1580619,1.3566,17.101,7.385,2980.0,19.285,303.5198172,63.56447725,59.66811595,6.218598731,0.823060067,1.91061202,0.121627,164.7319231,41.33661908,34.75485696,57.42723206,5.12147,185.7515457,48.9311982,61.49165542
Driver,74.98881532,-3.946,-7.75,3.622047244,62.826,-9.779,29.857,3.836,11.587,94.58370616,1.2613,22.449,0.917,7358.52,11.514,231.8702157,69.5885521,16.12779049,5.28175452,0.104452082,2.196244059,0.126612,122.7887798,12.7376983,44.75037537,51.89980792,5.003799915,129.4538402,13.80250049,32.34467763
Driver,95.62902649,1.288,2.288,-1.811023622,41.75,3.731,20.649,-3.071,-5.359,126.8022996,1.326,18.133,-2.323,3290.0,-9.725,391.9884038,101.1376727,-34.735057,6.389844898,-0.272162243,2.113975386,0.110265,200.8823137,-24.48314434,43.79368751,60.32958147,6.42371,215.9693304,-27.24978182,-49.1441509
Driver,90.3722262,1.78,0.329,-2.283464567,57.503,1.464,6.111,-7.227,-7.557,127.8395669,1.4146,5.083,-5.413,2638.63,0.766,256.1274351,16.55101202,-23.03669755,163.5050456,-13.53181191,-6.053646162,3.71595,141.6215515,-11.97564599,12.31293149,74.28355787,3.07595,192.1017949,-15.61799623,4.16898959
Driver,96.875,3.7,-4.1,-4.68503937,49.977,-0.974,21.016,3.335,7.493,139.1126074,1.436,18.118,1.985,4370.39,9.433,431.2369579,134.8716753,41.61700249,5.356594115,0.196217181,1.779358648,0.084234,209.3609965,28.17764918,51.78299279,63.38069075,7.211485,217.977657,29.84853033,62.92471512
Driver,45.54402291,-0.5,-4.1,0.511811024,66.656,-4.487,48.412,-1.124,3.094,43.6305476,0.958,38.326,-2.039,4357.98,2.309,64.80797069,26.44457694,-1.819144905,4.11903881,-0.141994935,3.036120942,0.253945,37.24290069,-1.04418568,45.63302104,35.84973199,2.74237,43.50402135,-1.195958897,0.843143158
Driver,65.76816392,-4.5,-3.1,4.763779528,56.814,-6.208,15.536,-3.876,-0.776,97.17474946,1.4775,13.396,-3.627,3700.0,-1.675,229.7103311,37.44109033,-16.32670276,5.689251533,-0.37934428,1.350552936,0.125241,126.3684355,-9.596363467,28.38457012,52.79024243,4.102413,150.5340469,-11.64730996,-4.818164895
Driver,89.51324266,-0.053,-2.666,0.078740157,45.107,-2.718,13.231,0.345,3.01,132.2275412,1.4772,11.092,-0.154,2880.0,2.101,391.9193188,60.74794951,2.34066791,5.956894237,-0.013971836,1.175976353,0.095168,204.4663156,2.397847311,31.14272051,59.69911195,5.483376,231.7833375,3.106532881,8.8420986
Driver,67.28256979,-2.9,-3.3,3.464566929,54.198,-5.568,19.577,-0.031,3.269,87.14745884,1.2952,15.612,-0.617,3468.0,11.987,187.8087101,32.87326442,4.252341068,5.763459704,-0.048567865,1.58585249,0.14306,106.8745352,5.129605895,27.6855559,51.83265562,3.678223,131.3143828,7.642514904,18.83657302
Driver,87.61408375,-0.6,5.4,0.826771654,53.003,4.504,16.094,2.281,-3.084,110.1697835,1.2574,13.113,2.99,3320.0,-6.281,291.7929772,49.74372184,7.20968437,5.758376326,0.2800174,1.344884529,0.111528,156.0650547,1.359616357,31.33968787,54.90180417,4.791715,179.7032084,0.656181882,-20.34761463
Driver,102.7066929,2.127,4.514,-2.874015748,47.868,6.439,12.325,2.313,-2.201,150.0816482,1.4613,10.922,2.623,2140.0,-11.001,456.1505355,67.08429856,2.847454556,6.10254727,0.270736265,1.182887705,0.085706,240.5572089,-4.886406352,29.17155681,66.59851385,5.642686,275.8231109,-8.005427475,-47.66362412
Driver,106.9904259,3.1,-1.5,-4.05511811,48.251,1.285,15.29,-1.264,0.236,154.8091893,1.447,13.956,-1.434,2840.0,-0.834,513.9134625,119.045523,-13.70441923,5.720998331,-0.129980755,1.438691715,0.078938,253.3638626,-7.641679647,44.71663756,63.01669283,7.256624,270.1884592,-8.252917364,-3.904910348
Driver,95.36283107,-2.602,1.289,3.582677165,45.437,-1.276,11.954,-1.109,-2.398,139.7170276,1.4651,10.212,-0.815,2450.0,-7.071,409.2551154,56.34656144,-16.23545696,5.871481403,-0.089184824,1.062874875,0.088396,215.8285075,-12.41064456,27.67776639,63.39297435,5.305981,249.3542769,-15.84188432,-28.03360179
Driver,105.1136364,4.832,2.657,-5.275590551,59.147,5.552,10.18,-9.057,-11.714,140.3623837,1.3354,8.998,-6.378,4033.0,-53.847,299.5517561,32.64716751,-82.33457481,5.380902323,-0.636917546,0.850075764,0.0802816,161.1557261,-63.91676563,21.32794092,65.45266255,3.74155,194.1858024,-87.77132512,-141.2611839
Driver,83.14468504,-3.922,-1.848,3.779527559,69.654,-3.305,17.821,7.224,9.072,85.55722083,1.029,14.212,5.63,3330.0,14.76,171.3819329,26.33387384,22.76226139,5.728552608,0.581889638,1.419547395,0.1437384,99.23269064,16.08198623,23.97339554,52.93761993,3.312025941,127.2788742,22.34222004,19.19394557
Driver,98.77863278,-1.1,7.7,1.417322835,54.66,6.824,14.506,-3.593,-11.293,139.1186471,1.4084,12.589,-2.082,3280.0,-18.716,427.8824774,80.37729326,-53.87377468,5.845830565,-0.230681477,1.317665165,0.089287,218.2182298,-40.48674096,36.91774031,59.47961582,6.108896,239.5580247,-47.44168147,-98.00952343
Driver,78.33974588,-3.957,-6.698,3.818897638,64.379,-8.599,20.856,1.569,8.268,91.67054402,1.1702,16.975,0.173,3730.0,11.754,215.1310287,42.90887758,9.014003706,5.48190942,0.032269235,1.660452723,0.130196,119.8718938,8.381210032,31.91768888,52.14058593,4.171769483,140.9856912,11.09429837,24.0603438
Driver,103.5589656,2.419,7.296,-2.755905512,44.729,9.739,9.398,1.698,-5.598,150.9835809,1.4579,8.293,2.598,2126.82,-27.207,396.7770504,41.6185529,-13.00228593,5.433923084,0.231807624,0.793998084,0.0750632,214.1642722,-19.18110777,20.84730332,71.05613489,4.57252,256.0745807,-29.22411206,-86.49012781
Driver,78.75805297,-5.1,10.7,6.181102362,60.362,7.699,10.363,-3.548,-14.248,101.1770759,1.2846,8.279,-1.406,2850.0,-33.614,171.9248639,15.00213561,-15.458295,5.988015516,-0.185286528,0.849290768,0.124154,100.2811011,-14.50986033,14.32350728,62.69691839,2.676022,142.2024272,-25.98486132,-36.2124033
Driver,100.0917144,-0.765,0.966,0.984251969,46.431,0.239,16.822,-1.086,-2.052,142.1868289,1.4206,14.734,-0.83,2969.03,-4.218,462.7145682,102.3379494,-16.43068254,6.260863105,-0.095454882,1.670489942,0.0944694,234.2204843,-11.60417364,41.44655372,61.87302177,6.72186,252.2284826,-13.02813626,-24.64280665
Driver,75.53239084,-2.407,-11.309,2.204724409,62.684,-12.553,11.802,10.895,22.204,85.41942555,1.1309,7.501,3.914,6861.98,44.771,104.4309671,8.021510253,14.6212769,4.863635153,0.379441409,0.61525351,0.1193672,61.97867709,12.29685129,11.7862533,57.71101332,1.85791142,93.9322906,22.89237513,24.36500174
Driver,84.57408733,-4.9,0.3,4.291338583,63.89,-2.107,27.411,1.053,0.753,113.6710361,1.3441,22.037,1.024,6060.57,1.582,310.6717488,107.2804273,7.920067647,4.456090104,0.075565907,1.828073707,0.08815,154.912107,4.984753945,51.88185361,58.16249824,6.195004,160.5602837,5.212754669,6.65076941
Driver,118.9155333,2.4,0.0,-2.874015748,42.554,1.88,14.15,1.313,1.505,171.639898,1.4434,12.066,1.184,3580.0,-9.24,578.2925363,144.3601941,-26.49199972,3.467478455,0.059861563,0.74997693,0.042593,273.6478374,-22.03846982,49.32514665,65.24599614,7.934952,285.4890488,-23.85889197,-83.00953416
Driver,80.63707946,-1.553,5.069,2.440944882,39.571,3.189,26.114,-0.71,-5.779,99.09918576,1.2289,21.197,0.436,4942.59,5.37,258.5443862,73.35363216,8.433601921,5.830982944,0.054193961,2.274136179,0.132065,136.3924641,6.646140503,43.61257179,53.50254993,5.230542,147.9767917,7.531922972,16.82788223
Driver,99.65774875,-0.112,-2.206,0.157480315,42.857,-2.327,15.326,4.033,6.239,141.0198193,1.415,13.284,3.172,3090.0,6.097,451.4019383,91.43993966,38.23424027,6.02266085,0.339455963,1.436279705,0.091028,228.3709524,24.02120029,39.38548346,60.53134554,6.464466,249.1101987,27.11624371,34.25375284
Driver,75.1476378,-4.296,3.782,3.937007874,56.542,0.937,30.374,1.708,-2.074,98.85088583,1.3154,23.151,2.206,7086.7,-2.038,251.9421815,81.43338337,6.508224827,6.287642279,0.236932429,2.727791606,0.145388,130.8494311,2.827922921,47.61831448,53.82316063,5.38225,136.1427205,2.890790629,-6.629135517
Driver,100.984252,2.3,0.1,-2.992125984,47.562,2.243,15.624,3.036,2.936,146.8470383,1.4542,13.731,2.648,2830.0,4.323,481.9512054,99.73695763,32.01872843,5.690955365,0.266549953,1.402228777,0.082641,244.2994641,19.81931968,39.99911197,62.59115747,6.720587,265.4286332,22.1855244,25.64627205
Driver,79.6595383,-2.855,-8.459,2.519685039,65.384,-9.768,23.21,-0.487,7.972,106.1041518,1.332,19.64,-1.69,3940.0,12.935,290.3745806,75.47134616,8.948967821,6.106657678,-0.158647131,2.187200047,0.127552716,153.5447771,10.55135988,41.61471541,55.33703754,5.427933042,168.6857189,12.70651205,45.19312714
Driver,102.2950966,3.417,5.701,-4.606299213,48.149,8.767,13.386,-0.994,-6.695,150.3641732,1.4699,12.038,-0.06,2430.0,-29.048,444.1281817,70.34605124,-47.70760051,5.949293854,-0.028631571,1.272031023,0.083745,234.5969157,-43.53331444,30.50048767,65.38178124,5.644197,266.5513076,-55.85517487,-129.8756645
Driver,101.0043844,0.916,1.464,-1.141732283,49.577,2.245,9.185,0.591,-0.873,144.5029528,1.4307,7.608,0.76,2275.8,-6.522,397.3190177,40.84091147,-2.997908999,6.105200523,0.075724859,0.820621588,0.088205,210.6189277,-4.585335052,21.50633644,67.25251376,4.730887,252.5653127,-7.086081548,-22.1338286
Driver,99.74275233,-2.8,-1.0,3.228346457,48.048,-3.995,24.595,3.664,4.708,127.4400501,1.2777,20.525,2.822,5230.0,6.667,365.1062522,128.5632651,34.34056689,5.856167588,0.30776298,2.236680757,0.102634,176.8446176,21.83215768,54.20589808,61.64691238,6.820366,182.5280423,22.74436048,39.49693341
Driver,98.65783822,1.89,3.416,-2.559055118,46.519,5.209,18.662,1.347,-2.068,142.8784896,1.4482,16.2,1.668,3520.0,-7.465,464.8329767,121.8491328,-7.463535391,5.642917452,0.156766696,1.658081381,0.085352,230.0222154,-9.603964156,46.87545032,62.7567193,7.130385,243.8012274,-10.89021091,-48.86861463
Driver,24.35352541,-6.2,-1.4,4.606299213,72.716,-4.003,44.741,-2.093,-0.535,27.00429492,1.1088,30.848,-1.769,3690.0,-0.414,23.04156152,6.872610863,-0.735657567,5.852270166,-0.195471204,2.192980307,0.535144,14.36589231,-0.483365116,33.55351292,24.68476017,1.363506,19.95252885,-0.673234504,-0.119733579
Driver,100.7806908,-1.039,0.908,1.338582677,49.427,0.018,9.972,-0.362,-1.27,149.4917681,1.4833,7.689,-0.095,3411.39,-6.519,472.6607656,67.75737388,-16.78694865,5.731168782,-0.015386867,0.795745864,0.0800632,232.8728662,-12.89075774,33.38685656,58.27130124,6.07727,247.3489117,-14.46318941,-37.51564318
Driver,111.8848425,-0.401,-5.403,0.511811024,47.357,-5.773,9.577,-2.812,2.591,159.7199356,1.4275,7.576,-3.339,3280.53,-2.675,501.2477164,81.5280634,-28.50974652,247.8155102,-10.87201639,-0.952235717,6.15682,246.2957858,-10.8763084,35.69114554,66.50023232,6.0991,271.3188902,-10.86653644,10.41991673
Driver,96.47906228,-1.718,-5.358,2.047244094,54.671,-6.576,13.139,-5.981,-0.623,135.8442198,1.408,10.799,-5.88,3160.0,-3.556,414.8386908,67.79507209,-48.69836111,5.880348591,-0.605865073,1.134183669,0.091365,212.0067072,-27.38587588,33.81089373,58.72500054,5.806579,236.0623078,-31.10936805,-17.11398196
Driver,95.36283107,2.327,5.389,-3.070866142,48.262,7.467,14.117,-1.937,-7.327,136.8644864,1.4352,12.334,-0.79,2860.0,-21.872,404.3085494,67.68750475,-41.49245134,5.890919953,-0.10113419,1.293870111,0.091312,211.5262535,-34.9603472,32.25171853,60.83053355,5.612177,238.417171,-43.55243277,-96.2420411
Driver,84.35934145,-3.015,-0.574,4.488188976,48.358,-3.258,31.435,4.09,4.664,100.0333304,1.1858,23.704,2.879,7731.6,21.052,247.4151321,75.21821795,38.05298388,135.9388938,32.10104505,-1.197809878,5.09301,134.4364467,31.54465582,41.84662486,56.24720089,5.01888,143.4570145,34.93945286,74.82309608
Driver,92.47494631,-1.805,-1.244,2.244094488,54.425,-2.536,17.457,4.444,5.689,120.3673049,1.3016,14.575,3.547,3594.11,13.16,328.349992,64.46389605,41.67210903,182.4881083,31.8790538,-2.483687304,5.08449,178.6332255,30.79233584,32.24976227,67.23063881,4.94449,206.4227678,38.61895862,59.54167899
Driver,96.418665,-1.757,-1.34,1.929133858,54.238,-2.606,14.213,-0.158,1.183,144.1768074,1.4953,12.457,-0.293,2521.0,2.705,456.0296367,80.1499146,2.90238039,5.444714771,-0.025869625,1.2143818,0.0799744,236.3113909,3.295916585,34.50184531,62.75996619,6.12817,261.5652497,4.11064726,13.51261003
Driver,108.6502326,1.2,0.6,-0.905511811,49.89,1.085,12.858,-2.466,-3.129,157.7107194,1.4515,11.167,-1.923,2740.0,1.632,522.16247,96.58323464,-13.58971202,5.886911984,-0.204365638,1.17726548,0.078806,259.9576336,-5.578582605,38.92012306,62.27434833,6.815739,281.805335,-5.772912508,9.437362863
Driver,91.79939155,-0.517,-0.058,0.62992126,53.849,-0.435,6.952,-2.917,-2.859,133.6153364,1.4555,5.611,-2.399,1905.9,-20.013,237.7136861,13.33683973,-22.41672128,150.8450063,-22.28188,-3.623608954,3.29327,134.867194,-18.19560807,10.47190504,75.074145,2.83327,187.5991208,-30.91789908,-37.75792383
Driver,92.60916249,3.751,6.776,-4.763779528,53.3,9.577,17.348,1.322,-5.454,137.430655,1.484,15.47,2.112,2764.14,-25.399,416.5788335,85.4519655,-29.50117092,5.926488448,0.194813782,1.644173777,0.092775696,218.602821,-32.32510405,36.73991379,62.0178265,6.03880533,242.3618638,-40.10837851,-120.8122561
Driver,98.90613815,0.73,1.544,-1.023622047,46.986,2.225,15.145,-2.535,-4.079,141.5656317,1.4313,13.319,-1.998,2669.97,-10.117,446.6279097,83.90620712,-35.01843743,5.747158655,-0.208757169,1.368607113,0.086418,230.8265351,-25.10468077,36.0877207,62.06063347,6.192258,255.8927755,-29.57913255,-51.26843785
Driver,100.6845025,-4.443,-2.218,6.023622047,44.528,-6.748,11.334,-4.216,-1.998,150.3767001,1.4936,9.494,-3.977,2770.0,-4.659,475.9900651,70.7556726,-42.57369348,6.461428958,-0.452859884,1.099891405,0.0902466,241.3794741,-24.9887093,32.21898306,61.51449791,6.04732,267.0516282,-28.53018128,-24.83210363
Driver,101.9707409,-1.1,7.5,1.57480315,50.807,6.434,16.825,-1.058,-8.558,140.0563708,1.3735,14.477,0.217,3620.0,-8.895,447.1864976,105.071678,-21.036076,5.843222655,0.01242526,1.528254028,0.089457,222.6825086,-17.28201211,43.99181916,60.51643371,6.763305,238.3181831,-19.49916682,-54.36816683
Driver,101.4159807,0.7,6.9,-0.748031496,53.164,7.344,25.305,7.664,0.764,133.7734878,1.319,21.443,7.616,5130.0,2.845,401.5569862,147.8210695,57.595366,5.742870577,0.765515002,2.295343123,0.096276,192.9747486,31.66495284,55.52194085,65.55906346,7.257253,197.808406,32.53135493,18.47017731
Driver,100.4138332,4.69,2.061,-6.062992126,46.53,6.522,11.317,-0.805,-2.867,145.5778006,1.4498,9.864,-0.168,2287.82,-11.754,426.6032522,56.61165227,-18.71544723,6.066236488,-0.027153853,1.059940678,0.087547,225.5921706,-16.3476881,26.9066303,65.45622944,5.317979,261.2142388,-21.52966864,-47.06366115
Driver,101.5658554,2.876,0.449,-3.464566929,46.135,3.217,14.476,-4.111,-4.56,145.7377416,1.4349,13.062,-3.536,2200.0,-13.958,450.4380514,77.81477598,-50.59692481,6.200924005,-0.394132513,1.447177356,0.0904117,238.0670232,-35.60021058,32.66300339,65.34727284,5.91206,266.6564507,-42.35702949,-63.043767
Driver,96.64012169,1.212,4.592,-1.653543307,47.149,5.717,10.881,6.39,1.798,133.1305923,1.3776,9.96,6.216,1238.2,-20.55,270.7240588,28.93411101,14.1661901,162.8592004,2.054849555,-2.896855354,3.60362,154.679341,2.666210326,18.21442379,74.78400649,3.36362,203.0621947,-0.676892034,-42.28556156
Driver,99.76512169,0.685,-8.265,-0.905511811,50.275,-7.695,20.252,-0.798,7.467,141.5754742,1.4191,16.896,-2.168,5057.08,13.325,431.0406162,132.5976825,24.78128441,6.047360191,-0.208743025,1.87556509,0.0930504,208.3373879,22.51456181,51.71613584,62.8168146,7.159714941,215.8893582,23.99249266,91.0008956
Driver,116.0969936,5.1,3.5,-5.748031496,51.365,7.601,17.718,-0.866,-4.366,162.7854331,1.4022,16.288,-0.343,3360.0,-11.388,550.4534564,158.0183706,-44.25966363,5.717206436,-0.04463692,1.691709754,0.075882,264.5025996,-33.07347601,50.89300738,67.62524545,8.022573,275.4884975,-35.32711072,-94.50564231
Driver,109.9141016,3.1,2.3,-3.385826772,51.786,4.788,13.263,-3.828,-6.128,159.093146,1.4474,12.144,-2.888,2770.0,-16.607,522.8700913,100.3921283,-71.16431611,5.798583633,-0.329555291,1.260634837,0.0772,262.1539954,-49.93349888,38.98026737,63.1398658,6.839446,284.3566226,-57.01800328,-110.7107646
Driver,75.42949177,-2.565,4.337,3.228346457,55.883,2.597,2.241,-1.754,-6.09,106.5806192,1.413,1.644,-0.997,1020.0,-39.456,33.9992935,0.509674944,-0.81899607,2.364388453,-0.044080401,0.061962501,0.045540784,21.88170977,-0.670929783,1.744167624,99.53657388,0.434591243,89.87128488,-3.74797787,-0.870792852
Driver,68.52854331,4.487,7.66,-4.291338583,58.692,10.395,18.802,-11.619,-19.279,87.51677702,1.2771,16.273,-7.891,3788.69,-41.042,168.0010197,29.04732919,-38.89014357,5.925301833,-0.873019023,1.684592001,0.146949,97.76507961,-30.53602628,25.84289908,53.45436276,3.260632,123.6347874,-43.15364459,-52.48896221
Driver,78.59923049,-4.846,5.002,4.842519685,56.386,1.772,29.771,1.418,-3.585,101.6291607,1.293,22.473,2.283,7388.86,-4.346,261.4715907,83.87635721,3.777151581,6.130489867,0.234141825,2.569476521,0.137287,134.9174183,0.388432592,47.85730424,54.1809421,5.47279,140.4238152,0.285816591,-14.95899749
Driver,111.7841804,-7.272,-0.688,9.488188976,52.244,-6.359,17.383,-13.196,-12.508,140.7460183,1.2591,13.988,-11.368,5341.67,-17.817,419.8688097,109.8416661,-128.3414045,6.512140764,-1.314882462,1.67753863,0.0992369,204.6973466,-76.91613091,47.37160709,59.22209133,6.723,213.6834044,-81.3939999,-114.0480707
Driver,93.63144238,-0.7,-3.1,1.023622047,47.09,-3.825,9.235,-6.054,-2.954,140.0297513,1.4955,7.834,-5.371,2980.0,-9.461,409.3440499,50.30110556,-56.30344552,5.934631117,-0.591880121,0.829089538,0.088646,208.4236918,-34.10260156,27.74723789,59.3107303,5.292012,237.4607105,-40.82823438,-44.1192666
Driver,110.1266106,1.491,1.168,-1.692913386,57.293,2.126,19.301,-1.894,-3.062,155.2668665,1.4099,16.588,-1.4,4245.0,-6.115,505.5143702,158.726421,-34.1952636,5.116716536,-0.13125291,1.558887711,0.0712192,239.1628232,-22.34339387,53.99213403,68.08303643,7.85907,246.2971634,-23.29485985,-49.55703337
Driver,105.6035254,-0.943,1.879,1.299212598,42.712,0.857,15.346,3.236,1.357,149.8331246,1.4188,13.937,3.113,2103.04,-0.508,483.5762064,91.55628952,24.82548908,6.013194913,0.326159177,1.498330687,0.085608811,253.1921461,12.90272331,35.63727375,66.43898929,6.338183304,281.4986487,14.25588322,-2.544434607
Driver,99.97986757,1.248,3.897,-1.88976378,43.81,5.198,16.294,1.125,-2.772,143.730986,1.4376,14.172,1.533,3080.0,-8.466,466.6969219,101.5805313,-8.305726286,6.105012315,0.154550886,1.557106388,0.090899,235.1926629,-10.59991485,41.4761163,61.60910162,6.732604,254.2092783,-12.62336311,-50.64530226
Driver,64.72127774,0.4,1.4,-0.236220472,58.088,1.232,39.885,6.094,4.615,74.68257874,1.1539,33.583,5.074,4700.0,3.18,166.5562782,68.02218634,15.60018474,4.512195241,0.404645873,2.976357527,0.152415,88.93672334,9.750289649,50.42172786,50.11937835,4.610797,95.95334796,10.5868902,5.681177029
Driver,78.27040086,-6.3,7.9,5.354330709,67.842,5.338,21.847,2.069,-5.831,106.1737205,1.3565,18.256,2.922,6570.0,-9.059,275.059322,74.75686624,-0.045415089,5.916655662,0.28016579,1.983795433,0.122974,141.8434259,-3.807686165,44.52129226,52.8162176,5.375239,150.1116507,-4.462048309,-33.09239857
Driver,112.0190587,0.8,-1.6,-0.669291339,48.193,-1.545,12.277,-1.273,0.452,166.139719,1.4831,10.701,-1.273,2601.68,5.787,558.1418235,101.3325193,3.625619745,6.244994232,-0.140564937,1.197120101,0.07925,276.8092875,6.747720707,38.82506612,63.63984083,6.998812,299.3948417,8.320984402,38.6816463
Driver,74.67564424,2.256,-1.855,-3.622047244,50.722,-0.009,17.268,-2.802,-0.947,103.0082319,1.3794,13.356,-2.546,4007.69,5.494,238.7112895,40.28146789,-4.031460148,138.7270135,1.017089304,-4.03068355,4.3191,131.6085419,0.558987518,28.31410778,57.74014578,4.0291,156.5236853,2.079771375,19.21387995
Driver,92.26914817,2.562,-7.578,-3.267716535,46.064,-5.107,21.12,-0.202,7.376,125.9189334,1.3647,18.129,-1.479,4030.0,13.601,378.7806904,103.8276951,19.71134437,5.862161439,-0.132979761,1.940247676,0.101985,191.4134443,18.82575559,46.10837691,59.38086923,6.435745,204.3560445,21.23022229,71.20805408
Driver,92.97378311,2.974,-6.151,-4.094488189,48.985,-3.56,20.256,1.081,7.231,133.711301,1.4382,17.716,-0.056,3661.43,14.474,417.5788399,112.8813851,33.94460225,6.262450586,0.013354547,2.028964293,0.102208,209.6166996,27.76672406,46.19668966,61.24911005,6.75948,222.4028591,30.6916683,83.90934432
Driver,99.37365784,-2.9,0.5,3.503937008,53.961,-1.577,11.139,-2.137,-2.637,142.9561113,1.4386,9.527,-1.671,2330.0,-6.326,417.3815469,56.14615043,-21.98184089,5.902814148,-0.177339556,0.998498748,0.08671,217.7693678,-15.0258771,28.13530995,62.35479541,5.358673,249.8614915,-18.56965409,-26.05319309
Driver,100.4317287,1.189,1.793,-1.535433071,49.158,2.821,16.062,2.391,0.598,147.1942108,1.4656,14.026,2.306,2980.0,-2.396,486.2099495,105.8107476,13.03712142,6.02184923,0.23997724,1.519361289,0.087444,244.1015212,4.863395999,41.69629475,62.43623233,6.874634,263.5140676,4.914036076,-14.88109822
Driver,72.98004653,1.249,2.027,-1.496062992,52.761,2.976,14.476,7.191,5.164,105.2330888,1.4419,11.672,6.062,3146.66,27.377,241.3694126,34.30565894,51.3801428,133.6826931,40.71959504,-1.393451373,4.06669,130.8910785,39.23028983,26.03940472,54.85332686,3.94669,156.8297208,52.96592113,77.47104013
Driver,95.99588404,-5.066,-3.578,6.456692913,48.83,-8.024,16.81,6.257,9.835,125.4574535,1.3069,13.407,4.645,4660.0,15.913,361.4647432,77.90660213,59.90372447,6.223333501,0.528591371,1.510554951,0.10624443,182.9005063,40.0581642,40.57925446,55.64436626,5.843661076,197.6108006,44.93186813,76.42379299
Driver,80.14271654,0.735,0.638,-1.023622047,50.841,1.236,17.813,-3.636,-4.274,109.535612,1.3668,14.425,-2.747,3799.58,2.997,276.223881,53.64757728,-8.589022324,155.2312948,-3.382661304,-3.6053169,4.82092,149.6094156,-3.373955845,32.28559373,59.51240477,4.59092,172.8838628,-3.398181838,11.39475866
Driver,97.11435218,-0.968,-0.42,1.220472441,44.702,-1.398,13.428,-0.701,-0.281,131.460272,1.3537,11.574,-0.664,2420.0,-0.716,376.9420263,55.88490627,-5.250780519,6.156306922,-0.071953089,1.264673295,0.098975,201.9657323,-3.194950151,28.29027323,62.57925361,5.17418,232.0159159,-3.798770521,-2.563508345
Driver,100.2975125,-5.252,-2.744,6.88976378,51.304,-6.967,9.101,-6.876,-4.132,142.1651306,1.4174,6.668,-6.166,3575.55,-7.189,389.3850482,45.25006321,-57.77720604,202.9617408,-35.83103174,-1.619372568,4.88673,199.5866447,-34.97984049,25.6289787,64.34512975,4.76673,231.3051576,-42.92525239,-41.01542323
Driver,26.48308876,-7.2,-1.6,5.31496063,69.736,-4.993,43.544,-3.923,-2.166,28.05677344,1.0594,29.455,-3.106,3890.0,-1.706,24.24282508,6.877343005,-1.30293192,5.922552964,-0.330484423,2.158672999,0.513819,15.16470412,-0.862893297,32.2225273,25.46085361,1.370151,21.11464509,-1.210399908,-0.123846212
Driver,98.841267,-1.626,-2.415,2.362204724,48.456,-3.856,18.499,-1.611,0.804,136.1079545,1.377,14.06,-1.797,5999.77,11.532,385.674404,109.1219696,29.61564622,186.7455419,31.45023497,-1.902666043,6.78233,185.0210982,30.62801335,47.84483105,54.97742143,6.68233,192.5375523,34.20172422,109.0046205
Driver,79.74677881,-6.4,-5.8,4.566929134,70.678,-8.72,30.394,4.57,10.539,82.48613099,1.0344,22.727,2.019,6530.0,11.201,183.4079787,51.50562245,14.25812504,5.947290297,0.23603514,2.483753946,0.164628,100.1565141,10.79168754,41.10464418,48.01633278,4.293017,109.057677,12.19717499,21.83077852
Driver,112.2449893,7.9,4.1,-8.858267717,53.349,10.078,14.544,-0.402,-4.588,165.7095562,1.4763,13.824,0.105,1435.9,-13.1,536.8895543,98.53933271,-22.97257619,5.577113679,0.00310744,1.376056842,0.071614,284.1137048,-20.68126968,34.32152301,72.86646917,6.363317,317.0997389,-25.41426715,-63.60155689
Driver,103.7804223,-0.87,-0.592,1.062992126,50.534,-1.309,13.562,-0.631,-0.039,155.0867931,1.4944,11.859,-0.626,2623.12,-4.78,495.4709531,95.29801974,-23.84122564,237.1543984,-18.59224182,1.614435776,6.57615,238.9012614,-18.87043558,41.99238114,59.83310934,6.65664,256.6116317,-21.72985427,-48.80201507
Driver,95.90640659,-8.796,-5.976,9.645669291,56.828,-11.782,12.548,2.886,8.862,130.1530064,1.3571,10.252,1.905,3217.34,22.269,361.2978878,50.91645694,43.84398731,6.161168609,0.22797026,1.123202684,0.0997095,189.320372,34.52124129,28.33204502,58.84635594,5.04786,207.5568988,40.67431361,84.94262737
Driver,81.98818898,0.358,-6.247,-0.511811024,47.302,-5.916,5.967,-1.576,4.67,116.4401396,1.4202,4.344,-2.935,2443.72,1.083,159.7623124,6.809630131,-7.853511657,125.7052563,-5.853277635,-5.098395449,2.83436,95.96892215,-4.578247924,6.540319521,81.44971722,2.04436,153.2971608,-7.123645162,1.008182373
Driver,89.53113815,3.227,7.174,-3.937007874,53.047,9.604,11.553,1.323,-5.851,133.144685,1.4871,10.032,2.414,2460.0,-31.707,329.58271,39.08723285,-15.33105964,5.881429144,0.222546231,1.036104774,0.092862,181.3525407,-20.84979188,21.79472209,66.59219925,4.279005,221.7074848,-32.57799876,-85.25750742
Driver,96.97789907,-2.1,7.1,2.598425197,52.17,5.447,16.092,9.632,2.532,140.3147369,1.4469,13.761,9.306,3280.0,2.062,451.2649696,97.29926999,76.12016963,5.926936745,0.960545219,1.467863121,0.090233,226.8645318,40.64509165,41.4502462,60.50931699,6.617417,245.2885557,44.21586204,12.05432833
Driver,96.02720115,-3.586,2.105,4.68503937,47.737,-1.16,9.956,2.249,0.145,136.4039012,1.4205,7.284,2.22,3620.07,3.639,377.2811189,46.76838496,25.13870055,202.3017929,19.06073382,-4.204702837,5.10807,194.4348663,17.73219545,26.63037833,63.08694268,4.81807,224.4710006,22.65541284,30.65557479
Driver,113.9875626,4.9,4.3,-5.511811024,50.498,8.336,20.586,1.001,-3.299,165.7737563,1.4543,19.104,1.407,2493.77,-8.05,581.9831808,173.0772366,-13.65601035,5.428543266,0.120853375,1.893390252,0.071756,286.450551,-14.77092897,50.11932787,71.63543059,8.248515,299.3624147,-16.09569007,-65.37214525
Driver,84.54948103,-5.112,-6.621,5.275590551,56.292,-10.043,17.584,-2.0,4.621,119.7637795,1.4165,14.834,-2.593,3340.0,7.349,348.8983945,71.0068378,-3.967738119,5.561847182,-0.244228574,1.484614158,0.0996352,182.5215358,1.720358718,36.87772546,57.10198355,5.59919,201.3689889,2.79686253,29.92702917
Driver,92.10361489,-1.1,1.9,1.181102362,58.464,1.232,20.434,4.825,2.89,123.6084019,1.3421,17.907,4.461,3130.8,5.343,375.7198214,94.37835352,38.13954388,5.709673251,0.450065862,1.855429299,0.100879,193.6228945,23.43778113,42.95387328,59.22078574,6.232453,210.5763585,26.05557877,25.25230383
Driver,101.6620437,0.243,-4.17,-0.275590551,53.002,-3.987,11.111,1.256,5.425,143.8795186,1.4153,8.872,0.116,3578.7,-1.899,440.2956124,63.740912,-1.06656161,227.2713633,-0.27182472,-4.223347315,5.85313,220.7381894,-0.295040665,32.23470362,61.53202091,5.59313,245.5589764,-0.213112736,-2.225825717
Driver,94.57095562,-3.5,0.1,3.42519685,56.563,-2.36,13.603,0.636,0.536,140.1937187,1.4824,11.766,0.727,4210.0,6.456,433.5120093,95.3834207,21.49704172,5.621020276,0.062205961,1.196586215,0.085053,212.024944,15.32444164,43.90856467,57.75467788,6.567,226.1348861,17.04171085,37.92008517
Driver,81.01064782,-0.749,3.229,1.102362205,53.411,2.673,7.507,-4.964,-8.193,109.2376521,1.3484,5.122,-2.572,3651.44,11.777,221.1240083,15.42288487,-0.393991756,132.7794163,5.034909879,-5.349130483,3.7331,116.9846208,3.151756345,15.03004371,58.08832309,3.1331,151.5916198,6.85926203,25.18900938
Driver,96.23076235,2.496,4.304,-3.228346457,48.612,6.505,12.038,8.639,4.335,138.8448461,1.4428,9.429,7.432,3950.9,7.297,426.6008492,72.79843785,71.29115275,5.826029526,0.761530515,0.989275514,0.088257,211.1416612,40.48738378,36.92779536,56.62357201,6.031231,230.4855882,45.29457474,40.0290377
Driver,93.74328919,5.186,9.029,-6.25984252,56.525,12.47,17.869,2.624,-6.406,133.8443987,1.4278,16.239,3.49,2430.95,-18.223,408.9728428,85.24635728,-4.673717006,5.830569314,0.339169013,1.699416551,0.094034381,217.3713903,-13.43815587,36.47892922,63.13011232,5.986564201,242.5989854,-17.90272936,-79.86078517
Driver,86.65891195,-6.238,-6.137,6.57480315,54.871,-10.548,14.021,-3.165,2.973,120.8842609,1.3949,11.516,-3.545,3040.0,5.365,335.7394161,51.0807518,-13.62723388,5.49769176,-0.335343277,1.125590546,0.0961024,178.3048912,-4.849012882,29.29112536,57.96267548,4.99163,203.7689358,-4.675376789,18.54365041
Driver,87.63197924,-2.631,0.902,2.322834646,62.917,-0.445,45.163,-4.686,-5.588,79.18105762,0.9036,39.056,-3.651,4832.29,-3.447,185.1046555,91.35165011,-13.32894237,3.526158248,-0.22884703,2.857096244,0.1200328,93.97934503,-8.531384403,56.60212383,55.25456809,5.201517754,98.43232663,-8.97237789,-7.662846279
Driver,97.42081246,2.24,5.681,-3.070866142,47.594,7.728,14.32,-1.263,-6.944,139.8440855,1.4355,12.613,-0.245,2740.0,-20.679,421.2441532,72.39608336,-37.41222862,5.897094068,-0.043440781,1.325517655,0.089535,220.2663899,-32.67870013,33.13705185,61.71065138,5.789833,246.8747486,-40.49221612,-95.24086777
Driver,100.0156586,3.499,3.916,-4.566929134,49.216,6.939,16.193,-1.111,-5.026,144.9120884,1.4489,14.302,-0.331,2930.0,-17.22,463.7990035,97.27451777,-41.36181069,6.153611782,-0.052797672,1.580822532,0.090903,236.1418322,-34.21350652,39.55057183,61.98108239,6.563623,257.3377485,-39.96106506,-98.58941036
Driver,65.79053329,-2.2,5.2,1.929133858,77.195,4.123,33.599,5.732,0.62,66.82466893,1.0157,26.729,5.736,4550.0,4.02,132.1827395,38.75030422,14.03294501,5.720239892,0.580403989,2.795032219,0.20149,75.96934221,8.974515779,38.5153484,45.9111155,3.569699,88.60799681,10.6277121,4.169985175
Driver,90.26709019,0.121,-0.444,-0.157480315,50.627,-0.345,8.625,-8.027,-7.583,129.4488189,1.4341,7.22,-6.754,2427.45,-29.86,275.2552884,22.67158223,-50.73921432,5.696897429,-0.690092799,0.716970122,0.0916717,154.5233807,-36.64456711,15.06378266,71.01746653,3.44555,200.4745741,-53.57103731,-56.2070258
Driver,94.94676092,-1.842,6.503,2.322834646,51.776,5.052,14.764,7.993,1.49,136.6313976,1.439,12.467,7.779,3130.0,0.129,427.2535529,80.11329054,57.06481548,5.873845704,0.795143249,1.311537946,0.091308,217.8400802,29.70343709,37.18000713,59.42247301,6.14324,239.3793598,32.66012613,0.660882178
Driver,99.11641016,3.176,8.095,-4.212598425,49.912,10.772,20.627,2.219,-5.876,138.9441661,1.4018,17.868,3.212,4020.0,-13.903,436.4635437,127.5235115,-14.78620169,5.987024326,0.317335734,1.95621305,0.094202,214.8627,-18.00622455,49.34180979,62.76443334,7.100857,225.7890206,-19.9284314,-89.92343454
Driver,97.93307087,3.5,2.3,-4.763779528,46.058,5.619,17.533,-0.279,-2.579,142.64898,1.4566,15.351,0.205,3140.0,-9.319,455.7598545,111.6762449,-22.42750378,5.64846931,0.011168797,1.567739799,0.085218,226.4771115,-18.50954263,45.14844991,61.10650689,6.920008,242.0458815,-20.81991369,-57.95108927
Driver,109.8223873,-1.1,0.7,1.338582677,55.971,-0.104,14.744,-0.23,-0.93,160.284762,1.4595,12.38,0.031,3760.0,2.963,529.2300727,131.3993917,9.848204325,6.039335783,-0.00526329,1.354137574,0.080078,252.7568405,7.489043031,48.53213678,63.1317635,7.572891,264.8136647,8.120949326,22.05704212
Driver,99.41839656,1.3,4.1,-1.771653543,48.943,5.267,17.191,1.925,-2.175,144.8624284,1.4571,14.966,2.352,3230.0,-8.478,474.432297,111.8348757,-3.214327499,5.766439036,0.22850135,1.557376569,0.085457,236.9921473,-8.225929525,43.90393439,62.28215198,6.971506,253.7421189,-9.828055879,-53.8169069
Driver,111.3166607,0.4,0.2,-0.31496063,53.707,0.162,14.843,-0.17,-0.418,162.9272548,1.4636,13.253,-0.09,2573.57,-1.646,554.4025191,119.1234275,-5.925692731,5.752742897,-0.013547489,1.369181204,0.07511,275.6406924,-4.448840029,42.51271444,65.05066613,7.323473,295.1146176,-5.000339233,-12.04774719
Driver,111.3166607,2.595,-0.86,-3.228346457,43.704,1.858,17.963,1.047,1.906,162.2501342,1.4576,15.692,0.751,3686.69,6.801,547.1980978,159.4914996,32.51125319,6.126729015,0.089318878,1.769826026,0.0814446,260.5783141,22.60329635,51.98279321,67.91903619,8.04588,265.0388045,23.1954325,57.59644794
Driver,93.52406943,3.599,-5.703,-4.409448819,49.664,-2.642,19.451,-0.03,5.673,117.7368916,1.2589,16.569,-1.121,3580.0,10.741,342.1990702,78.55817768,10.90041451,5.919825074,-0.101870735,1.772183797,0.109129,178.0819671,11.46646563,39.88710218,56.93793638,5.738291,195.7292369,13.81203292,44.82305378
Driver,100.7448998,-6.393,2.601,8.267716535,49.06,-2.976,29.849,11.412,8.811,119.9413923,1.1905,24.184,9.803,6950.0,12.609,329.4317741,127.5740042,79.50618921,6.043218359,1.059438598,2.783426057,0.115743,161.1638652,48.71999562,55.00141267,61.74951173,6.58955,162.1284766,49.06104952,65.55763052
Driver,91.00751611,-1.257,5.491,1.692913386,50.655,4.46,19.871,1.975,-3.516,128.1742126,1.4084,16.601,2.556,4220.0,-5.983,389.0786459,103.1680023,3.051024354,6.285524441,0.271015854,1.902695289,0.106653083,194.7112706,-2.201655318,46.23176962,59.06995655,6.493388039,207.2452749,-2.835407014,-32.64665601
Driver,88.36793128,-4.959,6.42,7.204724409,42.726,1.03,53.287,-15.389,-21.809,78.28784896,0.8859,44.397,-9.702,7460.0,-9.695,174.1228079,100.3443469,-33.25351928,3.201398108,-0.553146877,3.139120143,0.119941,83.21545535,-21.33580424,61.58994263,56.59654299,5.29168,82.50380405,-21.13964948,-22.42692879
Driver,117.6516643,5.3,3.9,-6.023622047,50.194,8.257,23.801,4.179,0.279,167.4545902,1.4233,21.83,4.149,4740.0,0.436,524.6667036,230.5060733,36.02097499,5.216737226,0.376878474,2.124521696,0.069771,233.5774985,18.26481354,63.30050202,79.6656909,8.748907,232.5462952,18.18164418,4.107772193
Driver,93.32274517,-5.6,1.6,4.68503937,57.267,-2.511,19.646,1.887,0.273,129.8628758,1.3915,14.245,1.944,6957.46,0.051,366.48505,100.6985764,11.20863405,5.963620644,0.187612301,1.562507351,0.09901,179.3136714,5.734323291,48.74617629,57.0317721,6.351744,185.5644647,5.936356181,-1.046004563
Driver,87.38144238,1.748,-0.542,-2.440944882,49.345,0.96,14.135,5.002,5.544,127.643835,1.4608,12.021,4.024,2940.0,15.844,364.761703,58.34071415,47.82711698,6.202989236,0.452542757,1.326030269,0.103102659,192.82411,33.7518593,30.76366076,59.34304566,5.271579401,219.9934754,41.33674654,61.03876434
Driver,77.09824624,3.108,3.095,-3.307086614,55.043,5.27,12.847,7.112,4.016,100.6100125,1.305,11.543,6.56,1410.0,14.679,180.3653447,20.58561279,23.81317031,6.473980326,0.751564478,1.277165241,0.135927,109.4928977,16.30301034,16.44362893,69.52062623,2.80262,155.1993029,24.71237325,11.48052978
Driver,96.25984252,-2.3,-3.5,2.834645669,50.123,-5.536,11.106,-0.297,3.203,127.6245974,1.3258,8.874,-0.599,2910.0,-4.61,351.912531,44.67689403,-10.0580241,6.055375149,-0.068279611,0.955228369,0.099636,183.2188713,-7.460583816,26.90424749,57.68083127,4.904545,212.5993911,-9.571950685,-16.63900161
Driver,80.2142985,1.675,5.481,-2.480314961,47.763,7.003,14.683,-1.78,-7.261,109.1879921,1.3612,11.687,-0.051,3725.08,5.406,271.0964173,42.34465693,5.741750591,153.3445463,5.625786805,-4.272370093,4.65262,145.8575188,5.087680315,28.46344466,56.85360669,4.34262,170.7455051,6.817085082,15.652289
Driver,100.8231926,-0.658,6.264,0.826771654,52.156,5.753,14.706,-7.09,-13.354,136.5161954,1.354,12.726,-5.28,3590.0,-15.985,419.2144789,83.27494742,-72.28502256,5.908582141,-0.561125687,1.350734524,0.092103,211.8057729,-47.77801421,38.91917726,58.4167545,6.18382,230.573836,-54.23338711,-85.75993617
Driver,114.5042949,2.472,-4.146,-3.385826772,45.561,-1.719,19.456,0.539,4.685,164.6197208,1.4377,17.069,-0.161,4050.0,9.655,544.912934,178.8571489,37.7922802,5.626799327,-0.006112547,1.755457124,0.074218598,255.6344366,28.06654476,55.13315166,70.3218159,8.287814236,262.0720508,29.18205647,86.34125437
Driver,84.98120974,-0.784,8.227,1.023622047,52.338,7.622,14.527,2.34,-5.887,115.5514048,1.3597,12.569,3.122,2410.0,-13.746,292.9127561,42.57605283,4.357179188,5.576752948,0.292328067,1.235277948,0.102415306,163.022848,-2.373739807,25.18260545,61.66382525,4.378795077,197.522982,-5.316360582,-33.743585
Driver,91.53319613,-1.152,-9.461,1.338582677,50.89,-10.398,5.274,-2.466,6.995,131.1180208,1.4325,4.491,-3.325,1510.0,35.197,168.3154194,7.485804586,-3.948766401,6.167118312,-0.336899591,0.468530031,0.0974134,101.9889666,0.658575485,6.708598652,93.57251691,1.90443,165.9440742,5.425173538,19.7179976
Driver,82.71966714,-2.4,-1.4,2.322834646,70.028,-2.884,50.917,-3.441,-1.842,79.89799571,0.9659,39.004,-2.683,9390.0,-0.915,179.1741779,91.34924025,-8.48647044,2.014024981,-0.099933396,1.634026464,0.067382,89.14812145,-5.105244575,58.26947238,54.56208329,5.17186,87.66224584,-5.016900412,-2.80039986
Driver,100.1252684,-0.744,-5.109,0.984251969,52.573,-5.679,9.399,0.63,5.739,134.9331156,1.3476,6.472,-1.047,4507.78,10.285,368.0592134,53.04940538,19.9187816,183.4331725,20.08262409,-4.232014103,5.53218,177.7011623,18.43880857,34.62695037,52.14850904,5.25218,194.6129911,23.13100907,64.99578408
Driver,96.58867215,-9.686,-6.312,10.7480315,54.517,-13.301,2.848,-5.211,1.101,147.3841267,1.5259,1.412,-5.337,2110.0,4.983,244.2977435,5.087599538,-20.6360955,6.188428312,-0.57215107,0.156469582,0.0867338,130.5108473,-10.29573514,4.556979265,92.36207756,2.3076,182.7811424,-13.61661706,5.551041964
Driver,89.466267,-2.964,5.068,3.818897638,51.243,2.686,20.601,-0.832,-5.899,121.1287581,1.3539,16.918,0.16,4570.0,-1.924,354.7096002,93.78355152,-2.946537332,5.803703966,0.013401826,1.79114813,0.104360133,179.1977743,-2.627946245,45.47588828,57.33536752,6.161617646,191.3616871,-2.954158952,-9.384888368
Driver,96.95552971,0.713,0.698,-0.905511811,50.43,1.287,17.735,9.862,9.164,140.1599409,1.4456,15.725,8.713,3190.0,13.724,449.0907924,106.0135038,97.92497735,5.820609647,0.895248634,1.652642489,0.089518,226.7428642,60.64070964,42.86526548,61.56300082,6.730445,244.4198777,67.03354557,80.53168988
Driver,98.73836793,3.107,3.216,-4.409448819,47.199,6.098,15.671,0.552,-2.664,145.1216893,1.4698,13.792,0.965,2770.0,-12.07,467.253307,93.89367569,-18.71796449,6.041583485,0.090540866,1.493994659,0.088866,238.79199,-18.44834727,38.45329944,62.33161487,6.503107,261.5049295,-22.16541574,-67.36607243
Driver,100.3780422,0.482,2.682,-0.62992126,46.862,3.133,14.036,0.146,-2.536,147.115918,1.4656,12.475,0.448,2321.6,-10.072,461.3964952,78.96194198,-14.73733283,5.848575492,0.038021116,1.300099958,0.084281,241.3247437,-14.2743214,33.33909283,64.56577786,6.039812,270.6662698,-17.94724857,-48.47249499
Driver,106.5631711,0.5,6.7,-0.590551181,54.138,6.97,7.692,-3.064,-9.764,155.2203382,1.4566,6.912,-1.881,2650.0,-31.364,414.4244807,40.40642541,-58.76878396,5.822846943,-0.228446858,0.711740809,0.078171,216.2202662,-46.73296804,21.37692019,66.98398566,4.717818,256.3874918,-63.78090812,-119.3351419
Driver,100.6352899,2.3,-0.5,-2.795275591,49.065,1.458,12.851,0.178,0.678,148.6352452,1.477,11.357,0.135,2210.0,-1.998,460.8997335,71.63281071,-2.363484893,5.797361044,0.012217517,1.170279842,0.082306,241.9686611,-2.469550377,30.94133148,65.57042546,5.834132,274.5752831,-3.213660464,-9.118915579
Driver,71.90184324,1.2,10.6,-0.787401575,71.469,10.619,0.36,-8.848,-19.406,73.93096815,1.0282,0.465,-6.835,1580.0,-76.058,3.714189129,0.018133862,-0.4469096,5.557077551,-1.005343425,-0.807296512,0.166418,2.52875224,-0.309287324,0.623350506,73.1704486,0.070278,46.50005293,-5.880765645,-0.02520175
Driver,104.9257337,-0.458,4.03,0.551181102,50.435,3.651,15.343,2.875,-1.155,151.0323461,1.4394,13.428,3.021,2880.0,-2.656,502.7627319,105.7865255,19.0209104,6.471153644,0.337956966,1.573898595,0.0913921,252.1090429,7.656469118,41.08557883,62.7622403,6.93169,270.8306664,7.861754508,-16.90405688
Driver,115.3923586,2.7,4.9,-3.070866142,50.825,7.101,17.703,2.461,-2.439,166.2106299,1.4404,15.987,2.731,2871.94,-7.481,576.3576538,154.7656893,1.077081966,5.712918498,0.271350117,1.653918766,0.074077,280.6418157,-6.716806905,48.76180976,68.20352571,8.03456,294.2784707,-7.767096704,-60.23117718
Driver,103.4292233,3.182,2.858,-4.448818898,47.551,5.773,11.35,0.78,-2.078,153.5386095,1.4845,10.155,1.089,1880.0,-13.446,451.1838698,59.88982423,-10.64957062,5.918270373,0.10354363,1.063323424,0.080968,241.0683534,-12.82018682,26.27718916,69.92341624,5.328886,281.6670229,-18.034105,-52.1790308
Driver,108.7553686,0.489,-0.915,-0.590551181,47.227,-0.463,13.834,-0.926,-0.01,159.546573,1.467,12.244,-0.925,2520.0,-0.029,536.2486151,101.7700646,-8.569509982,6.413405635,-0.103524707,1.416788934,0.0852384,270.5931814,-4.427228113,38.37095279,64.49755039,6.88603,292.925591,-4.797312676,-0.176668059
Driver,81.71304581,-6.378,5.99,6.181102362,58.325,2.035,24.156,2.669,-3.321,106.7741142,1.3067,19.898,3.182,4540.0,-4.717,293.5427318,81.23386999,8.730934318,6.177106211,0.334212308,2.254707378,0.128646,152.7658796,2.647508634,44.06880519,55.26213707,5.584612,165.206024,2.536497768,-17.50500764
Driver,86.27415891,-3.717,3.772,4.68503937,52.205,0.885,10.868,-0.003,-3.776,127.1411954,1.4737,8.668,0.578,2870.0,-9.463,339.3725398,39.11191917,-7.765329462,5.795714646,0.049786979,0.887942004,0.095523423,180.4274504,-8.23842601,23.59487857,60.77722643,4.60157669,214.9394919,-11.83760406,-30.16869074
Driver,93.15944882,-0.205,2.007,0.275590551,50.678,1.839,18.002,-0.533,-2.54,130.1729152,1.3973,15.312,-0.137,3512.25,-0.806,393.2975158,85.26381028,-5.173370651,175.5671461,-3.689785697,18.67467864,4.75962,205.8717924,-5.161747385,38.37844651,61.10372079,6.0155,225.8828628,-6.14971049,-14.00888275
Driver,99.83446671,-2.7,4.3,3.267716535,55.395,2.239,8.378,-4.301,-8.601,142.5017895,1.4274,7.255,-3.369,2000.0,-13.241,354.270084,31.77128644,-32.71179474,5.746564842,-0.346418453,0.731737592,0.084023,193.6935301,-22.68426516,17.66956142,72.38134624,4.129581,243.195468,-31.59165554,-34.02223913
Driver,99.72038296,-2.442,-7.342,3.42519685,47.05,-9.617,23.529,3.822,11.164,132.702219,1.3308,19.633,1.969,5610.0,14.796,387.7731133,130.4931595,52.2054261,6.008651335,0.231687621,2.185751843,0.1004488,188.7605279,36.69828592,52.75647042,62.26429618,6.911506173,194.8543935,38.4127186,90.94437069
Driver,96.26655333,-0.7,0.3,1.141732283,51.104,-0.318,25.534,-5.305,-5.605,124.5828114,1.2941,21.224,-4.233,5456.97,1.539,352.3646878,127.1416301,-20.45795829,5.484388705,-0.402333579,2.170792689,0.098734,170.8095431,-9.736696917,54.61742552,61.39881285,6.737766,175.8940762,-9.984450556,8.631776862
Driver,91.19318182,-0.437,1.319,0.472440945,52.403,0.982,13.267,10.132,8.814,122.9111489,1.3478,11.509,8.961,2560.0,22.29,316.2626582,43.36295273,69.70255878,6.459374003,1.028593164,1.310759951,0.111162,173.8779615,47.26749476,24.8231741,62.36842725,4.49924,206.0259341,59.90110845,61.88069458
Driver,69.8103078,1.024,0.489,-1.496062992,43.955,1.552,18.569,8.321,7.832,101.5224588,1.4542,16.356,7.27,2449.17,12.393,250.4759511,45.74466663,39.65946291,5.862951553,0.755100207,1.699560268,0.124952,141.9261119,26.54465136,29.00391897,58.1860073,4.318327,170.7321162,33.58537976,26.0643183
Driver,84.93199714,-2.655,1.837,3.070866142,56.076,0.049,21.837,-8.55,-10.387,106.6944792,1.2562,17.783,-6.679,4680.0,-14.728,284.7292292,69.5031665,-51.75853943,5.984971007,-0.720683369,1.934255015,0.1230024,149.5694359,-34.21681991,40.45597307,53.85381628,5.263633538,163.8039234,-38.69643422,-51.14999724
Driver,111.2159986,1.873,-0.748,-2.204724409,48.659,0.901,13.561,-0.706,0.042,161.9669381,1.4563,11.577,-0.713,3191.84,0.131,551.4925358,115.820064,-6.285037931,6.38786084,-0.079333006,1.34776861,0.0835217,268.5007794,-3.012613961,43.29812265,62.83621491,7.35191,284.8482148,-3.179129606,0.985798465
Driver,80.4670723,-1.1,5.3,1.496062992,54.464,4.343,3.254,-8.352,-13.652,115.1223604,1.4307,2.673,-6.579,2140.0,-37.178,95.32701938,2.452260129,-13.55389849,5.771734829,-0.68857213,0.25168104,0.103796,59.04956449,-9.886596665,3.699891276,90.75395534,1.185745,124.5254807,-24.50410334,-9.454509927
Driver,104.6975662,4.5,11.5,-5.826771654,48.205,15.614,14.739,8.548,-2.952,145.8140211,1.3927,13.076,9.135,2510.0,-8.966,461.1363749,88.56747035,53.13577039,5.796839152,0.912772773,1.357051942,0.084579,235.7876401,21.49875983,37.66133906,61.63724423,6.37225,259.1554831,22.14519438,-48.15573688
Driver,98.77863278,-1.4,-11.2,1.338582677,48.158,-13.058,16.81,-4.788,6.551,137.9084646,1.3961,14.282,-5.705,3680.0,4.614,435.4791316,102.7045553,-30.72533629,5.723521704,-0.567398782,1.4775731,0.088927,216.2877878,-12.43772703,44.31213259,59.6801255,6.690186,231.3877748,-12.80652258,27.26618829
Driver,81.68620258,1.161,5.279,-1.535433071,47.847,6.331,4.891,1.736,-3.543,121.4774964,1.4871,3.924,2.658,1610.0,-31.592,130.4251378,4.945125218,2.686343869,6.32643434,0.271999957,0.412677156,0.10785,80.38330425,-0.200645889,5.457003892,92.35145368,1.56379,142.8388241,-3.569561865,-11.78439279
Driver,103.371063,-2.5,4.5,3.267716535,51.252,2.396,7.415,1.047,-3.453,150.760111,1.4584,6.418,1.392,1580.0,-8.675,361.346798,28.38746316,1.74157376,5.802679446,0.135911496,0.652664808,0.079998,198.9399374,-1.790033126,15.35827146,79.17532856,3.899156,256.3467949,-4.331286181,-19.86622865
Driver,93.17734431,-0.299,-2.773,0.393700787,46.984,-3.052,18.517,-3.629,-0.856,130.1885737,1.3972,15.81,-3.498,3501.92,-0.672,405.1352674,96.69110152,-25.45261081,5.92982864,-0.362644863,1.69615238,0.098375,205.1300821,-13.70176395,42.95750544,59.37576209,6.415244,221.7087777,-14.88398911,-3.565329805
Driver,90.35880458,-2.0,0.4,2.007874016,51.839,-1.832,22.765,1.175,0.835,129.5116768,1.4333,17.826,1.065,6350.0,2.398,370.3537888,119.3759461,12.42529163,5.81320632,0.107029756,1.915246146,0.09855,180.2156695,7.854802532,52.31556055,60.22761358,6.686413,185.3479883,8.152126005,13.52105005
Driver,103.1384216,-1.142,-2.334,1.377952756,47.857,-3.368,11.217,-3.701,-1.367,153.2155959,1.4855,9.164,-3.47,3142.47,0.947,486.054408,82.31008451,-41.02541703,182.1532537,-17.30053951,25.34426119,4.34826,230.553444,-25.56200295,41.23362782,53.40466946,6.59314,246.1059679,-28.14832449,-34.94014654
Driver,112.7393522,0.215,4.343,-0.275590551,50.383,4.521,5.835,0.186,-4.157,167.6062545,1.4867,5.174,0.679,1370.0,-36.365,341.5488696,20.5336622,-18.08903526,6.280084998,0.055187226,0.566605848,0.0776333,191.309292,-19.2885741,11.26617806,92.28915253,3.24589,241.6764461,-30.44700868,-64.62833827
Driver,108.5137795,3.2,2.6,-3.464566929,45.537,5.295,14.647,0.092,-2.524,161.922423,1.4922,13.342,0.4,2150.0,-9.226,538.3703777,105.940663,-18.32884731,5.885968576,0.0332425,1.40616034,0.077328,275.0673765,-16.71754174,38.46802038,66.60535324,6.855953,299.9764343,-19.80106922,-55.90170433
Driver,120.5954724,2.411,7.625,-2.755905512,49.663,9.673,15.633,8.675,1.051,173.0733268,1.4352,14.021,8.542,2780.0,2.87,610.9517015,148.1893955,98.18446036,6.484720481,0.966636728,1.665500288,0.080159,297.3722889,52.08517208,46.8832867,67.98728927,8.03532,312.0722062,54.97259946,24.06061102
Driver,110.8066392,4.3,-0.5,-5.275590551,48.795,3.167,19.658,2.233,2.733,161.8835004,1.4609,18.001,1.83,3680.0,5.439,528.2069629,179.4636749,37.97663309,5.757546624,0.198784478,1.900335034,0.077704,247.0247318,23.92074828,56.03036025,70.19391125,8.248416,253.4967407,24.77024501,48.17132896
Driver,92.53086972,-3.3,-2.3,3.228346457,57.267,-4.632,18.028,-3.751,-1.451,135.7039639,1.4666,15.057,-3.412,4011.35,-2.72,422.9171132,107.4837874,-32.38558856,5.849332932,-0.366733746,1.599022755,0.092809,208.9863453,-18.4284529,46.31452861,59.72502738,6.73343,221.9592739,-19.81669591,-18.01896837
Driver,103.0824982,3.5,0.5,-4.251968504,49.078,3.538,11.544,-0.108,-0.608,151.6929134,1.4716,10.313,0.08,1860.0,-5.478,449.0163007,60.57411603,-7.177987417,5.696816279,0.004487378,1.039775345,0.078898,239.9378359,-6.728959785,26.64737425,69.56831847,5.360018,280.0356152,-9.065626645,-21.19151329
Driver,92.89996421,1.778,-5.673,-2.204724409,49.152,-4.134,24.495,2.689,8.362,125.3603704,1.3494,21.332,1.399,4205.38,13.633,376.1725789,121.8905997,39.68430672,5.66893456,0.157277127,2.23752134,0.101166,187.9253533,29.45442138,50.35476592,61.7407865,6.73668,197.6767542,31.74425447,74.74260239
Driver,88.28069077,-5.536,-6.046,6.023622047,52.096,-10.374,17.378,0.273,6.319,124.311471,1.4081,14.593,-0.54,3570.0,9.915,369.9009312,78.24231025,14.52539495,5.448150853,-0.041607087,1.434349363,0.0939008,190.4441513,13.32466396,38.90447573,57.32087382,5.87359,207.4960364,15.66665019,45.34362259
Driver,99.4944524,-2.573,-6.908,3.582677165,42.867,-9.684,8.552,-8.606,-1.698,143.9401396,1.4467,6.634,-8.31,2772.95,-9.773,408.4713253,41.14643054,-73.57556839,6.095030131,-0.889578047,0.719076515,0.088269,210.1924497,-42.95842463,22.83585348,62.96066787,4.931836,247.1746539,-52.91692895,-38.30918766
Driver,81.77344309,-4.2,-8.8,3.070866142,73.04,-10.652,16.677,3.552,12.439,104.6772101,1.2801,12.498,0.979,5060.0,14.942,257.5495612,46.0162195,21.26836413,5.941727121,0.121896016,1.335666788,0.121387,135.4099839,16.83811572,33.39889729,50.48647811,4.558829,152.4017846,20.56908879,43.62002294
Driver,94.94228704,-1.5,7.1,1.968503937,48.582,5.799,4.285,-3.594,-10.694,133.7300913,1.4085,3.709,-2.479,1620.0,-20.638,198.4530922,7.916962006,-13.99446169,6.022530517,-0.274677272,0.38332772,0.093293,115.3490776,-10.64620228,6.845719695,88.29070912,2.198364,182.8190964,-20.38581678,-17.00494882
Driver,99.84788833,3.161,5.266,-4.37007874,44.025,8.543,15.952,2.201,-3.065,146.9300286,1.4715,14.433,2.58,2280.0,-13.049,469.6907084,91.76375512,-4.039049116,6.155214624,0.2656454,1.596451542,0.0895824,245.6172896,-10.92665892,36.26347995,65.05451888,6.33247,261.5860684,-12.98940189,-65.88276694
Driver,106.7846278,0.5,-1.1,-0.62992126,49.906,-0.843,11.295,-2.33,-1.23,152.4322208,1.4275,10.088,-2.127,2660.0,-3.385,487.4102775,76.85174022,-26.16291879,6.0787591,-0.238905568,1.094444168,0.083898,247.0497081,-15.8112082,33.79251562,62.04467205,6.221399,273.5952307,-18.17528421,-19.94986353
Driver,91.13502147,-0.442,4.797,0.511811024,53.375,4.468,18.181,6.508,1.712,126.9244363,1.3927,15.866,6.283,2930.0,5.078,388.3865186,84.00578429,50.26108229,6.341472576,0.700074284,1.816827013,0.107858,202.5526052,29.80085922,38.63145903,59.78520376,6.02828,221.7681029,33.24982927,23.0875692
Driver,90.09708304,-3.665,6.557,4.527559055,54.69,3.957,40.037,-7.868,-14.425,100.7572029,1.1183,31.778,-4.303,8720.0,-1.669,254.8508381,117.1676112,-19.67254696,4.610830652,-0.348849526,2.888767481,0.1131208,125.0126655,-11.47830218,57.72398866,60.1480241,6.043420499,124.1845991,-11.3975183,-6.317252739
Driver,79.21438797,-6.3,7.5,5.118110236,67.168,4.732,22.978,2.328,-5.172,106.0806639,1.3392,19.061,3.215,6840.0,-7.562,274.9630285,78.36609272,2.763298971,5.877571251,0.300679816,2.064753509,0.122919,141.3280444,-1.678104942,45.81473892,53.23059148,5.453756,148.5489432,-2.070694121,-28.80297242
Driver,102.5836614,-2.373,6.173,2.992125984,51.469,4.282,11.112,-1.255,-7.429,136.3584914,1.3292,9.383,-0.278,2680.0,-1.743,394.6973395,51.3920144,-4.491741179,5.742830475,-0.029344731,0.955452146,0.088375,206.9183604,-3.285473857,27.05269482,61.64916516,5.19122,239.276287,-4.168603128,-6.8447839
Driver,112.2807802,5.5,4.3,-6.299212598,51.147,8.67,20.13,2.079,-2.221,163.93835,1.4601,18.033,2.437,3460.0,-4.805,550.4543575,180.3161091,3.153262489,5.783331743,0.237833374,1.908581708,0.077018,260.2490786,-3.004599936,54.65043887,70.64619402,8.330345,267.9337774,-3.328660138,-42.20147136
Driver,107.0306908,-5.368,-2.962,7.519685039,43.125,-8.72,11.299,0.092,3.054,157.6972978,1.4734,9.424,-0.26,2986.75,6.26,462.9002468,69.73069659,16.44797149,258.6207654,15.14344981,-40.41470759,7.90697,226.0957256,12.57456603,38.15353128,53.39994205,5.92697,243.1459895,14.44971815,40.79650472
Driver,114.8957588,1.021,5.652,-1.25984252,55.034,6.367,9.963,-1.501,-7.153,161.5779349,1.4063,8.2,-0.064,3630.34,-9.027,503.4962852,68.9598021,-23.85321099,246.5433401,-17.28549577,1.425989455,5.80076,248.857879,-17.57464914,31.45344022,65.46430188,5.88541,276.1702168,-21.07082484,-51.89206609
Driver,109.1714388,3.1,1.7,-3.582677165,51.753,4.158,16.063,-0.958,-2.658,160.9938708,1.4747,14.669,-0.478,3160.0,-6.865,547.7654965,139.6410386,-29.36758147,5.730589835,-0.074194386,1.519138124,0.076264,266.1052879,-21.07783779,47.79172054,65.55332486,7.73529,280.0134332,-22.88176725,-56.5922266
Driver,91.68754474,-3.3,-1.172,3.897637795,57.951,-3.241,13.315,-0.478,0.694,127.3199266,1.3886,10.636,-0.593,3390.0,1.532,371.6258302,58.46350729,-1.248368179,6.114177227,-0.06151834,1.161591311,0.101440023,191.5875295,0.170836354,32.22187578,57.0546753,5.408765839,215.629732,0.450889966,6.461052301
Driver,94.04974946,-0.6,-1.2,1.102362205,51.902,-2.251,11.409,-1.611,-0.359,140.0691213,1.4893,10.045,-1.407,1899.08,-7.696,382.9516263,48.00458565,-18.97461812,6.105890348,-0.173257312,1.081978976,0.091632,207.9040181,-13.6929487,24.09792996,67.85846729,4.799956,247.2290987,-17.85545651,-25.78489108
Driver,98.99114173,0.9,8.9,-1.141732283,53.213,9.551,11.094,5.15,-3.75,147.1910791,1.4869,9.803,5.753,2010.0,-17.577,412.085025,51.25611282,19.22416806,5.772204411,0.566970638,0.998733812,0.082283,222.2401987,2.042303523,24.29889993,69.17880191,4.971905,263.2995048,-1.573908287,-60.73330482
Driver,95.83035075,-5.155,-5.864,6.25984252,52.562,-9.824,14.951,10.083,15.947,132.7174302,1.3849,11.94,7.573,5106.37,26.774,372.7232815,74.40443963,102.5926181,6.242573945,0.863198369,1.347982051,0.100132168,187.0370666,68.17321099,38.79791681,55.36462122,5.740397998,202.1547574,76.77956569,133.8744471
Driver,106.4334288,1.1,8.3,-1.220472441,52.114,9.099,7.365,4.854,-3.446,155.2995258,1.4591,6.614,5.458,1320.0,-14.768,366.2011004,28.93339931,23.59754687,5.447919019,0.511173228,0.630603054,0.072871,203.3552446,8.708366886,15.05857852,82.90070846,3.833977,264.4132193,7.973932566,-31.96716582
Driver,88.20687187,2.083,-4.102,-2.834645669,47.456,-2.189,22.544,7.322,11.423,124.3774606,1.4101,19.76,5.615,3960.0,18.803,370.1195254,106.6650093,72.85736473,4.716364044,0.478114511,1.706065233,0.083618256,188.1545351,50.05021013,46.60020044,59.85429309,6.42371489,200.8608695,54.89527382,96.19094131
Driver,98.64665354,0.7,9.3,-0.866141732,54.357,9.949,12.089,-6.984,-16.284,135.8592072,1.3772,10.747,-4.779,3250.0,-33.132,367.9639711,52.57819758,-76.72928163,5.700370486,-0.504249265,1.085786538,0.088488,193.7609519,-58.04040546,28.14366388,60.50214054,4.997276,222.6662172,-73.516342,-127.3114282
Driver,105.9480136,-1.579,2.259,1.771653543,54.245,1.121,21.574,-0.212,-2.471,142.6451772,1.3464,18.566,0.136,4285.07,-5.82,451.6361267,145.820217,-17.1126342,6.232292904,0.005797459,2.141985994,0.095848,217.5474239,-13.16995227,53.08098417,65.87774137,7.45343,221.2782623,-13.52883378,-41.05604561
Driver,86.58285612,-0.7,6.1,1.023622047,46.094,5.38,14.605,-4.286,-10.386,123.2502684,1.4235,12.152,-2.366,3640.0,-20.354,342.4211437,60.95499384,-46.49735928,5.811121025,-0.264469356,1.264855158,0.100242,176.5360107,-34.96371849,34.72925753,54.85530231,5.332204,196.7157853,-41.93949957,-83.37115411
Driver,102.0311382,2.94,1.537,-4.015748031,48.504,4.14,12.396,-1.729,-3.266,148.7392627,1.4578,11.04,-1.25,2120.0,-13.496,446.081537,65.1522056,-30.36273862,5.88164531,-0.137951572,1.151429305,0.083347,236.7645974,-23.90498714,28.73391798,66.85195519,5.547482,272.443168,-30.42087339,-56.28209779
Driver,102.2995705,3.074,7.97,-4.015748031,49.147,10.632,16.582,3.165,-4.806,149.0714477,1.4572,14.747,3.846,2884.38,-18.989,483.2360375,105.230635,-13.75388993,6.09142432,0.390522169,1.615567599,0.087623,245.296331,-22.1048441,40.76352264,63.07062287,6.786132,265.5477781,-26.80492248,-115.3240906
Driver,94.31370795,-1.669,1.838,2.440944882,49.437,0.408,17.632,0.008,-1.83,132.2776485,1.4025,14.519,0.319,4107.55,6.51,391.3090423,93.38443454,17.41310679,196.460699,12.28397985,2.065212552,6.01228,198.8251295,12.50748234,41.17003881,60.96791009,6.11759,215.3060825,14.07570707,34.20752349
Driver,98.53704366,-8.266,-3.469,11.33858268,43.204,-12.368,11.48,9.509,12.978,128.2668218,1.3017,7.33,6.725,6331.37,22.878,337.5469418,48.88327682,79.99844644,6.27648168,0.772320891,0.846194354,0.10264,168.1892282,51.17631602,32.02313877,52.42101789,4.99186,183.4909761,58.50039239,96.18739371
Driver,25.91267001,-5.529,-0.611,6.141732283,56.653,-4.263,15.534,5.093,5.704,34.47454366,1.3304,11.023,3.825,1600.0,11.879,16.74121446,1.67158491,1.157950917,5.896608533,0.4109495,0.555007824,0.362551,11.01377109,0.796173605,11.82479062,32.61064835,0.686482,27.23007814,2.059348398,0.18480516
Driver,96.48353615,-6.186,0.842,10.27559055,38.477,-6.996,5.203,-2.897,-3.739,135.0556997,1.3998,3.096,-2.204,2973.44,2.042,330.4459479,18.56555705,-9.57796561,187.8836939,-3.97697874,-7.868294276,4.60584,165.5509466,-3.897888951,14.88624616,61.68115199,3.79584,204.5325369,-4.133120078,7.409750488
Driver,96.63788475,-2.0,-0.4,1.732283465,56.424,-2.224,16.835,1.205,1.625,142.5492126,1.4751,13.503,1.152,4730.0,5.117,437.9590352,115.7944618,22.25626399,5.813536513,0.10111574,1.430799594,0.087264,211.2597352,14.88456793,48.97452493,60.02315727,6.954005,221.1576613,15.94622773,31.93431539
Driver,88.37240515,-3.614,7.123,3.622047244,63.907,5.35,9.468,-0.097,-7.22,132.5758321,1.5002,8.123,0.66,2027.0,-19.595,306.2771875,28.65166718,-10.2707785,5.271445045,0.050409756,0.749047435,0.0828928,171.5735698,-11.69298761,17.08459388,71.68281565,3.79732,217.2744557,-18.73651735,-40.99187627
Driver,105.0040265,-8.705,-5.294,11.65354331,50.121,-12.644,9.373,-5.501,-0.206,145.3355404,1.3841,5.021,-5.451,6276.88,-0.421,427.5585285,70.33216452,-41.27949681,6.207209507,-0.59029131,0.604448267,0.0890208,203.1182182,-20.15021004,39.12132813,53.55689811,6.02798,214.5782844,-21.328234,-2.577497642
Driver,101.2683429,4.449,8.384,-5.669291339,50.587,12.05,13.848,0.388,-7.996,147.480315,1.4563,12.586,1.499,2433.77,-34.661,417.9564298,66.13661396,-38.66131629,5.76742171,0.125796176,1.287654879,0.082921,223.407144,-40.79979715,29.35758179,65.95079866,5.350808,256.7710471,-54.70894062,-139.5953084
Driver,86.75062634,-4.8,1.0,3.976377953,57.806,-2.56,25.586,-1.658,-2.608,120.6648175,1.391,20.554,-1.046,6047.39,-3.693,339.131568,114.6091099,-14.81515746,5.638706761,-0.122492615,2.154238838,0.104386,167.4145391,-9.795117541,52.16830553,59.55701226,6.457084,173.0027739,-10.23510997,-20.22763973
Driver,28.9079277,-4.5,-4.7,4.094488189,62.869,-7.184,25.609,1.391,6.091,34.8000179,1.2038,16.488,-0.634,3207.13,8.804,24.66648895,3.746862217,-0.17388644,5.941963158,-0.048628641,1.155356376,0.372782,15.96312634,-0.056396199,18.10695162,31.60591755,1.036378,29.23947615,-0.008505383,0.360722174
Driver,100.738189,1.699,5.595,-2.125984252,51.02,6.97,14.772,0.56,-5.034,147.4451951,1.4636,13.015,1.262,2760.0,-18.259,467.2749337,87.78101185,-28.53572951,5.807812804,0.112741839,1.351548145,0.083741,239.8298474,-28.03792996,36.61645953,62.43136412,6.34467,264.0695096,-34.13517871,-99.83096105
Driver,99.99552613,1.185,7.595,-1.535433071,48.177,8.655,13.19,2.42,-5.175,147.1011543,1.4711,11.633,3.112,2480.0,-19.738,446.94485,71.02622188,-10.34666727,6.043868192,0.311745058,1.250381282,0.08687,233.7114485,-17.86543107,31.30023296,63.88021352,5.778979,263.8429028,-24.27352501,-91.46902622
Driver,100.3534359,0.083,4.062,-0.118110236,45.528,4.143,14.127,1.93,-2.131,148.8784001,1.4835,12.427,2.197,2542.99,-8.453,478.662606,86.04789479,0.354330248,6.316680548,0.234042685,1.409188538,0.0900084,246.0987234,-5.739963419,35.58555869,63.18492128,6.34079,261.9308647,-7.046404837,-45.50247667
Driver,96.99132069,-0.2,-4.2,0.393700787,53.386,-4.992,18.276,-2.465,1.922,133.0364173,1.3716,16.766,-2.625,2006.15,-9.49,405.4472015,85.09212112,-31.82721264,5.882164857,-0.277920385,1.771049378,0.095691,217.7974661,-22.60156699,36.10147209,64.60939123,5.900387,244.2459464,-26.74131722,-37.97048459
Driver,82.78230136,-5.4,-1.2,4.133858268,62.229,-4.721,32.022,-0.761,0.564,103.1681729,1.2463,27.04,-0.794,5099.7,0.292,276.0824819,106.1268653,-3.316713184,3.359878275,-0.049677919,1.725369646,0.075948,139.4731896,-1.693746831,52.93038385,58.24373463,5.992866,145.8540562,-1.763175514,0.717056769
Driver,92.6158733,-3.2,7.0,3.11023622,61.492,4.768,10.147,4.269,-2.691,122.1995795,1.3194,8.548,4.643,1980.0,-14.526,268.6580398,25.96999002,12.93863951,5.898770909,0.465851751,0.878770438,0.101063,151.7577253,3.520735629,17.28293394,67.96625911,3.591905,197.4745492,1.757940145,-26.31552176
Driver,117.1930923,9.6,0.4,-10.15748031,52.335,7.609,15.783,-6.468,-6.93,165.904617,1.4157,14.926,-5.364,2140.0,-18.312,555.5541872,120.7728748,-97.07208556,5.771034638,-0.560605767,1.547637008,0.074505,283.3397618,-65.75936103,40.75088531,67.98347918,7.146982,306.001864,-73.84361745,-119.1217333
Driver,105.196403,1.1,6.7,-1.25984252,52.523,7.487,12.264,5.228,-1.472,156.9284628,1.4918,10.807,5.493,2290.0,-10.525,496.8549073,81.36844429,24.36695422,5.926015268,0.559006113,1.142369018,0.079604,253.4454547,5.19285164,34.23350266,63.42732062,6.262328,281.1616815,3.665977654,-57.26025017
Driver,110.0997674,-0.6,1.2,0.787401575,44.777,0.24,12.297,-2.473,-3.716,157.9988368,1.4351,10.477,-1.926,2970.0,-6.511,521.5144721,95.57264809,-35.54368016,5.840608458,-0.202728556,1.096960697,0.077873,257.0765229,-23.11905741,39.36986774,61.19112245,6.837319,278.0730815,-26.10305842,-43.50298556
Driver,82.88296349,2.65,4.552,-3.228346457,53.835,6.491,19.933,1.444,-3.108,111.1902738,1.3415,16.782,2.045,3534.83,-9.721,311.1165965,69.11641686,-2.406703415,6.296377537,0.210614362,1.909392819,0.123096,164.6997468,-5.798072855,37.95001349,55.85559795,5.38001,181.8932412,-7.417241429,-35.00384907
Driver,113.2135827,-1.8,0.2,2.283464567,44.426,-2.111,10.53,0.216,-0.068,169.6810129,1.4988,8.718,0.38,3050.0,0.418,576.521105,100.2840721,3.407685319,5.966508736,0.021706554,0.934445582,0.073658,278.7587702,2.047904969,39.7777069,61.89199115,7.145777,299.5511952,2.274540704,0.597375593
Driver,95.04965999,-1.801,0.387,2.086614173,55.201,-0.865,9.095,3.455,3.068,135.566616,1.4263,7.759,3.073,1870.0,15.614,313.1868207,28.07496006,27.55147498,6.033604449,0.333826398,0.818179355,0.0928054,175.4366271,20.07821799,16.45072066,73.7149799,3.77393,213.168254,26.84693881,32.11887164
Driver,88.25161059,5.173,8.631,-6.102362205,61.028,11.504,12.23,2.927,-5.704,117.2492394,1.3286,11.303,3.695,1390.0,-29.695,235.5718738,27.15564877,4.676383802,5.86614718,0.359378794,1.147327487,0.105472,140.1629008,-2.43037975,17.58056159,74.32649711,3.235603,191.9709236,-7.73893023,-34.37039706
Driver,99.29312813,-7.85,-2.532,9.803149606,46.305,-10.102,10.586,-1.985,0.547,146.3074893,1.4735,8.021,-2.062,3729.0,1.095,461.7629464,71.99662334,-13.61586415,5.182632691,-0.185626125,0.751517495,0.073984,226.2237372,-5.992939241,35.72043652,57.22484507,6.16954,245.5041475,-6.330596491,6.443469221
Driver,100.7471367,2.463,4.541,-3.385826772,48.247,6.742,12.169,4.192,-0.349,147.1649069,1.4607,10.761,4.244,2060.0,-5.421,438.8401702,62.19861472,24.16841968,5.793331706,0.42495489,1.104648632,0.082876,233.5750806,10.06862456,27.9444866,67.12345712,5.448619,269.7190317,10.48129077,-21.68526234
Driver,95.19953472,-5.4,1.4,6.535433071,51.387,-3.47,8.33,3.474,2.121,140.5728794,1.4766,6.652,3.193,2370.0,-5.513,374.4760648,35.41768552,13.89963828,6.050635692,0.332197636,0.713220321,0.08974,196.4140788,4.912248672,20.77500083,64.27146233,4.554898,236.0672801,4.578876193,-18.09637664
Driver,99.7472262,1.6,-1.8,-2.086614173,45.063,-0.783,18.247,-0.195,1.799,140.1776127,1.4053,16.055,-0.344,3070.0,4.771,452.2189944,111.2852572,8.284552264,5.563688131,-0.038698175,1.615466003,0.085671,226.946393,7.789774712,44.55469596,61.80459803,6.880823,243.2939448,8.8875505,27.45418226
Driver,89.21796707,-2.115,-1.408,2.716535433,49.539,-3.212,10.134,-12.161,-10.753,129.1262527,1.4473,8.46,-10.655,2870.0,-23.826,325.8295134,35.08627215,-84.08857965,6.265806301,-1.182666873,0.933677212,0.101708867,175.059099,-54.65932776,21.38157109,62.76097311,4.306616193,212.7376187,-71.60177778,-68.90277388
Driver,91.74123121,-0.641,3.386,0.787401575,49.945,2.847,15.449,9.456,6.071,137.7066929,1.501,13.387,8.644,3018.18,20.196,420.0056782,79.25182859,99.46057866,5.725951335,0.878455562,1.375909696,0.0885276,217.0390549,65.05067452,35.92411501,60.22443495,6.0048,238.3294215,74.44619053,99.57477233
Driver,106.5497495,-2.966,-8.339,4.094488189,46.616,-11.146,15.72,3.165,11.504,153.3690497,1.4394,13.674,1.836,3680.0,21.339,492.9522517,114.3807535,77.70289397,6.278797178,0.225798504,1.550089909,0.087498838,242.2531193,57.25157548,44.34024483,61.78207029,7.066438602,257.5927609,63.47889681,149.0416628
Driver,93.28919112,-5.2,2.2,4.566929134,57.249,-1.657,19.785,0.142,-2.119,130.6652649,1.4007,14.941,0.736,6300.0,-3.798,374.7413916,105.4095253,-6.038744349,6.021839932,0.05426248,1.653604273,0.099642,183.2414372,-5.409746569,49.25413129,57.95007616,6.475642,190.2382815,-5.791443613,-23.28618002
Driver,96.65130637,-1.992,4.475,2.716535433,51.189,2.872,28.877,-3.731,-8.206,119.0777112,1.232,24.118,-2.272,5830.0,-8.098,335.2175985,127.4934373,-30.3321564,5.979765301,-0.253283946,2.721746765,0.1153736,164.4608267,-20.4466356,54.521625,61.92084629,6.622219513,169.0642176,-21.19978648,-41.88403499
Driver,100.384753,-4.672,-6.825,5.669291339,50.208,-10.728,17.069,0.957,7.782,138.285612,1.3775,13.995,-0.203,4490.61,12.782,425.0634061,104.9124273,32.53463261,6.263969592,-0.003745722,1.601613608,0.0970294,209.0802986,25.54381208,45.67248857,59.16890368,6.67757,220.589656,28.01928412,78.83662903
Driver,96.77433787,-1.552,-6.54,2.086614173,49.417,-7.87,17.816,1.459,7.998,139.1110415,1.4375,14.337,-0.058,5207.69,14.572,417.7393375,111.0338815,40.19528145,6.023235795,0.015425814,1.57631026,0.093097011,203.6782257,30.58067679,47.93112547,59.38601903,6.739364366,213.5562682,33.09142687,92.3535166
Driver,92.72100931,2.4,0.0,-2.519685039,52.235,1.451,21.703,-1.065,-1.082,115.7487026,1.2484,19.219,-0.826,2860.0,-9.508,338.5409157,84.4244876,-19.1069148,5.899992233,-0.105550584,2.058549962,0.112255,178.9878252,-15.19983987,40.89797506,58.82670816,5.800668,197.2321198,-17.74693191,-37.88192084
Driver,99.76959556,-3.973,3.38,6.220472441,38.608,-1.609,13.281,4.531,1.151,142.848291,1.4318,11.824,4.431,2071.04,3.762,426.8277787,65.27234859,37.98885688,6.349970541,0.49367784,1.334890073,0.0939914,228.0587695,22.54057913,29.23981172,66.13879009,5.49749,250.8433134,25.28640866,14.82001737
Driver,113.8511095,8.7,4.1,-10.0,51.519,11.074,19.084,0.954,-3.169,167.7250358,1.4732,17.958,1.312,1959.06,-9.238,587.7270035,153.0606921,-12.51600697,5.035433249,0.110422581,1.639564859,0.065223,298.1381481,-14.62094198,45.45587235,72.00452713,7.777295,316.5847632,-16.57526271,-64.30584154
Driver,94.91991768,-3.078,4.63,3.700787402,51.591,2.187,7.016,8.506,3.876,138.1639227,1.4556,5.941,8.089,1580.0,2.136,283.4100798,19.01895244,40.8744647,5.787329625,0.815669356,0.597668868,0.086991,160.4867248,23.66060538,12.05123646,81.09132136,3.195489,222.4061788,33.23001411,3.269084097
Driver,104.4022906,-1.3,7.5,1.771653543,50.664,6.316,8.366,-0.84,-8.34,143.6021385,1.3755,7.328,0.14,1950.0,-8.952,363.3106412,33.19831577,-7.551228336,5.726574269,0.008228858,0.737086593,0.083094,198.1125749,-7.427956542,18.11253439,72.40814913,4.21624,247.3322714,-11.38164342,-23.73502156
Driver,109.6859341,-0.4,-2.6,0.433070866,44.23,-3.656,12.616,-3.357,-0.612,162.5102899,1.4816,10.957,-3.277,2680.0,3.081,539.8681721,102.4513914,-21.59392377,5.863851708,-0.333908515,1.15188119,0.07613,266.2071746,-8.262216416,40.28584843,62.29699554,7.007793,287.1606117,-8.403242875,20.8836993
Driver,85.86479957,-4.603,-5.396,6.181102362,46.775,-9.736,18.736,4.174,9.57,113.5558339,1.3225,13.866,2.06,5942.38,35.595,264.273616,54.69036312,57.68569245,123.9791687,39.15667814,6.348216078,4.1498,131.4926129,43.46752769,42.66937312,55.1447155,4.54226,141.7146356,49.24339852,116.9355675
Driver,108.8023443,-0.5,2.1,0.708661417,49.868,1.562,12.27,0.381,-1.719,154.5966804,1.4209,10.834,0.641,3110.0,-3.666,510.1600407,96.04327301,-5.487140772,5.86326411,0.051706122,1.139558802,0.08001,251.7190653,-5.697170827,39.88947187,60.95292573,6.820895,271.9698218,-6.74501717,-25.53646939
Driver,100.4787044,-3.0,-1.4,3.149606299,50.286,-4.65,13.821,-1.243,0.276,132.4015748,1.3177,10.68,-1.245,4130.0,0.869,395.2822347,74.67001096,-6.863278838,5.971163046,-0.133901965,1.152795479,0.095405,197.1039888,-2.952860266,38.95718966,55.40118613,5.971661,213.727265,-3.092448614,3.989881722
Driver,83.10889406,-4.561,4.653,4.803149606,53.634,1.285,21.856,3.238,-1.415,113.9302971,1.3709,18.572,3.429,3720.0,-2.348,330.4575622,85.02972479,15.30664461,6.194445746,0.366900858,2.094913506,0.119574,171.6341346,7.043241851,42.6535884,57.080915,5.836215,186.9772979,7.459039661,-9.679308681
Driver,91.28265927,-0.514,10.956,0.590551181,60.332,10.663,5.303,-3.902,-14.858,129.7322387,1.4212,4.601,-2.07,2520.0,-53.224,156.6663001,7.133704854,-15.08199985,6.162324323,-0.263635368,0.476886087,0.098599938,94.26408576,-14.07543495,6.869049801,89.75236691,1.807827948,163.8036981,-33.06020639,-32.09867953
Driver,84.33697208,0.843,-4.762,-1.181102362,46.17,-3.953,21.327,6.802,11.564,116.9331603,1.3865,18.463,5.041,3840.0,19.169,334.8442638,85.25764256,59.70330832,4.963436653,0.454866248,1.665452911,0.09292371,174.0443243,42.12829269,42.12281937,57.17417899,5.825142834,189.5171871,47.71863156,81.38127428
Driver,106.0553865,-2.032,-2.162,2.716535433,44.787,-4.211,16.306,-0.378,1.784,150.835272,1.4222,14.067,-0.607,3370.0,3.53,501.9044751,119.7813041,5.32527484,6.384921803,-0.063119985,1.636855722,0.0906084,246.4726226,5.611318707,45.38920868,62.74659461,7.24493,260.7200235,6.305192964,24.66433732
Driver,109.0663028,7.126,-0.205,-7.047244094,55.947,4.642,17.843,3.172,3.377,155.6581067,1.4272,16.529,2.74,2130.0,10.999,524.9300278,120.7130511,49.51708227,6.503654105,0.322097771,1.9500419,0.0903611,270.8424423,34.66556682,41.16093332,68.07089364,7.06031,291.8739053,38.81117167,65.35538018
Driver,93.66947029,-4.1,-3.1,3.937007874,57.197,-5.772,19.87,-1.699,1.401,137.0689424,1.4633,16.297,-1.837,6380.0,2.603,398.1201542,126.6664464,-5.057315237,5.535557107,-0.182238463,1.661337348,0.087767,191.2678872,-0.819704609,53.00057759,61.38974629,6.930429,196.0003526,-0.762485272,15.93594926
Driver,111.3479778,4.865,-5.543,-6.850393701,40.625,0.151,15.524,-0.698,4.845,153.0610236,1.3746,13.224,-1.776,3838.92,15.895,496.3609991,117.9247146,34.4480839,6.104612502,-0.170191725,1.470952639,0.0850086,241.5641191,30.70944137,45.65796191,61.76988056,7.18268,254.5858446,33.98315973,114.3615653
Driver,85.31675018,0.775,0.593,-1.023622047,46.124,1.339,19.645,10.646,10.053,121.9349499,1.4292,16.748,8.992,3990.0,14.629,357.9545709,87.90771693,81.15163527,5.880172133,0.938473528,1.786838552,0.104817,183.2036633,50.95651928,42.56297336,57.35068468,6.016171,198.2148108,56.53209932,68.47820481
Driver,99.84341446,-3.863,-4.874,4.921259843,51.491,-7.954,9.856,-0.828,4.045,140.7064245,1.4093,6.216,-1.916,5301.42,10.768,414.1275151,63.95319116,13.72570141,5.890164908,-0.182745991,0.675829879,0.087484266,199.941301,13.35260789,36.37690235,53.96710777,5.7932323,216.2558326,15.92682464,60.04533504
Driver,106.880816,-4.915,-1.395,6.850393701,44.654,-6.389,8.454,-2.984,-1.589,158.227228,1.4804,6.258,-2.72,3475.53,5.176,498.5700692,81.3664248,-9.028165089,223.3796858,-2.0593795,3.021540437,6.34453,226.4082833,-1.967924562,44.17724263,52.80195003,6.50768,239.5049785,-1.772693843,26.33436103
Driver,78.88108447,-8.155,0.549,7.755905512,63.657,-3.52,41.495,12.651,12.102,76.97588583,0.9759,36.043,10.787,4307.0,7.585,178.6084813,78.42584662,35.60909581,4.300494888,0.815917666,3.109152913,0.144538,94.07105982,22.41709352,52.27805478,52.80867422,4.88406,100.5937941,24.10522409,14.76596933
Driver,95.38296349,4.034,3.675,-6.377952756,46.145,7.561,15.147,-0.236,-3.911,142.2201593,1.491,13.074,0.517,3103.68,-4.676,442.7422251,95.83167489,-16.57495093,209.892603,-15.2043212,6.071077197,6.31322,216.5806129,-16.26041772,43.52810933,55.76028172,6.64926,231.5138865,-18.58484299,-54.62549052
Driver,108.8381353,-4.48,0.728,6.102362205,48.004,-3.317,9.654,-3.676,-4.405,149.2828382,1.3716,8.187,-3.211,2280.0,-11.369,428.2055252,48.49014253,-40.30060655,6.33296682,-0.3638754,0.919201903,0.0886434,225.3243252,-27.21288447,23.90259228,66.70753446,5.08452,261.8184493,-34.15362625,-43.9242299
Driver,107.8695419,5.5,9.9,-6.57480315,48.14,14.847,14.426,6.139,-3.761,160.6713046,1.4895,13.478,6.555,2310.0,-15.573,529.6025814,105.6466148,21.76463383,5.965043285,0.668261529,1.440347598,0.079056,269.780511,-1.124966464,38.83972752,65.59774461,6.85277,293.6314464,-3.902188992,-95.74397174
Driver,71.1166786,-1.231,-6.065,1.181102362,58.095,-6.832,21.978,-0.132,5.933,88.48962062,1.2443,15.745,-1.833,5646.61,11.582,200.5373086,41.35702884,3.77635275,109.8410792,6.841738883,-4.056717136,4.48501,104.9121497,5.967281396,37.47624757,43.21420372,4.18501,115.084872,7.673055826,27.94368067
Driver,101.8432355,0.7,6.1,-0.787401575,53.915,6.629,5.171,0.528,-5.572,151.3110684,1.4857,4.659,1.181,1230.0,-30.623,264.070616,13.60835716,-6.49632109,5.820960847,0.103415667,0.46951594,0.07971,151.3658293,-8.970461618,9.1430526,91.74372524,2.683787,221.5632947,-19.04535805,-36.24856629
Driver,84.86265211,0.305,-0.18,-0.393700787,48.21,0.092,19.904,5.759,5.939,121.6700966,1.4337,16.85,4.771,3860.0,10.683,360.4853623,88.85025899,49.01227613,5.192986873,0.442881213,1.586003778,0.0926152,184.5016444,31.90739732,42.72474168,57.59924501,6.05554356,199.7048313,35.5778908,50.04725482
Driver,88.56254474,4.003,5.796,-5.275590551,51.422,8.996,15.114,7.077,1.28,132.218146,1.493,13.139,6.842,2610.0,-0.866,398.5546392,69.89135142,45.38854026,6.03616914,0.718288411,1.414144385,0.097193,210.1833185,23.82872493,33.21880867,61.20125993,5.68467,236.9316583,26.71343405,-3.657169095
Driver,110.3324087,1.377,-0.015,-1.614173228,47.29,1.257,15.417,6.133,6.148,157.4373658,1.427,13.708,5.353,2920.0,15.467,525.9157416,114.2270764,90.63327341,6.344811027,0.609178814,1.577351297,0.0860371,262.2174364,59.34324433,42.05569945,63.71442557,7.14377,280.1325333,65.47182802,105.7693305
Driver,101.2191303,1.0,4.8,-1.062992126,43.863,5.453,46.97,15.284,10.486,100.4943629,0.9928,37.608,12.264,9560.0,6.384,241.4801991,134.5913226,53.66659698,3.747254177,0.805353874,2.921340619,0.098964,110.864738,31.85079446,63.72052186,63.70870403,6.234673,106.967381,30.66140566,25.70169379
Driver,86.26297423,-1.956,3.189,1.811023622,62.688,2.179,25.515,9.791,6.601,103.404617,1.1987,19.73,8.255,6107.06,10.129,268.9549804,74.99507541,50.72173171,5.912977264,0.868261081,2.144780985,0.127252,140.2729796,31.52652072,44.23645307,53.41415842,5.331751,149.5044081,34.10238618,34.7246477
Driver,101.4987473,-1.921,7.193,2.401574803,52.766,5.733,8.91,-0.103,-7.297,142.4894864,1.4038,7.741,0.699,2000.0,-9.538,366.9012375,35.5597307,-4.96508542,6.042853536,0.066677152,0.822310334,0.088521,199.6106828,-6.381149749,19.21086439,70.9457191,4.334492,246.5722262,-10.10529898,-26.44377159
Driver,100.4742305,0.439,-2.014,-0.669291339,45.623,-1.585,13.166,-6.02,-4.006,142.4443003,1.4177,10.826,-5.264,3471.04,13.089,449.8692009,75.90741782,-6.582124389,231.2915849,6.626355998,-3.088978981,6.08209,226.8907992,5.972029192,34.38909215,65.02816826,5.91209,251.9294847,9.622955884,80.26713748
Driver,109.7575161,7.3,1.5,-8.74015748,51.733,7.351,14.356,-4.384,-5.884,158.84932,1.4473,13.582,-3.565,2160.0,-22.211,503.35401,96.87710638,-78.86935939,5.542922399,-0.373771696,1.346394879,0.074282,259.5119469,-57.64587095,36.97416597,65.40039649,6.501787,285.2216025,-67.33330682,-125.4023875
Driver,99.42734431,-3.86,1.688,5.472440945,41.341,-2.71,10.152,0.091,-1.597,146.6877684,1.4753,7.536,0.394,3836.32,-6.451,459.9915152,69.67274677,-13.43800629,6.195930865,0.035212025,0.84934053,0.088325,224.6391017,-11.08422609,35.24085107,56.86612921,6.10929,236.9492808,-12.35219574,-37.88046859
Driver,104.2613636,-0.115,4.09,0.157480315,44.204,3.971,10.142,-0.309,-4.398,147.8572387,1.4181,8.879,0.243,2020.0,-15.413,408.0920582,46.57278012,-17.04099806,6.395201623,0.015324131,1.002842211,0.0905246,219.4368921,-16.34154533,22.73316399,69.54091826,4.83427,259.2292355,-22.65296707,-51.80842838
Driver,113.8667681,5.5,1.5,-6.929133858,50.135,6.191,13.424,0.276,-1.224,170.1308608,1.4941,12.133,0.675,2208.08,-5.014,577.2757843,110.7440391,-8.816007484,5.890555313,0.046174476,1.278981146,0.073284,290.3804866,-8.746835137,39.14421012,66.77213531,7.112498,314.1734471,-10.32059324,-36.49668371
Driver,98.54599141,2.628,4.288,-3.582677165,49.162,6.562,14.038,1.351,-2.938,143.9432713,1.4607,12.359,1.796,2480.0,-12.827,445.8278746,75.74698495,-9.182595002,6.006984081,0.177404261,1.322914925,0.08849,232.9229814,-12.99027879,33.1723973,63.2874353,5.946078,261.5056197,-17.0572741,-60.81771041
Driver,94.73425197,1.418,4.304,-1.732283465,51.957,5.414,12.292,6.068,1.764,141.6958214,1.4957,10.973,5.849,1880.42,-0.358,402.9894,55.08014103,40.25578186,5.927129432,0.603756262,1.149409276,0.08814,218.4410218,21.86432777,25.77934654,68.47689215,5.051262,258.1148643,25.76167523,-1.195196728
Driver,97.93307087,0.86,1.845,-1.102362205,47.378,2.637,11.845,-10.47,-12.315,130.0559234,1.328,10.426,-8.82,2780.0,-47.553,279.9968519,32.29898505,-74.16951474,6.279468023,-1.003787173,1.14297637,0.101651,157.7499947,-56.41915784,20.04908434,68.36668542,3.67566,187.1916914,-73.72007166,-99.49185755
Driver,101.8387616,1.8,6.4,-2.440944882,36.873,8.304,31.268,10.498,4.178,124.3895401,1.2214,25.603,9.61,7060.0,4.31,345.3809633,147.5815294,63.01123095,5.771686819,0.97209058,2.820604998,0.108026,164.5439606,35.58501901,58.49058724,65.62294325,6.964721,164.8680797,35.66126839,24.79982156
Driver,71.172602,-4.224,-2.393,4.173228346,60.079,-4.829,24.842,2.737,5.13,92.66709914,1.302,20.369,1.859,4180.0,7.56,230.5733438,57.9900264,14.05405917,5.862449517,0.203225364,2.170739805,0.141025,125.6679047,10.28731251,38.75764486,52.23981039,4.702616,141.0834532,12.12740366,18.65674902
Driver,77.73129921,-2.619,4.556,2.480314961,63.185,3.231,25.486,6.291,1.735,104.3579993,1.3426,21.419,6.011,4220.0,2.649,286.5455657,83.09858307,32.39871278,5.8418048,0.616107967,2.304329123,0.125614,149.8318476,18.82209517,44.75364687,55.61389834,5.585132,162.3912965,20.57458595,9.457805436
Driver,83.37285254,-4.495,4.612,4.68503937,53.011,1.217,23.554,3.632,-0.98,111.7971546,1.3409,19.835,3.775,4130.0,-1.521,319.6195167,89.47673636,17.69844286,6.123730457,0.400617809,2.227461338,0.121569,164.9664595,8.77074257,44.95107672,56.92052432,5.883537,177.8821121,9.345667843,-6.282220754
Driver,115.2849857,-1.115,3.199,1.338582677,49.419,2.244,12.773,4.38,1.181,168.5974409,1.4625,11.113,4.235,2790.0,4.785,580.2050913,112.4132343,56.96663151,6.258348029,0.467211336,1.265880663,0.0784026,285.139276,32.85786521,41.06535206,64.35013876,7.31631,296.9098672,34.65391767,35.55487685
Driver,114.2023085,4.1,3.3,-4.566929134,51.669,6.581,19.324,0.683,-2.617,159.5787849,1.3973,17.604,0.801,3840.0,-6.468,527.195918,171.9517787,-15.7446936,5.165381971,0.086761281,1.661494764,0.07042,249.0488365,-13.82682182,54.57222395,69.31140411,8.138876,256.3300856,-14.53568474,-51.90513567
