Club,Club Speed,Attack Angle,Club Path,Low Point,Swing Plane,Swing Direction,Dyn. Loft,Face Angle,Face To Path,Ball Speed,Smash Factor,Launch Angle,Launch Direction,Spin Rate,Spin Axis,Max Height - Dist.,Max Height - Height,Max Height - Side,Last data Point - Length,Last data Point - Side,Last data Point - Height,Last data Point - Time,Carry Flat - Length,Carry Flat - Side,Carry Flat - Land. Angle,Carry Flat - Ball Speed,Carry Flat - Time,Total,Side Total,Curve
Driver,85.56505011,-3.435,4.33,4.488188976,54.153,1.844,47.674,-25.956,-30.286,75.44962419,0.8818,39.51,-18.374,7330.0,-16.095,166.1387641,81.41071877,-57.18879029,3.570631328,-1.147037872,2.93459112,0.1287112,85.44492021,-36.58889189,55.74059777,52.71418997,4.878233927,86.76448583,-37.19977413,-31.15232844
Driver,106.0688082,1.374,-3.823,-1.614173228,53.316,-2.798,19.693,0.347,4.169,146.2334467,1.3787,15.745,-0.603,5879.0,8.057,439.9097373,140.3094713,22.5811706,5.283585648,-0.043527552,1.549333685,0.0778752,208.9669569,17.39985197,53.68550911,63.91131716,7.31378,213.5544333,18.01758881,58.77134718
Driver,110.5404438,5.9,0.7,-7.440944882,48.639,5.942,15.442,0.007,-0.693,163.2062008,1.4765,14.411,0.124,2390.0,-6.223,551.6946848,125.823698,-16.86683444,5.821134022,0.004300504,1.510019889,0.076285,275.0779802,-14.01890671,43.66997417,65.8325579,7.396983,294.071158,-15.83272087,-43.84027751
Driver,72.5841088,-1.574,6.436,2.165354331,51.108,5.166,6.744,-3.474,-9.91,97.6615068,1.3455,5.338,-1.778,2130.0,-7.784,115.750906,5.993637183,-4.520922313,5.724422248,-0.184104407,0.506791442,0.121806,71.21373094,-3.302835594,7.516296648,73.48560655,1.739078,127.0543961,-6.79517424,-3.282229654
Driver,79.06451324,0.972,-7.762,-1.25984252,44.68,-6.78,22.438,6.143,13.905,107.5867931,1.3607,18.656,3.457,4847.95,21.587,284.389636,72.14904433,45.72876686,6.317768991,0.420127219,2.15221139,0.129402,149.6761601,34.26109211,41.09543197,54.22267388,5.3041,161.9794284,38.66758608,76.23896632
Driver,94.87741589,-2.781,-1.021,3.622047244,52.997,-3.118,7.905,2.566,3.587,133.7464209,1.4097,5.162,1.637,3844.14,15.917,344.0288984,33.3204722,39.1578154,181.2656459,30.587489,-3.362716581,4.56956,173.8865721,28.28333404,22.78992904,62.11338166,4.29956,205.9305119,38.03475494,70.11149155
Driver,94.82372942,2.1,-5.1,-2.952755906,46.69,-3.088,17.594,1.137,6.237,136.5144059,1.4397,15.376,0.26,3300.0,13.157,426.17918,100.1904187,31.29731708,5.69735357,0.032254993,1.581944016,0.08985,214.933384,25.2636912,43.01031108,60.1562672,6.542422,231.5741975,28.7532579,72.8845763
Driver,110.8938797,-2.279,-1.626,2.874015748,47.981,-3.681,5.038,-4.99,-3.364,162.3915086,1.4644,3.962,-4.493,1909.08,-23.736,315.0210794,14.15819421,-47.19027661,173.5289741,-33.95957694,-0.426399002,3.102,171.0333758,-33.19886884,9.398477944,87.13064146,3.042,233.0345115,-52.42084549,-59.86015576
Driver,98.27084825,3.9,12.3,-4.527559055,54.755,14.979,15.032,1.33,-10.97,139.8539281,1.4232,13.489,2.98,3020.0,-36.568,392.749466,68.34913196,-35.71773748,5.762739374,0.26815711,1.383719561,0.087801,207.5274999,-41.18490579,32.09883579,61.89854041,5.421934,233.9922505,-53.83020597,-155.1102943
Driver,120.1413744,1.236,0.414,-1.771653543,41.165,1.828,13.02,0.285,-0.129,172.953427,1.4396,11.443,0.303,2710.0,-3.696,602.0885878,120.8971768,-9.012021229,6.009777478,0.028846652,1.233223958,0.07339201,295.2627649,-8.010756257,41.97981742,65.57023773,7.526291413,315.6231005,-9.156528181,-28.71454296
Driver,91.21778812,0.0,-3.8,0.275590551,45.609,-4.522,18.475,1.451,5.338,128.8437276,1.4125,16.179,0.851,3060.0,3.546,396.9974968,92.1745121,11.95812378,5.939409246,0.081719724,1.735175857,0.099715,203.6462061,8.477702988,41.5846944,59.67027815,6.256098,221.7752702,9.651208439,16.36438351
Driver,98.7920544,1.822,4.526,-2.125984252,55.795,5.765,10.619,-2.116,-6.641,144.6201682,1.4639,9.15,-0.983,2650.0,-26.93,400.0404688,48.83967133,-44.35300637,5.930798923,-0.123581818,0.959452772,0.085988,211.440012,-37.69246213,24.96209904,64.4765117,4.981175,247.0804111,-50.4125712,-102.352819
Driver,99.89262706,-2.9,6.9,3.661417323,53.574,4.706,1.341,-1.362,-8.262,140.8757606,1.4103,0.874,-0.641,1410.0,-10.863,88.97057981,0.774554809,-1.478984784,5.570051278,-0.067680181,0.079924998,0.081548,54.275938,-1.157537337,1.317895391,118.5493804,0.859383,127.7912763,-3.502542831,-1.651200987
Driver,95.9444345,-2.2,1.0,2.047244094,55.799,-1.1,14.769,-0.067,-1.003,142.6565855,1.4869,11.793,0.336,4220.0,-1.588,445.6262263,101.0245783,-3.708179892,5.739330354,0.008853179,1.226292953,0.085374,216.6478402,-3.007193506,45.0893301,58.44808,6.730995,230.0134925,-3.355010335,-12.83250423
Driver,105.0599499,4.5,8.5,-5.511811024,50.587,12.214,14.254,3.357,-5.143,147.0329277,1.3995,12.747,4.059,2490.0,-14.651,463.1228209,82.11443932,4.203090304,5.647044513,0.388855046,1.284055811,0.081496,240.7841118,-7.630282458,34.4849356,63.73579279,6.149818,268.2326955,-11.2771076,-73.9385016
Driver,101.3399248,0.269,2.399,-0.354330709,50.747,2.619,18.232,2.043,-0.356,144.5255458,1.4261,15.752,2.094,3560.0,-2.309,472.3906329,123.6915527,10.06599101,5.888363881,0.212682402,1.682623914,0.087905,232.2433759,3.320229752,47.24243248,62.77349137,7.193302,245.8328605,3.29623136,-15.5012238
Driver,85.3614889,-3.046,-2.18,3.346456693,54.529,-4.354,16.526,-2.583,-0.403,121.1625358,1.4194,14.142,-2.532,2870.0,-1.151,350.7167586,64.60466649,-16.82517898,6.179985881,-0.274271995,1.564008739,0.109138,186.415381,-9.672244066,33.54728821,58.62917658,5.40076,201.5228045,-10.56402079,-4.315666203
Driver,95.17045455,-6.7,1.3,8.267716535,49.824,-4.521,7.648,6.557,5.257,133.9072566,1.407,6.014,5.713,3180.0,10.765,365.8725208,36.52206141,53.81961248,6.14263905,0.64566632,0.662445906,0.095685,185.4910565,32.46280443,23.67395117,57.68437683,4.737433,217.0224544,40.39724782,42.36519776
Driver,97.06961346,-0.057,2.949,0.078740157,46.778,2.895,16.666,-3.922,-6.871,134.6069703,1.3867,14.123,-2.826,3680.0,-9.56,418.9866734,93.66694411,-42.0041288,6.001139835,-0.307261043,1.529637739,0.095516,210.574164,-28.07034823,42.14393702,58.95399843,6.426813,227.2339636,-31.42837257,-53.24078316
Driver,75.43620258,-7.559,1.962,7.204724409,60.404,-2.361,40.374,-0.138,-2.1,92.88475304,1.2313,32.106,0.338,7610.0,-1.706,229.832907,100.9026447,-0.982168557,4.689818305,0.024593021,2.96411513,0.125306,115.955715,-1.089811799,55.2874437,57.04837351,5.632491,117.4043183,-1.111788403,-5.321418307
Driver,96.18378669,0.2,-3.2,-0.039370079,50.406,-3.645,20.502,1.482,4.791,131.2520132,1.3646,17.872,0.89,3520.0,-1.339,408.410225,112.6845574,2.463199531,5.948573995,0.082959411,1.939508083,0.099078,204.6625835,0.397797195,47.06940046,60.83319165,6.738964,217.8838301,0.310973954,-8.343686789
Driver,109.2139406,-1.7,4.7,2.047244094,49.895,3.339,31.961,-4.65,-9.35,136.4895759,1.2498,27.056,-2.926,6917.29,-10.696,379.219756,181.6212264,-51.59132418,5.704963682,-0.319771053,2.9748364,0.098522,172.9634998,-33.77641729,62.65761275,71.90758105,7.543461,171.147954,-33.33591022,-75.21974198
Driver,112.1756442,0.962,-2.069,-1.220472441,47.343,-1.182,12.467,-0.265,1.803,162.8751342,1.452,11.055,-0.492,2313.06,-0.065,540.0304219,91.31384751,-4.727605175,5.944721673,-0.051117319,1.172529761,0.076947063,274.5507291,-2.48844809,35.15067403,65.72660925,6.599046389,302.7798188,-2.757413355,-0.392728734
Driver,103.1764495,-0.5,-2.1,0.866141732,48.909,-2.858,15.013,0.563,2.663,146.2904885,1.4179,13.266,0.244,3600.0,5.936,473.4508885,109.1054853,18.82535207,5.569390114,0.030206696,1.332849501,0.081123,232.4951545,14.11800187,44.69633266,60.74696331,6.963545,247.6633685,15.71479978,39.38879798
Driver,85.2563529,-1.196,4.504,1.456692913,52.488,3.586,49.45,-14.912,-19.416,82.22150143,0.9644,41.201,-10.004,7270.0,-10.362,189.1669701,101.9629236,-38.37759998,3.413612365,-0.607059186,2.995777686,0.1158088,92.3054845,-24.55047118,59.81125977,57.0373315,5.405765892,92.2617865,-24.53789218,-26.15919324
Driver,107.7308518,-6.913,-5.47,8.307086614,51.978,-10.91,9.183,-5.575,-0.105,150.7784538,1.3996,7.18,-5.562,3000.0,-0.241,469.0907696,58.36422254,-45.63066394,6.156240942,-0.596902025,0.794402854,0.0851749,234.4792377,-23.14360544,29.25157243,60.24607523,5.76442,261.5009332,-25.86072125,-1.257680769
Driver,90.0456335,-0.92,0.442,1.181102362,46.627,-0.428,17.278,8.795,8.354,128.27398,1.4245,15.201,7.785,2919.8,9.427,390.4394215,80.82457162,67.75089541,5.934635988,0.813622963,1.619466448,0.099496,203.9332176,41.63184334,37.59409224,59.8446036,5.956817,225.5617581,47.3612002,42.61758139
Driver,94.54411238,4.458,3.123,-5.748031496,49.195,6.982,18.473,-5.038,-8.16,139.5944435,1.4765,16.831,-4.024,2640.0,-28.9,425.4421725,93.09482075,-79.57597923,6.093456642,-0.455199056,1.851580138,0.0945206,223.9596601,-61.95918631,37.76254362,63.28738837,6.17161,237.6944265,-68.49208746,-140.1108902
Driver,94.51950608,-0.924,-0.939,1.141732283,47.401,-1.789,20.837,-1.353,-0.414,129.5966804,1.3711,17.417,-1.283,4400.0,1.271,394.712333,112.6004009,-5.371172872,5.878594508,-0.129860648,1.873093101,0.09902,195.7582149,-1.957441565,48.46509668,60.20520957,6.691284,206.502373,-1.978213624,7.277982254
Driver,107.9545455,-1.992,-3.013,2.283464567,50.774,-4.64,10.583,-3.075,-0.062,159.7373837,1.4797,9.095,-3.068,2360.0,-0.28,508.9517028,71.12324485,-27.55524447,6.233162493,-0.33379817,1.013703157,0.0817483,259.9405231,-14.40359223,30.43417448,64.9524486,6.05064,280.9013186,-15.60597582,-1.476045986
Driver,92.77469578,-2.9,-2.1,3.503937008,52.205,-4.505,4.041,0.328,2.523,133.1021832,1.4347,3.194,0.022,1190.0,-7.027,156.1882114,4.987438084,-0.885527294,6.119088938,-0.001772965,0.329189448,0.095065,94.42144542,-1.020496433,4.907421463,99.11045827,1.692417,168.6114132,-2.684001128,-3.170248414
Driver,77.91472799,-0.56,1.416,0.551181102,56.431,1.044,27.351,0.874,-0.542,91.9031854,1.1795,22.35,0.983,4560.0,-0.822,230.4753481,64.93118674,3.00199542,6.146406386,0.103767661,2.525630004,0.151572,124.1559585,1.42657411,41.94708213,52.32033852,4.875846,137.0253812,1.524091791,-2.11044954
Driver,80.3932534,-1.933,4.872,1.88976378,59.34,3.726,30.554,-1.871,-6.743,95.93481568,1.1933,24.766,-0.473,5630.0,-8.519,245.1501431,81.10925866,-12.16923086,5.877789857,-0.066624407,2.727408423,0.14169,128.4594627,-9.744777516,47.35641424,54.03097903,5.322287,136.7279286,-10.6966581,-26.06108395
Driver,92.55547602,1.723,0.73,-2.244094488,43.248,2.562,15.108,1.069,0.339,132.3930744,1.4304,13.474,1.026,2150.0,1.412,387.5875098,64.95353352,8.654661909,6.087041012,0.110135568,1.460179764,0.0978669,209.5350709,5.44254705,30.41059608,64.25797129,5.37665,230.5085675,6.15320919,5.072939951
Driver,107.8561203,4.715,1.927,-6.338582677,49.759,5.929,12.585,4.0,2.073,159.1443719,1.4755,11.306,3.656,2090.0,7.286,510.5693447,82.09915142,46.54498039,5.882159304,0.380149379,1.183741,0.077964,264.8366142,29.3509232,32.46048842,67.17414027,6.193367,296.969633,34.42342569,37.52299465
Driver,105.3261453,-0.3,6.5,0.393700787,53.812,6.333,5.834,0.683,-5.817,154.3908822,1.4658,5.18,1.271,1390.0,-21.677,328.1051155,20.63640997,-6.80136835,5.799966981,0.116185145,0.52553522,0.077921,181.4946407,-9.331916487,12.26906668,83.7049829,3.377613,243.5822613,-17.38887987,-40.05025605
Driver,69.46358268,-5.2,2.2,4.960629921,57.232,-1.712,17.208,5.025,2.842,94.77004295,1.3643,14.615,4.674,2460.0,4.522,212.3364376,34.1258639,19.53836123,5.906214073,0.486617141,1.515368799,0.133867,121.4031575,12.4104351,25.7507545,55.76818776,3.79872,151.2412427,16.06093171,7.584904992
Driver,106.3417144,-0.9,7.7,1.25984252,51.022,6.91,5.123,-7.772,-15.472,136.8852899,1.2872,4.539,-6.303,2190.0,-9.693,285.8940635,15.96175922,-37.3314712,5.778039352,-0.641151563,0.458926702,0.087524,157.3767522,-22.97786691,11.12303252,76.56386006,3.230116,215.1068754,-33.68657043,-17.23891031
Driver,80.29706514,-0.477,-2.329,0.708661417,51.891,-2.703,11.965,-5.197,-2.868,114.4347262,1.4251,9.181,-4.542,3246.83,7.979,264.1747692,31.06643222,-12.74881111,148.8253639,-3.694793115,-1.489973412,3.96154,145.1455065,-3.807910988,21.51244974,62.70205539,3.83154,179.6435274,-2.659117015,23.08242793
Driver,115.801718,2.9,2.1,-3.346456693,50.064,4.427,16.254,-2.611,-4.711,165.8869452,1.4325,14.772,-2.12,3500.0,-10.183,561.0398921,154.664004,-57.93087898,5.93966357,-0.22495665,1.59056877,0.076819,267.6970602,-38.61271442,50.64020311,66.93774406,8.0262,278.681653,-41.01476551,-86.36114587
Driver,61.45982462,0.14,2.425,-0.118110236,65.255,2.489,32.603,0.503,-1.922,74.53963851,1.2128,26.702,0.915,4370.0,-2.41,162.9504507,49.85525406,1.21241621,4.863790432,0.073995377,2.41213067,0.1527992,91.38194641,0.26166702,41.16448395,48.59311971,4.096580587,103.6801026,0.190040868,-3.592938989
Driver,97.47449893,-9.047,-6.709,10.31496063,55.446,-13.004,11.067,-0.452,6.257,135.948461,1.3947,8.578,-1.242,3520.0,17.1,394.8881995,53.68724435,22.39950992,6.307223075,-0.117285766,0.969244284,0.0972823,200.5666427,21.20406151,29.73493037,57.52600425,5.35034,216.9975862,25.08398204,76.56617178
Driver,101.8991589,-4.701,-1.434,6.102362205,48.951,-5.541,16.097,-2.549,-1.115,142.4080619,1.3975,13.527,-2.405,3640.0,-1.953,458.6539682,104.694017,-23.94643541,6.15380851,-0.260563488,1.513066618,0.0922574,226.7855403,-13.61294869,43.81210772,60.31606056,6.81785,241.3678135,-14.69691437,-12.30465549
Driver,99.70025054,-1.904,-1.957,2.519685039,45.141,-3.852,20.317,2.355,4.312,138.8419381,1.3926,17.578,1.783,3850.0,6.91,442.5388747,127.4904435,32.21774982,6.440069766,0.210638801,2.078700293,0.101202,217.7147346,21.65754549,49.10911176,62.97761914,7.13991,228.2750186,23.18203309,44.71992053
Driver,100.4451503,-0.425,-1.222,0.590551181,45.799,-1.635,15.576,-2.298,-1.076,139.8496779,1.3923,13.572,-2.157,2790.0,-2.443,445.0447103,87.02814716,-21.41304396,6.269825866,-0.238568305,1.531812019,0.0956317,228.6691354,-12.85572117,37.51661845,61.31394983,6.3073,250.1857232,-14.4286876,-12.76082204
Driver,86.77523264,4.157,8.3,-4.173228346,63.992,10.332,12.336,0.373,-7.927,102.1687097,1.1774,10.092,2.599,3175.38,52.339,115.536855,10.86190557,1.658763051,46.12220437,0.213803341,3.453178874,1.03388,72.7095049,-1.840943107,12.28627893,79.67704863,1.70552,126.3703288,-6.650783224,-15.40513549
Driver,84.8559413,-5.3,-0.3,5.433070866,58.504,-3.809,21.704,0.546,0.846,111.7998389,1.3175,18.001,0.423,6620.0,1.579,300.0712207,84.75482549,4.622564563,5.58775316,0.039304256,1.849340958,0.109909,152.4303497,3.178916475,46.51160831,54.56004385,5.717632,159.8340532,3.401411814,6.161192268
Driver,103.3800107,1.1,7.1,-1.377952756,44.215,8.106,5.251,-3.551,-10.651,144.9038117,1.4017,4.833,-2.488,1640.0,-29.606,255.5356564,13.49032204,-22.62302254,5.51335259,-0.254549846,0.460876663,0.078815,147.099099,-18.26299281,9.247493531,88.90171433,2.705841,216.5098882,-32.86769715,-35.72876818
Driver,89.59153543,-1.354,7.522,1.771653543,51.561,6.447,8.165,-0.848,-8.37,124.9572745,1.3947,6.644,0.509,2520.0,-11.661,281.3288921,22.51756369,-5.851690292,5.713794275,0.041338659,0.664083165,0.095259,154.7843058,-6.614796905,15.44349876,67.42131394,3.606052,201.7280825,-11.26372311,-23.96496878
Driver,95.15032212,0.528,2.482,-0.551181102,54.925,2.853,19.143,2.304,-0.179,140.4536507,1.4761,16.233,2.333,4059.0,-0.344,447.0308559,124.6993034,16.49342565,5.453558584,0.221657866,1.619768532,0.0838656,218.5854577,8.141862175,48.91436999,62.33277113,7.12456,228.9138315,8.502904701,-2.270193864
Driver,119.8975483,4.131,-1.189,-5.354330709,44.192,3.071,13.339,2.633,3.822,175.4648354,1.4635,11.956,2.044,2610.0,11.618,609.3657987,123.9431617,58.81472465,5.860084282,0.217409237,1.255674156,0.070639894,300.3913169,40.75111438,41.86678679,66.49171188,7.558480561,320.9690802,45.41260877,90.33055884
Driver,99.97763064,-5.432,-5.639,6.535433071,50.566,-10.125,16.934,-0.404,5.235,137.3982194,1.3743,14.139,-1.094,3920.0,8.451,430.9679767,101.6533652,13.36526028,6.325059719,-0.109340013,1.627578466,0.0986432,213.8984028,12.77457599,44.1445832,59.42787028,6.64461,227.5357919,14.42006782,50.54659397
Driver,100.6598962,3.81,3.021,-4.645669291,53.397,5.856,12.397,4.417,1.397,150.0691213,1.4909,11.086,4.199,1980.0,1.629,455.8458604,67.16713911,35.54208763,5.779659885,0.424327013,1.136550472,0.08116,241.8831475,19.97958325,29.02899092,67.66126424,5.615814,278.0490921,23.31000985,6.826799981
Driver,93.53749105,-7.569,1.214,14.56692913,35.056,-9.702,9.329,-0.78,-1.994,131.5882248,1.4068,6.167,-0.403,4158.6,8.577,377.7976549,50.60051894,18.59048076,183.4040668,15.96969122,-2.6576082,5.42686,179.6434021,15.15843265,34.81679562,50.17959312,5.23686,196.2974483,18.7071386,49.2512838
Driver,104.2949177,-0.989,-1.301,1.220472441,49.399,-2.15,12.58,-1.002,0.299,156.4164281,1.4997,10.917,-1.04,2583.43,0.889,498.2438676,90.507148,-11.89634184,235.3364979,-8.97992768,1.919898045,6.53481,237.4940278,-9.161015862,41.68652055,55.01984014,6.64207,253.8084495,-10.50450887,-14.55629025
Driver,104.1964925,2.9,2.3,-3.503937008,50.626,4.635,13.721,0.587,-1.713,152.3691392,1.4623,12.16,0.919,2390.0,-8.631,490.9178967,85.55053283,-10.04535578,5.820692208,0.08690304,1.262560745,0.080876,253.4800599,-11.30555117,34.73137613,64.66390153,6.322378,281.3490484,-14.19978254,-46.09676843
Driver,112.2628848,1.7,0.1,-2.165354331,49.75,1.6,12.722,2.348,2.248,166.9626879,1.4873,11.553,2.097,2890.0,5.263,568.7805236,117.9496095,37.43657959,5.783766859,0.216117996,1.19979555,0.073219,277.4424101,23.47513693,43.10517154,63.70046519,7.422616,295.8187625,25.79996549,40.03146009
Driver,103.3173765,0.5,7.3,-0.787401575,49.459,7.757,23.508,-6.459,-13.759,134.9718146,1.3064,20.006,-4.059,5510.0,-13.041,399.0169085,138.5887413,-63.20177119,5.790396112,-0.430200071,2.148289472,0.095303,193.0462087,-41.40276099,53.93413229,63.78866044,7.098178,198.3873189,-42.94580155,-83.85707434
Driver,96.68038654,-1.166,-1.029,1.535433071,47.552,-2.095,28.698,-1.249,-0.22,125.9630011,1.3029,23.777,-1.208,6150.0,5.924,358.4254257,142.2858168,8.373012878,5.780829141,-0.110864931,2.594902365,0.1050568,172.4101535,7.888949757,56.63774612,64.49384269,6.957663152,175.2412946,8.100306981,34.55442878
Driver,25.59726199,-6.4,-2.2,4.409448819,69.682,-5.205,43.468,-2.13,0.082,27.87468683,1.089,29.993,-2.054,3700.0,0.065,24.17424219,6.994910975,-0.87071418,5.802477256,-0.218392523,2.181406025,0.509082,15.10027984,-0.567702613,32.75567971,25.34512801,1.379853,21.14926759,-0.794774725,-0.079516613
Driver,103.5209377,1.296,0.439,-1.496062992,52.46,1.435,11.776,-1.77,-2.209,154.4369631,1.4918,9.972,-1.382,2827.24,4.848,479.5019395,85.40098983,4.913298107,225.8647776,6.75998128,2.669657527,6.20105,228.8750647,7.02153645,40.68417832,58.16941442,6.34035,246.6620674,8.580104918,37.6107902
Driver,86.10191482,2.334,1.617,-3.976377953,44.149,4.023,17.751,-0.787,-2.404,129.0484073,1.4988,15.555,-0.428,2848.23,-2.837,394.0636092,82.72908001,-8.812041554,201.6496101,-6.589440749,-1.920160949,6.05604,199.3419992,-6.444003636,40.64560204,56.92936048,5.94604,216.5796831,-7.545373825,-14.8665881
Driver,81.43790265,1.421,-4.768,-1.88976378,52.475,-3.676,22.793,3.303,8.07,112.2942019,1.3789,20.014,2.154,3320.0,13.008,323.3545158,84.85188315,30.74822674,4.793335708,0.191615954,1.74883882,0.094264695,170.5754635,23.20833946,42.07103226,57.83749292,5.770603442,187.0423447,26.68101747,50.52116876
Driver,100.1677702,-0.015,4.628,0.0,47.558,4.614,15.986,5.102,0.474,148.1547513,1.4791,14.36,5.052,2393.81,1.653,485.2576268,98.34067878,45.33375487,6.224448321,0.549651598,1.610815125,0.0898579,250.4303636,25.0619841,38.16817864,64.5248482,6.59552,264.6950516,26.64469587,9.067434714
Driver,111.6074624,-2.5,-0.7,3.11023622,49.316,-3.006,9.927,-0.858,-0.158,165.6024069,1.4838,8.667,-0.743,2074.13,-7.498,518.7270397,69.00075375,-22.84512329,6.007998488,-0.095200889,0.926144999,0.075911,265.835017,-16.75257114,29.23355774,66.92572927,5.932629,300.1956131,-20.64284405,-39.93244996
Driver,104.4179492,3.236,3.26,-3.976377953,53.598,5.649,14.533,2.459,-0.801,155.409583,1.4883,12.878,2.58,2560.0,-2.566,518.6640622,101.4115752,16.58508816,6.397906717,0.285346401,1.486698586,0.087529,262.7189857,6.559457837,38.73695777,64.09808833,6.8277,284.5016794,6.703296678,-15.80883069
Driver,73.63099499,1.284,1.599,-1.614173228,49.974,2.677,6.905,-6.921,-8.52,104.6857105,1.4217,5.793,-5.213,2110.0,-26.655,134.6614918,7.635606612,-16.19410077,5.925632577,-0.560297589,0.5741014,0.11773,81.95029426,-12.01441504,8.258132175,76.04753109,1.905121,140.4200353,-24.06809919,-13.79787137
Driver,97.33804581,3.3,9.7,-3.818897638,54.843,12.053,18.878,0.226,-9.474,135.176718,1.3887,16.381,1.945,3940.0,-21.866,411.7644302,103.6539462,-37.16449125,5.699423276,0.168575586,1.693046785,0.091311,207.2549602,-34.69718797,44.28780749,59.86215647,6.53729,221.7876425,-39.4355181,-124.8365501
Driver,91.35200429,4.586,8.65,-5.62992126,57.037,11.631,19.025,5.298,-3.351,135.5610236,1.4839,17.332,5.714,2340.0,-9.021,430.1029115,97.66089297,25.88517722,5.849295158,0.574544967,1.828590708,0.093691702,226.3774368,8.356279717,39.15921351,64.1099794,6.3428156,249.7242154,7.938580709,-42.62601121
Driver,80.91893343,-3.508,7.331,3.346456693,61.363,5.412,28.654,0.791,-6.54,98.08115605,1.2121,23.21,2.06,5410.0,-8.488,253.6776185,79.25312252,-1.889483909,5.89676906,0.194850123,2.544823558,0.137185,133.0375313,-4.168799701,46.10103733,53.96002092,5.330253,142.4080196,-4.851753156,-26.83778743
Driver,94.56871868,-7.09,0.579,9.133858268,52.091,-4.979,12.794,-2.669,-3.248,128.4759753,1.3586,10.041,-2.207,3560.0,-5.985,374.9603862,57.83297736,-24.64993687,6.20229355,-0.246186627,1.114312686,0.101816305,191.6485425,-15.98827882,32.16053529,56.54894461,5.409027972,215.31749,-18.98277591,-25.8653457
Driver,101.4540086,-1.3,4.9,2.007874016,43.378,3.407,11.879,0.003,-4.897,143.5576235,1.415,10.276,0.654,2440.0,-8.461,429.657413,60.64208729,-8.706262425,5.536971057,0.05723294,1.009279299,0.081078,225.5488034,-9.441772321,28.72685107,63.79645128,5.502281,258.2177748,-12.6060255,-36.0400828
Driver,94.79688618,-4.0,-1.0,3.267716535,57.042,-4.203,14.21,0.781,1.859,140.1346636,1.4782,11.818,0.604,3346.4,5.851,439.9508879,85.24380376,17.69548102,5.883734345,0.060581102,1.249052373,0.089007,219.9351213,13.0565363,39.39939221,58.46366169,6.349144,238.8244636,15.01664718,32.2242997
Driver,98.841267,2.1,-6.5,-2.795275591,47.646,-4.729,13.433,-3.69,2.81,143.094354,1.4477,12.178,-4.009,2620.0,11.846,444.510152,76.85137798,-8.290696897,5.965414537,-0.408158678,1.296157245,0.088369,229.9924995,3.342579986,34.25957009,61.86379308,6.023784,255.9772154,5.882292369,58.23662221
Driver,99.24391553,-6.829,-1.657,9.803149606,43.423,-8.926,12.897,8.839,10.495,134.5197298,1.3554,8.785,6.591,6228.31,18.829,376.7290641,68.81911005,85.06605582,6.347988529,0.761043963,1.031815274,0.0993494,185.1763124,53.29430574,38.53267992,53.6326263,5.70776,196.906157,58.39256416,97.75988063
Driver,73.85692555,-5.485,3.729,5.31496063,60.245,0.583,29.418,2.412,-1.318,91.26990873,1.2357,23.445,2.672,5410.0,-1.594,226.3597303,68.23139034,8.471861894,5.998301212,0.276186411,2.606423006,0.150394,120.9562684,4.253866074,44.02036483,52.10076559,4.936489,131.1119758,4.536334121,-4.158137081
Driver,81.00617394,-3.5,1.9,3.149606299,60.522,-0.279,32.584,-1.303,-3.203,101.424481,1.2521,25.346,-0.631,7301.27,-3.524,259.4144826,95.1971385,-7.764156358,2.878011625,-0.031640594,1.372807973,0.065145,131.74986,-5.597713954,51.77780435,55.77614074,5.702603,135.4579179,-5.813989732,-12.44324752
Driver,72.64450608,-9.246,3.553,8.897637795,52.18,-3.706,22.571,23.286,19.733,80.4250179,1.1071,14.854,18.086,7280.67,30.573,144.374502,23.61498214,54.7901064,6.448787735,2.064088685,1.669215472,0.173881,83.18514801,36.41599644,25.2464224,48.63775707,3.02827,98.94189922,45.16413553,34.19524293
Driver,80.92564424,-4.391,0.907,4.527559055,56.381,-2.02,26.232,-0.639,-1.546,105.251879,1.3006,19.805,-0.279,6713.6,-2.167,275.9666393,80.07211008,-4.496915992,5.983802548,-0.033549972,2.186956919,0.126709,142.2345023,-3.313777301,45.83137523,53.83250026,5.477062,149.8529797,-3.580833242,-7.863966909
Driver,87.89593772,-4.5,10.5,5.433070866,59.281,7.753,7.96,-1.694,-12.194,115.9321314,1.319,6.322,0.089,2640.0,-35.166,199.4515467,13.65109008,-13.20993174,6.245131365,-0.027148289,0.678862875,0.112397,114.7071704,-13.96881824,11.87681886,69.61344222,2.689116,163.9336377,-26.64966778,-42.43696433
Driver,62.55592341,-2.4,1.0,2.401574803,60.272,-0.881,18.417,2.566,1.643,77.10562813,1.2326,15.618,2.382,2150.0,9.308,136.0951071,21.35011975,7.714180867,5.734552889,0.249415992,1.537382721,0.160532,82.05872262,5.799090502,22.15310649,53.42947984,2.831244,113.4070479,8.900783334,7.176303743
Driver,99.70472441,-1.6,-1.8,2.401574803,42.461,-4.193,11.754,-5.2,-3.367,146.9145938,1.4735,10.273,-4.613,2230.0,-13.952,433.2558439,60.59048766,-57.61908484,5.933138449,-0.509106407,1.08105544,0.084957,228.0805972,-38.38339482,28.32695252,64.74971174,5.447421,261.0541291,-46.82678644,-60.53182452
Driver,97.9353078,2.1,-0.9,-2.165354331,55.537,0.418,16.802,-0.297,0.671,135.4386632,1.3829,14.344,-0.413,3309.32,2.062,425.1800998,95.02432569,1.704974509,5.997959705,-0.040883532,1.551686231,0.09495,213.9330166,2.278555729,42.17367343,59.27783895,6.485171,231.3012643,2.717668623,11.46140935
Driver,107.6234789,2.5,-1.7,-3.346456693,46.861,0.676,14.461,-0.807,0.893,158.5202666,1.4729,12.835,-0.93,2566.94,2.489,530.8314947,107.8229501,-1.87441948,5.480691555,-0.0878302,1.260763115,0.073383,266.0182797,1.078998215,40.59687838,64.00180785,7.025823,287.3823054,1.557579961,16.18956953
Driver,99.57050823,2.461,4.386,-3.346456693,45.526,6.804,16.571,-1.41,-5.796,144.5931013,1.4522,14.57,-0.55,3110.0,-18.776,461.9780112,100.3857925,-48.1605561,5.707479987,-0.07162867,1.495246662,0.084541,234.179405,-39.12279698,40.74963355,61.73279512,6.64416,253.6912907,-45.10572817,-110.7139802
Driver,93.68512885,-3.0,-2.015,3.228346457,53.489,-4.239,10.449,-7.429,-5.413,128.8924928,1.3758,8.748,-6.729,2350.0,-14.531,320.4705897,33.81895547,-50.06567157,5.452216515,-0.648154305,0.837910833,0.0884224,176.0486375,-32.81810665,20.05679583,66.16550765,4.18099,215.1143161,-42.98733782,-36.97622677
Driver,100.3780422,2.569,7.588,-3.464566929,47.675,9.929,16.346,3.012,-4.576,143.6533644,1.4311,14.965,3.492,2077.84,-14.27,448.816755,86.6957047,3.424416222,5.875579654,0.347087393,1.572626057,0.087649,238.4737927,-6.797396388,34.78635483,66.19824114,6.059709,267.5450905,-10.12307809,-63.91234632
Driver,99.21930923,-9.871,-6.037,10.98425197,55.444,-12.919,7.507,-3.83,2.207,148.7692377,1.4994,5.4,-4.099,3136.73,7.178,443.5361527,44.34497529,-17.45046646,5.070617685,-0.357951236,0.491561211,0.0706831,220.7052215,-4.570973623,24.88684568,60.22704612,5.28045,242.5201181,-3.823695289,33.64005627
Driver,106.9277917,0.805,-0.944,-0.94488189,55.167,-0.383,20.805,-1.84,-0.896,148.9593772,1.3931,17.914,-1.701,4281.0,-1.591,478.5254871,156.1874429,-18.87359915,5.620464125,-0.168817124,1.858816324,0.0822784,228.1203245,-10.82380437,53.78132881,66.92239277,7.72515,234.8021132,-11.20686821,-12.16562521
Driver,27.11614173,-3.4,4.2,2.519685039,69.319,2.376,45.089,-2.709,-6.94,29.43069971,1.0853,32.989,-0.222,3548.88,-3.726,28.25750141,9.126623262,-0.175914774,5.967610575,-0.034397039,2.693028619,0.512353,17.41729754,-0.147161173,36.06433555,26.69284578,1.568581,23.77131766,-0.220659781,-0.23903114
Driver,99.17009664,-0.4,-3.0,0.905511811,43.531,-4.159,17.257,3.344,6.434,145.6178418,1.4684,14.985,2.623,3500.0,17.011,462.0716265,113.2821851,64.98167842,5.726483349,0.264775442,1.551675753,0.084498,228.8203496,46.28330749,45.1958751,61.36915132,6.935123,243.5858822,51.10776733,107.9385986
Driver,100.2415891,-1.238,-3.031,1.968503937,43.674,-4.328,13.232,-2.85,0.18,142.2733984,1.4193,10.833,-2.881,3389.44,14.459,431.1383866,69.50707363,13.68720433,233.185308,22.66089799,-8.244387522,6.12633,221.0644609,19.44077024,31.97217835,65.26898894,5.66633,248.4985852,26.35802489,91.45271015
Driver,103.1652649,3.1,0.3,-3.858267717,48.182,3.099,11.927,-0.648,-0.948,147.0611131,1.4255,10.58,-0.433,1980.0,-3.828,432.9487658,59.55596352,-8.584021808,5.72520707,-0.045782945,1.072180466,0.081888,231.5933571,-6.614323942,26.97945984,67.99541291,5.326987,269.4062887,-8.509524342,-14.59395248
Driver,99.81209735,2.5,-0.9,-3.385826772,49.658,1.135,14.512,-3.565,-2.665,146.788878,1.4706,13.217,-3.266,2650.0,-6.681,474.2720496,92.40133421,-41.30096921,5.58712302,-0.324883786,1.322073516,0.080958,242.1961113,-26.28191402,38.0760603,62.46564212,6.509487,265.3795123,-29.89185803,-37.56723364
Driver,110.8178239,4.1,-2.1,-5.157480315,49.273,1.347,15.287,-0.638,1.575,163.0431281,1.4713,13.432,-0.909,3034.75,3.194,554.4899267,131.7667567,2.075761177,5.743105351,-0.088394027,1.390115063,0.07504,269.3413313,3.938985006,46.41854511,64.87057648,7.60943,284.4749671,4.524357052,24.63289456
Driver,101.5188797,-5.315,-9.104,6.417322835,49.452,-13.669,19.833,0.186,9.289,136.8767895,1.3483,15.612,-1.485,6126.25,13.058,399.8316867,117.5493041,26.71677313,6.298771266,-0.136905256,1.827208041,0.0995638,193.8880441,22.35144385,50.37918258,60.13776288,6.76417,200.1739445,23.61927726,82.00527738
Driver,99.5190587,-0.879,6.262,0.984251969,53.742,5.617,43.119,-1.965,-8.227,105.3118289,1.0582,34.452,0.208,9200.0,8.1,266.2528781,136.2779102,16.06760776,4.470761695,0.030493888,3.106259276,0.1082824,125.8845946,12.04323043,61.24179532,64.02794514,6.386771535,123.0811399,11.7031125,34.76475385
Driver,111.7774696,-2.172,-0.909,2.559055118,51.734,-2.623,14.94,-0.888,0.021,153.1531854,1.3701,12.77,-0.891,3300.0,0.045,511.4943337,112.6691552,-7.621615694,6.362031428,-0.098834225,1.477791223,0.0883949,251.1696107,-3.799470478,43.64874727,62.10795452,7.15413,266.8730747,-4.031526105,0.318881963
Driver,92.52192198,-3.92,-0.043,4.448818898,53.083,-2.994,18.837,2.788,2.831,131.2949624,1.4191,16.082,2.422,3620.0,4.481,409.6842939,101.3293401,26.87829494,5.398720275,0.232563133,1.578421692,0.0887296,206.4059532,16.92402507,44.13771519,59.76035498,6.53732,220.6023913,18.51439562,24.64712562
Driver,78.57015032,-4.624,-9.564,4.291338583,49.289,-13.555,19.991,-3.94,5.624,108.5305565,1.3813,16.954,-4.687,3360.0,8.16,298.9173749,65.05040767,-13.82541428,5.752500835,-0.459877187,1.755277022,0.115246343,159.9732589,-4.046428905,36.83025756,55.80360069,5.213566793,179.7331544,-3.601590721,27.10414605
Driver,107.6861131,2.7,1.3,-3.307086614,49.297,3.614,14.876,0.061,-1.239,159.0732373,1.4772,13.568,0.247,2920.0,-3.212,540.1566773,122.5118303,-7.95713348,5.839118703,0.017094928,1.426044644,0.078244,266.1460025,-6.843214766,44.2852284,64.22827563,7.397316,283.4695885,-7.705881302,-23.9703418
Driver,82.9142806,-3.125,-5.814,3.070866142,58.845,-7.705,18.941,3.008,8.822,105.9041696,1.2773,15.991,1.747,3350.0,14.102,278.9154203,55.40639724,23.18520216,5.104272145,0.169351556,1.460734556,0.1040584,151.0661111,18.30152256,33.60207673,55.22706548,4.836313916,173.1089878,22.76460338,41.16452878
Driver,107.5809771,3.3,0.7,-3.976377953,49.296,3.497,15.746,2.529,1.829,158.9537849,1.4775,14.405,2.326,2960.0,5.159,537.9901596,130.5372018,37.28167491,5.81524553,0.240185116,1.51154779,0.078296,263.7036131,23.41229217,46.12677288,64.68301171,7.53827,279.3425597,25.39449862,38.19839994
Driver,100.9999105,-4.149,3.231,5.787401575,40.785,-1.593,14.941,3.3,0.069,146.4745884,1.4502,12.484,3.291,3573.41,0.204,476.7853945,103.346878,27.28738704,6.118372124,0.351471146,1.387459322,0.0887619,234.7098269,13.917298,43.01575661,60.35286867,6.86602,243.6896677,14.46360886,1.332056178
Driver,118.4949893,3.096,4.4,-3.779527559,49.195,7.077,8.017,1.741,-2.659,173.5034896,1.4642,7.425,2.064,1160.0,-28.109,446.3884649,41.16988584,-12.82319838,6.08058529,0.204961063,0.79398063,0.0729093,243.8240487,-17.95209944,18.06712007,84.34030783,4.39238,287.6490691,-26.23370801,-80.09441196
Driver,99.89039012,1.527,-0.083,-1.771653543,54.488,1.007,14.569,-2.363,-2.279,145.2619452,1.4542,12.768,-2.037,2637.99,-6.325,465.1930701,85.81583907,-29.33590549,5.780118833,-0.210767699,1.325243755,0.0844563,239.1095601,-19.68755205,36.18310333,62.37251893,6.31757,262.4696828,-22.64034893,-33.61455527
Driver,105.7824803,3.5,6.7,-4.173228346,51.097,9.561,19.013,4.23,-2.47,157.4897101,1.4888,17.366,4.819,3590.0,-6.808,521.4922447,162.5630842,14.47807625,5.809446017,0.449745856,1.842732805,0.080266,248.5968669,1.09666492,53.10011382,67.90106093,7.994352,257.4870428,0.735257566,-59.37361732
Driver,72.16356478,-2.3,2.3,2.362204724,61.127,1.058,32.987,-3.509,-5.809,85.96322477,1.1912,25.057,-1.783,7350.0,-6.757,200.9824693,64.16537208,-12.42604659,5.80212143,-0.214987418,2.716110736,0.156921,107.8528817,-8.8375706,45.18620149,50.37135197,4.71102,113.9093313,-9.508317989,-16.46646189
Driver,91.44371868,-2.715,-5.541,3.307086614,45.941,-8.171,22.642,-6.628,-1.087,122.3736131,1.3382,19.402,-6.476,3940.0,-2.339,369.160895,107.0391043,-44.69236539,6.072720921,-0.688289602,2.166592971,0.109491,186.5808479,-24.97459372,47.2934813,59.84955288,6.46506,192.7667636,-25.88819859,-11.88213266
Driver,96.76762706,-4.0,-5.0,6.102362205,45.791,-9.555,13.305,-6.931,-1.891,135.4194256,1.3994,10.977,-6.484,3150.0,-1.407,412.0727849,69.92272471,-49.91857145,5.880554677,-0.684551361,1.154553707,0.091751,209.3223547,-26.57832163,35.12375925,58.17022081,5.847117,231.6055411,-29.63293459,-8.885246023
Driver,80.90327487,-1.7,-2.069,2.204724409,48.97,-3.549,10.318,3.441,5.51,119.9125358,1.4822,8.228,2.464,2740.0,5.195,291.1793466,29.54082502,16.90580804,5.716245519,0.250443826,0.826082552,0.099758,158.9134928,11.0283705,19.78419209,62.25240085,4.021651,197.9459435,14.82676335,12.60807359
Driver,110.7999284,-0.8,-0.4,1.377952756,45.492,-1.909,12.317,0.972,1.38,164.0875537,1.4809,10.732,0.863,2598.0,2.863,549.2071717,98.95965083,15.47389901,5.65617187,0.081270746,1.085719907,0.072599,273.0518956,10.20043164,38.4641726,63.40980188,6.923516,295.9302644,11.5622095,18.26862253
Driver,114.9964209,-1.545,-1.522,1.732283465,52.535,-2.706,7.985,1.845,3.367,168.3044023,1.4636,6.846,1.438,2020.0,12.863,500.244431,51.9103371,34.67986773,6.406439668,0.170259051,0.781004735,0.0792324,258.5064371,25.38770688,23.32578097,70.61295707,5.33121,298.6235393,32.50310008,56.77140457
Driver,117.0454545,2.865,1.235,-3.74015748,47.068,3.904,12.546,1.736,0.501,172.2275412,1.4715,10.598,1.633,3335.22,-2.199,595.5557435,128.0190411,8.26792004,6.037283435,0.170121266,1.152330235,0.073886618,284.3751066,1.890158071,45.39897551,64.04487508,7.73154788,300.1804917,1.707253337,-18.64311803
Driver,101.2728168,3.514,2.513,-4.527559055,49.968,5.47,13.52,-4.323,-6.836,146.8054313,1.4496,12.124,-3.339,2470.0,-24.097,440.1468793,71.05316344,-65.12714997,6.004873295,-0.36926394,1.294296895,0.086631,231.6441146,-49.4513885,31.1020753,64.3722953,5.708107,262.1364669,-60.92193163,-108.5600444
Driver,99.24838941,6.344,11.494,-8.070866142,51.443,16.578,13.185,6.669,-4.824,147.521922,1.4864,12.019,7.511,2090.0,-38.316,390.9799371,55.51067563,8.869777625,5.882116749,0.743093967,1.247577068,0.084324639,214.4061141,-13.010985,25.5065432,70.25533347,4.807070204,255.0628519,-24.37263531,-122.6223609
Driver,107.8852004,3.3,-0.9,-4.291338583,49.002,1.998,14.539,-1.326,-0.426,160.1644148,1.4846,13.345,-1.278,2670.0,-1.1,542.1726597,117.5803366,-15.01913452,5.850283995,-0.131973359,1.402994903,0.077766,269.2778915,-8.585120465,42.75744885,64.39958032,7.276932,288.4820787,-9.35411277,-7.740629367
Driver,92.72995705,3.169,2.59,-3.818897638,57.598,4.604,12.811,-6.249,-8.84,131.9620168,1.4231,11.636,-5.135,2100.0,-29.279,334.1750898,44.68012646,-54.85788608,6.191694675,-0.578193576,1.266509823,0.099197934,186.5268592,-41.83263048,23.51661057,67.92590971,4.421140097,226.9742658,-56.74563214,-76.18603016
Driver,87.66553329,-6.08,-6.543,6.771653543,51.174,-11.46,16.321,3.469,10.012,122.1642359,1.3935,13.582,2.178,3650.0,15.857,350.7579343,67.52655863,38.74113878,5.477623843,0.223861385,1.33658667,0.0956416,182.1883178,28.92440167,35.96484934,56.41290778,5.52051,200.8344696,33.9094145,66.202247
Driver,99.07167144,3.304,0.881,-4.566929134,44.144,4.292,14.037,-3.569,-4.45,141.4703382,1.428,12.395,-2.867,2500.0,-12.381,433.9664189,73.21335395,-42.63368227,6.075661208,-0.314807304,1.34149742,0.091103,227.4386164,-30.21729437,32.77326991,62.92216592,5.848278,255.5865934,-36.2641237,-56.71308616
Driver,87.45526127,1.7,-3.9,-2.165354331,48.496,-2.53,17.158,-3.656,0.4,123.863189,1.4163,14.541,-3.727,3220.0,0.958,370.1130424,74.93217042,-21.95112926,5.880779124,-0.381181842,1.534712533,0.101848,192.6519789,-11.13544516,37.31804443,58.10749727,5.782917,213.3454958,-12.20122371,4.170120128
Driver,99.42734431,-0.9,9.7,1.102362205,51.143,8.98,7.708,6.229,-3.471,148.7260648,1.4958,6.786,6.693,1470.0,-12.857,345.1295788,27.59705882,30.97163038,5.872359954,0.676968251,0.696551453,0.082129,192.502241,13.605711,15.04692312,80.55917177,3.758947,251.3663855,14.91559511,-26.60077459
Driver,84.75304223,-2.757,-3.16,3.070866142,59.566,-4.781,20.688,1.71,4.87,109.7928597,1.2955,16.8,0.843,4330.0,7.39,302.4538546,71.21223242,15.08215678,5.674545335,0.093962795,1.72764205,0.1124808,157.8457629,11.44388811,40.222844,54.50821725,5.40820033,173.1111969,13.23534004,27.37932056
Driver,80.29706514,-2.0,-12.8,1.25984252,69.748,-14.047,26.892,-1.636,11.203,95.97060666,1.1952,22.041,-3.813,4970.0,12.419,240.880811,70.8024646,-1.082583996,5.777171819,-0.359904637,2.351987895,0.136161,127.2102151,3.806301102,44.46097598,52.12189815,5.101088,137.6828612,4.78952702,36.760813
Driver,101.6732283,-0.057,2.2,0.078740157,45.994,2.145,19.987,-0.657,-2.857,139.1917949,1.369,17.459,-0.271,3530.0,-7.782,448.3914813,123.7146499,-22.62788786,6.16525933,-0.039150573,1.970771015,0.0964662,222.5107682,-17.47885573,47.61568554,62.89188147,7.09179,229.1234463,-18.3374878,-49.28842617
Driver,109.3839477,1.996,1.508,-2.362204724,47.856,3.315,12.75,1.963,0.454,162.544515,1.486,11.481,1.908,2050.0,1.542,531.7022669,88.38313405,20.72370596,6.374024908,0.21347333,1.310754462,0.0828073,274.5204929,11.94058187,33.67163679,67.5118089,6.40814,303.4470677,13.48855091,8.40758074
Driver,100.6084467,2.7,0.9,-3.228346457,49.654,3.047,13.41,1.519,0.619,148.8786238,1.4798,11.864,1.536,2290.0,-1.996,469.6834494,77.45827613,8.739925836,5.767873901,0.153188247,1.218403067,0.081914,245.0725851,3.344753907,32.72466108,64.92103776,6.037261,275.3539513,3.364235419,-9.675054245
Driver,93.59117752,3.056,5.371,-3.818897638,51.444,7.809,20.775,15.182,9.811,131.153588,1.4013,18.017,13.538,4120.0,14.673,400.332979,113.2014787,123.5505771,6.017663659,1.42859093,1.982202855,0.100475,199.9362796,73.62438281,47.59844337,60.60799105,6.700197,211.7873283,79.0509928,84.19319945
Driver,94.84609878,1.184,3.405,-1.496062992,45.382,4.573,12.022,-6.243,-9.648,130.6328293,1.3773,10.659,-4.99,2380.0,-29.561,326.5508517,40.76620807,-54.61614611,6.121051675,-0.556234271,1.147298111,0.0986601,180.6499698,-41.69132213,22.60344208,66.14855638,4.33889,217.1550873,-55.81980055,-78.73265623
Driver,85.01923765,1.473,7.709,-1.732283465,59.419,8.58,0.008,-8.208,-15.917,121.7709825,1.4323,0.188,-6.273,2350.0,-68.668,6.116040423,0.011353714,-0.679348732,6.079863368,-0.711857241,-0.018080467,0.103294428,3.796617058,-0.430572665,0.257887388,120.0623912,0.064159087,65.25057182,-7.745498627,-0.047490754
Driver,99.5995884,2.312,-1.111,-2.677165354,56.842,0.4,15.452,-4.721,-3.61,137.7623926,1.3832,13.796,-4.249,2350.0,-9.838,421.900962,76.27745987,-46.4281636,5.275405576,-0.397244326,1.301771595,0.0815104,223.4382082,-30.70949392,33.53054875,63.4142733,5.84099,250.093295,-35.99788546,-42.68224131
Driver,97.81003937,1.424,4.933,-1.929133858,47.817,6.224,15.782,3.469,-1.465,144.856165,1.481,13.777,3.681,2900.0,-9.203,469.6383939,96.98334852,8.267020785,5.973188753,0.374879772,1.477256911,0.088025,238.1604061,-2.467996069,39.67836952,61.89594204,6.612507,259.3829178,-4.101888553,-53.2569331
Driver,83.918665,4.775,2.328,-6.062992126,50.214,6.318,16.805,2.162,-0.167,123.8560308,1.4759,14.659,2.193,2640.0,-3.136,363.3095398,68.24499069,9.300101398,5.801732317,0.218996473,1.518933151,0.100402,194.0314646,3.455164621,33.81973042,60.18582206,5.503101,219.6524116,3.422496321,-11.91283046
Driver,104.3262348,3.7,9.3,-4.527559055,53.412,12.143,12.863,2.975,-6.325,147.411641,1.413,11.562,4.021,2330.0,-20.464,440.2517083,70.4085248,-4.794805819,5.719920223,0.385592541,1.176518639,0.082004,229.6432262,-15.21339477,31.82241443,62.89974484,5.747797,258.5117349,-21.23535293,-93.73090374
Driver,99.91947029,0.35,0.597,-0.433070866,50.591,0.885,11.325,0.007,-0.59,148.869005,1.4899,10.035,0.078,1910.0,-3.037,433.6661992,56.63349757,-3.5493529,6.295063007,0.006274528,1.119068825,0.0887919,232.1048688,-3.441225709,25.78233407,68.9257915,5.22362,259.4670081,-4.303833436,-11.27149571
Driver,96.43656049,-0.911,0.979,1.023622047,52.102,0.27,18.991,-0.944,-1.924,139.5085451,1.4466,16.613,-0.7,3310.0,-3.468,452.7898473,116.6846782,-14.15667318,5.409418772,-0.069330602,1.637847585,0.0838656,226.282311,-9.885464874,45.71591815,62.37958019,6.984,240.2645789,-10.82259056,-21.36862565
Driver,44.15935934,-2.5,-2.9,2.204724409,63.489,-4.233,36.82,-1.924,0.976,41.7942466,0.9464,31.3,-1.977,5590.0,1.01,55.37689514,17.46793027,-1.855555918,3.701246734,-0.13457896,2.074125702,0.216741,33.44517299,-1.15047969,36.84167831,34.72383567,2.238278,40.55875692,-1.384193603,0.009972958
Driver,82.73979957,-4.5,1.9,4.133858268,61.973,-0.573,27.687,3.697,1.797,110.9538296,1.341,22.2,3.139,7420.0,2.361,290.1194164,102.450039,20.25798148,5.61398457,0.333044524,2.336677012,0.114782,144.305933,11.84243199,52.50318546,56.72288607,6.009229,147.6383755,12.15564975,11.84803012
Driver,92.83285612,-1.737,-1.358,2.362204724,46.069,-3.033,22.775,2.242,3.6,127.8860952,1.3776,19.223,1.672,4560.18,7.941,384.6912935,119.1406367,29.90068957,6.033135973,0.188397755,2.142718725,0.103993,190.4770894,20.59900587,50.03905036,61.10076403,6.74624,194.8747715,21.28290028,45.19540459
Driver,99.78972799,-3.838,-3.371,4.68503937,50.251,-6.57,13.268,-2.01,1.361,141.9374105,1.4224,11.175,-2.182,2960.0,2.918,446.5263347,75.76610513,-10.68928213,6.413605773,-0.240971845,1.287148082,0.0954993,227.3660865,-3.587866012,34.87815234,60.09852707,6.09461,249.808219,-3.463759117,15.21109965
Driver,89.99194703,1.993,4.954,-2.362204724,55.609,6.319,5.508,-0.596,-5.55,134.0233536,1.4893,5.0,0.215,1270.0,-37.015,179.3092067,8.856940303,-5.68526596,6.210123194,0.001396186,0.524963871,0.09607466,108.9083285,-6.798473792,7.43768309,94.8893401,2.000445862,182.475129,-16.48083699,-21.61890559
Driver,99.78525412,5.743,7.053,-7.362204724,43.498,13.137,13.109,1.999,-5.054,150.7084377,1.5103,11.823,2.902,2334.27,-33.52,427.8904372,64.02402143,-26.59680102,6.255663611,0.29010243,1.312534208,0.0877374,228.7692195,-33.55463454,28.29823783,67.0120344,5.32622,251.8231229,-42.04492344,-134.9052717
Driver,84.11104152,3.041,2.816,-3.661417323,52.177,5.18,17.876,-1.387,-4.203,120.1297423,1.4282,15.361,-0.64,3120.0,-11.107,349.5677187,71.3772153,-20.38538409,5.833391493,-0.07740715,1.607575535,0.104574,184.4413902,-16.76352441,36.4462035,57.97448547,5.580098,205.8970428,-20.23317907,-44.13245472
Driver,100.1655333,2.363,4.914,-2.992125984,51.031,6.827,16.054,1.013,-3.901,147.7655243,1.4752,14.135,1.583,2930.0,-16.63,478.1482727,100.9976196,-26.56405176,5.974783516,0.149578171,1.51698997,0.086446,242.393856,-26.55343553,40.22945917,62.43077106,6.707561,262.9376424,-31.3458174,-99.59743074
Driver,95.49928418,-3.7,2.9,5.0,46.903,-0.588,16.883,6.929,4.029,137.8527649,1.4435,14.23,6.477,3700.0,4.549,437.3681577,101.6499237,59.24422688,5.654196249,0.642497551,1.453011263,0.087826,217.9191273,33.53923152,43.74211303,59.89861898,6.669477,233.5064413,36.44032017,27.10745541
Driver,89.68324982,-2.7,-3.3,3.267716535,55.786,-5.355,12.539,3.209,6.7,117.7136274,1.3126,9.839,1.992,3450.0,-3.366,314.6789831,42.52814378,6.699911026,6.089778317,0.207497424,1.064652041,0.109039,166.0532105,2.143019268,27.21287885,56.45981924,4.687176,193.8386051,1.901681709,-10.88939166
Driver,84.54948103,0.168,-1.613,-0.196850394,50.186,-1.473,21.455,10.702,12.315,112.9350841,1.3357,18.086,8.58,4390.0,12.391,316.9832705,81.73344416,65.42182256,5.865673618,0.89380205,1.933418455,0.11394,164.1457226,41.02589413,42.99087935,55.82796734,5.712873,177.5906863,45.37267573,50.56512376
Driver,102.9974946,0.1,9.9,0.078740157,51.93,9.765,1.183,0.023,-9.877,147.3033733,1.4302,1.057,0.984,1480.0,-34.361,101.9321777,1.082637217,-0.292353065,5.677419196,0.079681565,0.099479687,0.07956,61.69560265,-1.233779213,1.639785625,119.3454885,0.952789,134.7689754,-5.538892679,-6.878688125
Driver,98.58401933,0.468,0.812,-0.551181102,49.732,1.209,16.422,3.115,2.303,143.8839925,1.4595,14.518,2.827,2750.0,5.208,468.686622,99.34908688,34.23497989,6.515056465,0.327299266,1.709676567,0.097055,239.2109933,21.63301004,39.89807024,62.54800917,6.64498,259.1039087,24.14755335,29.57110489
Driver,97.49686829,-1.0,0.8,0.94488189,57.313,-0.461,14.754,0.997,0.283,144.3819345,1.4809,12.791,1.019,2814.69,4.001,462.4713187,90.03430073,16.63754778,5.653704251,0.098545992,1.29560025,0.083198,234.3771818,11.43821946,38.60505998,60.94345811,6.468414,256.2299065,13.14022657,21.81966283
Driver,88.70570866,1.716,8.6,-2.047244094,63.144,9.469,23.202,-31.261,-39.861,63.40774875,0.7148,17.584,-18.701,8140.0,-46.541,85.91951035,14.9542985,-32.68526889,6.342729321,-2.128230202,1.850808751,0.2202824,52.40982065,-23.06139278,23.38394651,45.36458314,2.181400473,66.78750532,-31.03450449,-20.26185327
Driver,68.75223694,-3.895,5.129,3.464566929,65.634,3.362,30.149,3.281,-1.848,84.44121331,1.2282,24.043,3.665,5120.0,-2.273,198.9943462,58.36088318,10.41077571,5.801253749,0.366127446,2.575630469,0.15787,108.6163736,5.362829409,41.88503053,50.43927225,4.535089,119.9851457,5.813265538,-4.748167981
Driver,103.8564782,3.787,6.109,-4.881889764,50.278,9.262,16.564,1.329,-4.78,151.2354599,1.4562,14.707,2.054,2980.0,-18.893,494.0256735,110.2518053,-30.96237215,6.060763143,0.199134604,1.604491941,0.08592,248.5420104,-31.35779982,41.81640908,63.12868727,6.930685,267.8277074,-36.5514643,-120.5236727
Driver,75.50778454,-4.145,-1.002,3.661417323,65.117,-2.928,26.193,7.663,8.665,65.53395669,0.8679,18.468,5.229,5220.0,9.862,108.9098447,20.89770134,11.89146505,5.328384375,0.50156416,1.705788751,0.1792696,64.80468379,8.184231234,26.82340556,45.18200179,2.735802897,82.52749528,10.96795383,6.874138663
Driver,95.61336793,-2.565,4.219,3.149606299,52.961,2.282,26.245,-3.517,-7.736,121.7197566,1.273,21.567,-2.105,5860.0,-9.254,345.4138788,120.2897286,-32.88202014,5.719002748,-0.225985492,2.299618401,0.105674494,170.300877,-22.47765805,52.60859527,60.6154491,6.559650011,176.0420363,-23.51979039,-48.78572495
Driver,102.1787759,1.098,6.334,-1.377952756,50.832,7.229,13.443,0.873,-5.461,148.6459825,1.4548,11.856,1.598,2565.46,-17.865,462.6663588,77.35774176,-21.59875722,5.520652669,0.141328163,1.165668033,0.078515,239.5322273,-23.30990217,33.20072015,63.29042193,6.031437,268.0139123,-29.70849507,-89.84672047
Driver,111.3144238,0.748,-6.715,-0.905511811,47.941,-6.04,15.52,1.741,8.456,154.3436829,1.3865,13.298,0.411,3936.75,32.321,459.4596602,101.3853266,96.5877877,208.1584114,63.56366889,15.65471133,5.58895,228.2008766,74.45596569,41.42377106,62.51333864,6.47073,245.2519241,83.28973307,218.7200732
Driver,92.86641016,2.561,-0.34,-2.992125984,50.065,1.805,17.689,-3.164,-2.824,135.7721904,1.462,15.736,-2.781,2679.7,-10.184,428.4405145,92.30983161,-39.58036355,5.21612879,-0.260612981,1.481243948,0.082591,222.712897,-27.65647363,38.83339288,62.02230645,6.31512,235.6678919,-30.12777875,-50.70550321
Driver,100.6800286,2.5,3.7,-3.346456693,47.569,5.958,14.339,-0.668,-4.368,146.2772906,1.4529,12.661,-0.049,2600.0,-15.638,460.0782219,81.94144226,-30.94477506,5.668054505,-0.016809158,1.280513861,0.082212,238.3291752,-26.88470144,34.80784529,63.0394467,6.16081,264.9348546,-32.81152497,-80.04651236
Driver,58.7956335,-4.58,-3.186,4.68503937,52.426,-6.719,18.801,-3.283,-0.097,82.10943092,1.3965,15.648,-3.269,2570.0,-0.15,160.7519685,26.0805298,-9.095250703,5.990022693,-0.341796148,1.625590787,0.157596244,95.09928625,-5.476641445,23.85368945,54.0652741,3.200317176,125.3900657,-7.237278143,-0.161403373
Driver,101.5009843,4.692,6.398,-5.866141732,49.111,10.473,11.512,3.83,-2.568,145.5789191,1.4343,9.933,4.434,2439.0,-10.716,435.5467148,60.09139448,15.88629742,5.962207127,0.452338059,1.050882579,0.086068,227.9907956,2.203277785,28.41707406,63.96316083,5.50416,261.0051067,0.189017794,-46.285849
Driver,94.52174302,-3.8,-1.4,3.307086614,54.2,-4.739,15.765,2.311,3.749,136.4616142,1.4437,13.587,2.091,3005.39,7.662,425.7069485,85.94588984,29.50244954,5.807587653,0.197352419,1.416070705,0.090825,217.0275757,20.40760432,38.87843097,59.52654008,6.258174,237.2660458,23.41379305,37.53142349
Driver,94.36068361,-2.056,-5.688,2.874015748,49.962,-7.417,16.812,0.007,5.696,131.0480047,1.3888,14.468,-0.738,3190.0,10.814,402.4922378,83.64965138,15.70680729,5.988280567,-0.065240759,1.55670374,0.097974547,206.9134505,14.9913371,38.63422223,59.1808502,6.093521979,227.0957914,17.96710346,52.94451171
Driver,106.3528991,0.7,6.5,-0.94488189,51.572,7.185,2.164,-0.986,-7.486,147.2174749,1.3842,2.002,-0.082,1300.0,-21.772,174.2455966,3.793866834,-4.058713473,5.600397633,-0.01924141,0.192424382,0.078562,101.2845522,-4.087847861,3.756097586,104.8401499,1.676894,174.704407,-10.0426077,-11.82901927
Driver,103.6685755,1.503,3.66,-1.968503937,49.616,4.939,11.647,-0.884,-4.544,149.8188082,1.4452,10.336,-0.283,2140.0,-15.435,442.9216961,60.77605332,-25.3679967,5.864697149,-0.039864806,1.073634676,0.082305,234.7475829,-22.07780968,27.27602496,67.16925925,5.405219,271.5272396,-28.98623676,-62.76959987
Driver,110.8379563,5.7,2.7,-6.417322835,51.184,7.42,20.528,2.718,0.018,164.7552792,1.4864,18.95,2.601,3650.0,-1.079,553.0092034,193.1258961,20.2696424,5.404985367,0.256344908,1.880014754,0.071958,258.7263556,9.076580986,56.47878508,72.74384659,8.505384,264.544547,9.242242837,-7.99996254
Driver,81.54527559,0.028,6.203,-0.039370079,51.603,6.225,8.831,-7.895,-14.098,113.4014853,1.3907,7.428,-5.585,3020.0,-29.426,224.2030747,18.77566269,-37.15862566,5.731988804,-0.585783245,0.739164633,0.105621359,126.5656258,-27.82169657,15.08666947,64.72893758,3.154757512,170.2074946,-43.1829856,-47.01973886
Driver,85.43978168,-0.675,-0.851,0.826771654,51.377,-1.391,17.479,-2.62,-1.769,127.2087509,1.4889,14.686,-2.334,3544.71,-5.398,386.8354086,84.43783478,-25.95859375,6.19969564,-0.259321592,1.647478729,0.104667,197.5893431,-16.83675798,40.28087409,57.99748254,6.09303,207.374328,-18.02984165,-26.41585899
Driver,83.72852541,-5.2,-0.6,4.251968504,58.104,-4.505,27.998,2.215,2.884,110.2028901,1.3162,20.614,1.533,8091.78,5.429,287.7275963,93.13971289,16.59236645,5.682002504,0.159114922,2.17945934,0.115611,144.9964095,11.25342708,49.91530411,55.35314829,5.814768,148.6774554,11.64550273,22.14616082
Driver,102.878937,-1.362,-0.843,1.771653543,50.355,-1.972,11.035,-1.176,-0.332,147.1604331,1.4304,8.412,-1.104,3834.19,11.201,451.3380596,64.07599059,24.30650411,219.6662301,20.99562152,2.345273748,5.49378,223.2705436,21.74438507,31.92164096,62.4444157,5.63265,248.6753474,26.89329764,78.0651202
Driver,108.1066571,-8.893,3.508,10.62992126,49.286,-4.231,8.47,6.866,3.358,155.010961,1.4339,6.366,6.455,3300.0,7.109,491.7738006,62.32934819,72.5517895,6.173036204,0.701029886,0.712812026,0.0829581,240.6439531,40.71189752,31.13351827,58.87391402,6.00386,264.9215005,46.23877707,41.36970275
Driver,56.85844667,0.667,-0.242,-0.826771654,55.161,0.223,12.962,3.52,3.761,85.85406228,1.51,10.647,2.793,2064.29,18.987,114.6871837,11.77166272,8.603372078,80.37410035,7.906576854,-2.517988779,2.3097,71.3796448,6.67704115,13.72782299,66.16469273,2.0197,115.3589585,12.47115019,9.618574099
Driver,95.39191124,-0.8,-6.0,1.25984252,48.599,-7.206,16.212,0.496,6.503,140.7091088,1.4751,13.924,-0.354,3430.0,10.179,444.3214697,100.4856276,22.08016808,5.715772823,-0.031297338,1.435118392,0.086855,221.5128629,18.58751976,43.07144754,59.94658429,6.646603,237.8959603,21.17707883,59.85281724
Driver,96.12562634,-1.3,-1.3,1.968503937,48.431,-2.747,22.27,-2.105,-0.805,125.4384395,1.305,19.968,-2.078,4880.0,-2.092,369.4197137,120.6842014,-17.42008387,5.616516209,-0.202547321,2.073578724,0.099386,181.9959665,-10.34654686,51.64440897,60.9386795,6.709906,189.7743059,-10.88187823,-11.25373042
Driver,99.63537938,-0.4,-2.2,0.433070866,45.747,-3.159,19.294,1.846,4.208,137.2682534,1.3777,16.752,1.273,3550.0,10.164,434.9945849,114.883412,34.96645894,5.81925299,0.141338549,1.771309838,0.09199,216.7074604,25.38658645,46.47957213,61.42748878,6.888444,230.5566643,27.962816,61.79715221
Driver,111.3613994,-5.46,-4.594,6.220472441,51.886,-8.895,12.979,1.098,5.693,150.8847083,1.3549,11.318,0.568,2606.88,11.199,481.4119414,80.50891586,28.33014165,5.417091422,0.061554615,1.097605283,0.0756914,246.5468838,22.5568284,34.16304988,62.8198567,6.23383,271.944647,26.92774997,60.36562691
Driver,78.86989979,-4.486,4.731,4.409448819,56.787,1.787,32.271,2.585,-2.147,97.44877416,1.2356,25.937,3.024,6130.0,-2.413,251.0751389,89.23594295,9.207443284,5.999826957,0.310869017,2.942999897,0.144046,129.9413945,4.226138007,49.87094447,55.33163174,5.533214,136.0701666,4.360565288,-7.893246005
Driver,102.5255011,-2.9,-0.5,3.779527559,47.936,-3.243,15.899,0.916,1.416,146.6262527,1.4301,13.86,0.797,4210.0,1.308,467.4683719,122.2396267,9.933849672,5.429720218,0.071707655,1.365240066,0.079171,225.7796396,5.995964992,48.67739497,61.59455672,7.183465,236.9044298,6.3966632,8.567811458
Driver,102.1027201,-2.131,4.493,2.874015748,42.654,2.178,12.749,2.34,-2.153,149.5358357,1.4645,11.246,2.564,2256.75,-8.115,464.0677344,72.0848921,6.195929462,6.228178216,0.271871887,1.249150306,0.0878753,242.7608931,-1.750895439,31.04844598,65.1192648,5.86485,263.3161949,-2.9778863,-37.82652993
Driver,115.7077666,1.0,-1.8,-0.984251969,45.981,-1.403,13.237,-3.343,-1.54,170.6824893,1.4751,11.168,-3.09,3540.0,-7.079,575.9261725,134.9065738,-57.36074711,3.76847688,-0.205009569,0.754077725,0.046426,273.1264302,-34.76410355,47.86646279,64.10852448,7.781518,286.1674836,-37.16704181,-60.33166001
Driver,111.9340551,6.8,1.2,-7.440944882,47.962,6.962,18.894,-1.711,-2.904,161.9823729,1.4471,17.072,-1.347,3010.0,0.517,547.2148685,162.2486632,-9.582390921,5.800090895,-0.126186969,1.802975141,0.077721,262.7772048,-4.335631028,51.74441466,68.16494695,8.08187,273.6648302,-4.477411522,5.525820577
Driver,99.18575519,-0.127,3.525,0.157480315,46.743,3.406,16.064,2.754,-0.771,143.4759753,1.4466,13.976,2.858,2979.61,-4.376,466.446864,99.01046123,12.42158784,5.995123702,0.294642012,1.50602004,0.089303,235.686457,3.223875935,40.60719252,61.63278561,6.664544,255.8635102,2.866720538,-25.59166867
Driver,109.6322477,-2.511,0.747,3.503937008,43.456,-1.905,11.901,1.605,0.857,163.9302971,1.4953,10.295,1.507,2620.0,-2.4,549.7057857,93.57026513,7.831852035,6.134849526,0.15930449,1.129238618,0.078752428,274.6144252,2.01344318,36.6908858,63.87547757,6.791453202,300.0002399,1.731264202,-15.62749696
Driver,105.583393,-1.2,0.8,1.771653543,43.314,-1.156,12.626,-2.476,-3.209,155.4357552,1.4722,10.635,-1.941,3160.0,7.961,508.9783856,96.30718246,5.042730122,5.868805796,-0.197693478,1.120302713,0.079616,249.8763716,8.878351718,40.35900076,60.73852821,6.806424,269.2501356,10.80077581,51.99394993
Driver,98.05386543,1.7,-2.5,-2.322834646,47.928,-1.02,19.113,-2.707,-0.112,137.5053686,1.4023,17.158,-2.694,2670.0,1.772,442.7979937,107.9732674,-16.38396605,5.400399487,-0.25236865,1.676098747,0.085191,226.6990539,-7.423870818,42.95276932,62.70850652,6.722741,245.3119556,-7.819637829,9.701679928
Driver,103.476199,-5.194,-1.446,7.007874016,46.23,-6.442,20.923,-5.402,-3.956,134.9505637,1.3042,17.515,-4.843,4620.0,-5.416,414.2147224,124.7021821,-48.09473716,6.466390962,-0.555316891,2.089973218,0.104633,202.4981423,-28.37276735,50.39863626,61.88008729,6.97708,210.8628148,-29.82836459,-34.03221725
Driver,88.94953472,-0.342,0.058,0.472440945,45.85,-0.274,24.047,6.379,6.321,124.2242305,1.3966,21.037,5.515,3840.0,13.687,375.7667792,116.0651149,63.42382257,6.279023179,0.624352843,2.441703039,0.112774,189.6907699,41.99997515,48.57309233,61.31874124,6.63149,195.4223607,43.72204098,72.08265526
Driver,99.21036149,1.985,5.964,-2.637795276,48.623,7.714,12.992,-1.714,-7.678,142.2798855,1.4341,11.528,-0.66,2530.0,-22.816,416.1328594,63.36460471,-39.68960763,6.025411629,-0.088707987,1.232862609,0.089518,220.1294397,-34.33625126,29.63841521,63.54846695,5.465418,251.3116602,-43.95193441,-95.48807063
Driver,83.97906228,-2.7,10.7,2.913385827,62.132,9.147,3.198,-4.571,-15.271,108.9953919,1.2979,2.399,-2.184,2370.0,-54.698,57.5743072,1.277488087,-3.616990062,6.17980933,-0.281918259,0.223772817,0.117487,36.9554596,-3.219091313,2.894679714,93.29066416,0.750679,101.7458595,-12.21569693,-5.441338
Driver,104.6662491,3.51,-0.897,-4.251968504,45.102,2.607,19.142,1.574,2.471,150.3773712,1.4367,17.251,1.258,2860.0,5.6,509.2795064,134.4410284,26.44913654,6.307782269,0.145204149,1.992103807,0.0911933,253.4794251,18.27645426,47.040383,66.43360055,7.44486,268.2111925,19.88764612,38.16457512
Driver,96.83920902,3.464,0.364,-4.488188976,45.403,3.786,12.429,0.678,0.314,143.4726199,1.4816,11.37,0.64,1510.0,1.964,399.2067172,54.29461217,6.453472942,6.203918828,0.070637256,1.245900304,0.0911515,220.1004806,4.392666026,24.73877219,72.25311733,4.88425,250.4634188,5.266400376,5.803160436
Driver,94.09672513,-5.628,-0.279,7.401574803,47.867,-5.394,9.15,3.84,4.119,140.8972351,1.4973,7.272,3.309,2729.2,10.202,395.6570212,41.67606754,37.43106118,6.339481165,0.375289582,0.81915985,0.0938858,205.8100763,24.63830731,23.14317645,62.92522935,4.89209,239.6920151,30.95700359,38.40939035
Driver,84.2206514,-4.175,-7.603,4.212598425,60.78,-9.943,16.12,0.896,8.499,123.0679581,1.4612,12.892,-0.521,4285.0,14.896,352.2731751,69.83461333,23.64457875,5.252346516,-0.032981945,1.221082968,0.0907776,180.0349736,20.43990747,37.78513138,55.29552762,5.61442,195.9223233,23.92489091,66.19662833
Driver,75.66884395,-2.015,-4.531,2.874015748,48.176,-6.335,15.2,-5.9,-1.369,107.4816571,1.4204,11.567,-5.601,3888.86,14.728,251.4696997,37.19870399,-10.25998558,148.0804213,-0.697471399,-5.80069147,4.38077,137.345925,-1.445504727,26.11042787,59.32735731,3.96077,165.0718941,0.283891913,35.89696035
Driver,87.98541518,-2.852,5.494,3.543307087,53.276,3.364,5.865,2.926,-2.569,129.5320329,1.4722,4.627,3.293,1660.0,-6.799,210.5838295,10.35117307,10.0936328,5.940333863,0.336687406,0.471960255,0.095067,122.5825588,4.958783701,8.200576394,85.18206877,2.424427,189.7791808,6.460540427,-6.255103722
Driver,83.89629563,-7.4,-4.4,8.188976378,53.288,-10.477,12.195,-0.811,3.633,118.0312724,1.4069,9.583,-1.286,3114.17,13.644,302.467171,37.97780474,7.835717855,6.042560387,-0.122227221,1.024173394,0.107774,161.3578448,9.54259705,24.97246491,57.73469304,4.425524,191.4935475,13.84394692,39.46565185
Driver,95.60442019,-2.019,8.612,2.519685039,53.732,7.13,16.359,6.05,-2.562,133.019864,1.3914,14.764,6.284,2128.23,-3.047,399.4707173,73.77287687,38.80390646,6.189732795,0.674769529,1.630503226,0.099732,215.2618264,19.69196929,32.93713252,64.44050144,5.639004829,245.3161155,21.92618309,-11.66823462
Driver,102.3062813,3.5,0.7,-4.37007874,50.104,3.738,12.171,-0.637,-1.337,150.3983984,1.4701,10.869,-0.346,1970.0,-8.061,451.958774,64.7533162,-14.83645191,5.639403472,-0.039183087,1.086308067,0.07893,240.5188451,-12.40950589,28.19530242,68.16177259,5.52057,277.8786581,-16.07767971,-32.87630495
Driver,93.08339298,1.3,-3.5,-1.653543307,48.329,-2.482,16.916,3.232,6.732,128.6591804,1.3822,14.985,2.292,2704.31,8.416,386.856835,79.56272839,29.44820313,5.742939024,0.237908497,1.544465165,0.095887,201.4675611,20.55860142,37.72763507,59.07296025,5.923243,222.9224367,23.9393676,37.58120084
Driver,80.51404796,-0.199,-1.152,0.236220472,48.123,-1.33,16.735,3.792,4.944,118.7426181,1.4748,14.026,2.964,3330.0,6.683,340.5794509,65.01276697,27.12588642,5.666840333,0.30022612,1.422877078,0.102126,178.9709636,17.85782986,35.20100479,56.80512085,5.416689,200.5694524,20.9434011,25.8774181
Driver,110.0237115,-7.424,2.786,9.251968504,48.662,-3.796,13.874,7.291,4.505,157.6129653,1.4325,11.312,6.73,4100.0,11.767,513.7261318,117.8096705,98.2294313,6.262299061,0.748960837,1.300179604,0.0840867,246.2717355,58.34494634,45.96611669,61.17896686,7.26835,253.2040205,60.62822566,89.71136491
Driver,110.5874195,3.8,2.6,-4.094488189,45.2,5.875,15.12,-1.502,-4.042,160.8712867,1.4547,13.558,-0.903,2650.56,-6.686,544.3321188,119.1066025,-27.78639762,6.095889396,-0.10419788,1.486163655,0.080788,270.5998789,-19.93809099,42.86186227,64.66821081,7.30044,289.7661419,-22.30102197,-47.04792472
Driver,91.65846457,2.1,-2.9,-2.598425197,48.296,-1.241,19.653,-7.804,-4.764,122.394864,1.3353,17.576,-7.206,2617.75,-3.682,368.4079178,83.66538688,-50.53018149,5.20854151,-0.656265699,1.651242377,0.092513,195.3367411,-29.47786098,38.68771578,60.37412922,5.895205,217.2112278,-33.25309839,-15.06947794
Driver,106.3394775,1.5,7.9,-1.968503937,52.503,9.132,5.097,-6.143,-14.043,142.3443092,1.3386,4.768,-4.781,1970.0,-28.092,278.0086788,15.74871361,-38.70552094,5.566441818,-0.481348231,0.462974153,0.081098,154.5904121,-27.99779633,10.92788492,79.34880922,3.058825,213.3396611,-44.91964987,-45.68624256
Driver,96.70499284,-2.416,5.527,2.913385827,53.985,3.77,21.675,2.397,-3.13,126.3853346,1.3069,17.826,2.938,4870.0,1.692,375.3214809,110.3091603,22.36415427,6.070331935,0.313854404,1.987143772,0.1052872,186.0292565,12.6268644,48.96678327,59.41129021,6.551754027,195.6970748,13.38387422,9.291812824
Driver,80.47378311,-0.803,-5.024,1.141732283,50.395,-5.688,14.271,-1.189,3.835,116.4546797,1.4471,10.96,-2.058,3951.03,15.805,299.3021737,43.91729642,13.33876942,169.0045274,20.13195594,-6.002681251,4.90371,158.9389355,17.10343475,27.97727075,58.83914109,4.49371,184.3820346,24.34968663,68.30081916
Driver,102.3241768,-0.88,-0.421,1.181102362,48.491,-1.2,14.343,1.692,2.113,151.3007785,1.4786,12.179,1.381,3283.06,7.747,498.7269624,102.9150525,33.31593508,6.116989354,0.155946037,1.350719087,0.0857654,246.4106613,23.02202734,41.63587027,61.15932762,6.91252,256.6674808,24.59137161,51.3079687
Driver,109.4219757,1.985,-4.963,-2.322834646,53.147,-3.474,21.548,-6.702,-1.739,150.2798407,1.3734,17.727,-6.339,5723.0,-3.135,457.2615035,163.5857753,-58.58784653,5.637607812,-0.627920398,1.863042609,0.0818176,213.0765623,-31.67324289,57.75733712,69.47626194,7.69444,215.9475288,-32.14915027,-24.64498605
Driver,106.6772548,0.558,-1.388,-0.708661417,46.435,-0.857,15.06,-5.892,-4.504,148.221412,1.3894,13.245,-5.306,2800.0,-11.139,482.1671213,95.59944792,-69.36227003,6.459149279,-0.609476347,1.543197401,0.0928466,244.866822,-44.1583334,38.66812834,62.32737812,6.61443,265.6668296,-49.573753,-65.08901631
Driver,71.84815676,8.347,-1.687,-9.763779528,53.332,4.584,14.823,0.91,2.597,101.9727541,1.4193,13.037,0.18,1945.86,-22.385,218.0002868,27.04015003,-11.20904129,125.5545821,-11.93238405,0.89940544,3.35605,127.9166908,-12.37948917,19.15777491,64.38291064,3.43553,167.3964605,-19.88960923,-38.33820966
Driver,102.7335361,0.497,-5.455,-0.748031496,44.844,-4.955,14.128,-3.884,1.571,143.8457409,1.4002,11.521,-4.193,3748.81,15.877,443.8245578,84.81748572,13.58115596,234.0110036,23.18362201,-3.839087742,6.20474,228.7616475,21.68640096,35.48958321,67.35658082,6.00474,253.1902092,28.50457021,114.8377343
Driver,104.2658375,-8.914,-5.156,10.70866142,49.866,-12.755,12.827,0.761,5.918,149.3788028,1.4327,10.22,0.031,4010.0,9.9,478.0434436,94.99159828,29.20820656,6.368048564,0.016220499,1.186516666,0.0899081,232.3768679,22.11696953,41.86067182,58.69703286,6.7213,247.4571086,24.76592053,65.97542723
Driver,99.10522548,2.222,4.145,-3.11023622,45.3,6.346,17.124,-0.982,-5.127,142.2275412,1.4351,14.957,-0.2,3240.0,-14.242,456.9316474,104.3869997,-35.9974002,5.764931781,-0.033859278,1.554236887,0.08702,230.2120498,-29.24888418,42.43653091,61.48970887,6.742913,248.0022307,-33.3457469,-85.35488462
Driver,93.49498926,-1.9,3.5,1.968503937,55.864,2.186,13.989,3.235,-0.265,131.2851199,1.4042,12.141,3.505,4270.0,-0.411,393.9250135,83.82909528,21.09503694,5.696949713,0.325696952,1.251024606,0.092262,195.602878,10.46400228,41.97544759,56.15255025,6.164735,210.2127671,11.20139271,-4.490265197
Driver,94.52621689,1.5,-9.5,-1.88976378,47.613,-8.231,24.266,7.502,17.002,124.1828472,1.3137,20.83,4.513,5380.0,21.717,352.4762251,113.551608,73.32932147,5.752236091,0.487318719,2.218606973,0.103495,176.4997723,51.59237808,49.85502899,59.82587315,6.453761,184.5384731,54.96455036,114.4531477
Driver,101.6061203,-0.7,8.1,0.984251969,51.581,7.542,24.72,-3.159,-11.259,133.1744363,1.3107,20.719,-1.13,5813.24,-8.034,390.2324416,141.5960346,-29.87094304,5.79412109,-0.127447499,2.235743877,0.097198,187.8357944,-20.70812854,55.15231602,64.32236308,7.106629,191.9456049,-21.34260728,-51.06714787
Driver,91.87097351,-5.8,1.2,7.047244094,42.578,-5.598,8.714,0.036,-1.155,134.7503579,1.4667,6.651,0.231,2770.0,-8.849,361.9425816,35.80165464,-10.5108349,6.075859701,0.013726842,0.71865287,0.094095,187.4640451,-9.468722779,22.27308343,60.39789001,4.621353,222.5880219,-13.30271451,-30.67043949
Driver,103.0288117,2.9,7.1,-3.818897638,46.283,9.869,11.51,0.437,-6.663,138.7023533,1.3462,10.209,1.548,2270.0,-9.873,395.3097686,54.22219354,-3.268079559,5.676110943,0.145707764,1.027056779,0.086084,209.0136374,-6.777629049,27.62212814,62.6435046,5.187571,241.7818884,-9.86604682,-37.25569879
Driver,94.12133142,3.061,5.21,-4.173228346,48.425,7.929,19.35,3.838,-1.371,131.6430297,1.3986,16.651,4.078,3540.0,-3.346,413.0859575,104.9594135,20.81481138,5.798661119,0.408574711,1.751918265,0.095532,208.1957623,8.616630842,44.84416732,60.35640569,6.617691,223.2183707,8.90520779,-18.59467882
Driver,99.51682176,1.3,5.7,-1.614173228,46.035,6.839,12.061,-3.626,-9.326,143.321403,1.4402,10.74,-2.352,2490.0,-26.99,403.2627116,55.76997358,-53.42188698,5.533405742,-0.24563383,1.051320015,0.081282,215.2027013,-43.09241619,26.92898012,64.97304356,5.148509,249.7597216,-55.99491723,-103.2100868
Driver,101.789549,1.835,6.305,-2.480314961,48.344,7.937,17.931,3.096,-3.209,146.7539817,1.4418,15.657,3.573,3380.0,-10.536,481.5354935,122.0530845,-0.549811132,5.868592004,0.354970069,1.663694517,0.08619,238.2528126,-8.779400709,46.14884862,63.05764382,7.189087,252.9076124,-10.42367581,-70.80064509
Driver,93.63367931,1.321,3.181,-1.692913386,47.944,4.373,13.842,2.85,-0.331,136.0860326,1.4534,12.001,2.9,2489.81,-4.776,407.2162298,65.13564863,12.99032875,5.993765161,0.299025066,1.278942746,0.093287,214.9112729,4.3015971,30.91797084,62.33678601,5.552189,244.7669084,3.989561019,-19.72417989
Driver,86.54706514,-0.957,-1.016,1.535433071,46.552,-1.923,19.053,6.287,7.303,118.9611668,1.3745,14.586,4.564,5620.23,38.248,288.6057025,55.32380945,72.0598386,147.7704864,52.31439019,4.923182948,4.27445,156.2589351,57.26470357,30.92975785,58.71716276,4.62534,176.3423641,68.84608757,136.5427053
Driver,90.10603078,-2.722,5.587,3.42519685,52.943,3.529,6.781,-3.303,-8.89,127.1315766,1.4109,5.477,-2.07,2260.0,-11.847,255.0352152,16.12816794,-15.45504716,5.888620246,-0.221943818,0.560880695,0.09625,142.9163065,-11.33922367,11.72855268,73.70656614,3.106697,197.9400806,-18.30051459,-18.55768769
Driver,100.879116,3.1,2.5,-4.37007874,49.42,5.244,14.367,0.415,-2.096,144.4271206,1.4317,12.654,0.746,2500.0,-7.123,456.109535,80.6638614,-7.671027506,5.89473317,0.070859203,1.331009546,0.086629,237.0314001,-8.709885414,34.5415499,63.24207262,6.124312,264.2827179,-11.02171544,-35.37948485
Driver,101.4249284,-0.9,6.1,1.102362205,52.128,5.474,9.349,-1.424,-7.524,143.4448819,1.4143,8.207,-0.496,2030.0,-14.376,375.2806806,38.52200182,-18.08943654,5.613143703,-0.057686423,0.810276733,0.08171,203.99175,-15.69001087,20.23846427,70.49734454,4.45709,249.6833591,-22.55397449,-41.78626107
Driver,86.79312813,-7.62,-7.767,8.976377953,57.348,-12.686,20.139,10.381,18.148,97.851199,1.1274,13.189,5.525,8098.15,44.004,186.5428264,31.36514645,45.98718184,100.5288131,35.09290556,1.999073761,3.25294,104.7241015,37.45188959,25.8424333,51.81875925,3.4397,121.0703601,46.71170102,83.58563632
Driver,97.36265211,3.1,0.7,-3.976377953,50.636,3.275,25.729,3.244,2.544,126.6029885,1.3003,23.333,2.987,4750.0,3.107,374.4065543,141.3479543,25.69477174,5.639365321,0.293405009,2.468425175,0.101324,181.6475878,15.3791071,55.28893663,64.51161316,7.044768,187.2463881,15.9411624,17.77997034
Driver,103.7491052,-1.7,6.5,2.047244094,54.737,5.228,15.364,2.692,-3.808,149.856165,1.4444,13.304,3.348,3140.0,-7.556,486.1649441,109.8178364,6.475692937,5.849136308,0.334133248,1.402638479,0.083216,239.1605705,-2.767866099,44.18976331,61.02357238,7.015332,255.5439965,-3.90047709,-50.18782123
Driver,94.08330351,1.17,5.025,-1.496062992,51.176,5.967,19.387,10.598,5.573,135.5312724,1.4405,16.576,9.684,3960.0,7.169,425.2031281,115.0944534,86.98660062,5.942283022,1.008539468,1.793638595,0.095149,210.664042,49.69504133,47.42258934,61.06616603,6.861984,223.0365377,53.19169794,43.65101517
Driver,72.16356478,-2.723,6.252,2.401574803,68.436,5.175,26.266,9.562,3.31,85.50420544,1.1849,20.92,8.881,4564.52,4.867,198.9418065,49.78949625,33.15926113,6.052361009,0.944030635,2.296693938,0.158766,109.8908284,20.13605257,37.44267739,50.16816285,4.29995,124.9577892,23.22705444,9.649910394
Driver,100.876879,0.247,2.538,-0.31496063,45.741,2.779,16.997,-1.219,-3.757,138.4746331,1.3727,14.876,-0.72,2990.0,-12.268,439.717851,94.88894649,-31.58389455,6.198807395,-0.09133187,1.666764805,0.09609,224.808665,-25.01982568,40.00448834,61.10153202,6.46315,236.4169884,-27.30792112,-66.63133646
Driver,98.35137795,2.305,3.892,-3.228346457,46.789,6.059,16.648,0.929,-2.963,141.5875537,1.4396,14.511,1.39,3070.0,-9.614,456.2851513,99.85286118,-11.58411177,5.973868703,0.135257925,1.560097547,0.090414,230.7350168,-12.9750951,41.15357119,61.35671414,6.641964,250.1398433,-15.40363224,-55.67856139
Driver,102.635111,3.88,3.511,-5.118110236,51.842,6.566,10.999,0.757,-2.754,150.3726736,1.4651,9.912,1.184,1740.0,-14.555,421.4199196,52.26663474,-8.66295073,5.980898396,0.113998041,1.045832835,0.083478,228.6879962,-11.38691978,23.90379485,71.84754121,4.950295,272.5352805,-16.79674994,-48.31217771
Driver,113.8086077,0.7,0.5,-0.984251969,48.747,1.196,11.888,-0.469,-0.969,169.9114173,1.493,10.423,-0.234,2481.0,-2.54,576.0568834,101.1418842,-10.71858603,5.815507926,-0.037916823,1.08361408,0.071999,286.6393897,-7.589331275,37.85637733,64.88791174,7.010033,311.2144126,-8.719683263,-19.25707853
Driver,83.85379384,-3.5,-3.3,3.346456693,64.484,-5.03,22.335,0.397,3.705,105.7943361,1.2616,18.507,-0.199,4061.78,6.215,287.9911207,72.10501074,7.387124901,5.690667826,-0.010603594,1.915369738,0.118266,151.6317487,6.683908724,41.18136562,54.46246631,5.366127,166.4688601,7.867740061,21.6300109
Driver,109.551718,-0.6,1.6,0.866141732,38.92,0.384,12.964,0.944,-0.592,162.947611,1.4874,11.119,1.026,2990.0,-0.955,552.1387315,109.5863434,6.74217643,5.990977647,0.106569094,1.195994112,0.077628,270.287326,2.528354231,41.80996217,62.79624097,7.222279,289.529668,2.561592621,-6.934910925
Driver,100.0559234,-0.8,-0.428,0.94488189,53.829,-1.013,23.544,4.441,4.869,126.9065408,1.2684,19.484,3.552,5219.43,6.998,373.0612727,120.6001062,38.97496661,6.309645112,0.404464658,2.28563308,0.110009,183.5974299,24.54496214,51.30949251,60.94231039,6.71477,190.4096534,25.73024743,39.67575051
Driver,97.25975304,1.654,2.224,-2.007874016,47.312,3.75,17.021,1.141,-1.084,143.5831246,1.4763,15.209,1.275,2590.0,-2.538,468.8508742,101.3893788,4.699445083,6.22242925,0.135820626,1.710800492,0.0931153,240.9034962,0.665801295,39.91069859,63.42240121,6.65291,261.3057704,0.375734892,-14.08414083
Driver,101.3086077,1.9,1.1,-2.598425197,46.598,3.001,17.222,5.876,4.776,144.9324445,1.4306,15.052,5.282,3270.0,6.59,475.6801836,113.9062399,59.93557195,5.801791545,0.540560075,1.577067549,0.08599,236.9751553,35.83208114,44.47268432,62.39144138,7.021821,253.1885032,39.03836636,42.34605123
Driver,101.5971725,2.128,2.496,-2.834645669,44.963,4.628,15.077,-0.769,-3.265,145.0572656,1.4278,13.213,-0.282,2770.0,-9.255,466.709187,90.57205169,-22.39933307,5.968875423,-0.037796758,1.412497752,0.0876,238.3396404,-18.22568726,37.74522819,62.06930324,6.441611,261.6699961,-21.55416254,-51.16751767
Driver,95.92430208,-0.169,4.039,0.236220472,44.76,3.869,14.304,-0.004,-4.044,136.0289907,1.4181,11.926,0.683,3337.06,-8.57,420.4234426,77.26198975,-12.87454952,5.876285023,0.061173062,1.255591997,0.091588,213.4271559,-12.18154075,36.94806021,58.55950272,6.064112,234.4204857,-14.7065064,-44.16194157
Driver,96.70722978,-1.955,-4.89,2.874015748,47.953,-6.654,16.424,0.845,5.735,138.5949803,1.4331,12.593,-0.402,5524.73,11.18,412.9392268,102.2216241,28.08306847,6.125379549,-0.0255947,1.409231253,0.094367406,201.1330335,21.75672722,46.72952598,58.04837902,6.583292278,211.0490288,23.64333829,69.47728229
Driver,94.04974946,-0.797,3.0,1.023622047,50.312,2.339,18.949,11.115,8.115,134.3441303,1.4284,16.424,10.007,3650.0,9.863,422.0328243,107.9143246,93.98011886,6.051087092,1.063580747,1.804302848,0.097636,211.5602562,55.37031402,45.31072639,60.60233352,6.706006,226.0443494,60.10122288,57.14060431
Driver,99.31549749,-2.171,1.969,2.952755906,44.474,-0.244,17.751,2.887,0.918,140.0758321,1.4104,15.309,2.768,3400.0,1.667,452.8608347,109.9555355,25.45199674,6.463052591,0.314309137,1.801467372,0.0993964,225.9353812,14.31345218,44.53527617,61.38417408,6.87336,240.5494295,15.40884825,10.22344566
Driver,99.56603436,0.337,-1.768,-0.511811024,46.217,-1.445,14.457,-4.077,-2.309,137.2722799,1.3787,11.063,-3.506,4686.8,14.618,396.5505715,71.95802389,7.593396817,212.3895726,13.41609231,-5.774383191,5.8153,204.4175124,12.03914762,34.3344065,64.60799178,5.5053,227.0741347,15.81854211,73.48702004
Driver,90.16195419,2.51,7.024,-3.188976378,51.511,9.021,14.628,0.28,-6.744,131.5600394,1.4592,12.598,1.45,3040.0,-24.743,376.2905992,63.17420632,-28.13534276,5.911724404,0.125352849,1.325893312,0.095484,198.2234233,-28.85352024,31.88201568,59.71251766,5.397976,224.2562361,-37.19477172,-101.4204503
Driver,100.2505369,-3.389,-6.042,4.37007874,52.05,-8.689,12.021,1.289,7.331,148.5553865,1.4818,10.397,0.493,2660.0,16.98,455.6616836,68.48461897,35.88963552,6.017293926,0.066164569,1.113039985,0.085282923,235.1937578,29.73406256,31.17453479,62.666587,5.831698311,264.3623369,36.98613951,83.17651764
Driver,110.9117752,4.3,2.1,-4.881889764,52.326,5.558,20.449,1.394,-0.706,160.1706782,1.4441,18.611,1.4,2927.45,-3.427,541.1180111,169.2592073,1.428397882,5.755972003,0.146227435,1.959070312,0.078692,260.4195363,-2.443552244,52.58598185,69.34312641,8.145756,270.6996761,-2.765247248,-26.41547768
Driver,110.2093772,1.1,2.3,-1.141732283,51.288,3.169,13.723,0.753,-1.547,163.4471188,1.4831,12.359,1.059,3170.0,-2.885,556.8351645,125.4370345,-1.097773796,5.652242044,0.087289969,1.256979751,0.073326,270.0252111,-3.193113914,45.33422258,63.85252317,7.545696,285.9389785,-3.741087194,-24.54846393
Driver,92.00966356,-0.125,-2.623,0.157480315,48.262,-2.512,11.288,-2.243,0.38,135.4740068,1.4724,9.271,-2.312,2715.48,8.778,345.6103958,41.10422975,-2.588017331,196.2124219,2.611541941,-3.344730053,4.56258,188.4512503,2.122574464,22.46084706,69.68252302,4.31258,227.8732636,4.504418979,29.16806412
Driver,115.5153901,4.0,-0.2,-4.68503937,55.431,2.083,19.347,-3.679,-3.394,165.8654707,1.4359,17.702,-3.137,2776.51,-5.768,574.7873201,168.5239018,-51.74482827,5.797125092,-0.337854988,1.868405908,0.076057,278.7378447,-31.77048299,50.89323415,70.13242929,8.206833,290.5224156,-33.5607715,-49.70620873
Driver,85.48899427,-0.932,7.556,1.338582677,52.035,6.829,11.391,-3.27,-10.827,122.6462956,1.4346,9.907,-1.926,2420.0,-29.362,279.7347041,31.2091309,-29.39045265,5.848744007,-0.220742734,1.012107072,0.100232186,157.6730492,-25.63965008,19.6359662,66.40689153,3.822773992,199.9938363,-38.46341992,-61.18952948
Driver,91.21107731,0.43,-0.034,-0.590551181,55.653,0.26,8.648,-8.696,-8.662,132.1476825,1.4488,7.594,-7.564,2018.77,-21.651,263.5981092,19.90448484,-49.46763292,151.2965017,-34.60267179,0.015063176,3.18718,151.0004866,-34.51261936,12.66960908,76.70003342,3.17906,203.9814955,-50.73649028,-44.5851372
Driver,99.63985326,1.662,5.506,-2.244094488,45.554,7.137,14.41,-0.482,-5.988,143.2422155,1.4376,12.662,0.369,2750.0,-17.39,444.9822834,79.37551595,-30.60012819,5.877966063,0.022836136,1.328603218,0.087132,230.3518868,-27.68146369,34.80400618,61.98009253,6.07178,255.6113271,-33.8614816,-87.46096776
Driver,87.17117037,-0.541,3.998,0.669291339,49.564,3.537,10.354,0.764,-3.234,128.8405959,1.478,8.655,1.277,2268.6,-12.981,316.3448093,32.69515641,-3.890976371,5.879045334,0.120711505,0.892078792,0.095521,174.6217996,-6.653610836,19.52349256,67.04638494,4.105369,218.0575627,-11.11936873,-31.62226605
Driver,87.64316392,3.185,2.836,-3.543307087,50.893,5.428,17.922,-1.114,-3.95,121.3367931,1.3845,14.677,-0.206,4047.04,-9.492,353.8052616,77.68927011,-18.46991841,6.352389437,-0.036837962,1.68952998,0.112606,181.2630365,-14.91297253,40.07528907,56.18029607,5.80839,196.2987075,-17.11102393,-42.79013323
Driver,105.6214209,1.472,0.977,-1.692913386,55.506,1.989,18.352,0.638,-0.339,148.6361399,1.4073,15.535,0.698,4159.0,-0.72,481.7340881,137.3301701,3.251824541,5.59998875,0.067384204,1.590279989,0.0811008,231.0693917,1.046541317,51.35920168,65.17085674,7.45698,240.3688479,1.042893518,-5.305251534
Driver,108.8582677,1.1,0.9,-1.25984252,48.832,1.83,11.719,-0.225,-1.125,162.9057802,1.4965,10.581,-0.113,2810.0,-3.927,547.6340346,99.98767628,-12.39587589,5.903178621,-0.015380338,1.118714957,0.07633,270.6143768,-9.551378982,39.17930192,62.78901332,6.981213,292.6316268,-11.01415371,-27.05394495
Driver,86.35692555,-6.1,11.5,7.362204724,59.087,7.778,6.406,0.789,-10.711,112.0832588,1.2979,4.716,2.217,2470.0,-32.119,154.4433629,7.514903742,-1.157575183,6.159463507,0.206435553,0.491936197,0.114272,91.30293931,-4.264743142,7.917535565,75.32634476,2.061974,146.8843965,-12.01580886,-23.36905666
Driver,76.23926271,3.486,4.321,-4.645669291,48.483,7.413,12.881,0.591,-3.73,107.9109252,1.4154,10.227,1.665,3058.74,-3.411,240.5824686,30.34394968,4.712473686,140.8681644,2.42550718,-3.864240973,4.04752,132.386692,2.354750955,22.5816085,59.37682447,3.72752,163.9638883,2.736438403,-4.476645181
Driver,97.10093057,2.742,6.071,-3.661417323,47.759,8.563,15.232,3.342,-2.729,142.9254653,1.4719,13.698,3.689,2229.35,-13.694,441.2793738,79.28920372,5.413274888,5.580643001,0.349522376,1.363290108,0.083156,233.7504708,-5.379508305,33.48929701,64.97719071,5.927955,263.234578,-8.587179874,-61.21215721
Driver,101.29966,0.5,7.1,-0.669291339,54.049,7.567,10.349,0.007,-7.093,146.5506442,1.4467,9.198,1.226,2080.0,-21.564,400.0857746,48.22635257,-18.92610585,5.849317347,0.109394081,0.95056324,0.083674,213.4285475,-20.50778696,24.30044186,66.49798381,4.887886,251.7304467,-29.07459247,-75.1455054
Driver,103.7826593,-2.1,5.9,2.795275591,50.361,3.927,13.681,4.839,-1.061,148.4498031,1.4304,11.785,5.063,2800.0,-2.7,481.3411542,86.68463445,35.66635259,5.914519961,0.519659123,1.246315333,0.08431,244.2805704,16.45168007,36.7242668,61.96496738,6.442102,268.3874787,17.59901712,-15.3647531
Driver,104.8183608,7.481,1.153,-9.68503937,50.912,7.277,4.518,8.053,6.9,139.6058518,1.3319,5.608,5.545,3778.71,21.521,371.201733,35.6644546,78.12702642,184.9251459,51.39765092,0.562828451,4.51676,186.2366021,51.96834476,22.55860217,60.07255617,4.56563,217.1279568,65.61715883,103.3332154
Driver,81.50053686,-4.395,6.262,4.68503937,53.879,3.047,24.83,2.713,-3.55,110.9319077,1.3611,20.883,3.247,4380.0,-5.231,314.3993137,93.34207697,8.272808244,6.033877574,0.332763118,2.323030234,0.121635,161.6370711,1.919212117,46.47503556,57.14567371,5.933681,173.4337402,1.718336067,-21.7152899
Driver,95.97127774,-4.778,-0.224,7.125984252,42.611,-5.436,9.769,0.663,0.886,134.5716267,1.4022,7.394,0.516,3179.9,-5.666,358.873953,39.9133015,-4.133415815,195.7308578,-4.639026552,-3.910870971,4.83767,187.1830895,-4.166722563,23.45930881,64.40776369,4.53767,221.3707684,-6.004277527,-17.55559526
Driver,89.7436471,0.465,5.647,-0.511811024,58.232,5.935,10.675,-6.969,-12.616,124.3065497,1.3851,9.045,-4.891,3230.0,-28.004,307.8724018,35.48273051,-54.70871322,5.980462106,-0.53897378,0.953543444,0.101028869,165.1690803,-40.43612584,22.60426571,60.37531534,4.25973986,199.385213,-54.70409235,-79.90510928
Driver,98.07847173,2.742,4.077,-3.582677165,47.766,6.569,19.598,9.021,4.944,140.6424481,1.434,15.807,7.848,5516.99,15.615,419.6274625,123.4385056,99.78980058,6.208003642,0.875175354,1.815190561,0.0954502,203.2988509,61.50246299,50.34051513,61.14052463,6.95478,206.7164867,62.88239263,103.4028549
Driver,92.50402649,-1.313,4.204,1.377952756,55.199,3.292,17.297,-1.895,-6.099,125.1418218,1.3528,14.923,-1.073,3110.0,-11.683,373.2042988,76.05382775,-26.18909722,5.544463669,-0.114694189,1.488635467,0.0950272,194.9694227,-20.55895315,37.0201912,58.59525697,5.79191,214.6801724,-24.15845158,-50.77394822
Driver,104.3799213,0.128,5.026,-0.157480315,43.417,5.162,17.621,5.233,0.207,148.4102094,1.4218,14.515,5.195,4576.67,0.656,471.7193563,133.0754942,43.14183028,6.285487124,0.570075416,1.679495441,0.0909028,225.9910347,22.06495831,50.60250323,63.08491604,7.36504,230.1883783,22.49324856,4.828736263
Driver,91.68978168,-5.2,1.0,4.409448819,56.025,-2.965,20.282,1.705,0.613,127.1418665,1.3867,15.198,1.68,6410.0,1.471,360.4927463,100.2302058,13.02349828,5.921496149,0.165329153,1.653236102,0.100829,177.4425558,7.531642161,48.52427902,57.10311421,6.316453,184.6258272,7.90511806,6.992853008
Driver,98.34914102,4.1,-4.1,-5.275590551,49.037,-0.695,22.179,-0.716,3.497,143.9513243,1.4637,20.229,-1.123,2840.15,5.931,479.74599,144.4909842,6.940430845,5.806077524,-0.107906726,2.154175379,0.089236,239.3265684,8.318718607,49.25048287,66.81559081,7.51013,252.5170887,9.253590123,39.01439467
Driver,102.4181281,-0.488,1.731,0.669291339,42.496,1.199,16.44,3.675,1.944,147.9608089,1.4447,14.405,3.43,3010.0,6.377,489.670761,110.0796097,45.08611636,6.167313429,0.376023609,1.611877545,0.0892675,245.2161637,28.15767786,42.61575677,62.63337139,6.97856,255.3216652,29.77903125,40.5996967
Driver,91.66293844,-3.5,-1.3,3.42519685,57.627,-3.708,18.23,-3.143,-1.843,136.0075161,1.4838,15.01,-2.782,5660.0,-3.472,402.1154739,115.6848111,-29.08098318,5.885542635,-0.301068969,1.620461441,0.093436,194.9028476,-17.03594419,50.36039185,59.76830795,6.780951,202.3292416,-17.85644556,-22.7768125
Driver,74.39155333,-5.8,-0.2,4.68503937,61.558,-3.986,32.856,-2.211,-1.856,97.33826951,1.3085,26.834,-1.747,5820.0,-1.437,252.1458323,92.4480187,-9.06242919,5.745643265,-0.178209339,2.928886759,0.139028,130.130331,-5.547777794,50.65416031,55.95139631,5.601305,136.531127,-5.8598247,-4.744888778
Driver,106.6884395,2.017,-2.123,-2.480314961,49.058,-0.373,14.917,1.256,3.38,155.0688976,1.4535,12.751,0.669,3448.91,11.033,486.9202241,119.4504415,43.29197722,220.525938,27.87749246,0.791879838,7.18202,220.8993023,27.96683653,56.51307918,58.41846968,7.20586,228.2203248,29.71983001,76.21940069
Driver,72.82793486,3.15,4.409,-4.015748031,51.31,6.935,19.984,12.368,7.959,99.36873658,1.3644,17.011,10.87,3250.0,10.661,252.0333187,51.29514853,55.72983283,5.871640913,1.121446551,1.786298346,0.128612,138.8249712,34.86963328,33.22237301,54.51412651,4.596821,160.8916222,41.62186438,26.71047693
Driver,83.95669291,1.3,-7.5,-1.141732283,65.788,-7.045,20.219,-9.071,-1.571,109.6633411,1.3062,16.983,-8.679,4390.0,-3.28,299.1156691,74.35075362,-49.487414,5.92202287,-0.914444285,1.831188068,0.117914,154.2517297,-27.82906361,42.57080893,53.64065181,5.508063,167.3700658,-30.45522661,-13.84796585
Driver,102.1094309,5.7,3.1,-7.480314961,50.309,7.785,14.312,3.065,-0.048,147.2774248,1.4423,12.774,3.074,2250.0,0.969,466.5711671,81.52198589,26.40083346,5.962132525,0.320487145,1.35804814,0.085936,244.2807374,14.65707904,33.80656853,65.10854706,6.108232,273.585194,16.59645322,4.67960552
Driver,104.4537402,-0.1,7.9,0.236220472,49.228,7.76,9.721,4.468,-3.432,149.117976,1.4276,8.542,4.894,1850.0,-8.836,407.8504107,44.43532716,24.45443848,5.879371251,0.495824161,0.884928386,0.082416,220.3914593,9.447861875,21.68088393,71.59062258,4.728466,266.0865136,9.353937956,-28.11439085
Driver,102.9214388,1.957,1.224,-2.440944882,47.193,3.038,13.874,-3.08,-4.304,148.562321,1.4435,12.435,-2.543,2260.0,-12.913,464.014569,78.42124398,-43.28904773,6.220386717,-0.286996426,1.382196085,0.0887496,243.2827627,-31.20154337,32.74804032,65.08981234,6.00101,271.5880667,-37.18955411,-61.3971289
Driver,98.55493916,-3.526,-3.357,5.511811024,47.672,-6.574,13.547,-2.14,1.217,138.8810845,1.4092,9.818,-2.413,5154.63,20.421,398.1928187,68.10328012,30.20525409,204.9556702,29.20123167,-2.335208592,5.58314,201.5087504,28.09446702,34.48133568,62.3581319,5.44314,221.9580615,34.63402,109.412058
Driver,99.25957409,2.802,3.898,-3.779527559,47.152,6.499,16.179,-2.001,-5.899,144.0589209,1.4513,14.256,-1.116,3010.0,-19.38,457.0256631,95.18627805,-51.57951774,5.821990071,-0.13105091,1.489886008,0.086438,232.9392907,-40.99390519,39.21829601,61.6397402,6.490584,254.1540689,-47.77018824,-109.5601853
Driver,99.35352541,-6.579,-1.07,8.070866142,47.136,-7.215,10.045,-3.122,-2.052,145.475349,1.4642,7.735,-2.832,3363.0,-4.55,451.8805777,62.30177526,-32.31152735,5.568940449,-0.278963117,0.775033557,0.0799232,224.5305309,-19.17165728,31.87025491,58.16885123,5.85431,247.7511939,-21.99083486,-24.28572522
Driver,99.04706514,-9.765,-5.739,11.1023622,55.456,-12.544,6.814,-5.95,-0.21,151.2768432,1.5273,4.296,-5.918,3781.73,-0.721,469.0456641,51.47485236,-49.8829685,6.293767898,-0.649680749,0.501068031,0.0864189,225.3678426,-24.5730571,29.21960094,56.69777702,5.69353,241.7222728,-26.45630327,-4.032228552
Driver,66.49069435,-4.1,-7.7,4.527559055,55.12,-10.732,18.027,-3.664,4.036,90.91781496,1.3674,14.173,-4.305,3540.0,6.501,201.0648207,32.77170023,-11.40853921,5.529425113,-0.418137605,1.381931569,0.130514,113.1377314,-4.924583464,26.92002959,52.40291464,3.765618,138.3827694,-5.231708762,10.72209015
Driver,102.2570687,0.188,4.523,-0.236220472,46.209,4.704,17.411,0.269,-4.254,140.4543218,1.3735,15.769,0.698,2360.5,-13.445,444.8981298,93.16078873,-19.08006538,6.244749021,0.063199245,1.77459994,0.0957494,233.6465028,-18.96738582,37.49257927,64.15346049,6.29948,248.3455294,-21.41746441,-65.40866509
Driver,116.1998926,-0.007,-4.981,0.0,52.839,-4.986,8.334,-3.315,1.666,161.8398801,1.3928,7.284,-3.527,1720.0,7.344,455.0803678,45.34723212,-18.08350459,6.181144712,-0.375582038,0.796635604,0.079519,241.5664903,-6.187981886,20.99091101,74.05634343,4.87948,286.6457998,-5.62694281,26.03929533
Driver,78.65962777,-7.471,-5.726,11.57480315,42.129,-14.062,22.94,-37.707,-31.98,55.00380279,0.6993,15.087,-28.491,6360.0,-32.703,61.33439973,8.872782948,-30.83783467,3.952350861,-1.909330895,0.985401541,0.154644,38.33318714,-20.49447523,18.8433743,43.02215474,1.707508961,55.75947198,-30.7623845,-7.678617562
Driver,86.65667502,-1.1,-2.67,1.299212598,50.467,-3.578,21.021,11.347,14.018,109.9085093,1.2683,18.09,9.315,3820.0,21.412,298.9573241,70.61190598,74.59423083,6.47096509,1.081696514,2.122727283,0.129081,158.8380653,50.23884204,38.84906439,55.55640994,5.32129,174.7062821,57.26575375,75.55909025
Driver,93.46143522,1.394,2.218,-1.496062992,55.004,3.194,15.037,-5.128,-7.346,139.5342699,1.4929,13.394,-4.205,2593.0,-18.801,424.6342777,76.19960323,-62.48733672,5.493343427,-0.416658042,1.316246487,0.083712,222.976339,-44.85873375,33.77915457,62.36753979,5.87238,247.769963,-52.9663583,-86.16742509
Driver,89.21573014,-3.606,-1.032,2.834645669,63.525,-2.83,27.455,2.381,3.413,114.7823461,1.2866,22.884,1.81,5240.0,3.801,324.5010526,112.7031294,17.1525346,6.185278814,0.203129605,2.656152123,0.122282,162.4205356,11.09986283,51.55207764,59.70221378,6.34749,168.946484,11.6720293,17.92869749
Driver,95.67823908,-9.909,-5.995,11.57480315,54.534,-13.144,14.607,6.903,12.898,126.7054402,1.3243,11.478,5.19,4460.0,27.291,346.6446694,60.12160501,76.10080773,6.382160374,0.61608365,1.31721408,0.106849,177.8612887,53.94847969,33.99393661,55.20642358,5.27025,189.3552508,59.77450973,115.1884676
Driver,82.04411238,0.402,-4.316,-0.511811024,50.126,-3.981,11.917,-4.458,-0.141,116.2274069,1.4166,10.613,-4.441,1505.17,-7.321,239.3050206,26.92853399,-23.61180384,150.5255756,-17.8756743,-3.352799081,3.54499,140.8532411,-16.35884563,17.585275,75.12751185,3.26499,189.6082042,-23.99006416,-16.43076431
Driver,103.0690766,2.1,9.3,-2.440944882,53.146,10.833,7.791,-1.302,-10.602,148.8484252,1.4441,7.211,-0.223,1820.0,-40.303,307.0427552,24.47150141,-24.41901563,5.816440939,-0.046050984,0.729003954,0.081373,174.782981,-24.41949419,14.11962137,82.30345882,3.362951,234.7768846,-41.74967337,-71.23713881
Driver,94.908733,-0.4,0.4,1.141732283,43.697,-0.681,25.773,-10.592,-11.03,123.0455888,1.2965,22.005,-8.542,5010.0,-18.537,351.009444,119.1727877,-90.92894562,5.723096125,-0.906336869,2.343413167,0.104809,174.0437975,-58.84727722,51.60110659,59.62286323,6.623048,181.5262005,-62.14618062,-101.596704
Driver,83.05968146,-6.4,-1.6,4.960629921,61.429,-5.783,34.638,-2.181,-0.459,105.6500537,1.272,26.36,-2.007,8660.0,-0.456,270.6856114,107.7638834,-9.797624012,5.693238325,-0.207815764,2.869167674,0.126754,134.5411479,-5.495072116,54.67627874,57.95262333,5.983465,135.1046598,-5.519191522,-2.351361837
Driver,99.19693987,-4.275,-8.974,5.039370079,50.252,-12.539,20.136,-2.268,6.706,136.5649606,1.3767,15.939,-3.503,5905.91,9.771,402.5112863,120.4405308,4.173271392,6.194918606,-0.359739379,1.835256841,0.0982582,194.9794779,8.731197828,50.75040167,60.47400647,6.83289,201.3046394,9.415359854,61.84900849
Driver,99.17457051,1.722,7.148,-2.283464567,48.909,8.651,14.059,-1.856,-9.004,140.1295186,1.413,12.78,-0.884,2213.38,-21.944,406.5493586,65.13635428,-35.89007699,6.036269113,-0.11076797,1.369181046,0.091463,218.952677,-31.21164844,29.61332742,65.50110146,5.386879,251.896441,-40.2471722,-83.59322326
Driver,101.8857373,1.3,11.1,-1.535433071,52.282,12.168,11.465,1.235,-9.865,145.5739979,1.4288,10.271,2.485,2430.0,-28.008,405.2365921,53.41336347,-20.20168206,5.784883614,0.230342614,1.050023041,0.083557,216.6241524,-25.59491177,25.82806599,66.05832596,5.05686,252.9986796,-36.39788739,-104.6922198
Driver,92.73219399,-9.9,2.5,9.724409449,64.108,-2.405,11.029,5.434,2.934,117.2284359,1.2642,8.162,5.04,3370.0,6.299,300.2650344,35.01491054,33.50452659,6.223721139,0.555097502,0.90414684,0.111471,157.1153516,20.1084248,24.7151021,55.32463022,4.405556,186.0124654,24.98561657,19.02425664
Driver,99.40050107,-1.7,3.3,2.125984252,50.505,1.925,13.947,4.349,1.049,135.6536328,1.3647,11.687,4.396,3050.0,-1.002,414.4627028,75.0666641,29.21569703,5.907112601,0.451740815,1.236989766,0.092281,210.0152315,14.4227839,36.86430809,57.71499834,6.007843,231.1201143,15.71674207,-5.037561976
Driver,101.4249284,-3.745,-1.518,4.921259843,47.522,-4.955,16.652,1.534,3.052,141.6437008,1.3966,14.128,1.137,3590.0,5.425,455.7240604,106.3770335,23.05165988,6.42591688,0.134639801,1.651466808,0.0971833,225.9761986,15.77802859,44.0780758,60.61003476,6.82973,240.4834726,17.36032712,33.90539728
Driver,82.56979241,-4.319,5.697,4.251968504,60.895,3.287,25.371,2.191,-3.506,99.45866142,1.2045,20.582,2.821,4760.0,-5.072,260.3046788,71.27040524,6.224873745,6.023097926,0.286917427,2.273391798,0.135367,137.9297955,1.517234929,42.7159707,53.56198391,5.200651,150.2672809,1.324730522,-15.81757457
Driver,101.2370258,-5.166,-2.46,6.220472441,52.045,-6.504,10.454,-2.626,-0.166,148.1062097,1.463,8.592,-2.606,2740.0,-0.392,456.3762635,60.68177137,-21.32396213,6.346267826,-0.288904988,0.974902405,0.0897235,232.7367662,-11.21724595,29.33165686,61.67152223,5.7121,260.9436244,-12.65653424,-1.907883023
Driver,91.56451324,-2.185,6.418,2.677165354,53.529,4.802,5.141,4.115,-2.303,136.8535254,1.4946,4.299,4.381,1200.0,-8.04,207.6421823,9.288497982,13.92209246,5.834895681,0.441376308,0.429565974,0.088256,122.6772163,7.313433743,7.3070234,93.24194793,2.250487,195.2493864,10.37429056,-6.187148355
Driver,97.06513958,-2.013,1.544,2.795275591,45.303,-0.448,9.341,-2.96,-4.504,141.6917949,1.4598,7.458,-2.201,2852.86,-12.511,405.2732122,44.99131947,-35.06317201,5.90459228,-0.237642884,0.782264331,0.087017,209.2400923,-24.8084685,24.6944947,61.83191291,5.058186,243.4200972,-31.80328827,-50.4327919
Driver,100.2572477,0.0,-0.8,0.433070866,46.319,-1.619,16.368,1.171,2.146,142.4141016,1.4205,14.52,1.082,2640.0,1.509,458.043917,96.57482797,10.43839863,5.709631279,0.092921968,1.488993403,0.085829,234.2664457,6.517574575,39.80225471,62.12280662,6.548938,255.3988738,7.324582936,6.283175534
Driver,92.05663923,-6.379,-10.046,7.440944882,48.257,-15.772,16.275,3.415,13.461,128.6180208,1.3972,12.058,0.784,6287.73,20.669,355.4904117,76.7396773,48.40595922,6.467499672,0.127902101,1.4332859,0.10718,177.4640277,36.50600394,41.19745274,54.35167506,5.77215,187.6624247,40.17409168,102.3788594
Driver,103.4090909,0.7,7.1,-1.023622047,49.856,7.7,9.313,-4.588,-11.688,138.3178239,1.3376,8.32,-3.236,2330.0,-15.059,364.9628256,38.67132838,-36.90955387,5.698102951,-0.332527059,0.834897144,0.08611,196.8681664,-26.35339187,21.2084043,66.93371638,4.521773,238.5373923,-35.40853011,-45.89523517
Driver,90.63618468,-2.361,4.506,2.795275591,55.462,2.88,39.921,-8.754,-13.26,99.0904617,1.0933,34.033,-6.286,6099.87,-9.676,254.7338941,121.4188114,-39.67044179,4.473838863,-0.505586693,3.045442225,0.1142984,124.7889307,-25.5915082,58.07604089,61.10029043,6.100686517,126.9423674,-26.09889525,-36.19419659
Driver,108.9678776,-1.497,-1.73,1.653543307,52.968,-2.859,8.675,-7.212,-5.482,161.1045991,1.4784,6.516,-6.033,3927.49,-28.143,487.8711951,65.2038715,-124.3167328,6.007073279,-0.659278134,0.7102222,0.0777028,236.3672189,-81.05246941,32.28731401,58.10446371,5.96281,250.3856353,-89.44017861,-171.8019227
Driver,101.3242663,-0.4,5.8,1.023622047,35.136,4.712,41.212,-3.046,-8.797,116.1515748,1.1463,33.374,-0.782,9230.0,2.64,301.5780762,160.0931737,2.822288964,4.288753646,-0.054537547,2.867144956,0.092769,137.6833329,2.774416664,63.66214829,68.74976366,6.890712,133.4305865,2.649165314,13.95865759
Driver,102.0467967,2.008,5.695,-2.519685039,49.391,7.418,11.198,0.146,-5.549,145.514719,1.426,8.766,1.64,4106.74,-21.096,440.210007,71.5595595,-39.00248286,5.732698282,0.142805,0.908595251,0.0825772,216.8085997,-34.02906699,35.82119477,56.80498432,6.01054,234.9130243,-40.13419724,-120.4295241
Driver,64.96734073,-3.6,0.8,2.952755906,63.7,-1.472,35.93,4.107,3.32,80.43396564,1.2381,29.52,3.578,5130.0,6.047,187.8495229,67.51408036,15.49285134,5.293615608,0.342494665,2.980090245,0.158918,101.5516329,10.38535675,47.11867214,51.25423031,4.703155,109.9069519,11.42083019,12.18233336
Driver,88.76163207,0.167,3.194,-0.236220472,46.928,3.35,15.276,5.667,2.472,129.8704814,1.4632,13.828,5.419,1893.97,1.034,367.2056123,60.35877145,35.30753985,5.716416148,0.540635207,1.402155323,0.093803,202.0452496,20.13457183,28.69131174,66.17657526,5.077311,237.2885544,23.82748121,3.176176676
Driver,94.86175734,-3.1,5.1,3.74015748,54.141,2.828,13.974,-6.275,-11.375,128.3829188,1.3534,11.471,-4.496,3850.0,-6.344,381.7303224,69.21091355,-41.61899912,5.675258881,-0.451855182,1.168541126,0.093629,193.8128595,-25.13676724,36.54033845,56.32493013,5.74791,213.3028851,-28.55563313,-29.98453862
Driver,106.531854,-5.808,1.493,6.811023622,50.1,-3.385,5.698,3.712,2.218,159.5521654,1.4977,3.079,3.205,4226.04,10.876,501.5642061,56.94310699,60.78890374,5.753748678,0.332308538,0.338831679,0.0747182,235.2802967,36.25554618,31.66365328,55.72504799,5.98322,249.0089451,39.74845241,69.60525526
Driver,95.0071582,-1.5,0.1,2.007874016,52.264,-1.211,9.615,-4.965,-5.065,130.5189692,1.3738,7.892,-4.15,2450.0,-7.356,330.389128,32.71619854,-30.84097572,5.771515237,-0.42351894,0.800867421,0.09238,179.2712452,-19.5636373,19.69898492,65.64808216,4.236034,221.352573,-25.81338605,-19.8490493
Driver,108.2252147,2.1,1.1,-2.519685039,48.419,2.971,14.044,0.474,-0.626,160.5335093,1.4833,12.76,0.558,2950.0,-1.819,542.7561782,119.7835522,-0.602838327,5.786106989,0.053581842,1.327931516,0.076569,265.9505545,-1.90591857,44.11665705,63.52895571,7.375373,283.2595434,-2.272002428,-13.48738946
Driver,93.36972083,0.84,0.933,-1.141732283,46.984,1.717,17.052,-2.18,-3.114,143.1033017,1.5326,14.663,-1.7,3457.46,-10.534,462.0849429,109.1708957,-40.87501265,5.563921427,-0.175261155,1.481392793,0.0832962,229.8644751,-28.90314919,44.06477553,61.27015727,6.88743,238.4213253,-30.62844431,-66.37600393
Driver,91.75688976,1.414,0.047,-2.125984252,37.799,1.871,14.521,0.493,0.445,136.3913744,1.4865,11.7,0.394,3822.93,1.235,424.0672294,83.93130846,5.758046882,6.298925354,0.044895805,1.334929718,0.09793,211.3926292,3.749214,39.88263378,57.6255615,6.27138,227.5001753,4.184073788,6.887110454
Driver,78.60146743,-2.6,6.4,2.637795276,67.771,4.804,13.585,-4.623,-10.985,75.82542949,0.9647,10.575,-2.441,2740.0,-26.88,102.1518857,10.56182674,-8.084870898,5.87855999,-0.286425849,1.030514552,0.164039,62.63355789,-7.024236558,14.64234857,55.01011652,2.058538,98.10618319,-13.5250563,-13.10127168
Driver,111.3949535,3.5,2.7,-3.976377953,51.684,5.369,15.337,-3.679,-6.379,158.3985773,1.4219,14.019,-2.814,3210.0,-14.303,528.634189,125.8075918,-71.02576527,5.836102737,-0.315309385,1.475474023,0.07873,258.9424094,-48.48548984,45.52304897,63.79450144,7.418205,274.507037,-53.09565781,-107.8181778
Driver,110.6411059,3.796,0.987,-5.157480315,47.935,4.42,12.403,2.338,1.35,162.4713672,1.4685,11.081,2.126,2160.0,2.619,531.9389584,87.18735473,25.19503418,5.806189915,0.217147985,1.14625259,0.075312,273.3031572,15.01381405,33.81322917,66.82005796,6.428536,303.5137376,17.20685361,14.64003459
Driver,97.62884753,-2.4,-2.6,3.031496063,54.549,-5.044,28.747,-1.434,1.351,119.8125447,1.2272,24.276,-1.587,5320.0,5.194,340.2878168,130.4936861,2.867014048,5.758226596,-0.157063911,2.636020259,0.110396,165.381834,4.480171536,55.31903968,61.4983061,6.784399,170.1998072,4.735108901,27.17098352
Driver,96.02049034,3.892,5.957,-4.842519685,53.256,8.868,14.858,6.424,0.467,144.3316034,1.5031,13.06,6.345,2580.0,-5.182,460.9826356,85.71540255,39.68522841,5.931432568,0.651107815,1.384892967,0.087398,238.0031466,17.35174608,36.18251209,62.78129075,6.287317,263.3047187,18.29756423,-26.96234506
Driver,99.60853615,2.868,4.236,-3.937007874,45.723,7.036,16.845,-1.41,-5.646,144.9946314,1.4556,14.831,-0.559,3130.0,-19.19,464.1586965,102.9393692,-49.932995,5.812952475,-0.074611386,1.551653362,0.085995,234.7096242,-40.44612076,41.21819735,61.84078748,6.692707,253.9505134,-46.50933995,-114.5657079
Driver,93.02299571,3.558,5.985,-4.763779528,50.372,8.936,19.498,5.258,-0.726,135.0516732,1.4518,16.928,5.382,3450.0,-6.304,429.7580369,111.5876173,23.84899936,6.007650988,0.556040911,1.847140303,0.096641819,215.5349517,7.977604616,45.5211524,61.32923712,6.792345753,230.4876104,7.90189633,-36.77979083
Driver,76.39584825,-3.1,-7.7,2.677165354,65.535,-9.199,33.806,6.861,14.561,90.95807981,1.1906,27.09,3.633,6550.0,15.392,218.5195012,78.50098392,29.63661068,5.61530455,0.391051866,2.88798008,0.146094,114.3478931,21.39621468,49.24792096,52.47023333,5.137732,119.8481955,22.78665018,42.70649428
Driver,99.46313529,7.126,6.226,-8.74015748,50.866,12.064,11.913,0.453,-5.773,144.1237921,1.449,11.062,1.501,1910.0,-31.09,377.5037931,49.11100595,-21.00154404,6.155587476,0.138555513,1.198466396,0.090043,208.7030002,-24.72644873,23.57511757,71.16920451,4.630512,251.6985297,-36.59422903,-90.43892789
Driver,72.61542591,-2.288,-7.77,1.968503937,68.596,-8.667,29.429,1.1,8.87,84.0240247,1.1571,21.932,-1.282,6488.06,9.436,190.3167234,50.97252539,2.669065436,5.068463074,-0.098447963,2.033836832,0.1360824,104.3955879,3.817885381,39.46617932,49.01960225,4.288233518,114.6989919,4.631922955,18.45310881
Driver,95.0384753,3.586,0.787,-4.68503937,47.392,4.092,16.994,6.066,5.279,141.0110952,1.4837,14.949,5.224,3080.0,13.827,451.3847171,100.2308341,71.43654016,6.076501086,0.568064382,1.644414695,0.0925134,229.039196,47.06514132,41.1766261,61.37759069,6.62374,246.8637827,52.46307053,79.38219049
Driver,97.34028275,-2.273,1.115,2.519685039,55.22,-0.464,16.315,1.168,0.053,142.1879474,1.4607,14.669,1.163,2325.0,0.103,453.9940301,90.03440158,9.221478747,5.495055709,0.111597481,1.448893809,0.0826368,237.5736116,4.989922816,36.61778956,64.16489503,6.28398,261.7361689,5.513122455,0.503934068
Driver,96.40971725,-7.251,0.094,10.51181102,44.184,-7.429,16.616,8.156,8.062,126.120034,1.3082,10.235,5.919,8425.75,31.275,301.089074,62.96971883,94.00159357,124.9714742,48.45069471,14.66015585,4.03517,144.6068604,60.57662788,43.44750081,50.38781685,5.12916,150.647683,64.24096451,140.1388451
Driver,93.82605583,5.29,6.153,-6.771653543,54.944,9.878,14.371,-2.726,-8.879,136.2079456,1.4517,12.866,-1.198,2860.0,-36.581,368.658201,58.99477275,-54.89301564,5.664289774,-0.148201008,1.29242799,0.088348,197.7871716,-49.01577965,29.34721644,62.57641631,5.061591,227.4895254,-63.87995706,-134.9964636
Driver,99.09851467,2.406,1.265,-2.716535433,49.459,3.325,13.147,-3.361,-4.626,142.4736042,1.4377,11.844,-2.783,2010.0,-15.305,412.8592784,61.31802635,-39.71991543,6.284967612,-0.317186487,1.320340592,0.0932473,222.8822691,-29.34232817,27.8435644,67.2204928,5.27934,256.6868946,-36.67351246,-55.7406431
Driver,98.82113457,-2.18,-4.066,2.637795276,52.249,-5.755,12.379,-2.206,1.86,135.9339209,1.3756,10.653,-2.432,2348.55,4.684,389.3616193,53.7211386,-10.17886486,6.372796229,-0.266226793,1.203560616,0.0987682,208.1127149,-3.180309912,26.93898064,63.85324423,5.13548,240.1758011,-2.773724268,16.95752448
Driver,91.75465283,-1.175,-2.473,1.57480315,46.957,-3.571,18.49,-0.795,1.678,131.7743379,1.4361,15.292,-1.084,4200.01,3.069,405.1340659,102.4378953,-0.000555844,6.226073081,-0.11337028,1.738238836,0.101847,201.5167286,2.018381247,45.5198436,59.04524004,6.55679,213.6077902,2.392468506,17.49051216
Driver,33.0619184,-6.8,-2.8,4.842519685,66.902,-6.406,32.555,0.383,3.366,37.21434324,1.1256,22.924,-0.44,3556.86,1.223,36.59253358,7.957520431,-0.242454541,5.963777883,-0.043064219,1.962693402,0.365588,23.14694547,-0.140210826,25.82970238,32.56046653,1.511515,35.32977336,-0.19710153,0.112632242
Driver,83.59430923,-3.816,4.262,5.078740157,53.626,1.446,7.203,8.016,3.754,113.2473604,1.3547,5.781,7.527,1690.0,12.437,162.5015479,9.346636547,23.5545527,6.295287269,0.834009417,0.615291841,0.11551,98.20237305,15.45968323,8.702594939,80.09700325,2.14278,155.5231483,26.07170503,7.86904034
Driver,92.14835361,8.704,0.942,-9.724409449,52.851,7.603,6.002,-8.285,-9.227,121.6032122,1.3196,6.371,-7.066,1530.0,-64.589,79.24761359,4.569567091,-11.7687424,6.158039439,-0.791641922,0.618439569,0.10517,51.45131939,-8.960952956,7.101207509,102.4793537,0.949077,120.8294264,-24.72446385,-7.981396973
Driver,92.37875805,1.838,5.385,-2.480314961,50.248,6.914,19.605,2.09,-3.295,133.8567019,1.449,17.794,2.449,2449.43,-11.272,423.3528498,99.13730584,-2.51988127,5.800358808,0.237800732,1.865088112,0.094356,222.2204047,-8.464331009,39.99168962,63.52533335,6.371024142,244.3603375,-10.84444314,-53.83562832
Driver,108.4533822,2.924,-1.298,-3.858267717,45.44,1.585,19.893,2.462,3.76,157.3543754,1.4509,15.521,1.443,6993.27,7.456,462.8712111,164.2441768,40.19114002,5.728627587,0.155073064,1.641119488,0.078791,214.122086,25.9521873,57.52585937,67.63025873,7.710413,215.1271689,26.12170952,61.77477823
Driver,100.4675197,0.994,-8.944,-1.417322835,44.642,-7.938,23.685,3.622,12.566,137.234923,1.366,20.322,1.558,5270.0,18.602,406.3712393,140.5627065,63.38003086,6.03453126,0.194648594,2.274912874,0.0979144,196.8765397,45.86783011,53.46186498,63.94950765,7.135291528,203.0131316,47.97008513,121.935961
Driver,100.4540981,0.9,2.1,-1.299212598,45.439,2.983,17.937,1.949,-0.151,146.6902291,1.4603,15.596,2.044,3410.0,-3.32,473.3016047,126.9231326,6.414748746,5.782932587,0.20275613,1.637297181,0.085012,230.5498604,0.599860346,48.59878476,62.53319121,7.281894,243.1274503,0.338862605,-22.87052077
Driver,88.02568003,0.513,3.355,-0.748031496,45.882,3.853,17.33,-1.66,-5.015,115.9527112,1.3173,13.127,-0.353,5049.29,15.815,302.7509454,59.55561195,22.65129519,161.1040407,21.07634874,-1.376651677,5.05018,159.0924606,20.51084851,34.95264114,56.57603763,4.96018,176.76656,25.4244273,64.44733091
Driver,102.5568182,1.9,7.7,-2.165354331,54.459,8.907,10.507,-0.892,-8.592,152.2002505,1.4841,9.509,0.39,2120.0,-37.405,388.4817359,45.81602256,-39.46526384,5.772169777,0.014064901,0.966607833,0.079549,209.9380406,-38.47499757,22.92596553,69.45239875,4.583684,250.8770293,-54.86302262,-119.6366856
Driver,35.9408554,-1.3,0.5,1.692913386,57.103,-0.448,27.635,1.658,1.158,49.06182892,1.3651,22.386,1.555,2556.73,1.512,64.51540419,13.98306786,1.815404345,5.949436356,0.1643,2.17263907,0.274529,40.12136428,1.211641846,26.71576059,40.13153853,2.072547,59.11069238,1.835393329,0.368811884
Driver,26.75152112,-2.7,-4.1,2.598425197,67.877,-5.268,41.581,-1.245,2.855,27.20964567,1.0171,29.19,-2.069,3330.0,2.594,22.64262184,6.338415558,-0.819771545,5.778184035,-0.219587122,2.022105824,0.51439,14.21158171,-0.519103379,31.72327236,24.9016558,1.311163,20.65579306,-0.740972475,-0.018079231
Driver,98.34466714,-1.682,-6.661,2.283464567,49.191,-8.114,14.778,-7.207,-0.546,141.3070419,1.4368,12.663,-7.134,2970.0,-1.21,450.8009983,85.98217878,-57.56089666,5.919452424,-0.736242389,1.342674484,0.089010394,229.3668645,-30.66073879,37.78683157,60.66492053,6.344048218,251.6600655,-33.83356391,-6.581647387
Driver,80.29706514,3.434,0.312,-5.157480315,48.191,3.389,13.3,2.743,2.431,118.3605494,1.474,12.128,2.447,1420.0,8.884,269.3074144,34.58489743,15.72500708,5.471625921,0.238741032,1.159079412,0.097707995,157.0279333,11.25722891,20.43864703,71.32392059,3.743921716,204.2359492,16.01829778,13.67961371
Driver,103.5075161,1.287,1.896,-1.811023622,45.876,3.144,14.231,2.391,0.494,149.9378132,1.4486,12.486,2.322,2600.0,-2.531,488.8816894,90.32230062,13.84929786,6.131704121,0.246166746,1.369289438,0.086785,249.6337517,5.366562936,36.73876075,63.2443766,6.488477,274.741848,5.455513622,-14.24859167
Driver,104.1003042,-1.41,3.708,1.771653543,41.467,2.112,13.445,2.276,-1.431,149.5074266,1.4362,11.642,2.455,2690.0,-3.524,483.5806118,84.95977401,12.5758663,6.31558906,0.267070669,1.321253469,0.0893635,246.1740041,3.980988337,35.80042393,62.24539507,6.38661,269.7705919,3.760666676,-19.69824595
Driver,103.3576414,3.013,3.592,-3.976377953,48.832,6.23,10.418,-1.75,-5.343,151.3620705,1.4644,9.432,-1.026,1830.0,-24.411,406.6145138,47.19374076,-34.13984294,5.917918352,-0.121675364,0.982699153,0.081931,221.7272891,-29.40170973,22.26115502,72.71752156,4.708811,267.4850288,-41.10940944,-76.38534223
Driver,81.35960988,-3.164,-2.708,4.094488189,52.566,-5.133,23.167,-3.79,-1.082,97.73308876,1.2012,17.523,-3.539,5475.17,-1.455,244.584021,57.28527432,-16.2377982,6.384315988,-0.397048189,2.034732973,0.143354,130.4618115,-9.407610252,38.56065951,51.38655518,4.78565,142.525117,-10.3730772,-4.072490524
Driver,99.75617394,-1.464,5.373,1.850393701,54.176,4.316,10.772,-6.858,-12.231,134.4868468,1.3482,9.248,-5.287,2900.0,-17.633,376.513749,47.86272502,-59.21184017,6.169551991,-0.586047443,1.011503346,0.096348055,197.4226527,-40.08311163,26.17466885,60.87852873,4.995154377,229.6279763,-50.39332396,-66.30008713
Driver,71.172602,-3.376,-1.665,3.188976378,61.792,-3.479,27.613,6.462,8.127,87.73062813,1.2326,19.39,4.064,7390.29,10.92,199.2697853,48.3737083,22.09268582,5.809625471,0.433522049,2.044598768,0.147271,108.713856,15.24458932,37.600486,49.00845785,4.26731,118.7730507,17.1847022,22.73326181
Driver,94.16607015,3.7,-7.1,-4.251968504,49.52,-4.039,5.426,5.541,12.641,133.8197924,1.4211,5.236,3.908,2110.0,64.828,144.2826764,7.263493456,18.19816061,5.686222287,0.424443663,0.498661571,0.088196,88.95143434,15.96455502,7.268705558,94.88978383,1.633411,160.4440613,37.29371032,29.89027124
Driver,104.6192734,3.1,9.3,-4.05511811,48.493,11.987,5.292,-2.849,-12.149,133.6654438,1.2776,5.044,-1.47,1940.0,-16.031,263.1562401,15.59197432,-15.16835255,5.635915771,-0.155366377,0.495317892,0.087508,147.0819146,-12.02170392,11.2652227,76.33121848,3.061421,203.4986192,-20.06446843,-24.77160738
Driver,115.7569792,-1.891,4.327,2.519685039,50.649,2.775,12.021,2.774,-1.553,164.3072208,1.4194,10.188,2.983,3009.63,-5.651,540.6945897,102.3927569,-2.361917114,273.5436504,-12.44983333,-5.548860249,7.03198,266.8541717,-11.33366064,38.49587476,66.0281567,6.76198,288.8993823,-14.94551873,-75.57831664
Driver,110.2653006,-5.163,1.382,6.535433071,47.868,-3.307,14.562,0.395,-0.987,151.2019059,1.3713,12.61,0.496,2935.27,-2.817,500.9547556,100.5916796,-3.031885918,6.348211819,0.051867862,1.447912147,0.0892214,250.760502,-3.757248105,40.13141421,62.1103865,6.834,262.5660975,-4.181567446,-17.782885
Driver,101.2571582,3.369,3.734,-4.291338583,53.302,6.249,11.212,-1.78,-5.514,137.2060666,1.355,9.271,-0.391,3234.03,7.253,412.0676286,65.77604019,18.940464,204.4790087,16.39790268,-0.361921761,5.65416,203.9171583,16.30871079,34.92980621,58.98387328,5.6303,225.5685829,19.86375616,53.08632517
Driver,77.19219757,-5.9,7.5,4.68503937,66.692,4.864,26.462,1.683,-5.817,105.970383,1.3728,20.006,2.936,6892.67,-7.589,275.1230005,82.13302585,1.977266746,3.460814974,0.173892599,1.272386783,0.072155,141.0621245,-2.120628763,46.98470587,53.77268228,5.532333,147.6278269,-2.491916231,-28.0268799
Driver,34.16025412,-9.2,0.0,8.188976378,61.429,-5.592,38.377,0.602,0.69,40.57265569,1.1877,26.482,0.504,4760.0,3.46,47.92891462,12.38298702,0.572329425,5.872271638,0.059960072,2.466644611,0.340756,29.68967989,0.446955996,30.74480978,34.23203548,1.894977,39.73183789,0.647638993,0.557422809
Driver,99.48326772,-3.7,-4.1,4.330708661,50.45,-7.327,14.062,-1.041,3.059,143.9533375,1.447,12.12,-1.38,3930.0,4.717,455.1035964,102.0294365,2.528949295,5.689783773,-0.133260047,1.246362507,0.083923,222.0700326,4.780220839,44.55629465,58.99593074,6.781214,236.436578,5.60934295,30.37726655
Driver,77.50089477,1.628,-1.027,-2.165354331,48.989,0.39,27.022,-0.004,1.023,108.7994363,1.4039,22.645,-0.201,4730.0,3.737,303.5117322,98.304765,5.23950024,5.825124677,-0.0138521,2.453888855,0.121338,155.3386067,4.578926533,48.77511627,57.58425212,5.986157,164.8894688,5.044333252,15.37081691
Driver,95.53954903,1.4,-8.2,-2.244094488,41.91,-7.105,20.269,0.669,8.984,136.885961,1.4328,17.673,-0.685,3920.0,16.807,424.0604711,119.7395917,38.64582679,5.594171264,-0.045606438,1.803600065,0.089151,210.2256333,32.17091856,48.0528897,61.55157055,6.912655,222.1714666,35.35568711,103.9569311
Driver,114.535612,8.506,-6.083,-12.55905512,41.031,3.812,12.112,-6.698,-0.614,153.4424213,1.3397,10.413,-6.407,2625.1,-6.115,493.7555909,78.87673554,-67.78037045,6.112221368,-0.687412069,1.141028287,0.0838344,251.0426061,-39.21805966,33.7074644,62.69103045,6.26399,276.8277655,-44.3872059,-33.90940479
Driver,112.6789549,2.8,2.6,-3.11023622,49.639,4.544,16.81,-2.472,-5.153,167.0418754,1.4825,15.599,-1.952,2140.46,-3.936,577.7918698,136.4566377,-30.69584426,5.671603631,-0.201377686,1.594766374,0.072954,291.0573661,-19.33479892,43.7973038,69.00959213,7.562829,310.5429766,-21.1396921,-28.29423971
Driver,92.94470293,3.325,6.852,-4.133858268,55.97,9.101,16.721,0.428,-6.425,136.1307713,1.4646,14.797,1.393,2888.45,-17.838,420.5074961,86.08978583,-23.64011238,5.87526255,0.125881261,1.559545758,0.092571914,218.1911154,-24.18657734,37.71487148,61.03004484,6.155195098,240.6398565,-29.47908201,-88.35292499
Driver,109.90068,5.977,2.005,-6.811023622,47.4,7.53,13.505,0.748,-1.257,161.4358894,1.4689,12.607,0.902,1460.0,-9.193,507.6747804,83.27068334,-6.957566123,6.207180454,0.091451886,1.395362219,0.0814346,271.0159195,-9.046090858,30.97982273,72.8039803,5.94871,294.8305971,-10.97660188,-39.92695414
Driver,96.14352183,2.701,6.104,-3.582677165,48.45,8.5,19.551,6.561,0.457,140.4516374,1.4609,16.949,6.486,3630.0,-3.277,453.6088558,124.9949372,40.30180174,5.676858082,0.637775843,1.750750429,0.087751,223.8805876,18.2295719,48.13803615,62.89046922,7.146665,236.4606766,18.97996261,-21.27833821
Driver,74.5995884,-0.312,1.207,0.393700787,49.9,0.945,15.141,11.371,10.163,105.4120437,1.413,12.207,9.358,3689.54,27.199,254.2592597,43.83966889,76.6668312,117.5431606,43.80073279,8.353430474,3.6915,133.604066,52.5693006,32.33768863,50.78457813,4.44171,152.8201248,63.04931356,95.69296544
Driver,102.2168039,-3.654,3.05,5.118110236,41.752,-1.053,14.228,3.58,0.53,147.6887974,1.4449,12.111,3.515,3106.98,1.67,482.6031082,94.4467539,33.21664699,6.208720146,0.382433606,1.358942918,0.0891525,241.2513477,18.18936339,39.58261204,60.8347959,6.66897,253.0265511,19.2244658,10.21848548
Driver,71.64459556,-0.719,-7.336,0.866141732,52.826,-7.882,18.368,-2.76,4.577,100.0413833,1.3963,14.364,-3.77,4089.7,22.39,224.7778825,40.27775205,4.4275211,130.6404847,11.49331129,-3.609135659,4.23435,124.5390879,10.00145609,29.14959639,56.192025,3.97435,147.623031,15.41332314,54.42596933
Driver,102.6105047,1.088,5.744,-1.377952756,46.951,6.76,9.242,-1.942,-7.686,147.2165802,1.4347,7.606,-0.374,3296.43,-42.902,356.2066186,35.4713865,-52.82874935,5.937295678,-0.073051194,0.796038214,0.0841691,188.0970144,-47.27710685,20.78981086,65.86337141,4.24081,214.6459449,-61.63469132,-138.2631431
Driver,116.0254116,2.0,-2.4,-2.559055118,43.951,-0.88,13.634,0.017,2.544,171.1609699,1.4752,11.581,-0.487,3570.0,-7.927,576.9845257,139.7948528,-35.4950818,3.677230486,-0.031602443,0.76335164,0.045235,273.1854954,-25.02808501,48.68655126,64.66127329,7.86303,285.5312701,-26.94170165,-68.14489429
Driver,46.57972441,-2.006,-2.337,1.732283465,61.348,-3.434,43.511,0.722,3.059,48.16638332,1.0341,30.805,-0.376,6043.42,2.48,72.78668912,23.10573445,-0.154858508,5.579403958,-0.030339819,3.052966,0.284946,43.17043997,0.023658584,37.74285507,38.03202998,2.604155,50.82912614,0.064418142,0.920878002
Driver,106.355136,-0.2,2.4,0.433070866,57.027,1.747,0.078,-11.336,-13.725,144.7971099,1.3614,0.011,-9.145,3060.0,-54.259,2.854390368,0.000438281,-0.457386285,6.448784165,-0.973648134,0.00848998,0.089799,1.600057028,-0.257870546,0.025890929,143.8977297,0.022645,65.75391233,-10.76990805,-0.010843268
Driver,96.79223336,-0.273,-0.058,0.354330709,43.171,-0.349,15.385,-1.878,-1.82,137.7525501,1.4232,13.469,-1.646,2640.0,-4.219,430.2978015,80.23786994,-19.86436107,6.434652492,-0.189334441,1.555553921,0.0996024,223.8809054,-13.16714242,35.50887244,61.64174551,6.06164,247.5259139,-15.22347937,-20.22614469
Driver,90.40801718,-2.9,-4.7,3.582677165,54.478,-6.948,12.486,2.633,7.412,127.9583482,1.4153,10.146,1.483,3300.0,3.027,370.7499767,54.96115995,14.33648693,6.126883785,0.161978936,1.108525249,0.10095,191.8055576,9.09040766,30.64790268,57.55846468,5.298035,217.5411162,10.85171746,12.38684208
Driver,99.35576235,2.297,6.687,-2.952755906,49.421,8.656,12.753,-1.334,-8.021,144.2642717,1.452,11.39,-0.255,2470.0,-28.137,410.7700808,60.21559608,-41.92681913,6.016283566,-0.049670108,1.21400573,0.088086,218.6814377,-38.07466153,28.1113016,64.86493601,5.273571,252.2054439,-50.11874621,-111.3476751
Driver,90.09260916,-3.951,-1.086,5.354330709,48.55,-4.583,12.031,2.024,3.11,125.2782749,1.3906,9.71,1.561,2942.8,17.894,332.9692801,46.32180483,36.80497727,176.8895904,28.64781175,-3.891800188,4.97233,170.5978777,26.80621118,30.04137125,56.1888933,4.70233,194.8921939,33.78155321,66.62009597
Driver,99.99776306,2.836,1.022,-3.503937008,47.594,3.615,14.028,2.31,1.288,147.8353168,1.4784,12.397,2.117,2410.0,0.101,472.1164453,82.82275646,17.36581904,5.939012347,0.219443374,1.313735598,0.08517,244.3831357,9.197996413,34.53967257,63.90351778,6.206816,272.2860698,10.26714741,0.511649207
Driver,97.2508053,4.923,4.367,-5.866141732,49.539,8.58,12.98,-1.42,-5.787,137.4185755,1.413,10.896,0.11,3501.48,-24.373,402.2960963,65.453014,-44.71695779,5.75718595,-0.012016053,1.122703546,0.0883779,205.6941576,-38.18547946,33.06748202,58.17084801,5.6281,227.3622426,-46.32031021,-115.7203465
Driver,99.21259843,-3.0,-5.8,4.566929134,36.55,-10.231,18.037,-3.03,2.824,138.3609968,1.3946,15.403,-3.437,3652.99,12.988,435.0609166,107.5525327,7.590422063,5.70035465,-0.324498241,1.589636451,0.088744,216.6759856,13.32652502,45.01148093,60.37309243,6.755695,231.3405073,15.59401275,78.80371113
Driver,109.549481,6.1,1.5,-7.204724409,50.801,6.456,15.602,-1.699,-3.199,162.2595293,1.4811,14.579,-1.368,2430.0,-11.771,544.0591327,124.1508285,-45.32242666,5.665674034,-0.142117136,1.486604135,0.074719,271.7812163,-33.38457081,43.4336698,65.50966456,7.335475,290.8328866,-37.34528146,-80.80719834
Driver,106.9367394,1.092,1.859,-1.338582677,50.535,2.758,14.1,3.293,1.434,153.5620974,1.436,12.517,3.112,2430.0,4.009,503.5110033,92.3862916,35.76430804,6.378599494,0.350191087,1.435237265,0.0881462,257.9228229,21.56213872,36.42579495,64.31932951,6.54367,282.1845821,24.26353074,22.7317693
Driver,86.24060487,-5.4,-0.2,4.645669291,58.966,-4.154,21.301,-0.421,-0.18,119.7067377,1.3881,16.271,-0.346,5970.0,-0.304,335.1084141,91.42654385,-2.796038488,6.187624192,-0.042101899,1.846601182,0.112636,166.3099235,-1.61094793,47.45201553,54.47424644,6.112189,174.147856,-1.702608278,-1.819958671
Driver,99.89710093,-2.09,3.531,2.952755906,43.388,1.318,12.407,4.491,0.959,145.8804581,1.4603,10.177,4.339,3237.36,3.735,465.7781406,79.02152365,43.58947972,6.136699278,0.468224701,1.12568523,0.0885738,232.6488762,24.72269021,36.27791203,59.24228096,6.29119,245.6346158,26.4766982,21.44961329
Driver,111.2786328,3.7,6.5,-4.251968504,56.085,9.072,-0.322,-8.315,-14.815,159.1009753,1.4298,0.127,-6.375,3400.0,-69.555,10.03117699,0.012885149,-1.201803341,5.925144112,-0.731236664,0.001936312,0.076948,6.748039318,-0.840949395,0.165000849,154.9468692,0.087783,74.80302066,-10.04383483,-0.276959261
Driver,80.24337867,-2.098,-7.538,2.874015748,51.161,-9.227,18.228,-2.697,4.841,107.6243737,1.3412,14.996,-3.511,3552.4,11.582,263.9262132,52.46234044,-3.843943159,148.8636861,0.860113941,-3.16633417,4.61014,143.9569765,0.624853215,32.80799269,60.0845411,4.41014,167.4159056,1.759328705,28.3186397
Driver,103.8564782,2.983,4.228,-3.937007874,48.844,6.838,12.958,-3.461,-7.689,151.0388332,1.4543,11.664,-2.431,2460.0,-28.049,448.0661307,69.68827886,-65.39549093,6.133923082,-0.283252256,1.27065156,0.085871,235.7923545,-52.29428471,30.37103318,65.13818298,5.663557,267.7273262,-65.55407252,-127.4846108
Driver,68.18405512,1.514,6.052,-1.614173228,59.764,6.935,18.68,-14.702,-20.754,88.81531854,1.3026,15.801,-10.89,4090.0,-36.612,176.8261617,30.49010803,-49.44680622,5.818723422,-1.152237053,1.61327854,0.1418952,101.6658514,-36.17351543,26.50235982,52.70093359,3.411735508,126.1178652,-48.8516597,-52.71569515
Driver,101.1564961,5.1,3.3,-6.968503937,49.179,7.826,15.371,1.26,-2.131,148.5656764,1.4687,13.699,1.619,2520.0,-10.296,482.3090961,94.25891281,-8.613355736,5.888405517,0.157922581,1.444186627,0.084492,248.4133623,-11.93714509,37.50314081,63.97109247,6.517628,272.9203568,-14.86206546,-56.82817335
Driver,95.37848962,-1.655,-5.165,2.283464567,48.556,-6.627,16.782,-5.86,-0.694,130.2198908,1.3653,13.76,-5.741,3910.0,-1.365,398.1559984,87.80484533,-41.81724175,6.164663006,-0.618442145,1.532802977,0.101375104,200.328497,-22.42588964,41.78794423,57.72737153,6.237945245,216.1318381,-24.34628478,-7.200456598
Driver,96.38063708,0.661,6.535,-0.866141732,49.613,7.097,10.626,-7.907,-14.442,131.8448014,1.3679,9.323,-5.947,3050.0,-26.205,349.7913691,43.09210911,-68.4117393,5.979602372,-0.644738542,0.985679279,0.095260914,185.2943374,-48.49364277,24.73524032,60.97949396,4.688887066,218.5249145,-62.87613243,-89.11116738
Driver,104.5141374,5.9,6.7,-7.598425197,49.261,11.949,8.322,1.029,-5.671,142.8196582,1.3665,7.952,1.814,1400.0,-15.25,328.1830865,29.5284441,0.558711515,5.800782195,0.174963881,0.804831026,0.084705,185.7531673,-3.854975657,16.10724311,79.4866295,3.741462,243.0790346,-8.180701152,-29.19537255
Driver,92.86193629,-2.505,0.206,3.464566929,45.583,-2.251,11.882,0.772,0.566,129.7114352,1.3968,9.675,0.683,2844.58,-1.543,350.7140803,48.0378735,3.114184451,196.9373187,2.463965766,-5.648658213,5.00613,186.2022962,2.22085534,26.24262742,66.96565627,4.63613,220.4037794,2.962960509,0.003795394
Driver,95.98917323,-0.866,3.504,1.062992126,51.926,2.826,12.469,10.794,7.29,141.9711883,1.479,10.613,9.748,2990.0,10.543,439.1998631,70.4330074,94.06830016,5.850548791,0.999989806,1.107754145,0.086868,224.2329159,55.31502345,33.45050889,60.06937754,5.927304,249.5194404,63.46743215,53.17104781
Driver,81.25671081,-1.019,-2.223,1.25984252,47.057,-3.171,13.646,6.521,8.744,116.7714298,1.4371,11.882,5.429,2390.0,20.809,284.7998411,38.47327621,42.36132676,6.216840339,0.607587674,1.297654269,0.112707,159.8595159,30.81293621,23.32544435,63.0047847,4.17282,193.9957136,40.88099825,47.5010237
Driver,87.41947029,0.975,1.446,-1.181102362,47.178,2.35,18.541,0.175,-1.271,126.288699,1.4446,16.096,0.362,3074.64,-2.593,387.1978049,86.59747508,-2.299764933,6.370061035,0.037037513,1.855214641,0.109067,200.7448892,-2.761448864,39.81543638,59.42169222,6.10084,219.1463077,-3.323284377,-12.08876988
Driver,84.45552971,-5.51,3.038,5.590551181,54.576,-0.897,27.248,6.236,3.198,110.3136185,1.3062,20.516,5.499,7396.06,4.166,294.0823462,92.69245052,33.89850932,5.934223009,0.577066339,2.260664463,0.120494,149.1583131,19.9859425,48.91234013,55.82838547,5.830188,154.3713052,20.79982713,17.18777379
Driver,109.0640659,-0.1,5.9,0.354330709,48.385,5.59,13.193,3.669,-2.231,157.4009037,1.4432,11.711,3.894,3130.0,-4.638,518.8970491,110.7548893,20.39804375,5.786541799,0.391160138,1.219536716,0.077836,252.4238579,6.231305747,43.87008513,61.26373174,7.166274,269.1802101,6.026081438,-32.76049589
Driver,98.80100215,-0.121,0.036,0.157480315,50.267,-0.065,12.063,-2.855,-2.89,143.0180744,1.4475,9.513,-2.236,3723.02,6.024,442.279255,79.1132751,-6.902473716,214.3212427,-1.783172764,-2.542232426,6.31,211.3356988,-1.848397266,41.17712428,54.51550463,6.16,226.659261,-1.511710997,19.19428751
Driver,108.46233,-6.511,-6.704,7.519685039,50.777,-12.049,11.811,-3.184,3.52,151.3197924,1.3952,9.687,-3.603,3251.65,7.042,490.1091508,82.80871879,-12.15769992,6.147786772,-0.378995818,1.075767406,0.0854036,242.6049246,-0.809241158,36.87054081,59.63562468,6.46854,262.7586133,0.262312724,43.31472142
Driver,100.3310666,0.515,-3.51,-0.748031496,48.21,-3.05,10.534,-0.589,2.921,142.7807355,1.4231,8.433,-1.211,3104.95,-2.058,422.1987787,55.56039262,-10.60276184,219.0346966,-5.390630461,-1.682882292,5.32996,215.9490383,-5.321361616,28.35938819,65.45889181,5.21996,246.892556,-6.036759746,-2.272840273
Driver,106.3752684,1.856,-1.298,-2.637795276,38.621,1.026,15.741,3.262,4.56,149.1741231,1.4023,14.035,2.678,2662.74,11.706,488.2360443,100.3242737,49.17519211,6.438348159,0.313379307,1.631250212,0.0922555,249.0390217,34.39902133,39.19882446,63.3538324,6.6995,269.9119383,39.00568138,68.51148952
Driver,116.1417323,0.1,-4.1,-0.236220472,45.693,-3.946,15.103,-0.957,3.143,159.1846367,1.3706,12.858,-1.586,3320.0,-7.741,530.7016348,124.1927047,-38.30583305,3.835072836,-0.100313892,0.8844913,0.050999,257.2594339,-25.85970923,46.11446835,63.22117473,7.414934,271.9775902,-28.21216489,-56.29679254
Driver,94.64924839,0.564,-0.41,-0.826771654,49.273,0.075,16.292,-2.79,-2.38,130.2185487,1.3758,14.262,-2.469,2655.52,-9.206,373.0915851,62.469226,-31.23181497,196.9498524,-22.24462003,4.049159882,4.88102,204.715543,-23.59352062,28.92142391,66.75782081,5.14928,237.3932318,-29.25423228,-44.43442253
Driver,94.96465641,-1.1,6.9,1.57480315,53.431,6.017,55.504,-25.183,-32.083,71.32180565,0.751,46.418,-15.49,7030.0,-16.011,149.0714606,86.86043822,-44.57495542,2.273533306,-0.631610482,2.38440491,0.096564,72.29590515,-28.99989774,61.08304536,53.38411717,4.898426,72.03851556,-28.89058781,-30.77972407
Driver,106.7868647,4.856,1.313,-6.102362205,47.463,5.784,13.906,-2.565,-3.878,141.0233984,1.3206,12.705,-2.036,1830.0,-15.119,406.2702399,62.92822927,-32.43708146,6.206565936,-0.231687588,1.399057644,0.0933101,221.5881758,-25.05559488,28.0878104,68.46009448,5.23431,256.9180834,-31.81842578,-51.65342488
Driver,93.93119184,0.376,10.047,-0.393700787,60.646,10.258,7.898,-3.472,-13.519,128.0981568,1.3637,6.952,-1.726,2510.0,-33.525,258.1041691,20.11188373,-26.37990778,6.228146839,-0.217631896,0.75129507,0.101432476,145.9844255,-23.34149167,14.05936285,71.88722075,3.236093168,196.952245,-38.82181132,-56.97133364
Driver,92.24901575,-1.5,-4.9,1.732283465,54.509,-6.044,10.595,1.254,6.225,119.9841178,1.3007,8.329,0.065,3040.0,-5.453,304.0451891,32.95636905,-5.186834581,5.927770191,0.001038019,0.871223984,0.103519,163.0165738,-4.844328776,21.91147167,59.79721002,4.263312,198.0662092,-7.013954643,-15.08754114
Driver,60.74624195,-1.632,-2.42,1.496062992,60.137,-3.357,26.816,1.619,4.039,77.91047781,1.2826,21.874,0.832,3860.0,6.006,168.680181,41.34297805,5.347915457,5.874214954,0.096388799,2.313698052,0.170028,95.86326515,4.30294588,34.94589131,49.18539447,3.853758,113.3549367,5.508046703,8.735700886
Driver,101.3130816,-3.893,-3.007,5.236220472,45.553,-6.834,12.223,-4.344,-1.337,149.8847978,1.4794,10.042,-4.158,3257.46,-3.049,486.225769,84.46345059,-42.55519592,6.406569479,-0.468039868,1.163229913,0.0900139,240.9223927,-23.68045945,37.46395219,59.62785517,6.49636,260.5973191,-26.0869281,-18.70239497
Driver,112.7863278,5.5,3.5,-5.984251969,52.558,7.657,16.819,-0.199,-3.666,165.8258769,1.4703,15.591,0.214,2126.06,-7.737,572.0374841,132.127071,-18.68401686,5.561724346,0.015713419,1.561598491,0.072033,290.0807833,-16.33707775,42.76195925,69.10781819,7.443003,310.9581221,-18.58302884,-52.25608412
Driver,81.05762348,-3.715,-4.11,3.700787402,63.137,-5.995,19.104,1.002,5.112,107.5178955,1.3264,14.587,-0.07,4941.23,8.023,283.3089553,58.80379589,10.27694627,5.747397886,0.005193659,1.512728119,0.115156158,148.5460265,8.824275079,37.150044,52.71435211,5.02867552,164.0969417,10.52031921,27.01629347
Driver,96.41642806,0.5,-1.1,-0.551181102,49.983,-0.847,14.226,5.185,6.285,121.7799302,1.2631,11.543,4.02,3580.43,15.948,338.796155,56.15532817,46.77953459,4.66978038,0.33104414,0.961228768,0.081046,175.9257505,32.52122945,32.69051515,55.44583628,5.191379,198.2090412,39.10721006,60.96166664
Driver,100.2415891,-2.306,-9.023,2.795275591,49.324,-11.006,16.272,1.63,10.653,143.2478078,1.429,13.126,-0.266,5177.94,19.947,429.0585255,106.2781571,54.53217162,6.224079812,0.001116882,1.488233425,0.092925442,209.2343064,42.09103532,46.34909521,58.89176981,6.691972969,220.0363827,45.91623772,129.126319
Driver,82.75322119,-4.89,-1.917,4.881889764,64.177,-4.29,22.963,2.669,4.587,68.23013601,0.8245,15.945,1.425,4810.0,5.831,111.3451309,18.3832604,4.009998689,5.709888348,0.152221761,1.560619362,0.1819848,66.11541389,2.999509416,23.55499889,46.65956978,2.624788078,87.42196223,4.36649222,4.06827481
Driver,96.48353615,-5.816,1.6,10.62992126,36.035,-6.449,5.09,-5.156,-6.756,135.5496152,1.4049,3.298,-4.043,2837.69,-11.485,321.6651856,18.97567504,-43.44732238,168.8267995,-32.81724964,-6.359830601,4.45992,154.4336582,-27.70002912,18.73871057,52.77809537,3.82992,184.1650486,-37.65275429,-50.75794067
Driver,73.66678597,-2.375,-4.821,3.976377953,43.876,-7.293,18.314,-1.619,3.202,104.3823819,1.4169,13.6,-2.385,4940.56,15.552,232.9500704,39.11832259,3.113267326,138.2795139,8.063646538,-4.464447737,4.25626,130.4595521,6.843195227,27.70396137,57.52669118,3.93626,154.0915415,10.42625487,36.77624391
Driver,102.2257516,-1.241,4.763,1.614173228,45.902,3.56,27.585,-0.898,-5.661,127.6391374,1.2486,23.544,0.007,5221.73,-10.277,373.4211909,143.1698824,-26.75207564,6.150589928,-0.020410166,2.735825052,0.109727,180.8389031,-20.4289153,55.47346909,64.78457,7.04931,182.7289579,-20.73713361,-61.35260208
Driver,86.91168576,-1.213,-2.228,1.299212598,53.986,-3.11,17.87,0.626,2.855,128.6151127,1.4799,15.651,0.275,2867.0,5.383,395.6697119,84.41243178,11.31011974,5.349192728,0.030109834,1.509845191,0.0894464,206.3434767,9.24724173,38.33699342,60.17207075,6.05806,226.562163,10.85755526,24.77326934
Driver,110.67466,3.984,1.429,-5.157480315,42.9,5.727,13.029,-2.084,-3.513,153.8875716,1.3905,11.889,-1.63,1870.0,-20.723,460.4306559,70.27951839,-43.75640524,6.091439536,-0.187730776,1.287156524,0.0836199,246.4168161,-35.27902367,29.01358224,69.4966009,5.58607,270.6704128,-41.62621687,-84.9828664
Driver,102.9259127,4.1,1.5,-5.354330709,48.199,5.167,14.39,0.57,-0.93,150.4339656,1.4616,12.796,0.768,2390.0,-4.805,487.1825972,88.76690651,-3.504462952,5.685696841,0.072700809,1.299224276,0.080205,251.742427,-5.199610445,35.72841257,64.56478801,6.390623,278.5653899,-6.626428133,-25.71813106
Driver,109.1736757,6.2,2.0,-7.322834646,43.564,8.075,18.258,2.464,0.484,158.5088583,1.4519,16.618,2.329,2584.42,2.673,542.7259911,140.7492147,29.58907007,5.930628428,0.247878109,1.785311356,0.080945,269.6066874,17.56398919,46.65492787,67.09955553,7.656766,285.6031123,18.8963791,19.84981859
Driver,80.47154617,-4.749,5.462,4.645669291,57.885,2.472,30.277,1.302,-4.16,101.122942,1.2566,24.537,2.097,5800.0,-4.961,266.2728778,91.08001497,2.094689774,5.974173835,0.20786511,2.753479782,0.136391,137.2145145,-0.797242661,49.21964468,55.72206563,5.641054,144.6439225,-1.01335598,-17.45247897
Driver,92.39665354,-3.5,-2.1,3.385826772,57.311,-4.493,15.825,-3.452,-1.352,136.6211077,1.4787,14.234,-3.156,4326.36,-2.898,422.0539504,106.366785,-31.37698283,5.753173952,-0.337406899,1.487480823,0.090334,207.2752401,-17.92787125,46.59552931,59.22649448,6.715181,219.43967,-19.22840621,-19.59588333
Driver,115.9359341,5.8,0.4,-6.692913386,52.996,4.45,16.311,-5.535,-5.977,167.5841088,1.4455,15.211,-4.843,2111.98,-16.021,568.1465429,127.3214825,-88.78283217,5.965463946,-0.519136921,1.632639043,0.076375,288.6507583,-59.78667547,41.81273738,68.62371072,7.313028,310.0681658,-66.53769004,-107.1964542
Driver,81.0218325,-4.953,2.118,6.653543307,47.806,-2.388,11.907,4.446,2.328,114.9787491,1.4191,9.291,4.076,3015.92,12.793,280.4239779,33.51308883,35.7419125,157.4902443,27.6702038,-4.210496894,4.40214,148.8169564,25.149495,23.98453062,58.49949274,4.06214,178.9775587,33.65208162,43.98051895
Driver,57.52505369,-4.76,-6.817,4.251968504,67.224,-8.821,26.163,18.682,25.5,49.44367394,0.8595,19.725,12.585,4178.41,37.181,57.55927619,10.85192486,14.39556958,5.94051366,1.363520438,1.856319678,0.267321,36.03547073,10.31221944,23.36666924,39.97522247,1.80859,46.80488525,14.08529053,7.623396869
Driver,96.57972441,1.702,5.499,-2.204724409,49.979,6.929,16.154,1.75,-3.75,140.3791607,1.4535,14.364,2.235,2579.74,-13.063,441.5758889,86.93302873,-7.686317268,5.818479403,0.215787108,1.49651289,0.088647,230.0350128,-12.68060277,36.72331312,62.72004345,6.21541,254.6938804,-16.21535775,-64.88481355
Driver,100.3221188,0.6,-5.4,-1.220472441,36.201,-5.025,22.079,8.6,14.173,138.3337062,1.3789,18.964,6.108,5180.0,22.405,405.9597826,130.8954284,103.7361526,5.819155751,0.674829309,2.034161774,0.092759,198.057125,69.18532375,51.62039853,62.3002851,6.986019,205.4148867,72.78063401,147.138874
Driver,93.02299571,1.49,2.589,-1.929133858,46.466,4.005,19.839,4.162,1.574,132.86216,1.4283,16.946,3.899,3830.0,1.13,416.363243,112.2457534,30.0244544,5.89742129,0.402397595,1.819814044,0.096506,207.5085861,16.30661424,46.94009855,60.81439293,6.775412,220.4441554,17.41872448,6.607088819
Driver,93.78355404,4.0,-8.6,-4.527559055,54.108,-6.161,23.464,15.113,23.778,112.0190587,1.1944,20.179,10.415,5990.0,32.583,286.7052374,79.15922534,95.25149144,5.772767335,1.097807708,2.13646369,0.114759,150.0976572,66.43546343,42.98738808,54.82261575,5.389306,160.4621674,73.08074635,123.0281179
Driver,108.0283644,-7.779,-5.585,9.881889764,48.714,-12.474,10.82,-3.766,1.818,149.9120884,1.3877,8.127,-4.034,4028.11,3.602,478.7123673,82.39515206,-22.78846563,6.224194305,-0.433572992,0.924602743,0.0869781,231.5150779,-8.516325784,39.00214965,57.35765207,6.48468,247.9085017,-8.624096842,23.34141724
Driver,111.6096994,-0.52,-3.266,0.62992126,48.845,-3.721,12.164,0.948,4.214,158.3668128,1.4189,9.665,0.098,4142.13,10.551,502.4014871,104.2370145,44.48017387,238.7097747,34.69506408,3.422887012,6.69378,242.5399131,35.80291832,42.09915582,60.47922881,6.86975,258.1422019,40.33437006,106.1776955
Driver,100.1923765,-4.469,-4.983,5.905511811,49.915,-8.755,18.654,3.379,8.362,136.2763958,1.3602,15.589,2.196,4420.0,12.839,418.4115903,110.9182846,48.95565626,6.174044421,0.255185826,1.753444386,0.097947483,206.442186,34.00218247,47.17781411,60.03135771,6.753515808,218.0797195,36.95041639,78.52435372
Driver,88.62070508,-0.332,4.866,0.433070866,52.319,4.61,10.814,-1.842,-6.709,121.1133232,1.3667,8.773,-0.588,2870.0,-21.115,291.6727792,31.22719963,-21.33063812,5.65490097,-0.076686415,0.871221612,0.097854338,159.1219957,-19.03866028,20.44021654,62.08459053,4.035130162,197.2206599,-28.08970293,-52.24926548
Driver,100.9775412,0.838,3.904,-1.102362205,47.638,4.669,13.88,4.633,0.729,146.8906586,1.4547,12.128,4.532,2560.0,-2.547,469.5172448,82.15416368,31.37373223,5.932570511,0.466627141,1.284220719,0.085552,241.727093,14.68436538,34.8449156,62.98599878,6.224336,268.6698656,15.84558932,-13.27964384
Driver,76.158733,-3.942,4.225,4.05511811,58.271,1.782,22.152,-2.649,-6.874,98.20977989,1.2895,17.69,-1.373,4501.86,-11.289,247.7694684,56.22819652,-17.28602561,6.201826341,-0.169397458,1.981863623,0.138542,133.5843186,-13.4968756,37.1521407,52.37139713,4.752467,149.6706888,-16.11736466,-30.92566754
Driver,97.46555118,-2.9,-1.5,3.11023622,53.839,-3.797,15.168,-1.486,0.014,145.1521117,1.4893,13.094,-1.553,4770.0,-0.153,448.6485479,119.0126402,-11.83680619,5.772834424,-0.151728637,1.377855683,0.084929,215.2362284,-6.004903984,49.49220391,60.47906667,7.056824,224.7746168,-6.281616157,-0.515139507
Driver,108.5160165,2.1,2.1,-2.440944882,50.957,3.859,21.494,-1.641,-3.799,152.873121,1.4088,19.507,-1.22,3076.36,-7.13,515.8811354,161.2898828,-33.19902077,5.474246601,-0.122768386,1.956429741,0.078791,251.4959351,-23.27786953,51.57894727,68.61206285,7.924414,262.339156,-24.76343107,-53.82262848
Driver,88.77952756,-4.594,2.239,5.708661417,53.278,-1.198,37.262,-17.315,-19.554,96.47525948,1.0867,29.22,-12.529,8570.0,-14.632,239.0306578,95.97225078,-66.21041668,5.149606476,-1.145503494,2.904568783,0.12866,122.1642561,-41.76500531,52.90804029,56.05877854,5.578397942,123.5482667,-42.31393012,-47.59717879
Driver,99.78078024,-2.0,-2.6,2.086614173,54.954,-4.803,13.203,-0.895,1.857,147.2246331,1.4755,10.983,-1.062,3270.12,6.822,470.6358221,88.66160433,7.948747573,6.073098756,-0.117054956,1.198050748,0.087174,233.1397845,8.99729176,39.49092645,59.48028141,6.514032,252.1844135,10.74127228,39.94085468
Driver,98.41848604,-0.622,4.806,0.748031496,51.521,4.312,14.444,7.153,2.347,146.269685,1.4862,12.547,6.846,2790.0,0.827,473.657543,89.39250725,57.28948276,5.908413588,0.705061336,1.326846412,0.085744,240.9787257,30.2686972,37.61731391,61.93873195,6.472517,264.2300542,33.32673632,4.666345207
Driver,49.36247316,-0.981,-1.771,1.023622047,58.403,-2.374,1.433,18.479,20.25,62.00049213,1.256,1.168,16.22,1400.0,59.042,6.381382779,0.071056312,1.797101203,5.226310165,1.493748965,-0.030576535,0.174203,3.996480985,1.134960092,1.109055514,61.06403272,0.132835,41.7733834,12.09754779,0.058272626
Driver,113.0010737,1.106,-1.68,-1.535433071,43.217,-0.503,14.411,3.867,5.548,158.0046528,1.3983,12.672,3.116,2960.0,5.629,533.9328135,112.4367356,44.69106527,5.707211493,0.314736657,1.298496903,0.076669835,264.3319747,27.42810872,42.22569549,63.4401034,7.18644291,283.3670529,30.2188304,39.2899571
Driver,107.7420365,4.9,10.1,-5.62992126,50.563,14.055,16.811,7.444,-2.656,158.501029,1.4711,15.52,7.739,2920.0,-8.346,536.5343169,137.2005841,43.90010921,5.901834503,0.787195069,1.656995323,0.080135,263.3519544,14.82205927,47.1006848,65.57447448,7.63004,278.2484761,14.76535306,-62.1596636
Driver,84.92528633,2.869,5.311,-3.503937008,55.392,7.293,18.195,9.341,4.03,125.6961346,1.4801,16.638,8.909,2010.31,9.987,366.879736,72.86716102,67.11735401,5.911422296,0.923740663,1.75987202,0.101703,201.1589449,42.08871663,33.31564011,64.42713413,5.443932,230.9739842,49.83679225,33.35360767
Driver,98.82337151,1.865,6.764,-2.440944882,48.57,8.411,15.002,4.15,-2.614,146.355136,1.481,12.887,4.586,3135.23,-13.59,471.1840972,94.8015921,4.011718176,5.961168817,0.463489711,1.378642765,0.086639,237.052796,-8.186008239,39.71750953,61.03149123,6.60526,257.3422994,-10.98990627,-81.30641473
Driver,82.77335361,-3.959,-5.438,5.0,49.057,-8.88,26.071,-6.951,-1.513,93.07489263,1.1244,20.561,-6.642,5093.38,6.446,220.8686438,57.72459147,-18.29307253,126.8071172,-8.123342001,-3.125751586,4.65305,122.7012605,-8.066721961,37.33325717,55.84932602,4.46305,138.3871374,-8.308805856,18.44698336
Driver,94.91544381,1.665,2.664,-2.244094488,44.39,4.365,14.273,-1.325,-3.989,137.3073998,1.4466,12.75,-0.826,2180.0,-17.152,397.8815354,63.32697318,-28.11938254,6.124968464,-0.102201045,1.387831542,0.094646,214.7308271,-24.10884572,29.30074638,65.14167734,5.33086,236.8418899,-28.7969266,-63.09111139
Driver,101.3421618,-1.5,6.3,2.047244094,47.72,4.933,12.59,3.747,-2.553,147.9664012,1.4601,10.911,4.131,2510.0,-7.318,462.9826984,72.47825283,19.07242301,5.831936,0.414448515,1.132550935,0.083083,239.6119179,5.256656415,32.06423315,63.35294067,5.957639,268.7378882,4.425821145,-36.04138318
Driver,78.2234252,-3.5,3.9,4.409448819,57.141,1.655,7.584,-1.347,-5.247,110.359923,1.4108,5.649,-0.205,2350.0,-17.966,181.2531379,10.94269752,-6.277856771,6.039892121,-0.039075228,0.584512644,0.11396,105.2843245,-6.326656908,10.27902803,70.21170304,2.500443,156.3484797,-12.50781534,-17.85179561
Driver,97.26198998,-4.213,-0.541,6.299212598,43.574,-4.982,16.646,2.658,3.2,139.8608626,1.438,14.141,2.254,3520.0,8.52,446.3218329,101.4024615,38.25805324,6.213849799,0.254754878,1.594943434,0.0951209,222.8297652,25.7555925,42.9213325,60.18038212,6.68688,231.8722595,27.3563878,51.09180888
Driver,92.34744094,-0.993,-3.17,1.220472441,49.246,-4.027,15.756,1.683,4.854,130.5596815,1.4138,14.114,1.185,2218.92,3.922,384.305969,67.62078452,12.96471645,5.996181898,0.127400024,1.506801169,0.098119,207.2302581,9.062170769,31.5655905,63.52885758,5.445905,237.5717516,11.06720352,14.33601091
Driver,96.86828919,-10.073,-2.645,11.45669291,54.823,-9.838,10.596,4.566,7.211,143.6271922,1.4827,7.756,3.559,4291.02,19.028,430.0921983,65.57969128,71.74421025,6.359522155,0.419078591,0.897036351,0.0927211,211.0023836,47.94547586,34.67979379,55.92584354,5.84989,222.6789439,52.45851257,105.2921453
Driver,94.73201503,-6.408,0.235,9.763779528,40.494,-7.324,6.152,4.783,4.548,135.7442287,1.4329,3.757,3.912,3434.6,-2.813,386.7334581,49.5262617,29.97664221,184.678143,18.02647671,-3.141064494,5.52695,180.3956861,17.29302537,34.96590433,49.30503469,5.30695,197.5109407,20.09761264,15.00615912
Driver,82.10003579,0.661,0.668,-0.787401575,49.547,1.231,11.836,-0.559,-1.227,124.3864084,1.5151,9.525,-0.3,2871.85,-4.019,335.5343636,42.00147252,-6.499765749,6.360274226,-0.037631448,1.072657207,0.107472,178.8186899,-5.232287132,25.01451028,59.90710955,4.69008,209.1264481,-6.868916589,-12.88898433
Driver,92.76127416,-3.5,2.1,4.881889764,46.021,-1.458,16.189,4.393,2.293,133.1147101,1.435,13.289,4.128,3861.56,2.239,404.4701484,91.96710843,33.66539567,5.851694564,0.423991975,1.407350713,0.093929,200.3665956,18.58247791,43.68993304,57.10332327,6.381218,214.6314554,20.13728805,12.51920329
Driver,74.78972799,-1.8,2.6,1.771653543,59.214,1.013,18.133,0.154,-2.353,104.2859699,1.3944,15.764,0.535,2470.0,-5.708,265.0401599,48.66252845,-2.287658514,5.85647288,0.048285379,1.640620544,0.121236,147.2310159,-3.227270484,30.48907233,56.71861092,4.535833,173.7430361,-4.58846648,-13.80465244
Driver,95.17269148,1.462,3.589,-2.007874016,46.045,4.998,12.861,2.407,-1.181,137.9082409,1.449,11.248,2.579,2221.48,1.793,398.0245365,60.87783765,19.66405584,211.8824783,10.75579688,-4.822433448,5.60801,204.5912912,10.37607346,32.38122703,59.81467755,5.30801,230.4685377,11.7182233,3.514345903
Driver,101.29966,3.989,6.528,-4.212598425,63.21,8.546,10.753,3.927,-2.601,148.1153812,1.4622,9.549,4.397,1897.58,47.499,268.5106833,19.75838334,-2.929649059,141.0842777,-12.23259153,3.241405549,2.5816,160.5001737,-17.50872814,11.44737788,84.58711458,3.05186,219.0590443,-33.94694098,-89.06639463
Driver,24.21483536,-6.2,-4.2,4.251968504,67.174,-7.461,44.625,-3.293,0.935,24.96913028,1.0312,30.688,-3.48,3423.4,0.724,19.60939935,5.789162525,-1.178355339,5.719662365,-0.359907106,1.915393941,0.563803,12.28159344,-0.768829923,33.05815906,23.13646446,1.244853,17.47617738,-1.091362168,-0.070140532
Driver,113.4730673,-1.144,0.024,1.614173228,51.853,-0.874,14.438,-0.549,-0.574,156.9183966,1.3829,12.014,-0.457,3780.52,-3.492,519.9350773,126.690601,-13.64834632,236.4301987,-9.26464513,0.419338805,7.49242,236.7330151,-9.288477577,51.57602521,57.29114403,7.50984,245.7032062,-10.01440317,-22.20431089
Driver,108.0328382,-5.192,-2.339,7.165354331,49.578,-6.778,8.655,-13.204,-10.865,146.6624911,1.3576,5.14,-10.413,6513.5,-26.857,402.9292009,57.10921613,-136.7439722,6.371162529,-1.194746302,0.621428538,0.0906023,193.5746107,-81.60771891,33.93804498,53.27610775,5.47876,207.4801157,-90.6300844,-145.6131303
Driver,98.97100931,3.135,3.892,-4.094488189,48.252,6.695,13.023,-4.349,-8.241,145.248971,1.4676,11.713,-3.22,2470.0,-32.555,406.4378463,59.97757954,-66.80379078,5.828835605,-0.351801612,1.208758584,0.084821,217.5567002,-53.65756266,27.80711622,65.68670785,5.186816,251.713954,-69.28252229,-125.1905722
Driver,82.58097709,1.332,-4.774,-1.692913386,54.245,-3.814,16.686,-2.266,2.508,118.3672602,1.4334,14.823,-2.585,2220.0,5.874,324.0086963,56.40865237,-8.626332199,5.047142735,-0.223745012,1.329630494,0.091246542,178.9564679,-2.486017853,29.58865427,62.11682909,4.903397918,210.3140088,-1.969446769,16.76079134
Driver,85.4353078,0.962,-0.487,-1.692913386,42.102,0.579,18.247,1.596,2.083,128.9638511,1.5095,16.121,1.325,2742.86,0.059,380.2538544,86.58889877,8.317027214,190.7510775,3.534511039,0.487304557,5.93292,191.1034531,3.535607409,42.45611541,57.48183623,5.94991,207.6041764,3.637385671,-2.650716403
Driver,99.03364352,-1.4,1.633,1.771653543,47.203,0.336,23.291,-3.751,-5.383,131.9834914,1.3327,20.133,-2.993,4240.0,-7.64,406.7150376,131.9617924,-40.02220792,6.50837211,-0.353049606,2.428816798,0.109432,199.875436,-25.95666449,51.4941971,63.31903387,7.05133,208.1457773,-27.39864611,-46.72004449
Driver,99.61748389,2.087,3.851,-2.834645669,45.412,5.91,16.291,-0.882,-4.733,144.8836793,1.4544,14.288,-0.185,3040.0,-15.62,466.5283644,99.89874447,-38.1219195,5.790000836,-0.032921107,1.486782456,0.085486,236.4053324,-31.48307944,40.55966982,61.86631465,6.661968,256.3120198,-36.42085191,-92.17918883
Driver,24.08061918,-5.4,-2.0,3.976377953,72.286,-4.345,43.898,-0.727,1.312,25.86614173,1.0741,30.825,-1.09,3331.11,1.052,21.11358749,6.27169163,-0.402856677,5.807542871,-0.116485409,2.050290483,0.55364,13.19543303,-0.2576799,33.31257967,23.85103754,1.29807,18.83621229,-0.363400138,-0.019995569
Driver,86.48666786,1.158,3.038,-1.25984252,56.54,3.803,21.534,-2.71,-5.748,109.7546081,1.269,18.72,-1.852,3190.0,-14.971,306.7173545,72.60814445,-28.50290059,6.398805517,-0.228418751,2.171048893,0.128133,164.326451,-22.4806381,38.50872752,56.93655826,5.40033,182.0486241,-26.43743377,-51.62443561
Driver,91.00975304,-3.36,-8.353,3.779527559,51.248,-11.054,12.845,1.164,9.517,132.5930565,1.4569,10.926,-0.003,2940.0,20.607,376.3249164,55.33302974,30.03985753,6.389648709,0.021492548,1.241507554,0.101739,198.139661,26.90464981,29.01719222,60.13984073,5.20566,225.0387729,34.35029094,80.74478476
Driver,89.12177881,2.741,-5.743,-3.503937008,48.357,-3.303,16.57,-2.631,3.112,130.4565587,1.4638,14.259,-3.173,3070.0,7.509,400.1558109,80.75913225,-7.8270964,5.989157766,-0.323427866,1.532253799,0.098317,206.6744167,0.441318597,37.66875313,59.3229627,6.014264,227.9703913,1.579110843,35.64075149
Driver,99.297602,-3.3,5.1,4.133858268,52.88,2.494,19.249,-2.79,-7.89,132.6908107,1.3363,15.9,-1.479,4680.0,-1.186,404.3184616,110.8562519,-13.08295082,5.60674616,-0.146185501,1.62600181,0.091412,199.2280031,-7.491140663,48.12575761,59.80805149,6.706637,209.7354036,-7.968770248,-7.050289281
Driver,85.14003221,2.728,-3.057,-3.346456693,57.724,-1.333,15.617,2.864,5.921,123.7540265,1.4535,14.074,2.125,2090.0,16.132,335.4699843,54.98786838,27.75258513,6.087378255,0.239892255,1.517232336,0.105077917,185.9595249,22.04914734,28.01330503,64.33473627,4.833380622,220.2780128,28.93103354,45.56188238
Driver,112.4888153,-5.008,-1.648,5.866141732,50.618,-5.773,11.525,1.585,3.233,161.7533107,1.4379,9.528,1.185,3270.0,7.169,541.8890105,97.88447308,33.18562789,6.372171279,0.139942187,1.104689988,0.0828183,263.618433,22.52576831,39.82402687,60.91420618,6.98265,282.2839073,25.2316004,51.26724749
Driver,92.73666786,-0.7,-4.7,0.905511811,54.956,-5.459,9.772,2.264,7.163,122.4357999,1.3203,7.808,0.909,2890.0,-3.506,307.3957899,31.01352689,1.414083163,5.949879576,0.090940706,0.818715403,0.101648,165.225816,-0.526217242,20.49592165,61.40504211,4.184493,202.8521125,-1.404326718,-9.442027264
Driver,99.28641732,-3.445,-7.046,4.527559055,48.396,-10.11,11.006,2.933,9.979,143.360102,1.4439,9.503,1.866,2610.0,23.936,403.311822,51.28664132,47.15480778,6.117912398,0.219981263,1.028862573,0.089611007,213.0548478,37.79649385,25.87370994,64.02271427,5.089624397,247.779266,49.43740642,92.84694236
Driver,103.9056908,2.339,7.423,-2.637795276,46.302,9.66,7.883,0.465,-6.958,149.6087598,1.4399,7.211,1.322,1610.0,-38.865,306.3270489,24.20249313,-14.09733122,6.25215511,0.121420432,0.783493033,0.0869841,175.1657524,-17.63581695,13.77819025,84.21761698,3.3186,232.5468067,-31.11780758,-64.95561948
Driver,32.02845383,-0.5,2.7,0.787401575,60.085,2.364,25.92,4.258,1.558,45.79232283,1.4297,20.424,4.018,2500.0,2.136,52.70673221,10.28272037,3.728471738,5.888772279,0.416799862,1.881031794,0.28743,33.11114136,2.445408617,24.02349208,38.13858449,1.776689,51.58282268,3.872090508,0.376922858
Driver,91.32963493,-0.1,-4.5,0.118110236,55.497,-4.652,10.254,-2.931,1.65,117.8550018,1.2904,8.119,-3.276,2530.0,-4.087,268.6868002,25.48510103,-18.09022062,5.832325292,-0.33697002,0.827284482,0.103518,149.6753953,-11.29953171,17.64360045,64.66093196,3.70345,192.6354581,-15.37957597,-8.256448184
Driver,102.0490336,-1.5,0.9,2.165354331,48.232,-0.612,15.028,6.058,5.158,144.7027112,1.418,13.176,5.439,3870.0,9.202,461.0239865,107.9787642,68.49250273,5.406773213,0.52281363,1.286446922,0.079596,225.7663032,41.44498485,45.18946124,60.12538543,6.896286,239.9304997,45.01402183,60.66774182
Driver,20.66929134,-0.507,4.13,0.433070866,65.423,3.898,21.886,0.472,-3.659,30.86278633,1.4932,18.127,1.135,1167.49,-7.059,20.30873862,3.370166771,0.357330326,5.968356151,0.10772473,1.110519754,0.423649,13.08361112,0.209963469,18.91188822,29.04764524,0.945672,27.55449027,0.389866723,-0.147621078
Driver,73.28874374,5.103,-1.972,-6.732283465,53.349,1.837,14.166,-8.959,-6.987,100.4122674,1.3701,11.86,-7.131,2905.26,2.087,219.735924,31.30778274,-25.96814965,131.0440121,-15.52906969,-4.786937416,4.06685,121.8734476,-14.45096431,25.05258341,55.43735852,3.68685,149.6243084,-17.69549401,2.049759298
Driver,106.0665712,0.1,7.7,-0.078740157,50.846,7.719,9.275,3.611,-4.089,154.4640301,1.4563,8.202,4.231,1800.0,-13.658,424.5337038,45.0661942,14.77081255,5.906260079,0.427007768,0.853948818,0.079844,228.4644386,1.859205401,21.42213504,72.91211345,4.768985,275.4354763,-1.044749652,-45.00271104
Driver,98.01583751,-3.056,1.241,4.488188976,40.148,-2.388,14.383,4.964,3.722,145.1245974,1.4806,12.341,4.511,3010.0,11.837,463.9669604,87.51085436,62.54064193,6.115985654,0.493018209,1.359276762,0.0894128,234.9543077,40.67743882,37.64758751,60.76525003,6.41185,248.1106625,44.10367274,67.05363693
Driver,71.49472083,-0.946,1.005,0.866141732,60.597,0.472,28.816,0.763,-0.242,88.08003758,1.232,23.54,0.812,4610.0,-0.278,215.1765848,62.66256483,2.675665702,5.620850366,0.079138829,2.441907682,0.1457592,116.6596743,1.436864959,42.21948864,51.5896419,4.735284103,129.0086009,1.573530999,-0.649224204
Driver,77.75590551,1.6,5.4,-1.88976378,70.938,5.615,0.682,-10.277,-15.593,79.58057445,1.0235,0.87,-7.558,2220.0,-85.256,7.160662666,0.059916764,-0.968772208,5.590488135,-0.792024069,-0.018572767,0.145479,4.803593797,-0.671885294,1.033339706,77.86838686,0.12473,53.66779119,-7.985151469,-0.121330598
Driver,93.24668933,1.504,1.803,-1.968503937,50.694,3.035,19.786,5.022,3.219,132.5718057,1.4217,16.714,4.447,4106.46,4.112,410.9117553,112.0813475,40.85964475,5.873526133,0.460770687,1.789453882,0.09625,203.9361878,23.83887171,47.47564417,60.44948622,6.752363,215.9439831,25.56524497,24.18879337
Driver,87.26064782,-0.5,-5.5,0.787401575,48.529,-6.208,17.876,-4.207,1.457,126.7018611,1.452,14.968,-4.448,3670.0,1.486,385.5104271,86.85083191,-26.16029334,5.921496951,-0.457450595,1.600231865,0.100555,196.3804666,-12.78164828,41.33765727,58.03768688,6.146656,213.0158055,-13.69735556,7.364108349
Driver,102.0960093,-2.125,1.581,2.834645669,45.28,-0.525,19.139,2.254,0.673,142.5304223,1.396,16.512,2.165,3720.0,1.139,461.8042473,127.3587662,20.0355047,6.431962757,0.244615855,1.945782426,0.0978486,226.5620613,11.10205832,48.4771858,63.1081691,7.22359,237.8375482,11.74075278,7.636478707
Driver,100.384753,1.46,1.318,-1.88976378,45.461,2.754,15.403,1.449,0.131,145.8359431,1.4528,13.904,1.434,2172.42,0.526,464.3269036,86.76055729,12.36576224,6.271671202,0.157453189,1.563726849,0.0917449,243.9132546,6.946506417,35.00959687,65.3705131,6.19446,261.200057,7.495055244,2.528333806
Driver,108.3616679,0.6,-1.0,-0.472440945,48.066,-1.012,14.848,-1.65,-0.577,155.7903096,1.4377,12.933,-1.447,2970.0,0.387,520.4094614,113.3958848,-12.78050718,5.927371628,-0.161920009,1.378846659,0.080925,256.4323721,-6.131011306,43.39770222,62.92488375,7.159906,274.0307064,-6.500491822,1.033745693
Driver,79.47610952,-3.209,-2.466,2.913385827,62.93,-4.108,24.117,5.835,8.301,100.6755548,1.2668,16.734,3.404,7703.18,9.299,243.9095405,56.36524186,25.52397719,136.0000288,19.77394237,-3.253052503,4.84095,131.6413784,18.71858538,36.67882461,53.5201156,4.63095,143.2146906,21.47159734,32.84590854
Driver,94.85280959,0.3,7.5,-0.31496063,57.769,7.652,16.346,1.009,-6.44,120.3039996,1.2683,14.362,1.846,2560.0,-13.794,335.3331158,59.78315454,-5.81243399,5.815149846,0.173962536,1.487060141,0.103498,181.2326846,-9.556539907,31.71656125,59.48964664,5.141357,208.2410316,-13.20701421,-46.14463073
Driver,69.23988905,-2.4,3.8,1.929133858,74.848,2.552,31.552,-0.909,-4.624,82.86752863,1.1968,25.319,0.111,5170.0,-6.384,193.5910177,59.43183855,-4.402538487,5.692206529,-0.002100062,2.677290683,0.159534,105.9088177,-4.110987174,42.96759347,50.45035266,4.538505,116.3895365,-4.793645391,-12.94801048
Driver,97.8860952,-2.924,1.312,3.228346457,54.607,-0.768,12.163,-1.501,-2.813,146.6096994,1.4977,10.409,-1.165,2600.0,-6.824,455.3570585,68.96886006,-22.06224175,5.256207162,-0.1112637,0.976077505,0.0753152,234.8330213,-15.85548921,31.42939598,62.40320445,5.87287,261.8851599,-18.97074616,-33.26566821
Driver,108.2990336,3.205,3.959,-3.976377953,47.638,6.886,12.977,-0.326,-4.285,151.2658822,1.3967,10.819,0.642,3539.66,-15.553,486.1691492,92.24596458,-37.04180564,5.590928536,0.048366179,1.093608843,0.0779202,239.523973,-30.77215274,39.68909167,59.60851033,6.64791,257.2843937,-35.31334019,-100.2953815
Driver,102.6910344,1.142,5.227,-1.496062992,50.44,6.17,12.078,1.306,-3.92,138.274651,1.3465,10.454,1.903,2370.0,-4.684,401.2724609,55.36934421,6.636509938,5.791827327,0.188643283,1.072506071,0.088156,213.0288339,1.155094158,27.29228205,63.86955551,5.22679,247.3655197,0.355296621,-17.75878776
Driver,100.3355404,0.169,4.884,-0.196850394,50.666,5.023,15.565,7.816,2.932,143.937679,1.4346,13.41,7.389,3137.11,12.132,462.8315122,100.6521721,96.46653228,213.2930055,54.36356705,13.09074904,5.9524,229.3628917,60.12843759,42.26215477,60.57274879,6.68537,246.3155312,66.10538042,93.49049453
Driver,89.88904796,-3.4,-1.8,2.834645669,56.028,-4.673,21.621,0.732,2.618,125.0563708,1.3912,16.761,0.206,6060.0,4.679,355.3521664,103.8569321,11.95020145,5.850727957,0.026925459,1.803663594,0.102083,175.5464979,8.873545538,49.26452705,57.77646323,6.354955,182.8421586,9.455206823,24.729421
Driver,108.4600931,3.223,2.871,-3.661417323,58.853,4.822,18.276,-2.089,-4.96,146.933384,1.3547,16.344,-1.417,2970.0,-11.595,486.2394358,120.367526,-41.73364962,5.55004542,-0.147982301,1.650828045,0.0815616,244.1105779,-30.8294444,44.50398197,63.87481198,7.13048,259.8749426,-34.08507969,-74.49537343
Driver,100.4630458,-0.7,3.561,0.94488189,43.582,2.826,12.471,1.349,-2.212,151.078427,1.5038,10.385,1.708,3174.69,-9.392,489.5446056,85.62334149,-9.539715748,6.125958149,0.172982905,1.148040216,0.0854203,243.4817004,-11.93005241,37.29408004,60.14469614,6.50877,256.0322996,-13.47794887,-57.51961291
Driver,92.94470293,-4.3,-2.9,5.31496063,56.567,-5.963,8.277,2.977,5.964,120.2746958,1.294,6.556,2.163,2270.0,17.658,232.3462769,16.7166295,16.6970358,6.07471732,0.244463821,0.688516151,0.105233,133.1636421,13.23017151,12.62064827,72.03002444,3.019093,186.0118541,21.99454094,24.65904726
Driver,100.561471,2.247,6.462,-2.755905512,53.646,8.117,9.294,-2.313,-8.775,146.9300286,1.4611,8.488,-1.287,1890.0,-36.165,338.8425121,32.84164949,-34.59934608,5.855180327,-0.154013057,0.868411592,0.083277,189.9680162,-31.24388887,17.61004885,76.60548518,3.88013,242.4573372,-48.09109369,-81.08200404
Driver,94.10343593,-1.838,-0.273,2.047244094,56.113,-1.508,13.227,2.317,2.59,142.3984431,1.5132,11.492,2.009,2490.0,9.601,434.8298821,68.70790986,31.39446942,6.201393355,0.225991513,1.271303152,0.0920118,227.4855769,22.38962615,31.3402382,62.89609689,5.7469,246.0746522,25.40027745,43.31922062
Driver,111.5358805,1.456,0.612,-1.653543307,58.556,1.503,19.768,-5.095,-5.707,156.1473246,1.4,17.511,-4.343,3670.0,-10.959,519.4002687,158.7309825,-75.62778392,5.217643658,-0.405866699,1.676981244,0.0726016,249.3431692,-47.9000266,52.20143627,67.87978331,7.91638,258.2018648,-50.23340256,-87.69642975
Driver,87.73040444,2.493,3.809,-3.267716535,51.761,5.775,21.359,11.403,7.595,121.5177613,1.3851,18.343,10.096,3930.0,9.999,361.8977014,97.6489418,80.28255025,5.95977629,1.058646357,1.995289711,0.107625,184.284466,48.07199719,45.10668475,58.49822556,6.238282,198.1492401,52.52572022,48.42420329
Driver,76.42716535,1.075,6.548,-1.25984252,56.863,7.25,24.632,4.599,-1.948,103.0549839,1.3484,20.423,4.981,4320.0,-2.877,278.6435605,76.53593785,19.47679105,5.303427357,0.456553971,1.984380273,0.1144776,146.7215889,9.484943251,43.25431387,54.73418157,5.414997917,159.7706537,10.12693098,-9.790164263
Driver,70.23085183,2.647,10.731,-3.149606299,65.985,11.912,6.058,-9.467,-20.199,96.41419112,1.3728,5.662,-6.915,2460.0,-64.211,75.9491958,3.974870438,-12.04450138,6.261392639,-0.810495403,0.555844583,0.135192872,48.51557505,-9.511488511,6.829456448,78.59260249,1.149257349,108.2683911,-25.9700879,-11.14361141
Driver,71.77210093,0.4,-1.4,-0.236220472,38.787,-1.513,13.218,1.563,2.977,100.4547691,1.3996,10.591,1.035,2690.0,-3.087,214.1919224,25.21129222,1.830961151,5.978456077,0.093999925,1.10208794,0.125699,121.870709,0.326466905,20.14907435,58.54440742,3.478232,156.9259521,-0.067001405,-5.62485134
Driver,101.5882248,3.861,3.979,-5.236220472,49.216,7.317,12.535,2.348,-1.631,148.2712956,1.4595,11.24,2.597,1940.0,-6.812,443.4774304,64.86711672,9.965977275,4.911281782,0.219248207,0.978162053,0.069723288,236.6015157,1.732764173,28.29061481,68.01068313,5.478914847,273.9913325,0.55838479,-26.96791211
Driver,108.9298497,5.8,0.4,-6.88976378,44.096,5.912,18.738,-1.197,-1.501,156.7689692,1.4392,16.921,-1.038,2850.0,5.804,526.3501265,146.192888,9.671722417,5.747751928,-0.092628947,1.766902844,0.079494,257.1959151,10.05142697,49.17937905,66.31893521,7.745157,270.4561269,11.09604819,44.11637275
Driver,26.89021117,-5.4,0.0,3.897637795,74.802,-2.175,41.499,-3.394,-3.195,30.40287223,1.1307,30.963,-2.366,3170.0,-1.834,29.17589165,8.762144796,-1.232532666,2.54959806,-0.110655556,1.34880671,0.202954,18.13439153,-0.819718751,33.89510697,27.52757747,1.541834,25.89047304,-1.182502224,-0.213442571
Driver,118.6649964,3.373,6.762,-3.779527559,50.168,9.58,16.304,5.034,-1.728,169.5454545,1.4288,14.72,5.255,2690.0,-4.797,595.3569988,145.3777565,36.8125546,6.403420474,0.580446708,1.725903356,0.0810294,292.4473048,13.99203034,46.16024198,68.11227129,7.91752,307.7423181,14.19704543,-38.46276069
Driver,72.26870079,2.6,4.0,-2.795275591,41.968,6.238,16.843,0.986,-2.952,107.4478794,1.4868,14.307,1.56,2760.0,-10.387,275.3594917,46.98116367,-2.128051734,5.898911798,0.146008575,1.496675118,0.117686,151.4365112,-4.911964025,29.50339284,56.95178582,4.545262,178.0425634,-7.279296801,-27.09194201
Driver,100.1364531,1.9,4.5,-2.440944882,47.46,6.277,11.08,-3.468,-7.968,146.2560397,1.4606,9.953,-2.339,2180.0,-29.588,392.0860741,49.79151942,-52.37539372,5.708764878,-0.253826609,1.003281433,0.082003,210.1925389,-42.53265639,24.91985331,66.26003029,4.856089,247.3601104,-56.68954171,-102.2889612
Driver,100.3646206,1.61,-1.257,-1.771653543,52.045,-0.001,14.368,-1.661,-0.404,143.5759664,1.4306,12.259,-1.592,3008.47,-1.151,461.4421514,87.23907539,-15.20322397,6.526611672,-0.182666198,1.442601748,0.0965148,233.3650356,-8.643244622,37.89883951,60.54530164,6.41928,253.9280919,-9.578322824,-6.482981368
Driver,102.6239263,0.4,7.4,-0.039370079,53.362,7.212,38.401,-4.164,-11.546,119.0531049,1.1601,31.357,-1.401,8710.0,-9.879,303.9067937,156.3013363,-30.75209595,4.587400672,-0.128778535,2.844240756,0.094817,139.0162054,-21.30431653,63.24275262,67.52533407,6.857659,135.7654229,-20.68488275,-53.81761065
Driver,95.4634932,-2.985,-7.322,3.858267717,51.846,-9.669,14.493,7.212,14.534,128.1784628,1.3427,12.02,5.053,4130.0,27.867,355.4981462,62.77697586,77.18568597,6.118917152,0.575325156,1.317509249,0.101472352,182.8715454,55.39847038,34.19401041,56.09078243,5.351208456,203.3015316,65.83873463,119.4996135
Driver,67.14164281,-5.262,-1.527,5.039370079,61.422,-4.403,37.507,4.747,6.274,86.99199177,1.2957,30.408,3.426,6190.0,5.794,211.3142539,82.920852,17.44774538,5.087084232,0.315282931,2.991045834,0.142535,110.4954423,11.52845483,50.85348706,53.73938986,5.170778,115.8629587,12.20044593,14.82225906
Driver,79.02201145,-5.432,-6.129,4.960629921,64.605,-8.716,15.521,-5.702,0.427,109.2935755,1.3831,12.905,-5.758,2840.0,0.744,279.7517251,43.24984541,-27.05891522,5.285031447,-0.529535228,1.206274054,0.102814953,153.8890366,-14.80066221,27.3917039,57.75978502,4.464219836,183.2749463,-17.50811116,1.924992173
Driver,96.54169649,-4.0,-2.0,5.94488189,39.554,-7.548,13.31,-0.541,1.544,140.3590283,1.4539,10.832,-0.659,3467.49,12.316,431.7939939,77.94093511,22.20150463,5.80000011,-0.065256754,1.127289177,0.087275,215.9087679,19.48060423,37.60635059,57.9114078,6.124834,235.5170221,23.11298957,65.85736384
Driver,98.8166607,2.7,6.5,-3.937007874,45.235,9.332,14.839,3.265,-3.235,141.7517448,1.4345,13.017,3.744,2660.0,-11.6,440.9185294,84.03566619,4.706234165,5.730975723,0.364104217,1.335402271,0.086014,225.6501906,-5.343047255,37.31608162,60.42185987,6.223866,248.0493805,-7.748208544,-60.18648539
Driver,96.90855404,-1.1,0.7,1.692913386,49.375,-0.334,19.665,1.932,1.232,135.2896832,1.3961,16.484,1.814,4280.0,1.458,410.8475262,119.5345106,16.42264149,5.780078531,0.184926611,1.74270082,0.092794,199.9163949,9.355629143,50.28608868,60.48456208,6.905541,209.6343895,9.903605117,9.088571484
Driver,99.11641016,-4.1,-7.1,6.220472441,42.298,-11.82,14.966,-3.098,4.002,136.1245079,1.3734,11.138,-3.818,5284.58,23.738,386.335418,78.5127944,28.98351122,5.891561348,-0.370397802,1.190683689,0.09182,190.8998672,30.21163943,40.76967075,54.1261886,5.991992,203.7527336,34.83931798,128.0877346
Driver,96.53945956,0.5,-3.7,-0.62992126,47.424,-3.399,19.298,2.158,5.992,137.5666607,1.425,17.298,1.477,2871.96,5.741,442.682852,111.9167284,24.10881338,5.374130405,0.143404481,1.684472746,0.084833,224.5480855,16.707726,44.36399247,62.3958616,6.825904,241.4872497,18.60775154,32.79103213
Driver,85.67465999,-0.969,6.376,1.220472441,56.645,5.738,5.691,-5.355,-11.731,123.1947924,1.4379,4.89,-3.924,2000.0,-64.919,110.7230274,5.066872845,-12.2240364,5.84039264,-0.436507421,0.467990175,0.098309168,69.43068277,-10.40549185,6.085065553,95.80731989,1.316935297,143.0651314,-27.85369529,-17.05019189
Driver,90.82408733,-4.4,0.0,4.173228346,57.971,-3.371,16.168,-0.058,-0.109,131.3520043,1.4462,12.898,0.04,4264.31,0.236,394.5431246,87.75472311,0.271408807,6.240118089,-0.004063988,1.460575851,0.101493,196.4520399,0.28809439,42.8323151,56.33435509,6.258184,210.3651607,0.332394473,0.452835246
Driver,100.0380279,-1.767,5.602,2.165354331,54.542,4.343,9.581,2.376,-3.227,145.1639674,1.4511,8.301,2.746,1920.0,-8.316,386.7424942,40.49920815,9.537049682,5.834738223,0.273980182,0.852543909,0.083974,209.4504815,1.791618649,20.63466749,70.96657005,4.544167,255.6269771,0.249008017,-24.73352409
Driver,109.4711883,0.4,1.4,-0.354330709,44.75,1.3,12.417,-0.017,-1.37,162.76284,1.4868,10.629,0.157,2910.0,-6.789,546.8218345,101.8640238,-18.21135603,5.776585577,0.013813254,1.100090355,0.074762,269.1837781,-14.94151289,39.89239555,62.49237248,7.032117,290.2426622,-17.25980243,-47.03378158
Driver,103.3196135,-0.513,0.528,0.590551181,53.777,0.152,12.753,0.548,0.021,154.8608626,1.4989,11.658,0.547,1684.53,-1.587,431.5639606,70.88267047,-1.349314866,216.1169684,-2.657141909,1.489239031,5.32103,218.2838096,-2.720479884,34.79795694,62.75859234,5.40688,244.8725295,-3.723949781,-14.41232171
Driver,66.53767001,-0.76,5.185,0.708661417,66.12,4.848,25.607,10.108,4.923,69.10992305,1.0387,19.873,8.928,4000.0,7.899,126.7747554,26.58003454,21.44067779,5.764409166,0.908746494,2.008239322,0.185567,74.4774215,13.84504614,29.17690183,46.73095456,3.074214,94.10525946,18.00996041,6.961149059
Driver,87.956335,-1.697,5.058,2.125984252,49.103,3.588,19.126,2.716,-2.341,117.9795991,1.3413,15.718,3.123,4017.52,-4.995,323.6645976,74.48208847,7.365915338,171.7225942,0.928570649,-3.178195172,5.59226,167.9197078,1.079852283,40.11622507,56.77602252,5.41226,183.9734077,0.444622566,-24.20930597
Driver,112.6140838,1.7,-2.9,-2.125984252,51.161,-1.557,13.666,-2.092,0.808,164.6411954,1.462,12.276,-2.202,2279.43,4.216,552.5229046,105.3674525,-9.947858809,5.664384721,-0.214300911,1.243855872,0.072844,278.9940732,-1.697633602,38.66249326,65.75819929,6.954525,302.8881665,-1.121373165,27.06937285
Driver,99.192466,1.0,-0.8,-1.25984252,46.32,-0.355,44.239,3.428,4.365,112.1376163,1.1305,31.987,1.875,13613.11,3.734,281.0362318,141.9965185,15.71041396,4.709829487,0.158175393,2.992289826,0.104313,131.1235463,10.1054949,61.94360833,64.89860389,6.540372,123.4939506,9.417123979,17.46780647
Driver,79.59690408,-1.617,3.535,1.968503937,52.308,2.285,16.353,-5.548,-9.083,113.038878,1.4201,14.182,-4.392,2740.0,-17.732,296.4765444,50.03346786,-39.42494454,5.103756637,-0.403736483,1.28604683,0.0963584,163.044338,-28.89128351,29.11442852,58.7948408,4.68815,189.4268674,-36.17250942,-49.55438062
Driver,92.63376879,-1.085,2.557,1.456692913,49.615,1.635,29.167,7.533,4.975,103.5858089,1.1182,21.247,6.071,8235.49,31.951,248.4289805,67.91944776,61.7010388,124.5610123,41.86075809,8.480932956,4.27694,135.7525713,47.37276536,39.26636294,56.74943296,4.80147,145.6829658,52.21029697,100.9570138
Driver,117.2579635,1.6,-0.2,-1.811023622,53.731,0.383,16.236,0.004,0.395,166.6452666,1.4212,13.948,-0.096,3790.0,-12.862,550.5834164,151.806686,-50.18629808,3.845609505,-0.009636837,0.966768058,0.049097,261.0151981,-37.09549735,51.06085809,65.88942337,7.945583,271.1432771,-39.5099901,-109.9876486
Driver,24.78301718,-6.6,-2.2,4.842519685,69.542,-5.3,43.833,-1.589,0.668,26.66607015,1.076,30.169,-1.647,3585.44,0.527,22.17574226,6.442289109,-0.668571859,5.864567806,-0.18507294,2.081708005,0.538908,13.87346907,-0.433780261,32.75402554,24.44238431,1.319674,19.58827274,-0.610063961,-0.105150355
Driver,92.78364352,3.042,4.959,-3.74015748,53.891,7.18,18.878,0.441,-4.518,132.2069613,1.4249,16.36,1.2,3440.0,-12.575,411.6938684,100.1264899,-19.00641581,5.923395639,0.109471626,1.754306879,0.097018,208.9963656,-18.35760493,43.24112953,60.10866882,6.495466,225.4107002,-21.21020618,-68.14065352
Driver,71.21734073,-0.749,8.507,0.511811024,78.445,8.354,17.787,13.221,4.714,37.27093772,0.5233,8.019,10.679,3711.59,11.049,15.26856047,1.111664054,2.864479938,6.355781943,1.200187502,0.346557645,0.360057,10.05437079,1.919525285,8.735499789,34.95245596,0.576539,24.57963086,4.775786661,0.1722304
Driver,108.5987831,4.2,1.0,-4.921259843,44.332,4.824,18.259,-1.56,-2.475,157.1622226,1.4472,16.448,-1.259,2870.0,-7.744,526.4754808,142.8038338,-35.12888321,5.865607362,-0.132683078,1.750675279,0.080737,257.384534,-24.687492,48.63569185,65.82105083,7.692892,271.0428042,-26.73381811,-57.15711661
Driver,95.79903364,4.302,3.475,-5.590551181,49.116,7.209,7.306,-4.39,-7.864,134.9984341,1.4092,6.864,-3.208,1680.0,-30.256,256.5035482,18.79938205,-26.8989964,5.943083693,-0.351782007,0.704790457,0.091635,148.9234409,-21.55941571,12.36917549,81.5007801,2.995024,210.2727847,-36.25951373,-39.83859719
Driver,102.245884,3.044,2.336,-4.015748031,47.894,5.091,19.464,11.03,8.694,143.8352273,1.4068,17.095,9.692,3840.0,13.924,460.4264507,130.449486,113.6977509,5.832635432,0.997672951,1.817232039,0.088161,225.6945566,68.6924604,48.90082809,63.28388547,7.238065,237.4614497,73.34859688,94.55576096
Driver,91.89110594,-3.9,-1.7,3.976377953,57.425,-4.35,16.009,-2.681,-0.981,136.5074714,1.4855,13.716,-2.435,5410.0,-2.144,407.0635918,108.2956676,-23.53521113,5.791585641,-0.262801962,1.451961876,0.090972,197.8006667,-13.3019284,48.56355178,58.73475829,6.682481,206.7491971,-14.03726264,-14.715563
Driver,98.26861131,3.914,4.534,-5.078740157,48.611,7.991,10.984,-1.53,-6.065,139.7036059,1.4216,9.919,-0.598,1950.0,-20.723,364.2514497,43.19568116,-23.78696813,5.793653709,-0.074444715,1.010516147,0.087057,200.3865621,-21.33747607,21.96815414,70.05277581,4.4985,244.4714975,-30.56146644,-57.77038159
Driver,93.24221546,3.747,6.474,-4.68503937,51.899,9.418,11.256,1.059,-5.415,137.2492394,1.4719,9.841,2.099,2380.0,-28.313,353.9881619,42.31580013,-16.3240883,5.989772453,0.19676522,1.037048663,0.091689,193.2614388,-21.01620561,22.63791281,66.80829489,4.508849,233.0953237,-31.75140204,-84.11571628
Driver,91.31173944,-3.265,5.531,4.448818898,51.003,2.883,29.711,-14.994,-20.525,103.8924928,1.1378,24.079,-10.838,6940.0,-10.458,270.8987239,93.7204406,-63.33217645,5.842200304,-1.120378603,2.643440263,0.1294024,138.635785,-38.68212343,50.08023129,55.97575016,5.720446344,143.7811491,-40.36687754,-38.87807086
Driver,99.87920544,1.943,6.392,-2.519685039,50.102,8.017,14.625,3.69,-2.701,148.3111131,1.4849,13.149,4.016,2222.97,-14.411,464.8501479,82.19399526,6.381342595,5.801941067,0.395755197,1.360255554,0.083141,244.3599948,-5.854189095,33.69217037,65.54295698,6.072795,273.8927617,-9.310216112,-68.84599577
Driver,97.61989979,-2.282,-3.577,2.874015748,48.033,-5.631,49.92,-1.214,2.363,92.31634753,0.9457,40.775,-1.841,8360.0,14.569,220.1742388,123.1752121,15.14449316,3.522423072,-0.092420869,3.057625711,0.105774,103.8911515,12.9854693,62.03534346,61.51639229,5.922803,101.9193866,12.67098442,48.87059384
Driver,94.28239084,-1.4,-2.8,1.811023622,52.058,-4.519,25.427,-1.727,1.2,119.7872674,1.2705,21.52,-1.89,4650.57,-6.852,347.0042622,114.9765652,-25.61654066,5.838259508,-0.207107747,2.333597452,0.109472,172.729739,-17.44706809,51.13156781,59.27291101,6.553786,181.0669995,-18.60794454,-35.30987174
Driver,97.45660344,0.2,1.0,-0.157480315,42.739,0.844,15.306,-1.072,-2.119,140.8392985,1.4452,13.333,-0.644,2790.0,-0.661,447.0248485,88.28003289,-7.231882197,5.452862792,-0.073061365,1.302553375,0.082419,228.0564298,-4.214429829,38.4303455,60.76565536,6.366655,250.0489484,-4.723748985,-4.953957584
Driver,27.77156407,-0.5,2.3,0.62992126,60.425,1.986,21.852,4.844,2.544,42.7389048,1.538944825,15.568,4.231,2680.0,4.397,37.17062042,5.382607113,2.820991937,5.709904777,0.429018325,1.262096497,0.289914,23.81656779,1.889675885,17.75473643,37.08632144,1.286705,42.61022825,3.48053788,0.398795715
Driver,102.1318003,0.794,0.991,-1.062992126,48.079,1.704,12.768,2.264,1.273,149.5599946,1.4644,11.209,2.094,2330.0,-1.579,469.735063,74.11015747,14.02625596,6.058018126,0.220065279,1.208387196,0.085487,244.2232981,6.380684618,31.79301462,64.65653308,5.961316,275.4509794,6.870603289,-7.632658877
Driver,88.41714388,4.884,13.346,-5.196850394,54.678,16.818,11.213,6.005,-7.341,134.9313261,1.5261,10.495,6.859,1480.0,-36.264,296.5353167,33.12138967,16.11691288,5.367528453,0.624831646,0.983660765,0.083456,171.8731808,0.363188525,18.24936683,77.53663176,3.64355,221.6865617,-5.803140576,-60.49668365
Driver,116.6696492,1.461,-0.821,-1.968503937,43.045,0.744,13.949,6.247,7.068,170.3572387,1.4602,12.373,5.323,3070.0,12.067,586.9004357,130.5570769,94.72548468,5.926617184,0.559823755,1.318697376,0.073771966,284.987039,58.80024985,44.86343968,65.17611748,7.695765006,301.6314345,63.82087217,98.03163483
Driver,105.1494273,2.278,4.507,-3.031496063,48.698,6.51,12.626,5.511,1.004,144.8756263,1.3778,11.084,5.358,2230.0,-0.014,438.6875823,65.43301478,40.47949216,5.789475622,0.540555472,1.139082779,0.084256,231.6151632,21.60567658,29.60402318,65.10512097,5.607108,264.5942009,24.67911364,-0.066893936
Driver,85.64557981,-1.844,-1.664,2.401574803,46.605,-3.408,13.582,3.171,4.835,123.6965372,1.4443,11.043,2.35,3270.0,3.219,352.5235834,54.67470709,19.0408549,5.952114483,0.247621269,1.171038011,0.101746,184.1469739,11.67325886,30.95817066,57.218731,5.204379,209.4576388,13.82452292,12.38374017
Driver,88.75492126,1.9,1.5,-2.637795276,49.065,3.227,2.084,-5.475,-6.975,124.0293933,1.3974,2.062,-4.605,1400.0,-30.421,84.9748659,1.659260429,-8.149755889,5.667967526,-0.471762669,0.188383213,0.094407,53.366965,-5.890238956,2.7058601,102.9892743,0.967491,123.6187079,-15.84641165,-4.838360737
Driver,82.75322119,-2.723,-7.418,2.362204724,64.279,-8.731,26.558,5.086,12.505,98.0196403,1.1845,21.665,2.719,5200.0,17.297,249.0242635,70.64293916,30.97174854,5.624126244,0.296661918,2.24214852,0.129146,132.5487603,23.47517087,43.04074399,53.12962198,5.103472,143.7902686,26.47723961,51.7810023
Driver,97.92636006,0.9,-4.7,-1.220472441,45.347,-4.007,23.255,10.777,15.477,128.0440229,1.3075,21.342,8.899,5870.0,20.38,360.989508,125.7623108,103.0646322,5.486274379,0.914418405,2.178724481,0.096082,177.3952915,66.18236859,52.71940271,61.38782631,6.703873,182.9526856,68.87166811,119.7755218
Driver,88.64083751,1.769,-2.335,-2.165354331,54.396,-1.068,18.169,3.313,5.648,127.7968414,1.4417,15.541,2.359,3530.0,12.148,388.2444437,88.47180797,39.49548416,6.210916865,0.271573866,1.743320758,0.10491218,198.6336765,28.21274876,41.18467553,58.55688728,6.167051889,215.727452,32.05118529,60.28749113
Driver,87.31209735,-2.035,-2.063,2.992125984,42.488,-4.287,13.176,7.139,9.202,125.9947656,1.443,10.783,5.641,3510.0,21.131,349.0792172,52.83201251,64.68717562,5.150707946,0.524009429,0.987900666,0.086205481,182.2034184,44.66228803,30.2115824,57.16658441,5.090791563,207.4700931,54.55564133,81.24809907
Driver,90.53552255,3.931,-4.03,-4.842519685,54.085,-1.177,11.068,-7.371,-3.341,126.8206424,1.4008,9.543,-6.646,2120.0,-6.695,314.1182176,35.09957721,-41.49371594,6.150649192,-0.717545751,1.028823785,0.101830399,174.6292957,-25.44969014,20.4784921,67.15160399,4.155590811,217.7348564,-33.09385015,-15.85137136
Driver,76.31531854,-2.664,1.117,2.244094488,64.852,-0.135,26.159,6.602,5.486,99.73783107,1.3069,19.275,5.157,6929.07,7.284,248.7790616,76.03402716,33.70212407,123.7815708,22.05055933,-1.490144027,5.48958,122.5602231,21.74497068,50.88933475,47.68096812,5.40643,126.3515595,22.72085129,32.44614902
Driver,97.80780243,1.9,1.7,-2.480314961,49.465,3.348,21.994,10.788,9.088,139.1989531,1.4232,20.044,9.621,4720.0,14.416,422.3324933,145.6486575,109.5834046,5.496494533,0.95615178,2.037000322,0.087536,203.6182407,66.46445414,53.98659889,64.94254578,7.314088,210.1269195,69.12090623,100.0886528
Driver,99.41615963,1.7,4.3,-2.204724409,45.033,5.975,11.965,-3.589,-7.889,143.7300913,1.4457,10.659,-2.584,2360.0,-25.001,405.3417967,57.46881843,-54.22760678,5.752636121,-0.278689038,1.086781407,0.084326,214.1678592,-42.43667041,28.16806108,63.19897979,5.242038,246.3183691,-54.11018253,-98.78825754
Driver,93.96027201,-0.179,4.442,0.196850394,59.317,4.336,16.7,0.445,-3.997,137.995034,1.4687,14.706,0.941,2810.0,-8.504,438.1661403,91.38538364,-10.18307329,5.188934089,0.078926385,1.375420352,0.0804352,225.6466029,-11.07305117,38.77767696,61.4693827,6.36594,246.0495661,-13.26029769,-44.3185334
Driver,100.4026485,2.164,6.505,-2.834645669,49.535,8.352,14.356,1.221,-5.285,146.0213851,1.4544,12.899,1.875,2306.01,-18.985,446.8205469,76.38890031,-17.45847472,5.999827032,0.181096177,1.378171618,0.087282,235.9083695,-21.13439305,32.5016957,64.94689773,5.870689,266.1648662,-27.599364,-86.4322374
Driver,105.1427165,0.865,7.231,-1.062992126,51.231,7.925,8.564,11.242,4.011,145.113189,1.3802,6.391,10.099,3530.87,11.89,442.832286,60.73680552,116.3273771,195.1480109,58.7178355,11.28150473,4.8653,216.9576367,67.77940436,32.17919205,57.89707197,5.75503,239.7063592,76.9433312,91.76993586
Driver,88.12634216,0.399,6.647,-0.511811024,53.895,6.938,15.025,-1.035,-7.682,126.844354,1.4393,12.647,0.264,3390.0,-18.402,366.5911807,65.05376615,-28.23620657,5.604987356,0.007583083,1.266226582,0.093935436,190.5405463,-25.04021792,33.97685883,57.52270616,5.489206019,213.4085552,-31.02179324,-77.73084776
Driver,84.51592699,0.235,0.576,-0.31496063,48.913,0.78,12.622,6.503,5.928,122.6644148,1.4514,10.484,5.452,2890.0,7.014,333.3258942,45.41737565,39.69180382,5.909048555,0.568457948,1.096650153,0.101575,178.1388225,24.47611476,26.64097197,59.34427018,4.785345,209.0279613,30.04608766,22.80185528
Driver,104.4403185,2.7,7.1,-3.622047244,48.918,9.594,12.387,1.771,-5.329,145.5057713,1.3932,11.025,2.545,2260.0,-12.814,435.2541045,66.72292382,-2.345516503,5.82637763,0.248581982,1.14217379,0.084477,227.3063781,-8.803066838,30.9236403,62.9238683,5.662621,257.3005065,-12.52022674,-56.6403898
Driver,93.30484968,-6.147,-1.716,8.149606299,49.501,-6.993,14.585,9.023,10.739,129.2139406,1.3849,10.374,6.762,6094.53,37.71,326.3155619,54.43348087,103.1741249,109.4880292,35.51231586,18.12861782,2.60638,171.0434146,69.43652304,31.98573435,54.22312614,5.04881,188.2515711,79.49972154,151.6443765
Driver,97.49686829,-0.853,-2.243,1.102362205,45.967,-3.067,21.086,9.036,11.278,133.6497853,1.3708,16.888,6.706,6286.29,12.322,386.0611803,119.0107702,75.61699904,5.984804887,0.719652591,1.862286408,0.097762,187.9010579,46.51401194,51.1692479,60.19637767,6.727056,193.9699209,48.47988883,74.80981193
Driver,108.111131,2.1,-2.5,-2.440944882,50.326,-0.892,13.018,-3.729,-1.229,159.1437008,1.472,11.829,-3.594,2560.0,-2.762,529.1594358,100.0307368,-39.79064771,5.801809043,-0.366439691,1.228463932,0.077119,265.3525629,-22.53022434,38.89348339,63.48981803,6.86418,288.2414935,-24.94474853,-17.73626511
Driver,101.7045455,-1.125,0.584,1.535433071,46.179,-0.496,13.47,-0.159,-0.743,150.7464656,1.4822,11.992,-0.081,2216.5,0.79,444.21619,75.85368127,-1.227897781,223.7859674,-1.336441092,0.179973821,5.65744,223.8125071,-1.336818817,36.14889941,64.02733075,5.65849,248.9904101,-1.710271378,-3.061247259
Driver,101.2840014,1.202,6.2,-1.377952756,55.137,7.037,15.182,2.093,-4.107,144.9680118,1.4313,13.264,2.678,2880.0,-11.48,466.0041188,91.98210471,-4.324079912,5.848522532,0.263056966,1.390126072,0.085898,237.2672029,-10.56204493,38.46936065,61.74123876,6.493442,259.4091211,-13.40354821,-64.875998
Driver,99.94855047,0.9,-0.9,-1.062992126,48.789,-0.195,18.613,-1.479,-0.579,144.1884395,1.4426,16.669,-1.339,3810.0,-0.986,464.8487962,133.3732028,-14.05339079,5.489040286,-0.137680614,1.666562975,0.082512,226.1559047,-7.909166433,50.02911481,63.60571215,7.341377,237.0194156,-8.360670978,-7.876399252
Driver,97.89727989,2.9,2.3,-3.858267717,45.115,5.223,17.181,1.768,-0.532,141.2582767,1.4429,15.404,1.919,2494.63,-3.85,450.8150656,99.5513356,6.613456592,5.692264244,0.187257894,1.578139146,0.086654,231.0357685,0.819827751,40.71813751,62.16662051,6.57047,251.8059776,0.355849858,-20.75156179
Driver,103.6976557,-0.1,4.9,0.157480315,51.287,4.886,14.567,7.964,3.064,150.5840641,1.4521,12.713,7.675,2830.0,1.688,490.3442903,101.5314453,68.41330001,5.821350787,0.778924046,1.329421377,0.082161,244.0512726,36.10052122,41.45636258,61.20631587,6.83887,263.3721262,39.20148294,10.62513935
Driver,77.51431639,-3.8,3.307,3.42519685,55.967,0.736,29.96,3.313,0.006,96.10057266,1.2398,24.22,3.312,5470.0,0.006,247.1087048,80.13971103,13.51257071,6.255181764,0.361402853,2.836133505,0.149765,129.6660457,7.497856582,46.96043596,54.06342239,5.32768,137.5246894,7.952486427,0.019967887
Driver,42.89101646,-2.5,0.1,2.204724409,64.649,-1.245,34.174,-1.147,-1.247,42.20763243,0.9841,29.104,-0.861,5070.0,-1.225,54.64117045,15.84830253,-0.956424601,3.565638462,-0.060899887,1.832048188,0.201758,33.31189941,-0.645626669,34.33981397,34.97486423,2.144359,42.13068075,-0.833485272,-0.435237706
Driver,91.86873658,0.758,3.189,-0.94488189,52.416,3.772,15.449,4.223,1.034,135.4109252,1.474,13.157,4.055,3090.0,-2.152,423.3346774,82.281337,25.01878056,5.90036653,0.415098366,1.391524456,0.092819,216.3255675,11.64872218,37.65989995,59.58854683,6.157901,237.7414027,12.47662002,-10.96649482
Driver,92.60692555,-3.337,2.591,4.212598425,50.464,-0.167,14.674,11.906,9.315,127.8406854,1.3805,11.439,10.167,4634.67,34.22,332.5917652,61.98740889,120.2789686,122.4565466,47.75853001,19.90914,3.15146,171.4326133,76.11469243,36.15047795,52.81398615,5.31232,187.3831529,85.24827038,143.4143491
Driver,82.07095562,-1.403,3.032,2.086614173,51.522,1.917,6.551,-14.875,-17.907,103.2513869,1.2581,5.523,-12.496,2644.43,-26.914,130.1381845,7.08027701,-33.6311296,81.57525869,-23.87438659,-0.788100297,2.03939,76.70820558,-22.1163466,8.794200951,68.27336597,1.88939,122.9791334,-38.73849294,-17.0993533
Driver,88.44846099,2.596,4.285,-2.440944882,57.514,5.939,8.452,2.52,-1.764,107.8174213,1.219,6.562,3.094,2112.98,-10.967,172.8248221,11.57886719,6.521734739,6.54499541,0.342493033,0.730104163,0.126538,102.7998924,2.4797448,10.5607918,72.45388727,2.4325,152.9565304,2.099114258,-9.21240613
Driver,27.50089477,-7.4,0.0,6.102362205,76.084,-2.265,36.757,-4.186,-4.192,30.95271117,1.1256,25.875,-2.881,3341.58,-2.091,27.11737563,6.660290628,-1.369742247,2.624033305,-0.134523491,1.105809548,0.195306,17.15510864,-0.910705348,28.38460918,27.99095985,1.354023,26.02801782,-1.397706073,-0.14557307
Driver,103.6842341,4.5,0.9,-5.590551181,48.937,4.867,14.212,0.556,-0.344,153.0836167,1.4764,12.674,0.698,2340.0,-3.166,499.6241172,90.89310821,-0.736596679,5.782728654,0.068096334,1.308889683,0.080126,257.6732603,-2.643466678,35.87082778,65.12466634,6.466291,284.6634593,-3.498920964,-17.34631783
Driver,104.5767717,-2.3,5.3,2.992125984,52.46,3.476,5.556,-4.182,-9.482,147.2147906,1.4077,4.795,-3.342,1740.0,-14.422,308.0142514,17.74826404,-26.66068491,5.720883928,-0.341951032,0.479186557,0.080536,171.0319702,-18.36060014,11.17091077,82.75911649,3.259216,234.4155217,-28.50280805,-25.24962652
Driver,87.33894059,-2.7,-0.7,2.716535433,59.102,-2.525,18.008,-3.07,-2.37,118.2256621,1.3536,15.023,-2.637,5230.0,-4.813,331.9115776,80.42243372,-24.48943487,5.429213206,-0.267048558,1.48340134,0.099048,168.0172402,-15.26446526,43.37535455,54.7747187,5.791337,179.6270708,-16.68302589,-22.65035227
Driver,90.04339656,1.029,6.043,-1.25984252,52.528,6.832,18.67,3.846,-2.197,117.4391553,1.3042,15.632,4.246,3570.18,-6.832,340.0941784,73.88869189,13.75341814,5.721383954,0.415806692,1.615204732,0.105042,177.3173431,3.827961385,38.60206013,56.54443053,5.64137,194.2994182,3.451551556,-27.92358273
Driver,98.43638153,0.926,4.902,-1.220472441,48.458,5.723,11.269,5.774,0.872,138.6045991,1.4081,10.132,5.676,1570.83,-23.43,305.9240526,34.92536082,8.029407972,165.1415003,-2.890510916,1.943852702,3.61638,170.5829785,-3.557985308,20.33341041,72.28553508,3.7805,214.6819187,-9.305789376,-61.22408234
Driver,108.0462598,1.709,0.631,-1.968503937,47.812,2.181,14.469,0.301,-0.33,154.0054581,1.4254,12.817,0.345,2528.1,-0.941,510.661358,98.06253811,0.788385177,6.285931252,0.036921801,1.451872083,0.0867313,259.7056872,-0.308321872,38.01882312,64.01601995,6.72233,282.1913692,-0.484905482,-5.616281696
Driver,93.37866858,0.89,3.873,-1.25984252,51.872,4.572,15.321,2.333,-1.54,136.3600573,1.4603,12.866,2.605,3342.98,-5.188,414.1842349,85.88944643,4.438638327,208.0895545,-1.643475741,3.089029068,5.79443,212.1453712,-1.863542972,37.824675,64.19798691,5.95765,233.6792846,-2.947980971,-34.50986167
Driver,86.56496063,-5.648,-6.94,6.181102362,50.85,-11.558,10.779,0.691,7.632,127.8156317,1.4765,8.852,-0.224,2700.0,16.654,329.6665632,36.92281642,16.11910393,6.369153518,-0.008560293,0.994083188,0.104463,177.835196,15.48670476,22.09154185,62.73976802,4.41313,212.4056913,21.86753367,48.53759009
Driver,108.4019327,0.9,5.3,-1.181102362,49.325,6.026,13.935,5.193,-0.107,160.0901485,1.4768,12.176,5.278,2796.97,4.462,533.1368334,111.6519249,59.39670911,6.086696641,0.544526756,1.332284066,0.080647,262.0940157,33.64378215,42.71731181,62.54858517,7.183373,280.6912709,36.67148401,28.77307651
Driver,100.1856657,-2.006,4.008,2.559055118,46.08,2.075,15.117,0.131,-3.877,141.7716535,1.4151,12.926,0.648,3163.77,-12.497,449.7916054,88.92188479,-23.22380591,6.234407935,0.056621476,1.453733501,0.0935842,227.5882742,-20.83027708,38.73326569,60.1504518,6.405,239.680026,-23.05857202,-70.1761477
Driver,101.7067824,-3.945,5.313,5.078740157,45.433,1.418,15.177,4.63,-0.682,150.473112,1.4795,12.937,4.714,3350.0,-2.004,498.4225876,110.036851,34.20376924,6.327750387,0.517570805,1.487022602,0.0895473,245.211223,15.6396599,43.42149809,61.62303639,7.05,261.078557,16.41224383,-13.57250962
Driver,107.234252,5.3,10.3,-6.417322835,50.236,14.868,15.099,8.457,-1.843,160.381845,1.4956,14.064,8.664,2410.0,-8.222,540.3087646,116.2664893,57.99412482,5.771278328,0.863629384,1.457811723,0.07681,272.2942658,23.11645558,41.49592903,65.62846852,7.160329,293.3886963,23.67345392,-54.05273647
Driver,103.5880458,-0.425,0.444,0.433070866,51.486,0.106,13.112,-0.214,-0.658,147.4601825,1.4235,11.448,-0.131,2440.0,-1.778,464.3769652,75.54190028,-4.421747819,3.690287947,-0.008975755,0.753396726,0.0525878,240.6853338,-3.473763877,32.7506424,63.47435581,6.02621,268.0178547,-4.196560667,-8.77054243
Driver,110.3301718,5.5,1.7,-6.57480315,50.48,6.164,13.499,-0.36,-2.06,165.2422602,1.4977,12.5,-0.094,1990.0,-11.195,543.4431742,99.10206233,-26.23151196,5.739577279,-0.018116747,1.281133629,0.073587,279.3280598,-22.06797991,36.26605047,67.67463155,6.657997,307.2213357,-26.34687916,-64.83334365
Driver,104.7959914,3.177,0.279,-3.858267717,47.427,3.202,18.833,6.31,6.031,146.2267359,1.3954,16.888,5.516,3030.0,13.451,482.0650456,123.1587491,79.63552446,6.20804698,0.612291553,1.912440161,0.0920952,241.7545468,51.88918379,45.21744902,64.02432705,7.16381,256.8087012,56.4961889,86.85644824
Driver,99.95302434,-6.218,-5.999,7.598425197,47.053,-11.819,10.551,-2.331,3.667,145.5306013,1.456,8.476,-2.794,3071.0,8.021,448.6712759,61.82351823,-5.117533479,5.023231121,-0.239699454,0.761241227,0.0720896,226.2916071,2.535498062,30.79587812,59.61791396,5.77424,251.5728369,4.367804074,40.68724649
Driver,100.1856657,-3.962,-7.235,5.0,53.395,-10.184,17.239,2.329,9.564,138.0055476,1.3775,14.573,1.054,4020.0,15.93,427.4744249,102.534337,47.50463967,5.945412677,0.128847573,1.568681961,0.092520055,212.4003096,35.59692546,44.25547804,59.41414031,6.614662503,226.9882141,39.74106483,95.2173486
Driver,81.54527559,0.773,0.468,-1.181102362,44.457,1.256,15.211,0.14,-0.328,119.7235147,1.4682,12.526,0.203,3193.0,-1.275,328.7479821,55.77723149,-1.241902917,166.9784076,-1.149708853,3.306138255,4.73289,172.3242814,-1.2154747,32.00568873,58.49631838,4.95133,196.4984485,-1.528429365,-5.477996109
Driver,72.24856836,1.75,-6.166,-2.322834646,49.844,-4.689,16.043,-7.762,-1.596,97.58097709,1.3506,12.524,-7.356,3430.2,14.397,210.0505729,31.53584313,-17.36570291,127.1930995,-6.470534337,-4.938601542,4.02482,117.7507101,-6.585506248,25.16445667,55.75080556,3.63482,144.7684032,-6.330839607,25.5635786
Driver,92.49731568,-1.448,-2.714,1.811023622,46.576,-4.085,18.254,-5.603,-2.89,127.6565855,1.3801,14.576,-5.035,4711.73,-8.08,378.541646,92.18315128,-50.21910435,6.090516331,-0.546426411,1.620984577,0.102534,189.122643,-30.73698155,44.26885385,57.13637676,6.24001,195.3769045,-32.09669699,-42.72253775
Driver,99.25062634,-2.9,-1.5,3.937007874,47.861,-4.393,18.835,-4.913,-3.413,135.9598694,1.3699,16.675,-4.433,4680.0,-5.395,414.7926841,122.2311292,-46.50359194,5.523932126,-0.447072226,1.685017209,0.088255,202.1665772,-27.44165489,50.39223085,61.24702794,6.947354,211.1984132,-28.98205283,-35.63419883
Driver,112.0235326,-0.776,-2.712,0.94488189,52.299,-3.312,15.457,-3.619,-0.907,163.9401396,1.4635,13.564,-3.509,3087.45,-2.033,566.7868687,134.5046862,-40.59725852,5.474415789,-0.336963421,1.350755365,0.0711553,274.916729,-22.14955504,47.01953584,66.26563663,7.69675,289.597689,-23.5550717,-16.00908608
Driver,95.77666428,-2.423,5.086,3.188976378,53.239,3.275,12.368,-10.237,-15.323,118.2066482,1.2342,10.331,-8.039,3480.0,-18.943,308.1627092,42.33653194,-64.47913422,6.26806741,-0.900927195,1.148570031,0.1119944,163.8049052,-42.37231304,26.94534861,56.84697637,4.600361095,191.7802436,-52.94209001,-59.48387492
Driver,98.82337151,1.053,-1.867,-1.338582677,50.033,-0.985,13.592,5.062,6.93,146.1479957,1.4789,12.118,4.219,2450.0,28.357,425.9058434,66.89135431,74.01190827,6.027730603,0.465844039,1.299272314,0.0872758,226.0708777,56.25812796,29.87968606,64.80856119,5.50682,246.9206796,65.36247923,119.9912893
Driver,111.5627237,2.339,3.192,-2.677165354,48.073,5.294,14.181,1.856,-1.336,162.4541428,1.4562,12.759,2.022,2310.0,-4.092,548.3867115,105.472735,8.772408229,6.531950778,0.22630783,1.503043417,0.0854284,278.587935,1.26494134,38.23546059,66.14285618,6.92688,301.9021649,0.704389366,-25.69568361
Driver,95.83258769,-3.5,-0.5,3.779527559,55.933,-2.952,16.306,0.612,1.112,136.5616052,1.425,13.957,0.692,3190.53,2.079,429.8915012,92.55729764,8.236250009,4.869397167,0.042999682,1.221079301,0.076073,216.9302227,5.669381501,41.13318153,59.41077395,6.444987,235.4132591,6.427016142,9.149739365
Driver,65.47512527,-1.515,-5.574,1.417322835,55.756,-6.606,24.662,4.36,9.934,80.9795544,1.2368,20.173,2.47,3870.0,13.032,176.0642109,39.9242261,14.17300106,4.87981916,0.2260731,1.767573393,0.1337016,99.94884624,10.97181616,33.23360977,49.81620532,3.843434023,118.8568569,14.09636825,20.04069207
Driver,82.7107194,-6.6,-4.0,5.275590551,56.978,-8.873,22.72,-2.611,1.458,113.4462241,1.3716,17.165,-2.776,6260.0,0.709,307.9332767,83.84294684,-13.75198026,3.960408935,-0.200072183,1.239862849,0.075871,156.2256953,-6.912590325,45.81128555,54.58217053,5.741205,164.614093,-7.248033702,1.963014636
Driver,84.99015748,7.778,0.123,-7.795275591,53.732,5.875,12.18,7.215,7.092,110.6569882,1.302,11.597,6.25,1220.0,44.932,190.1033982,21.48468766,29.73123342,6.257543497,0.708727122,1.2419943,0.119296,116.2433026,23.25501688,15.97097082,76.33511817,2.69908,167.1850875,38.26096018,32.15273085
Driver,99.5190587,-0.38,2.801,0.511811024,49.096,2.472,18.54,5.668,2.866,142.8536596,1.4355,17.068,5.43,2112.13,10.511,423.7851321,96.64519898,62.31766449,212.8698848,38.87933037,3.08143691,5.91336,216.4445249,39.7686199,41.38010993,63.4745478,6.06677,236.3403499,44.75245883,58.37040125
Driver,101.3846636,2.745,2.351,-3.661417323,45.846,5.02,11.73,-0.746,-3.097,145.1789549,1.432,10.132,-0.184,2437.62,-10.744,435.132705,61.03282943,-18.93973768,5.927489161,-0.027637579,1.065873434,0.085853,227.9036339,-16.23863706,28.73510775,63.89101659,5.527491,260.5771368,-20.8740257,-46.52557123
Driver,104.4179492,6.96,4.663,-8.818897638,52.117,10.114,13.173,2.628,-2.035,148.5086346,1.4222,11.929,3.043,1930.0,-11.642,447.2921777,68.95810111,6.247872968,5.115925598,0.265456269,1.082730264,0.072724,239.1728805,-3.024893327,29.45706251,68.05753913,5.588891146,275.104723,-5.873177173,-47.14860534
Driver,99.98657838,0.975,2.232,-1.299212598,45.826,3.179,19.329,4.359,2.127,142.4744989,1.4249,17.333,4.112,2842.88,4.134,471.0492812,119.9639922,42.70403177,6.454420247,0.467943542,2.041403768,0.0985654,238.2565795,25.43984643,44.67656473,64.07460487,7.06184,254.1397308,27.56430627,25.16255584
Driver,56.52514316,4.068,0.365,-4.645669291,55.194,3.199,16.031,3.045,2.68,83.48223873,1.4769,13.334,2.421,2291.19,10.519,133.8915437,18.32906526,8.124751011,87.63175244,6.600582682,-2.215925995,2.70763,81.62271529,5.97794963,18.76612801,62.24661532,2.49763,119.220528,9.655704853,7.601936922
Driver,101.4786149,-3.1,3.5,3.779527559,55.226,1.233,4.184,-3.73,-7.23,147.997942,1.4584,3.442,-3.009,1520.0,-16.057,250.7099893,9.83467542,-19.0703114,5.786755866,-0.312687614,0.345550196,0.080863,142.4159994,-13.36920284,7.18840677,93.16722239,2.516673,214.9330544,-23.35340723,-17.72389831
Driver,107.5362384,7.046,2.119,-8.031496063,48.057,8.496,11.545,-3.545,-5.665,162.2118826,1.5084,11.024,-2.876,1350.0,-50.221,383.3270136,46.32378378,-56.61962583,6.347758811,-0.345823507,1.226944377,0.0823198,217.6045929,-49.039,20.67820685,83.3814453,4.12329,257.0855845,-65.45391069,-115.0196173
Driver,103.3576414,0.3,8.7,-0.236220472,53.963,8.812,9.122,-0.757,-9.457,146.8269059,1.4206,8.166,0.388,2040.0,-22.515,378.9764564,38.42916512,-20.58606294,5.754462346,0.024336838,0.825961908,0.081842,206.2625529,-20.43055095,19.90820645,71.63243543,4.415278,252.9607966,-30.45030774,-65.45996311
Driver,85.3547781,-1.148,-6.858,1.417322835,48.436,-7.877,23.807,-5.053,1.805,113.2625716,1.327,20.402,-5.324,3840.0,3.907,328.8750636,93.80343426,-22.67172861,6.108246588,-0.560895583,2.291827304,0.119865,169.8078999,-10.22810595,45.40514234,57.95075028,6.01837,176.8708966,-10.49696399,16.63046972
Driver,101.5546707,5.196,8.267,-5.433070866,63.921,10.818,9.364,-0.611,-8.879,149.9510111,1.4765,8.634,0.985,2587.4,-44.368,305.0344322,25.61910231,-34.60525711,163.8076754,-32.9443275,1.830149096,3.16662,171.0891023,-35.86415584,14.21223436,80.54219917,3.35881,224.1592367,-57.29770976,-116.2039302
Driver,119.7051718,3.574,7.399,-4.133858268,49.022,10.509,16.312,8.115,0.716,173.8687813,1.4525,14.78,8.026,2650.0,2.021,617.1811722,153.7285958,90.54715425,6.392630548,0.894670267,1.728400933,0.0789046,301.4210529,47.66630136,47.15488333,69.30259781,8.11446,316.1091533,50.19801541,16.93144142
Driver,83.45561918,-0.941,4.559,1.25984252,50.743,3.789,5.935,-6.203,-10.761,118.9710093,1.4256,4.748,-4.321,2620.0,-45.331,149.567171,7.082396279,-19.55750277,6.252542204,-0.509788234,0.500040755,0.109131,89.97050759,-16.16075332,7.279268667,82.45605013,1.88225,147.6386122,-33.00279975,-28.33894105
Driver,68.18405512,0.0,0.4,0.433070866,40.247,-0.26,20.462,3.684,3.293,99.25263958,1.4557,17.687,3.278,2770.0,3.846,252.9582326,52.48162017,17.04495644,5.981432552,0.33955937,1.891973948,0.131631,140.1301471,10.90821447,33.33802252,55.4301778,4.604754,162.9168229,13.11915937,8.705828308
Driver,93.18629205,3.172,6.703,-4.330708661,50.931,9.282,18.922,5.271,-1.432,136.7812724,1.4678,17.053,5.451,2550.0,-3.552,440.3394664,102.5451944,33.71090271,5.736420398,0.541854988,1.766112662,0.090934616,228.6342456,15.63756457,40.89676232,63.4607581,6.557794907,249.5915842,16.60160934,-18.30382435
Driver,109.3369721,5.799,0.702,-7.322834646,45.478,6.434,14.193,-3.804,-4.506,161.9054223,1.4808,13.201,-3.256,1810.0,-27.352,498.7764233,85.06752343,-73.62857589,5.150335759,-0.306160121,1.213193096,0.0674282,265.3909217,-56.85066847,31.81071932,70.72464005,5.97628,287.0819283,-65.02176158,-126.1059166
Driver,98.12321045,-0.399,7.192,0.472440945,54.975,6.912,4.403,-3.496,-10.688,143.6750626,1.4642,3.945,-2.463,1610.0,-42.458,186.5387589,7.43002613,-16.26070928,6.245482953,-0.294724752,0.418010007,0.090024067,111.7534293,-13.94468497,6.262259367,99.23505203,1.934716134,187.0894291,-29.86486331,-27.50046274
Driver,95.29795991,1.31,5.009,-1.653543307,51.166,6.064,15.054,4.506,-0.503,140.8500358,1.478,13.047,4.582,2810.0,-6.387,446.4572997,84.47583361,22.01333994,6.041884191,0.476617327,1.410865906,0.091292,229.2953782,7.217479111,36.90077016,61.31159466,6.256777,252.9077388,6.898426173,-33.34184919
Driver,101.7649427,2.528,5.035,-3.346456693,47.503,7.353,11.313,-4.208,-9.243,147.8610415,1.453,10.254,-3.061,2270.0,-33.63,393.7506989,49.69067739,-60.11883645,5.934778892,-0.3411438,1.072687466,0.084388,213.4126784,-48.77141134,24.06888056,68.82250522,4.781395,253.4158548,-65.73771027,-112.8220669
Driver,96.63564782,-2.985,-7.339,4.251968504,46.931,-10.133,19.508,0.018,7.357,130.9012616,1.3546,14.617,-1.679,6690.56,11.591,371.8870018,101.3095635,18.28069681,6.090542499,-0.158035418,1.634861641,0.100464025,182.5636832,16.40821424,48.03240056,57.32557564,6.360331331,189.8043829,17.62687839,65.18584839
Driver,104.9458661,5.1,0.7,-6.220472441,49.247,5.232,16.179,0.846,0.146,152.7961704,1.4559,14.97,0.809,2540.0,-2.017,506.4210366,116.9111789,1.948483142,5.813422061,0.083256351,1.568377479,0.081638,253.9440982,-0.608463421,43.42072566,63.9391355,7.125744,272.5932205,-0.917843382,-12.58167386
Driver,81.59896206,3.136,-0.694,-4.094488189,55.224,1.486,20.415,4.994,5.688,116.0967699,1.4228,18.741,4.402,2034.78,11.478,329.276558,71.61093222,36.16660145,6.053370544,0.475612352,2.039642418,0.1142216,182.3351532,25.20287097,34.41488302,62.77495482,5.267529584,210.3816077,30.63856741,33.80381296
Driver,101.9729778,0.3,7.7,-0.393700787,54.267,7.872,11.69,-0.544,-8.244,145.2923676,1.4248,10.334,0.518,2420.0,-19.326,424.1768644,58.58036357,-25.43119671,5.892189426,0.038379211,1.078839317,0.085315,224.2105904,-24.38466051,27.67320941,64.79412723,5.358717,258.324561,-32.37126589,-79.19597094
Driver,84.08643522,2.232,5.243,-2.952755906,56.202,6.738,2.89,-4.299,-9.542,122.9411238,1.4621,2.767,-2.436,2277.25,-68.507,65.97059605,1.676965156,-4.602675295,6.438281205,-0.322036184,0.272239709,0.108443181,42.04560593,-4.041225035,3.167053276,105.0550083,0.75805793,116.6083704,-15.52711183,-6.776295407
Driver,98.50796349,2.866,-0.324,-4.527559055,46.737,2.377,4.482,-10.107,-9.783,132.3825608,1.3439,4.172,-8.177,2562.32,-8.815,264.9787843,14.40280661,-45.61684023,159.947685,-31.84321496,-4.382719592,3.56206,142.9892655,-27.49182128,11.64470448,72.18765035,3.05206,191.9184767,-39.58409663,-21.76250485
Driver,94.08106657,-4.3,2.1,5.787401575,46.877,-2.059,12.547,2.525,0.425,132.5932802,1.4093,10.641,2.43,3500.0,0.821,397.342747,70.25812343,18.60070751,5.97504257,0.259185978,1.142904412,0.095244,199.2439862,9.974317634,37.01090281,55.78321052,5.869446,218.6593697,11.06699823,4.584710857
Driver,87.86685755,2.614,3.337,-3.149606299,45.104,5.944,14.907,5.136,1.799,130.3243558,1.4832,12.782,4.815,2780.0,5.286,389.316689,67.27926522,40.52304297,6.290593639,0.533587271,1.43764838,0.102629,204.4700182,24.5311579,33.00493362,60.00781878,5.61466,228.6433686,28.26423394,22.2168049
Driver,94.29581246,2.7,1.1,-3.346456693,56.594,2.898,14.723,-5.695,-6.762,133.7477631,1.4184,12.695,-4.506,3100.0,-16.545,399.1989576,74.98788503,-62.12168864,5.457235967,-0.443733923,1.240234326,0.086727,204.0757786,-42.48653246,36.81471608,57.69735161,5.901955,224.9712965,-49.36187215,-80.02083603
Driver,97.42304939,1.7,2.5,-2.244094488,51.687,4.001,19.567,-0.753,-3.253,126.9620168,1.3032,17.455,-0.166,3660.0,-6.684,386.7908788,102.7069899,-16.63301077,5.521873809,-0.039902282,1.75400904,0.094775,194.991189,-12.8881007,45.73637797,59.21707805,6.473444,208.8588148,-14.40394597,-36.97303562
Driver,97.19040802,-1.954,1.346,2.480314961,43.898,-0.685,20.951,4.913,3.567,128.8419381,1.3257,17.986,4.415,3840.0,5.541,398.0905177,110.3727728,42.11027806,6.223362289,0.486875951,2.050985252,0.105631,199.6830912,25.55386246,46.89980105,60.53221593,6.65519,211.5785976,27.49105508,30.69842619
Driver,82.68387616,-6.936,-6.854,11.45669291,40.475,-15.05,10.154,-8.492,-1.638,112.643835,1.3624,5.907,-8.08,4769.85,16.945,244.999032,23.8164715,-16.30312519,142.2959654,-1.335020947,-5.391733854,4.06835,129.7328276,-2.757511895,20.06207466,57.70199369,3.57835,159.3850879,0.183635417,46.50127068
Driver,91.93360773,3.56,6.376,-4.724409449,53.091,9.054,16.859,8.439,2.063,138.5034896,1.5065,14.829,8.111,2825.72,6.245,442.4642328,93.93903301,73.83196111,6.086119579,0.864915385,1.622151968,0.094302,227.0428157,42.94481554,39.43250466,61.63438133,6.435855,248.5456019,47.91554275,33.17913817
Driver,86.73273085,-0.697,-0.525,0.984251969,47.363,-1.166,17.326,13.373,13.897,120.4561113,1.3888,14.55,11.093,4230.0,25.819,331.2057585,67.98569788,101.6046806,6.346728999,1.260345762,1.661910323,0.113408907,172.1777475,66.71085064,36.95379579,55.52293406,5.389429832,190.1786122,76.79355891,104.7740451
Driver,87.1980136,-5.6,0.0,4.645669291,59.618,-4.04,25.872,0.13,0.32,119.2627058,1.3677,19.662,0.171,7340.0,-0.587,325.8894622,107.5248236,-0.932802071,5.750114714,0.004996668,2.100586341,0.107268,161.2181007,-0.794669615,51.60578129,58.0933577,6.268031,165.2094488,-0.827327984,-3.827451111
Driver,100.9596457,-1.1,-2.7,1.456692913,50.354,-3.692,31.577,-12.115,-9.415,124.3922244,1.2321,28.63,-10.826,8580.0,-10.346,330.4108297,158.1015322,-82.60801714,5.360828184,-1.058711603,2.984182341,0.103259,153.6781913,-49.17507148,61.46329406,67.68720527,7.01282,151.116628,-48.25209357,-62.85781167
Driver,100.033554,5.566,5.861,-7.007874016,45.497,11.357,15.22,2.759,-3.102,150.3742394,1.5032,14.098,3.131,1760.0,-17.199,464.1960925,82.78626194,-1.2536559,6.500550454,0.34104787,1.637450348,0.0922485,249.1671812,-10.5418477,32.35544426,69.40163453,5.8876,270.2537599,-13.44550581,-72.36961305
Driver,78.40461704,-7.8,0.8,6.417322835,60.563,-4.178,19.085,-1.323,-2.033,101.9034091,1.2997,15.763,-0.925,3370.0,-2.748,262.5218589,50.79006628,-6.787431448,5.855546771,-0.098224629,1.648324228,0.124228,143.3077861,-4.754597328,32.73680587,54.54610908,4.656113,165.6245778,-5.831769159,-7.325245837
Driver,91.69649248,-5.723,-1.015,6.850393701,49.309,-5.958,20.035,13.822,14.836,121.1374821,1.3211,15.253,10.855,6673.69,19.833,327.9619142,81.82354371,96.64529311,6.419878956,1.249412626,1.800231652,0.114738,165.5986463,60.3386335,43.40061663,54.41209036,5.74142,174.0348729,64.48281022,90.64993297
Driver,91.92018611,-6.652,0.267,7.440944882,58.474,-3.836,7.541,-1.006,-1.273,131.9485952,1.4355,5.884,-0.856,2180.0,-3.32,290.6310214,20.52069192,-6.54838367,6.067132567,-0.093356373,0.623815978,0.095632206,160.5532452,-4.52660936,13.59313452,72.60561672,3.479071959,213.6533792,-6.789327725,-6.385435437
Driver,95.95561918,-3.343,1.324,4.409448819,47.509,-1.744,9.549,-0.601,-1.924,136.6065676,1.4236,7.0,-0.215,3496.38,3.02,367.6061305,39.56857294,4.928800329,200.9172317,5.573590886,-4.500947143,4.92321,191.2026823,4.944237623,23.16396853,64.55869955,4.58321,225.1663671,7.063318545,16.98432368
Driver,86.35021475,-2.075,-2.671,2.874015748,47.852,-4.55,29.064,-0.655,2.017,109.3016285,1.2658,23.421,-1.072,6130.0,8.37,295.7833157,102.7766906,9.453314461,6.033571175,-0.095113565,2.651072834,0.1262792,149.5991878,8.938711357,50.97584505,57.72650114,6.022700539,155.5896178,9.545678445,35.19291955
Driver,96.23076235,-4.602,-8.299,6.614173228,44.921,-12.928,15.689,6.794,15.092,128.971233,1.3402,10.835,3.021,7781.16,25.26,339.4498349,68.10124112,67.56760022,6.151057838,0.368932974,1.218097834,0.101423818,169.6887573,47.90415005,39.47419327,53.06464566,5.469954507,179.273022,52.45697116,117.7752126
Driver,109.1244631,0.25,0.906,-0.275590551,49.159,1.122,23.341,1.568,0.662,143.1851736,1.3121,20.318,1.473,4300.0,1.007,453.6444496,159.9648628,14.17344169,6.344080417,0.164758868,2.396038884,0.0983312,216.2737865,7.994287597,55.41337025,68.34345796,7.65377,222.2449679,8.249258018,7.307819393
Driver,119.1526485,4.115,-1.435,-5.078740157,48.372,2.23,11.841,-1.209,0.227,175.497942,1.4729,10.608,-1.246,2150.0,0.166,597.7311723,101.7424162,-12.35895978,5.979337638,-0.12986373,1.132183955,0.071687209,301.2605069,-6.183092303,36.23669605,67.92425427,6.950296455,329.2153578,-6.723720322,1.103778511
Driver,84.73738368,-9.3,-8.113,14.37007874,42.429,-18.433,18.12,-2.453,5.66,111.0656764,1.3107,12.197,-3.735,6662.7,27.001,259.0364671,44.57953545,15.70615398,143.7631064,21.95971765,-1.040032756,4.33966,141.7566813,21.1947228,28.38903444,59.96508008,4.25966,163.0954919,29.26873818,90.84061526
Driver,96.05628132,0.891,-0.081,-1.023622047,46.937,0.752,14.364,-2.41,-2.329,137.0242037,1.4265,12.111,-2.008,3111.78,-6.267,426.1764767,77.27255457,-27.33443166,5.764852575,-0.207816453,1.254229942,0.0891389,217.5517307,-18.22009742,36.15257256,59.28430714,6.06496,238.3179894,-20.89664701,-31.83866055
Driver,79.33741947,-6.0,1.4,4.488188976,65.13,-1.851,32.793,1.075,-0.409,100.0655422,1.2613,24.076,1.117,8631.91,-0.748,250.956693,87.43912404,3.889706,3.376998043,0.070378389,1.522000954,0.0769,128.3987455,1.84716115,50.32025161,54.22002858,5.507652,130.8849612,1.874287705,-1.967843706
Driver,104.8317824,-3.5,1.1,4.212598425,52.854,-1.573,7.505,1.005,-0.095,150.1355583,1.4321,6.406,1.03,1640.0,-4.783,364.7141694,28.93061726,2.505800582,5.843203073,0.102156013,0.65653428,0.080903,199.9763702,-0.18704374,15.67666323,78.06471952,3.96114,256.1912168,-1.367738275,-11.34531536
Driver,90.65631711,3.7,-4.5,-4.68503937,49.952,-1.379,21.371,3.055,7.555,130.9585272,1.4446,18.639,1.777,3870.0,17.232,401.5000161,113.1695357,51.52158972,5.86787135,0.20398378,1.998924672,0.098386,201.9746182,38.59143551,46.94123947,60.98549709,6.687076,214.7700105,42.46469931,97.27538711
Driver,97.72503579,-1.438,-1.881,1.968503937,48.064,-3.173,15.642,-2.001,-0.12,141.4481926,1.4474,13.421,-1.984,3120.0,-2.522,455.3294745,94.26156107,-21.29585441,5.8227598,-0.204045117,1.403623569,0.087755548,229.7641832,-12.78210797,40.20516276,60.68108674,6.5531742,249.7813887,-14.26087717,-14.49669979
Driver,109.1401217,5.787,2.343,-6.968503937,46.887,7.787,15.202,1.827,-0.516,160.7603346,1.473,13.278,1.935,3075.46,-3.025,550.3073765,125.494058,8.405611639,6.268123724,0.208110981,1.518269735,0.083115,268.8997497,1.508945005,45.50980192,65.01723292,7.49091,277.9189337,1.354887567,-22.71408351
Driver,108.357194,-3.4,-1.2,4.133858268,42.114,-5.434,13.486,0.0,1.24,154.870034,1.4292,10.938,-0.091,3930.0,-0.13,506.1536073,112.3749231,-2.055022282,5.887443699,-0.019514508,1.164632278,0.080339,243.0972695,-1.120993913,45.64463614,60.66317548,7.175936,256.9750954,-1.199466082,-2.204692861
Driver,100.5771296,0.725,4.885,-0.94488189,50.663,5.478,15.657,7.469,2.584,146.805655,1.4596,13.638,7.105,2987.0,6.251,481.562627,101.7545456,73.57401814,5.053405407,0.629607025,1.245011617,0.0732672,242.1857072,42.54991177,40.88423389,61.90380542,6.78516,260.6489744,46.62160822,38.20092531
Driver,78.89450608,-1.778,0.775,3.307086614,42.01,-1.2,19.824,-0.433,-1.208,107.010782,1.3564,16.086,-0.211,3976.98,18.891,260.3502599,51.26087203,20.36406622,151.1938113,21.8734655,-4.642204649,4.63303,143.9513346,19.7934609,31.42176833,61.01855058,4.34303,168.1282856,26.53296199,60.95523546
Driver,107.7442734,2.218,-4.654,-2.283464567,57.232,-3.226,21.553,-3.725,0.929,146.3725841,1.3585,19.318,-3.841,3253.0,1.694,488.5434228,149.6877176,-26.09097966,5.476379565,-0.365113897,1.945683766,0.0822272,239.35612,-12.04770922,50.93380945,67.25677184,7.65419,249.8735793,-12.4673517,11.97897388
Driver,116.1372584,5.1,3.5,-5.748031496,51.173,7.723,18.585,-1.249,-4.749,163.8220293,1.4106,17.077,-0.793,3580.0,-11.888,548.9949104,169.8992273,-51.45181196,5.459840226,-0.074704517,1.699173147,0.072297,260.9784297,-37.19128253,53.07627509,69.06643627,8.186167,269.8026922,-39.15822123,-100.8379149
Driver,109.2564424,2.7,0.5,-3.346456693,47.67,2.789,12.202,-0.949,-1.449,162.9874284,1.4918,11.181,-0.792,2550.0,-3.681,544.7945883,100.0028035,-17.43148989,5.871026328,-0.084960926,1.174626588,0.076017,271.9245472,-11.88050337,38.59263845,63.69197036,6.914914,295.1918941,-13.54942474,-24.37278618
Driver,113.2605583,-2.7,0.9,3.307086614,51.46,-1.332,4.009,-3.572,-4.472,162.9744542,1.4389,3.251,-3.026,1990.0,-22.318,367.5056317,17.59780334,-39.6008434,5.877042832,-0.329738327,0.3391051,0.074619,193.8428838,-27.78551838,10.83282414,82.25533138,3.528566,256.058609,-42.87583648,-52.85895559
Driver,87.87133142,-1.517,6.091,1.811023622,55.316,5.041,35.037,-16.658,-22.749,101.4412581,1.1544,28.201,-11.321,8240.0,-15.417,257.0124749,102.461111,-68.69060445,5.606530732,-1.134588067,3.040028437,0.1320904,130.197383,-43.62233265,53.33586393,57.3055396,5.792642499,131.8569311,-44.27959033,-56.07703328
Driver,114.783912,-0.873,-2.657,1.023622047,52.154,-3.335,8.572,-0.363,2.294,160.7500447,1.4005,7.392,-0.653,1940.0,8.912,464.3278047,48.55851193,7.994866741,6.234084052,-0.064900162,0.817224493,0.080799,243.852276,8.829391083,22.51171576,71.08613774,5.09347,285.169383,12.43054376,34.81835865
Driver,113.0883142,-0.872,-2.417,0.984251969,53.58,-3.061,13.247,-0.833,1.584,158.4978973,1.4015,11.486,-1.037,2790.0,4.101,531.1490357,99.56080894,1.618378601,6.252187247,-0.108916867,1.303147901,0.0834102,265.0462452,4.175509366,39.20137183,63.20450506,6.8952,285.9701523,5.160514873,26.91317204
Driver,114.8622047,8.9,3.5,-10.35433071,52.488,10.399,17.173,-0.642,-4.142,170.1165444,1.481,16.307,-0.131,1631.46,-17.003,576.444761,130.391407,-41.44448938,5.600629725,-0.029163285,1.644873182,0.070927,298.4679079,-35.20147762,40.79960979,72.28624334,7.181643,322.3201523,-40.43223105,-103.5712126
Driver,98.05610236,-0.4,-0.8,0.62992126,45.755,-1.85,58.481,-24.221,-23.27,75.74758411,0.7725,49.354,-16.744,7460.0,-10.746,160.8932425,104.0445696,-46.76106547,1.847157487,-0.558582931,2.155794101,0.078059,72.31921203,-29.37378379,65.54972502,57.47493711,5.294138,70.31574981,-28.52782904,-27.26852685
Driver,87.76172155,0.793,3.675,-0.826771654,57.826,4.174,-0.49,18.055,14.379,104.7823461,1.1939,0.104,11.419,6918.16,1.618,158.8284625,2.527046727,32.09499676,5.945374769,1.17970992,0.033855648,0.11806,77.02171287,15.71526284,4.524298995,64.95723148,1.926142,115.1532419,23.7349964,1.428100056
Driver,107.8471725,5.7,1.1,-7.007874016,50.372,5.81,15.69,-1.855,-2.955,153.3292323,1.4217,14.57,-1.679,2430.0,-9.521,503.2647501,110.2475698,-36.11702475,5.783665221,-0.158515443,1.515282643,0.080758,254.5081896,-26.13622832,41.57436386,63.92847749,6.945426,275.0241548,-29.61932278,-56.12211436
Driver,115.1664281,7.9,4.3,-8.818897638,49.676,10.982,18.763,1.74,-2.56,172.2118826,1.4953,17.212,2.023,2770.0,-7.798,601.3843707,176.1613969,-8.088163273,5.875852233,0.209810822,1.839341934,0.074039,289.7064518,-12.00370812,51.3552126,71.13030576,8.403695,301.0426433,-13.07100121,-66.64283279
Driver,99.2908912,-4.401,2.651,5.31496063,53.205,-0.649,11.709,-0.279,-2.931,142.0237563,1.4304,9.917,0.055,2570.0,-6.672,424.7564281,59.13848191,-10.55035051,6.039520926,6.13e-06,1.063601769,0.089405814,221.6360883,-9.377629229,28.82887777,62.59059428,5.491167019,253.2360354,-12.12400487,-28.77056917
Driver,92.17967072,2.691,-2.356,-3.267716535,54.143,-0.41,-1.031,3.642,5.999,124.9597351,1.3556,0.061,1.884,2568.48,36.593,7.00652834,0.004033901,0.240848712,5.6985919,0.214152738,-0.002995585,0.094254,4.316221225,0.155743371,0.083949036,122.9246258,0.071154,64.65311904,2.589325869,0.04155349
Driver,74.52353257,-4.119,4.063,5.157480315,50.224,0.626,13.577,7.889,3.827,111.6161865,1.4977,11.674,7.463,2158.87,12.021,257.31307,32.92823225,40.21777988,6.278777929,0.826668307,1.281000775,0.118989,147.1394739,26.38761587,21.31403826,64.10453946,3.83755,174.954408,32.78989268,22.08773897
Driver,58.35272011,-1.3,-7.7,1.338582677,59.981,-8.687,22.64,-5.84,1.86,79.89553508,1.3692,18.494,-6.146,3860.0,3.714,168.3277846,34.79678234,-16.10956734,5.589034334,-0.600929115,1.836805583,0.154004,96.13113005,-8.681660265,31.07297367,49.29321616,3.655065,116.1244711,-10.17571986,4.854619169
Driver,84.00143164,-3.388,0.955,3.543307087,55.849,-1.346,23.954,-1.37,-2.325,112.2801092,1.3367,20.271,-1.024,4120.0,-3.68,321.90831,92.45466092,-11.71016893,5.986358737,-0.112901013,2.22956113,0.118627,165.8919654,-8.13348072,45.78840255,57.36508878,5.964206,178.5210739,-9.014933763,-15.51316617
Driver,99.02245884,0.254,7.128,-0.354330709,46.993,7.365,12.816,0.032,-7.096,140.4854152,1.4187,11.204,0.972,2590.0,-15.412,418.8159132,63.87349086,-17.90863862,6.083916184,0.089425199,1.211235329,0.091465,219.8413384,-18.48417541,30.3239942,62.46872689,5.563529,249.8427369,-24.12082688,-66.59295518
Driver,90.91132785,-4.04,4.33,4.488188976,58.857,1.883,12.871,9.484,5.154,137.2512527,1.5097,10.942,8.877,2751.0,11.057,409.7293994,62.39157988,80.45494516,5.705327584,0.889282682,1.112541494,0.0876032,213.7537564,48.69485002,30.61981423,60.92375487,5.55114,240.3603142,56.71579335,47.98121333
Driver,94.30028633,-4.1,-6.5,4.763779528,50.388,-9.951,12.61,5.636,12.17,131.9600036,1.3994,9.736,3.476,4677.62,6.274,390.3487098,70.52674091,37.1667004,5.890755767,0.365314025,1.038613408,0.09414,193.7307259,22.48422373,38.15253153,55.08314394,5.846135,210.1098425,25.16828874,32.32876921
Driver,90.63394775,-2.532,5.365,3.188976378,54.941,3.587,1.783,-9.806,-15.17,124.2586793,1.371,1.336,-8.23,2020.0,-22.599,83.12620203,1.078383218,-12.98437883,6.058286959,-0.88354479,0.130361165,0.100772,51.33199116,-8.620576596,1.891444819,103.2650001,0.927646,120.6052271,-22.05807465,-3.864383048
Driver,96.38287402,-1.223,-2.41,1.535433071,43.839,-3.684,17.094,-1.725,0.684,138.1303686,1.4331,14.156,-1.84,4031.94,2.079,435.1475233,105.7091947,-8.075704918,6.08198688,-0.192665095,1.56913748,0.0943069,214.6876923,-2.630189947,45.29448924,59.75285,6.74893,221.8095592,-2.611981479,12.79187077
Driver,97.14566929,0.3,-4.5,-0.472440945,48.359,-4.312,10.796,-4.158,0.342,142.7342072,1.4693,9.661,-3.925,2210.0,2.499,412.3965086,53.7644543,-26.53997183,5.545086604,-0.406412599,0.948658633,0.08151,218.12905,-12.87498285,26.56460702,64.61238639,5.208349,253.4839133,-14.4247168,6.180747313
Driver,95.87285254,-4.3,4.1,5.787401575,49.847,0.473,4.897,-2.146,-6.246,137.9914549,1.4393,3.974,-1.439,1530.0,-7.566,237.5587203,10.71988152,-8.769699559,5.969075258,-0.154966878,0.411130736,0.08962,135.0171384,-6.195475765,8.242628317,85.69951559,2.583028,200.7677939,-10.65999995,-8.419366706
Driver,86.18468146,-3.93,-2.139,4.921259843,47.332,-5.77,13.955,8.378,10.517,123.1006174,1.4283,11.806,7.061,3060.0,20.581,335.1585258,51.07788379,66.08701831,6.434490009,0.814794758,1.349277149,0.110802,178.9556897,45.12230556,28.80839792,58.71245668,4.92707,204.9511728,55.06365382,70.47764216
Driver,102.8230136,-0.289,-0.646,0.31496063,52.262,-0.869,14.348,1.144,1.79,153.4983447,1.4928,13.262,1.006,1668.02,-1.225,469.8621695,90.2442391,6.268902978,232.2129625,2.919253196,1.824344853,6.09479,234.2100189,2.945202966,39.85410599,62.52519557,6.17973,256.1869659,3.179473473,-3.500930895
Driver,107.1022727,0.641,0.8,-0.748031496,53.09,1.282,12.657,-3.75,-4.551,159.3729868,1.4881,10.804,-3.03,3137.02,2.34,521.9780429,104.0736819,-28.64557475,241.3025263,-16.60029044,3.677945515,6.91083,244.938227,-16.99137204,44.61475795,56.32980687,7.09584,258.9347641,-18.54689429,-12.15497868
Driver,95.96232999,2.3,-4.9,-2.637795276,51.796,-3.188,11.125,2.853,7.753,134.4515032,1.4011,9.759,1.589,2450.0,12.448,373.5338046,48.94261692,26.83670245,5.66518258,0.167172093,0.979140945,0.088541,197.5336735,20.35351397,26.57883734,61.30085985,4.992646,229.9331227,26.25158571,44.69186159
Driver,100.7605583,3.054,4.408,-4.212598425,48.117,7.151,13.248,3.286,-1.123,146.8121421,1.457,11.721,3.458,2240.0,-7.259,452.9900939,71.88204592,14.74322855,5.95945474,0.353854929,1.24201261,0.085809,238.1221191,3.490821538,31.10661809,65.21247333,5.804429,270.4649228,2.478021748,-32.63030248
Driver,98.15229062,0.3,-6.5,-0.275590551,47.847,-6.308,13.034,-0.192,6.308,138.0352989,1.4063,10.039,-1.825,4582.89,5.682,412.686766,85.10024476,2.093061464,5.874415701,-0.179564982,1.073450634,0.089891,200.5008816,4.798485668,42.95291138,55.43841237,6.294401,213.7214447,5.70959768,33.53864672
Driver,97.5281854,-0.119,1.456,0.157480315,46.096,1.341,16.072,-3.927,-5.382,144.905825,1.4858,14.117,-3.246,2967.2,-17.914,462.5036585,96.05959223,-65.79434133,6.259311839,-0.373721728,1.595193154,0.0923731,235.453944,-47.34383783,39.33502648,61.70080403,6.54455,247.5874884,-51.37020425,-102.6241447
Driver,87.96975662,-3.524,6.078,5.039370079,47.767,2.874,8.288,-3.836,-9.915,106.0446492,1.2055,6.608,-2.403,2317.36,0.929,177.7843666,12.23144197,-7.165795774,5.8480499,-0.24441118,0.660479629,0.1149384,104.3102794,-4.082363356,11.11876124,69.56411159,2.544615383,155.9531376,-5.949013383,0.874181512
Driver,102.5545812,1.7,5.9,-2.047244094,51.841,7.313,13.759,-1.101,-7.001,145.8909717,1.4226,12.167,-0.057,2680.0,-18.468,449.0160003,80.45239459,-38.10290723,5.805864959,-0.021767808,1.262260434,0.084372,229.534316,-32.43206634,35.83590546,60.61536803,6.140097,253.1525132,-39.03727578,-96.61797555
Driver,89.65640659,0.175,-1.58,-0.236220472,50.818,-1.437,18.884,-1.432,0.148,128.443316,1.4326,16.48,-1.452,3066.2,0.284,399.4901662,92.64332884,-9.300560758,6.467321345,-0.163491006,1.932564078,0.109115,205.9928456,-4.754297848,41.05432513,60.07683559,6.28026,223.6136194,-5.128511188,1.396762469
Driver,108.5943092,0.3,3.3,-0.275590551,45.14,3.465,19.024,2.638,-0.662,151.139719,1.3918,16.985,2.79,4350.0,-2.512,482.6724435,155.030073,12.75258539,6.034177728,0.281791395,1.879073033,0.08688,229.0374737,4.297346567,54.00925844,66.49724142,7.732255,236.1205225,4.315200994,-20.56285689
Driver,89.16651754,1.539,-4.999,-1.968503937,54.188,-3.888,20.126,9.142,14.141,123.0259037,1.3797,17.287,6.8,4400.0,25.122,349.4135288,87.74660266,85.67082285,6.122958444,0.76308521,1.924384563,0.108642642,179.3943639,59.62248845,42.62742158,57.12056894,5.932296618,193.3126109,66.58468495,117.5085695
Driver,105.0286328,4.303,1.556,-5.787401575,46.806,5.607,11.934,-1.552,-3.109,154.2743379,1.4689,10.75,-1.06,1960.0,-14.512,464.7132793,66.41383496,-31.17124703,5.069573391,-0.101087727,0.965554156,0.069064259,246.2438282,-24.90353643,28.21508659,68.64416488,5.569105129,283.9675555,-31.95099485,-61.10177748
Driver,84.59421976,0.278,-0.714,-0.354330709,45.113,-0.437,16.379,-8.907,-8.193,118.4531586,1.4003,13.097,-7.162,4338.87,-26.238,315.7502022,57.9555607,-75.51403897,6.045831629,-0.788462841,1.421161873,0.108924,165.138112,-52.40872702,33.99924318,54.76161166,5.07369,176.679759,-58.14145415,-97.42659514
Driver,102.4315497,4.1,1.1,-5.196850394,48.062,4.683,16.696,1.966,0.866,149.9400501,1.4638,14.767,1.915,2880.0,0.668,502.0991648,114.6161139,18.09204229,5.749431709,0.192683229,1.529075308,0.082171,251.9012276,9.857978559,43.02010332,63.78507648,7.094173,270.3917928,10.66934813,4.323540128
Driver,84.9051539,0.569,-0.399,-0.905511811,46.924,0.133,14.876,-2.795,-2.396,128.5739531,1.5143,12.767,-2.429,2731.4,0.527,375.8622968,67.62466157,-16.64274989,195.3510249,-9.722930435,-6.069569769,5.84772,188.0932794,-9.29115758,38.2336081,54.90087831,5.49772,206.3458849,-10.421711,-3.962681647
Driver,106.7801539,-0.614,-1.429,0.787401575,45.294,-2.037,17.36,-2.341,-0.912,150.6753311,1.4111,14.801,-2.205,3834.1,-1.833,495.8516719,132.4448214,-24.32000609,5.720118447,-0.222106911,1.550672766,0.081439,239.4032143,-13.70245923,49.3828241,64.31594608,7.43717,250.47067,-14.47987323,-13.48911575
Driver,78.1003937,-2.755,2.688,2.401574803,60.406,1.122,24.516,4.209,1.52,108.3392985,1.3872,20.83,3.981,3970.0,1.959,305.8344173,87.21610695,23.31384536,6.393186641,0.447261805,2.451618271,0.131778,159.270581,13.57220441,44.77735701,56.73496486,5.77526,171.3081341,14.72658608,7.566632208
Driver,100.876879,-0.652,-0.844,0.787401575,45.589,-1.482,11.596,0.388,1.232,149.870034,1.4857,10.152,0.24,2160.0,3.692,453.6200195,63.05157132,7.844273615,6.308093467,0.029397294,1.138708927,0.0884588,238.6332128,6.281861236,28.23341243,66.22955384,5.56835,271.3903953,7.890701732,15.84771296
Driver,99.55261274,-2.839,-6.75,3.700787402,48.15,-9.296,13.679,3.977,10.728,144.1662938,1.4481,10.876,2.089,4802.66,22.513,431.1384867,88.45560433,74.6879406,6.405834521,0.266540993,1.26368433,0.094154635,211.3450986,53.41955834,41.6090406,57.16442123,6.344119152,225.4592737,59.60210237,137.7908697
Driver,100.5323908,-1.275,-7.21,1.614173228,53.368,-8.158,27.016,9.937,17.147,119.5825877,1.1895,22.197,6.587,6760.0,19.925,325.6363005,112.7771122,75.88721076,6.075430046,0.737579064,2.521566208,0.115092,162.5600191,50.90057162,51.58841776,59.25516188,6.315127804,167.3797068,52.91920839,98.56419656
Driver,91.49740515,0.49,-2.748,-0.62992126,47.121,-2.293,21.644,7.935,10.683,125.2277201,1.3686,18.384,6.145,4560.0,13.128,370.3668049,106.6947075,66.69370865,5.866691823,0.64722703,1.976940846,0.102908,185.7040617,42.79302646,47.73072299,59.21668552,6.456267,196.5408222,46.164504,69.61033413
Driver,82.80243379,-4.1,-1.5,3.74015748,61.987,-3.879,32.667,-0.96,0.54,105.7055297,1.2766,26.79,-0.976,6160.68,0.014,279.6949301,110.6227335,-4.742206041,3.733080384,-0.069249689,1.902126218,0.082395,139.5211412,-2.569657703,54.28444593,58.78662329,6.086797,143.6059914,-2.644645991,-0.579426386
Driver,95.55968146,-2.035,3.949,2.755905512,44.779,1.897,12.994,-0.592,-4.541,138.9363368,1.4539,10.994,0.031,2883.98,-9.886,423.6667363,67.48083663,-17.8663316,5.889679705,-0.00585716,1.153893174,0.089481,218.5922673,-15.40746906,32.53725002,60.3444549,5.772828,245.0085547,-19.12719318,-46.57632734
Driver,110.4263601,5.5,-1.7,-6.811023622,49.868,2.718,16.404,-3.641,-1.747,156.9919918,1.4217,14.51,-3.328,2991.46,-7.942,527.0298635,127.5085398,-53.76319911,5.908335751,-0.35030087,1.547153703,0.080609,258.8200343,-34.02731304,45.8990527,64.43321833,7.422725,274.389894,-36.97341517,-57.2260487
Driver,104.3821582,3.085,-3.192,-3.897637795,46.986,-0.309,14.843,0.613,3.805,154.8112026,1.4831,13.179,0.056,2690.0,9.394,515.2876045,104.0704138,24.21955869,5.914130708,0.013625904,1.397413061,0.081269305,259.883133,19.95672576,39.69510546,63.7976886,6.880525164,282.0420697,23.1880267,59.11038176
Driver,94.28686471,4.331,2.707,-5.433070866,49.303,6.442,7.004,-3.833,-6.54,140.8209556,1.4935,6.669,-2.998,1250.0,-48.101,218.1298714,14.49954014,-22.84190494,5.843005981,-0.329319112,0.666015104,0.086239,130.9910121,-19.58825581,10.05213344,93.41843229,2.385863,203.9750461,-37.9958716,-38.36251896
Driver,101.5524338,-0.563,6.128,0.708661417,46.005,5.585,22.637,0.968,-5.161,131.891777,1.2988,19.596,1.707,4083.64,-11.901,406.7665511,125.7285337,-18.47554738,5.82863679,0.157971815,2.106093402,0.0974902,201.4985201,-17.7611656,49.93574448,62.50082465,6.94431,206.4101326,-18.55238133,-71.19669452
Driver,100.8970115,1.732,-2.909,-2.677165354,43.837,-1.104,16.903,-0.917,1.992,136.2875805,1.3508,12.965,-1.454,5373.52,15.671,364.3423366,73.6816327,22.35271814,194.6553773,23.66364093,-2.477152559,5.46235,191.1768545,22.68213599,35.58630272,63.56892111,5.32235,211.304743,28.24611284,82.4746803
Driver,94.44121331,-0.958,9.195,1.220472441,53.686,8.491,8.723,-1.235,-10.43,131.543486,1.3929,7.444,0.172,2470.0,-19.244,316.0768043,28.85970862,-15.65679723,6.186069101,0.001216394,0.807554409,0.098213509,172.5489698,-15.2417166,17.82339721,67.33374162,3.972788415,217.6615107,-23.77063003,-47.27282565
Driver,101.1341267,2.136,2.704,-2.992125984,46.61,4.725,16.355,4.712,2.008,148.7336704,1.4707,14.364,4.419,2970.0,1.086,495.0673061,111.049468,40.0108442,6.12762398,0.47325087,1.585256408,0.088212,248.0404248,21.42678241,42.70289197,63.08035502,7.016528,266.5267143,23.16757805,6.969289302
Driver,76.46966714,-3.3,4.7,4.842519685,45.343,1.449,7.648,-0.29,-4.99,110.3169739,1.4426,5.715,0.462,2330.0,-8.0,189.8370703,11.79021504,-1.254334995,6.041485943,0.040810251,0.593606451,0.114051,109.4168453,-2.009815893,10.8065397,69.05091858,2.625398,159.4097839,-4.348133789,-8.675598745
Driver,109.7329098,3.7,2.3,-4.37007874,50.173,5.417,16.944,-0.077,-2.377,163.180476,1.4871,15.536,0.156,3070.0,-5.839,560.2971275,149.8402234,-18.70958929,5.512527964,0.010730845,1.549850722,0.072635,271.7107194,-14.94322428,48.94664907,67.06523912,7.931027,284.8408298,-16.21395838,-47.04551643
Driver,100.0290802,-2.75,-5.858,4.015748031,45.91,-8.525,16.174,-4.517,1.342,141.1354689,1.411,12.924,-4.757,4565.96,2.578,439.9604998,107.3674766,-28.03350868,6.023106963,-0.496060728,1.414817733,0.09107035,214.1066753,-12.21048158,46.45061448,59.33059994,6.798956062,226.1748933,-12.67071363,16.67561647
Driver,91.4571403,1.55,0.744,-2.125984252,43.612,2.372,14.878,5.046,4.302,134.4794649,1.4704,13.298,4.516,2220.0,17.445,388.4825619,64.001852,52.46120618,6.22532349,0.505136326,1.472482863,0.0984845,210.1073733,37.47720252,29.8916646,64.46314865,5.32646,230.6916864,43.21610523,63.24847935
Driver,102.3331246,3.587,5.972,-4.606299213,50.275,8.958,14.897,0.287,-5.686,149.3703024,1.4597,13.383,1.076,2517.14,-22.95,465.9668229,85.52336509,-35.58269978,5.9532894,0.093031293,1.422614916,0.084848,242.357726,-34.71377957,34.88285321,64.07669125,6.174802,269.4555255,-43.03503222,-117.6356377
Driver,93.67394417,-2.111,2.645,2.598425197,52.416,1.02,9.48,-0.218,-2.863,129.6331424,1.3839,6.67,0.485,3725.3,15.855,337.7164255,40.67502923,35.2251394,172.0062337,29.6702126,-4.12680959,4.94567,165.397964,27.20086393,29.92694738,52.23501044,4.63567,186.5297358,34.76772801,77.45670138
Driver,92.11927344,1.0,1.4,-0.984251969,62.388,1.661,27.399,-31.739,-33.234,63.01427165,0.6841,20.893,-22.016,6870.0,-34.56,99.10219298,21.37083791,-42.44160076,5.951303358,-2.30219598,2.147086853,0.212628,59.08389052,-28.73942921,29.09209402,43.2819064,2.652958,71.6297162,-36.07568814,-21.8759498
Driver,98.89495347,-0.2,-10.6,0.196850394,52.106,-11.452,17.427,-2.989,7.763,141.8723157,1.4346,14.513,-4.204,4490.2,16.37,432.5360075,112.6707417,14.40038228,5.809687836,-0.418104698,1.534223825,0.087995,211.3775113,19.60744222,47.45729146,59.30561463,6.873957,222.5239304,22.00437823,104.9505028
Driver,72.07632427,-3.221,1.228,4.094488189,50.053,-1.473,16.642,1.851,0.623,104.5944435,1.4512,13.427,1.745,3340.0,0.172,265.335048,44.0059986,8.130962834,5.984196215,0.182487595,1.426058752,0.122317,144.4177557,4.548063088,29.29170851,54.97511319,4.462885,169.9433245,5.376727141,0.45128598
Driver,90.41249105,-2.538,-0.283,3.031496063,49.839,-2.427,9.686,-1.901,-1.618,128.5336883,1.4216,8.18,-1.698,1940.0,-5.28,294.9093396,27.54869317,-12.16227689,5.751279216,-0.174082597,0.821064687,0.093472,166.0378765,-8.365354595,16.92415157,71.26566847,3.734665,215.518724,-11.94600761,-10.34400804
Driver,97.06290265,1.898,-0.918,-2.440944882,48.733,0.748,11.011,-7.418,-6.499,138.2035165,1.4239,9.006,-5.959,3385.02,-6.27,414.1308692,62.85534074,-59.95768043,188.7337814,-31.10914716,9.898436136,4.89486,206.3679394,-34.97344467,32.97296778,58.06248019,5.62032,228.8811857,-39.84170199,-41.0097373
Driver,83.96787759,-4.054,-0.515,4.133858268,56.417,-3.212,25.975,-1.462,-0.947,109.0251432,1.2984,19.479,-1.236,7023.87,-1.355,289.7505623,85.88399045,-8.193199968,6.106356542,-0.134522206,2.198820469,0.124632,147.7516365,-4.970783077,47.0755814,54.68466748,5.66899,154.3643382,-5.242744913,-5.353019212
Driver,90.5265748,0.245,-1.126,-0.354330709,41.873,-0.852,13.067,-4.333,-3.207,130.9321314,1.4463,11.516,-3.933,2080.0,-9.07,355.8555863,49.27080064,-33.49014293,6.230458229,-0.434777884,1.267249792,0.100495,195.3706407,-22.3146903,25.2934678,65.89240574,4.7735,230.4982353,-27.97040683,-26.84813864
Driver,97.74740515,-3.595,-2.643,4.251968504,52.765,-5.38,12.947,-1.78,0.863,138.7878042,1.4199,10.919,-1.889,2800.0,1.916,424.6135021,66.82080748,-10.36692434,6.319053732,-0.206377943,1.233423147,0.0960877,219.4084138,-4.264761569,32.10070074,60.54562164,5.75779,244.6020813,-4.418253664,8.905843176
Driver,107.6145311,1.916,1.761,-2.283464567,48.897,3.434,11.488,-0.403,-2.164,159.9190229,1.486,10.358,-0.142,1840.0,-8.227,493.1307715,69.84079882,-15.05739164,6.349788144,-0.021931969,1.170046084,0.0834585,259.7755994,-12.87099928,28.58911029,69.75309714,5.73882,295.4142791,-16.34853597,-36.68379517
Driver,95.10558339,5.479,4.891,-6.88976378,53.575,8.95,-0.541,-7.404,-12.295,130.4525322,1.3717,0.327,-5.646,2540.0,-66.381,11.84915777,0.037388016,-1.215763169,5.693834381,-0.596966739,0.010146888,0.090132,7.933213422,-0.854506221,0.393556266,126.6373424,0.126112,74.8960154,-8.801323852,-0.223251189
Driver,91.68754474,-4.08,-0.536,5.787401575,49.834,-3.987,16.191,6.699,7.234,129.9111936,1.4169,13.735,5.777,3370.0,12.774,392.9909133,78.65131399,62.73424383,6.23847812,0.643653943,1.538800671,0.102719071,201.9003771,40.57724785,37.92104675,58.30519525,5.963675923,221.8552716,46.35792055,61.38947095
Driver,92.96930923,-4.724,0.755,6.811023622,41.947,-4.521,10.499,3.841,3.086,128.254966,1.3795,8.337,3.394,2810.51,5.803,368.4916459,50.70742044,32.15177276,182.1219625,19.00245022,-2.481600392,5.38628,178.494231,18.44017705,34.26110727,50.3520498,5.20628,197.5060877,21.37573882,23.69156859
Driver,85.79769148,-4.28,-2.297,4.842519685,53.818,-5.434,17.551,11.14,13.437,121.960451,1.4215,15.505,9.79,2932.07,30.823,331.8346079,62.90371203,91.53643968,6.156551653,1.079319668,1.705902498,0.108677,179.5859205,64.81389159,32.45192857,59.62163871,5.1218,195.3552023,73.51722209,106.1754046
Driver,95.74311024,-4.879,1.992,6.377952756,48.062,-2.406,10.238,2.182,0.189,136.125179,1.4218,7.504,2.147,3696.13,5.989,351.3677852,43.93498451,25.17387536,195.3062661,19.29938025,-4.23301808,4.75169,186.6309984,17.88730105,24.54831126,68.08811797,4.46169,221.5272074,23.44309373,32.74527099
Driver,96.85263064,0.0,-2.4,0.157480315,41.021,-3.153,15.993,-0.822,1.776,141.0482283,1.4563,13.742,-1.066,3170.0,3.507,452.6632414,97.40732268,0.137367175,5.572393554,-0.10073504,1.377106566,0.084317,227.4460544,2.595056034,41.46484306,60.43577757,6.62468,246.0011371,3.278852951,20.47730673
Driver,114.2313887,1.971,4.597,-2.440944882,47.45,6.408,13.624,4.399,-0.199,167.0877326,1.4627,11.876,4.429,2901.94,-0.955,578.3696312,120.4448542,40.57995231,6.235182426,0.480499519,1.347663457,0.0790626,282.193198,19.37003565,43.62346219,65.1075828,7.4712,292.6865696,20.01308654,-7.285212385
Driver,103.860952,-0.778,5.665,1.023622047,46.914,4.938,12.565,3.863,-1.802,146.2341178,1.408,10.894,4.095,2449.28,-4.596,452.6794614,69.41448055,23.72719733,6.059834498,0.428918796,1.174267543,0.087384,235.3849464,9.649988374,31.08937084,63.59248564,5.819881,265.8831057,9.961802803,-21.50834922
Driver,110.9274338,0.0,-2.2,-0.118110236,49.692,-2.74,19.678,-3.193,-0.81,149.3512885,1.3464,15.585,-2.791,6072.84,-2.591,445.7946337,148.3010051,-31.33050754,5.822955682,-0.310784763,1.671703322,0.084401,209.4705879,-17.60210779,55.42335696,65.01610653,7.45887,213.1109702,-17.96860725,-22.25273367
Driver,71.38511095,-2.029,0.23,2.716535433,45.708,-1.751,13.462,-6.732,-6.961,93.51445061,1.31,10.559,-5.386,2960.0,-16.017,178.5789575,20.13044112,-22.86968332,5.635268036,-0.546452733,1.027947615,0.127215584,103.7805806,-16.26795693,18.28367171,58.02239959,3.051260142,140.1644953,-24.30100943,-19.72556543
Driver,93.60459914,2.61,2.158,-3.307086614,47.555,4.547,6.695,-3.254,-5.411,136.7378758,1.4608,5.561,-1.738,2561.27,-28.372,295.2855278,20.06557441,-29.38918754,5.81248369,-0.197995553,0.565449743,0.088345,161.888738,-24.47028742,13.51272187,72.30813962,3.459025,213.5846287,-39.26806679,-58.81648204
Driver,82.83598783,-6.795,-0.933,8.346456693,52.009,-6.273,19.109,-8.87,-7.937,103.2999284,1.247,14.769,-7.454,4660.0,-10.935,263.1922094,52.18472018,-45.58016258,5.769467374,-0.76495251,1.531031912,0.120408912,140.27061,-28.79460192,34.87647002,52.36050873,4.735772733,157.7685838,-33.50363872,-32.22443389
Driver,103.9526664,3.3,10.5,-3.976377953,53.951,12.878,7.146,-2.668,-13.168,147.0888511,1.415,6.788,-1.36,1930.0,-48.316,265.870282,19.08306608,-26.89497821,5.732059272,-0.163106574,0.672128877,0.081068,154.3939186,-25.53495749,12.10030539,86.16192305,2.893433,218.8257393,-46.2022056,-65.74141564
Driver,97.95096636,3.194,0.063,-3.503937008,50.283,2.72,16.002,-1.116,-1.178,143.3688261,1.4637,14.117,-0.936,2695.25,-3.312,464.2904587,94.74332832,-14.55963244,6.231750788,-0.105173864,1.586703685,0.0929216,237.9326609,-9.955176805,38.73991048,62.43713259,6.52441,258.9238524,-11.31231859,-18.21146978
Driver,95.66481747,-3.594,-3.062,4.488188976,46.026,-6.537,15.467,2.23,5.292,134.4725304,1.4057,12.072,1.249,4707.51,10.023,404.7504685,88.44453083,33.13060688,5.566632917,0.132893812,1.223038116,0.0878175,199.9739289,23.27562821,42.64606862,56.80093103,6.28551,212.3999862,25.64823226,56.82241771
Driver,108.1156049,0.1,6.9,0.039370079,48.783,6.944,27.638,5.661,-1.239,140.4757963,1.2993,23.39,6.007,5930.0,2.464,398.8452471,175.3443579,45.7089458,5.710203414,0.601880017,2.525902028,0.092743,182.6804283,25.00891205,61.44197661,70.28112944,7.588663,182.6206383,24.99998924,17.80225062
Driver,102.9952577,-4.299,-3.48,5.748031496,45.565,-7.707,15.088,-4.584,-1.104,134.8499016,1.3093,10.406,-4.309,6275.5,17.379,365.8324214,72.20187357,13.24784088,187.4781977,19.55692545,-0.660658391,5.52799,186.5653106,19.27992212,36.94771856,59.6317634,5.48799,202.12298,23.92362549,99.50407654
Driver,67.28033286,-1.969,1.098,2.086614173,51.535,-0.467,17.61,-5.359,-6.457,86.47212777,1.2853,14.915,-4.42,2440.0,-14.177,171.0388854,26.38133877,-17.8605605,5.975527742,-0.477576143,1.544876933,0.148595,100.9629022,-13.01730178,22.7240592,56.23158934,3.221891,133.9349207,-18.95328674,-15.78784948
Driver,100.6643701,-1.987,-0.906,2.598425197,51.443,-2.491,9.709,-2.371,-1.465,144.8165712,1.4386,7.631,-2.107,3012.1,5.536,401.9695442,48.53818942,-1.461023676,214.7072238,4.688695799,-2.814478052,5.03421,208.79745,4.14696571,25.32975905,67.69873367,4.83421,244.0571923,7.295442213,35.45775876
Driver,83.64799571,-3.545,0.845,4.448818898,54.87,-1.654,20.95,5.018,4.174,106.6249105,1.2747,16.853,4.268,4400.0,6.074,287.604745,66.65262839,28.91443371,6.071860209,0.461953045,1.85374151,0.124180035,151.3449351,18.20602458,39.45204113,53.86773825,5.237472049,166.636069,20.59234793,20.92190735
Driver,82.87848962,-5.588,6.945,6.181102362,52.606,2.656,24.141,0.706,-6.239,114.128937,1.3771,19.286,1.831,5622.77,-9.004,316.6820246,93.12057998,-6.736872141,6.208762939,0.18066436,2.207665792,0.120662,160.920658,-8.072747891,47.27442323,56.49728441,5.952377,169.9269146,-8.993460629,-39.6114449
Driver,105.3149606,0.945,4.55,-1.062992126,45.045,5.493,11.475,1.8,-2.75,155.1990873,1.4737,10.179,2.146,2064.61,-9.493,475.0498073,66.69743682,1.577499835,6.522337317,0.236235372,1.181409475,0.0883447,249.3858628,-4.818990505,28.59341991,67.48376016,5.68659,283.3650645,-7.468864986,-42.45711708
Driver,108.2252147,4.377,1.64,-4.921259843,49.106,5.441,14.491,0.249,-1.391,161.0450966,1.4881,13.301,0.418,1920.0,-4.956,532.161983,98.84563889,-6.532417636,6.491523219,0.042990856,1.550579753,0.0857566,276.6870599,-6.959055696,35.75680105,68.66369319,6.57756,304.0120884,-8.484583555,-26.93033376
Driver,91.0254116,-4.1,-2.7,4.094488189,58.478,-5.461,17.219,-4.146,-1.446,133.058563,1.4618,14.206,-3.806,5600.0,-2.769,390.9665956,104.9369771,-33.13444323,5.894646332,-0.409526091,1.532708023,0.095288,190.988959,-18.57217534,48.34203356,58.13405696,6.548256,199.6896602,-19.58207884,-17.7412719
Driver,91.9626879,0.0,-1.8,0.236220472,47.059,-2.385,18.329,0.219,2.175,131.2162223,1.4268,16.104,0.022,2920.81,4.15,408.4904738,93.70313875,7.747852883,6.046699964,-0.001840526,1.757033621,0.099625,209.738407,6.696813069,41.28460935,60.36571118,6.321609,228.5517376,7.808583384,19.84895962
Driver,117.6315319,2.635,7.372,-2.992125984,51.048,9.504,13.811,5.176,-2.197,172.7420365,1.4685,12.479,5.446,2330.0,-7.107,598.3472308,119.2701841,34.97115383,6.376211828,0.597803871,1.441816603,0.0783158,299.1467896,11.49288968,40.10394575,67.45090293,7.34836,320.9163754,11.20162753,-50.78796835
Driver,91.74123121,0.03,-7.641,-0.039370079,40.239,-7.605,25.989,10.615,18.256,120.2348783,1.3106,21.936,7.354,6000.0,22.826,330.9370276,110.5957321,85.81882144,6.260516705,0.849513761,2.56847442,0.117337,166.2372797,58.07181478,50.18614704,59.11419284,6.29148,172.4194683,61.00596465,112.9692089
Driver,95.00492126,-0.8,-1.0,1.023622047,50.063,-2.355,45.967,-5.75,-4.59,103.6354689,1.0908,33.741,-4.029,12550.0,-4.012,250.5169265,128.4158977,-22.69867694,3.955395647,-0.290106486,2.678336894,0.09646,117.7147715,-13.90827701,61.66884615,62.07838687,6.193471,111.7386952,-13.12438547,-16.983106
Driver,78.21000358,-1.4,6.0,1.692913386,71.449,5.147,1.299,-11.565,-17.524,103.8797423,1.3282,0.918,-8.956,2590.0,-65.696,17.80759944,0.151676456,-2.925659933,6.02870659,-0.991417919,0.050545135,0.120168,11.81052776,-2.051764107,1.046171389,98.66236958,0.23844,71.84033717,-13.66730957,-0.648274656
Driver,98.46769864,-6.079,-1.241,7.322834646,49.642,-6.434,19.983,1.399,2.64,124.8731657,1.2682,16.143,0.982,4785.0,3.645,368.4640369,97.27525782,14.11571506,5.582677061,0.100472454,1.649218486,0.0967168,184.3317299,9.475897148,45.98220343,57.68613467,6.29429,194.897384,10.26890146,18.95865302
Driver,98.40506442,1.891,2.682,-2.362204724,45.455,4.544,17.685,6.468,3.786,143.1173944,1.4544,15.798,5.992,2760.0,8.542,467.8759237,106.9674321,66.85464694,6.317462747,0.668903547,1.809746502,0.095183,238.6658908,41.23232791,41.62779209,63.14696545,6.78628,257.1476061,45.48504888,49.40230928
Driver,94.69175018,-1.621,4.337,2.047244094,51.272,3.036,9.596,1.821,-2.516,138.1793576,1.4593,8.253,2.127,1890.0,-8.227,344.6729415,34.10417989,5.694225036,5.397501864,0.195973762,0.781978138,0.0814592,190.2754373,0.309137227,18.74121804,71.68790999,4.16133,234.899773,-1.299476624,-20.25920499
Driver,99.26181102,-4.1,-2.7,4.68503937,51.035,-6.285,15.617,1.643,4.343,146.9676092,1.4806,12.778,1.013,4250.61,7.545,463.2296024,114.712571,30.86162233,5.864044599,0.108191652,1.360142376,0.085024,223.5601249,21.22322576,47.53639612,60.2718072,7.041345,235.3264001,23.00820771,51.85614154
Driver,89.94944524,-1.233,6.116,1.850393701,46.311,4.939,8.97,7.505,1.389,102.7142985,1.1419,7.407,7.29,1610.0,5.02,147.9406682,10.69665922,19.52326249,5.64376392,0.719444214,0.704717229,0.1145288,90.28946153,12.37572342,10.39658333,74.49887698,2.154368231,147.7001953,20.85652924,2.780565191
Driver,93.16615963,5.499,8.45,-6.811023622,55.187,12.289,18.669,4.857,-3.594,130.4820598,1.4005,16.501,5.477,2911.75,-10.279,405.9628114,92.32145919,18.51033028,5.943625551,0.55658483,1.768833707,0.09861511,210.3591985,3.400682416,40.15912261,60.7594901,6.256618483,230.715235,2.355320945,-50.07059559
Driver,76.72020401,2.609,-1.067,-4.881889764,33.008,2.956,20.504,0.907,1.974,110.2572477,1.4371,17.832,0.592,2942.59,3.901,310.6330511,69.30812562,7.882811038,6.005918821,0.066728813,1.933512653,0.118885,167.1828687,6.080168955,36.97022691,57.3894853,5.34161,186.6981241,7.220191582,13.0608783
Driver,77.37786328,-0.514,3.472,0.590551181,54.075,3.1,9.676,-5.217,-8.689,104.3367484,1.3484,8.366,-4.076,1790.0,-28.734,159.195915,13.06510412,-16.74381572,6.357316144,-0.475681181,0.898799102,0.127443,97.00596688,-13.19497843,11.95359077,73.17414349,2.33165,147.5906424,-23.52770406,-18.99162118
Driver,97.80332856,3.3,-6.5,-4.724409449,43.515,-3.163,19.732,-2.201,4.299,142.3662312,1.4556,17.392,-2.709,3420.0,11.366,456.3996423,127.123819,8.992860966,5.72603081,-0.274986581,1.813320614,0.087542,225.6113761,13.32793304,48.19444373,63.1545899,7.166126,238.3904302,15.05714086,71.87270013
Driver,93.69631353,-0.8,-2.4,1.614173228,43.052,-3.841,16.935,-12.836,-10.36,123.9667591,1.3231,14.258,-11.054,3830.0,-12.398,360.9181452,77.64281341,-90.67949914,5.705223387,-1.121887215,1.46738247,0.098722,184.7227873,-54.27031708,39.8341141,56.12554257,5.834692,201.3405944,-60.52087835,-58.22640082
Driver,99.21259843,2.892,6.063,-3.779527559,48.33,8.641,15.637,2.556,-3.508,145.2999732,1.4645,13.767,3.09,2800.0,-15.321,464.7896234,92.8223128,-8.694041689,5.885041129,0.303677583,1.452021448,0.086419,237.9856135,-15.64352308,38.25805335,62.27526566,6.471547,260.5896848,-19.64674115,-85.26461303
Driver,100.246063,2.499,0.987,-3.267716535,48.992,3.162,16.105,1.451,0.464,147.298452,1.4694,14.137,1.381,2880.0,-2.117,486.7145208,104.944284,6.236847895,5.923171747,0.140855153,1.505375098,0.085959,245.624716,1.602844771,41.27208152,62.81460449,6.852965,265.5338689,1.431544881,-12.95163996
Driver,69.99821045,-2.173,2.664,2.007874016,61.794,1.498,25.086,7.68,5.016,86.47212777,1.2354,17.639,6.19,6487.1,15.156,186.2438457,39.44928797,30.08357956,106.8661969,22.53302432,-1.566281389,3.96221,104.3719663,21.73641846,32.15903558,50.74276528,3.84221,119.130705,26.41211152,31.80736297
Driver,25.2773801,-5.8,-2.6,4.330708661,65.678,-5.983,43.697,-2.941,-0.169,26.81997137,1.061,30.25,-2.723,3549.59,-0.136,22.47067887,6.549171383,-1.082486685,5.785465718,-0.291268606,2.098259906,0.528793,14.04987474,-0.708428485,32.8584105,24.56436476,1.330861,19.85908602,-1.001977833,-0.123012681
Driver,85.06845025,0.664,7.042,-0.748031496,57.081,7.472,8.805,-1.671,-8.713,121.2884753,1.4258,7.315,-0.048,2640.0,-25.864,254.9752663,21.31289081,-15.75981868,5.947199711,-0.028231886,0.756989726,0.102381031,143.1435647,-15.67786595,15.33200442,67.48878196,3.382998242,189.5898512,-26.29807579,-46.67598669
Driver,101.9707409,-4.1,5.1,4.881889764,55.852,2.296,11.097,7.37,2.27,140.9764227,1.3825,9.366,6.978,2450.0,5.925,410.8051741,55.03101962,58.78533502,6.008316057,0.735209335,0.999870466,0.089499,213.5632871,34.04127642,28.27154652,61.30426034,5.342049,244.6827344,40.22455227,24.52627813
Driver,108.6972083,0.5,6.7,-0.669291339,50.112,7.116,9.281,0.16,-6.54,160.7106747,1.4785,8.299,1.009,1960.0,-25.958,446.4517428,50.83794556,-29.62676715,5.882603385,0.086099486,0.863315037,0.076508,235.2233958,-29.27224114,23.91658556,69.26949313,5.039269,275.8417885,-40.70548064,-100.1329828
Driver,84.8000179,1.898,-5.845,-2.322834646,49.641,-4.231,5.417,6.973,12.817,121.1383769,1.4285,4.863,4.898,2574.22,31.218,194.6628125,10.15551628,26.75343664,5.947832403,0.534314398,0.496359158,0.101987,112.7114943,20.30503967,8.988243838,76.63546243,2.437419,170.4498045,36.65875264,32.29437807
Driver,76.60388332,0.48,5.139,-0.551181102,55.816,5.466,3.845,-2.341,-7.481,114.6521564,1.4967,2.717,0.181,3141.0,-55.193,81.39774868,2.089832207,-2.962309131,5.333729987,-0.020339853,0.234730769,0.096256,50.9374078,-3.744728051,3.540529326,91.84425527,1.01898,109.0151914,-12.75261872,-11.71556184
Driver,103.2256621,-0.204,-0.92,0.275590551,48.803,-1.099,14.127,-3.679,-2.759,155.2026664,1.5035,11.899,-3.236,3498.03,3.95,496.997633,110.3753872,-18.80396257,235.9512144,-9.065528713,0.653753836,6.95272,236.4312388,-9.087730881,46.14213895,56.71160086,6.97769,249.1940675,-9.61868278,12.78949327
Driver,100.5838404,2.3,0.1,-2.992125984,47.404,2.184,14.626,0.739,0.639,148.0035344,1.4714,12.874,0.718,2580.0,-1.534,480.5716067,90.09677793,2.606943517,5.73065656,0.070559749,1.319112426,0.082232,246.5583984,0.270768927,36.88318898,63.28194416,6.45797,271.3944331,0.032286251,-8.456721909
Driver,112.9429134,4.5,2.1,-5.118110236,51.218,5.605,16.593,-4.013,-6.113,163.4967788,1.4476,15.232,-3.049,2471.25,-14.825,556.5024048,129.1052326,-72.49812077,5.6114473,-0.332931672,1.539268324,0.073627,279.5324554,-50.48471082,43.30057747,66.97867372,7.429041,298.8904165,-56.02287843,-107.3682515
Driver,70.62231568,1.0,2.2,-0.748031496,40.209,2.686,18.58,0.427,-1.763,102.9346367,1.4575,16.036,0.811,2610.0,-1.206,262.3699969,48.97880281,2.131780508,5.764974581,0.068633327,1.644236961,0.12105,145.7548161,0.801884713,30.84424072,56.64198247,4.536005,171.3760278,0.785745501,-3.783598716
Driver,77.73801002,1.3,8.3,-1.535433071,57.737,9.006,3.759,-7.0,-15.3,96.81147101,1.2454,3.412,-4.781,2110.0,-11.697,83.3135327,2.711615074,-7.695128834,5.905128542,-0.502950614,0.323763452,0.12651,51.97213762,-5.237213252,4.580599569,77.6714142,1.231404,108.9289952,-12.02136418,-2.727894484
Driver,88.20687187,12.264,1.111,-10.7480315,53.523,10.359,10.114,0.179,-0.932,110.1720204,1.249,10.417,0.309,360.0,-22.567,99.72646168,9.380674529,-0.441637561,6.204485994,0.022724066,1.046909608,0.117979,64.67330408,-0.89485437,11.50259912,92.3208791,1.33334,116.0823171,-2.601094279,-3.730781292
Driver,101.053597,0.13,2.666,-0.157480315,47.432,2.786,13.785,4.278,1.611,145.1928239,1.4368,11.981,4.058,2620.0,-0.76,461.3836293,79.89236824,30.63912854,6.02336676,0.425579267,1.287998233,0.087857,237.7350086,15.52192339,34.69687544,62.48297312,6.169835,264.3195847,17.11726774,-3.914137148
Driver,97.37383679,0.3,-7.5,-0.433070866,51.588,-7.319,20.998,-5.945,1.658,133.4070777,1.3701,18.843,-6.132,2865.48,4.188,427.8934409,114.4948373,-35.01546408,5.326933996,-0.565451742,1.82710416,0.087495,218.389237,-15.70334601,45.12880428,62.86113622,6.802977,234.7501928,-16.45342987,22.96296745
Driver,98.60638869,0.9,-8.3,-1.102362205,48.048,-7.534,10.525,-0.513,7.787,138.6075072,1.4057,9.29,-1.694,2210.0,9.175,383.26729,47.31399053,0.485647568,5.998826385,-0.169674909,0.985871404,0.090828,203.7503357,4.580276073,25.07691258,63.74502148,4.916634,239.4791811,7.34784581,31.7997963
Driver,98.69139227,-6.789,0.203,7.992125984,50.502,-5.429,12.965,0.613,0.411,136.6199893,1.3843,10.496,0.561,3350.0,0.764,420.3331815,69.91595434,5.623744588,5.567182762,0.05514507,1.049137258,0.0858112,212.6509178,3.36514957,34.80458814,57.9724247,5.90676,233.5381531,3.81452059,3.849461806
Driver,93.64262706,-4.907,1.181,5.393700787,61.772,-1.46,17.751,-10.715,-11.896,118.0185218,1.2603,14.705,-9.012,4050.0,-18.35,330.5710019,68.9066582,-78.91376325,6.253427066,-1.006931899,1.656277606,0.114103916,171.7783533,-50.96056452,37.58806644,55.44470563,5.453798642,189.7315253,-58.43632048,-73.9056886
Driver,103.8564782,1.794,0.266,-2.244094488,47.817,1.893,17.219,0.455,0.189,151.169694,1.4556,14.575,0.421,3969.51,0.441,495.2069781,133.3271529,4.963035102,6.424341395,0.0478351,1.717754076,0.0912411,238.5431883,2.850350006,49.56658542,64.00171398,7.46471,248.8621272,3.005988475,3.292913107
Driver,109.5204009,1.9,-1.7,-2.480314961,47.965,-0.103,12.992,-1.936,-0.236,162.3794291,1.4827,11.808,-1.92,2710.0,0.738,547.7332568,108.8713429,-15.91828947,5.900607718,-0.197857507,1.249527127,0.07689,271.0819956,-7.406706985,41.05652472,63.49728887,7.145511,291.6455488,-7.85156757,5.029215968
Driver,102.0736399,2.432,-3.038,-2.716535433,51.18,-1.08,14.827,0.912,3.95,147.6476378,1.4465,12.766,0.233,3172.55,11.391,479.726466,97.83691288,30.76231956,6.263901171,0.038269599,1.446493731,0.0902276,239.9445784,24.4380268,40.37756841,61.01614847,6.71336,258.2387307,27.88077603,70.40141618
Driver,79.41794918,-0.676,0.61,0.669291339,59.55,0.212,22.708,-0.425,-1.035,105.9406317,1.334,19.479,-0.269,3400.0,-1.799,294.6704955,73.87803975,-3.61764565,5.942973584,-0.030524765,2.103843227,0.123975,156.8923838,-2.760414696,40.24571977,55.98296928,5.401059,174.2118463,-3.237406622,-6.071704038
Driver,103.1138153,1.3,8.1,-1.496062992,55.445,9.053,12.909,-4.81,-12.91,141.5806192,1.373,11.524,-3.102,2950.0,-24.367,417.5247483,70.29056178,-67.81963214,5.929101405,-0.344268656,1.21943463,0.088642,213.9759179,-50.74015058,33.94206486,59.01519452,5.780594,237.8414011,-60.86105076,-118.2511247
Driver,86.08178239,5.252,4.733,-6.692913386,43.123,10.366,5.111,9.522,4.788,123.7833304,1.438,5.152,8.224,1590.0,84.223,81.99152358,3.843585369,14.12867046,6.319987111,0.94366937,0.514050564,0.105863,53.0004827,10.67446637,5.860063064,103.651769,0.962285,122.6859122,28.93188848,9.416019795
Driver,83.88287402,-3.418,-4.487,3.464566929,57.602,-6.659,14.873,-2.765,1.722,120.0926092,1.4317,12.877,-2.96,2391.0,3.437,324.6005501,50.11852872,-13.08824959,5.207297681,-0.266662564,1.188230823,0.0919552,178.1293426,-5.873456503,27.53108958,61.58502936,4.78147,208.1602568,-6.304753518,9.983273754
Driver,114.8778633,5.5,1.3,-6.653543307,50.847,5.893,16.62,-1.53,-2.83,164.2817198,1.4301,15.392,-1.136,2730.0,-8.623,567.0154001,141.7996204,-38.8568066,5.651322567,-0.123757628,1.570615679,0.073891,279.3987329,-27.81079955,46.41424282,67.11625507,7.770654,295.3792174,-30.39064019,-66.88075095
Driver,110.6164996,-7.711,-0.934,9.645669291,47.846,-7.975,7.189,-0.377,0.556,165.553418,1.4966,5.544,-0.439,2706.35,2.126,523.4688286,55.76330375,0.990534497,6.085457895,-0.044903253,0.609514537,0.0763493,258.801829,1.944738102,26.77812894,63.16540151,5.822,281.0289312,2.47857709,11.78263218
Driver,101.6419112,3.1,0.1,-3.858267717,48.617,2.918,14.053,-0.529,-0.629,149.9566034,1.4754,12.458,-0.392,2380.0,-5.331,481.8567892,85.07034785,-13.93704103,5.859530806,-0.044168455,1.302542689,0.082835,249.534364,-10.97538111,34.82976249,64.4993893,6.284639,277.2738303,-13.19198524,-27.80865832
Driver,98.97772011,-0.5,-5.5,0.826771654,48.879,-6.207,11.219,-9.72,-4.22,131.6372137,1.33,9.809,-9.208,2730.0,-5.731,373.7116486,50.52859412,-67.43754299,5.652089109,-0.911329126,0.983576395,0.090256,196.1384243,-38.55039534,27.74211815,59.90706262,5.109147,226.4930993,-45.63984766,-21.83986222
Driver,95.79232283,-1.975,-2.002,2.165354331,52.518,-3.518,18.077,-1.821,0.181,134.1994005,1.401,15.601,-1.844,3300.0,0.327,425.5610689,100.0308009,-12.5811254,5.343546091,-0.171691308,1.511737262,0.0856576,215.3598148,-6.329010935,42.74096644,60.37195751,6.5639,231.3340294,-6.762990555,1.803568491
Driver,89.39915891,-5.0,-0.6,6.023622047,42.138,-6.618,12.86,4.221,4.909,128.3379563,1.4355,10.187,3.487,3530.0,6.479,372.7523924,61.10108315,34.09902802,5.933730373,0.365837574,1.084614802,0.097584,188.6310585,21.07827222,34.49816348,55.02627847,5.530978,209.45957,24.4069704,28.91451342
Driver,99.08061918,-6.076,-8.067,7.322834646,49.572,-13.27,15.591,-4.967,3.1,138.0243379,1.3931,12.912,-5.367,3710.0,5.213,434.919943,93.05661275,-27.06880394,6.426737446,-0.594290313,1.505419762,0.0992332,216.7219756,-10.19011715,41.70539266,58.8172448,6.49468,232.4324551,-10.32488937,30.30961017
Driver,95.27335361,0.055,4.959,-0.078740157,50.153,5.005,20.381,10.489,5.53,134.1148443,1.4077,17.253,9.577,4320.0,6.137,414.5916366,119.5237017,81.89345959,5.851361995,0.981630756,1.84593993,0.095098,204.2074888,46.26038544,49.16329683,61.30574086,6.894611,214.6863467,49.03949836,37.57289407
Driver,89.80180744,-1.6,-1.6,1.417322835,56.032,-3.271,20.79,-0.759,0.87,125.406675,1.3965,16.303,-0.895,5590.0,1.829,361.1211702,101.8590099,-1.473695181,5.878410736,-0.093775579,1.75801532,0.101956,178.7572115,0.310314498,48.38598533,57.64565301,6.35132,187.3484692,0.425266095,9.307413241
Driver,86.89155333,1.583,5.138,-2.007874016,52.388,6.358,20.112,6.663,1.525,122.6532301,1.4116,16.569,6.354,4328.4,4.493,363.2076394,93.4023114,47.96649341,6.383522855,0.713635431,1.933371849,0.113093,183.6131956,27.66327123,44.65861882,57.57352157,6.19022,195.7773874,29.84398759,22.21386801
Driver,101.2079456,-3.317,-0.619,4.05511811,52.723,-3.147,7.004,-8.625,-8.006,138.8379116,1.3718,5.695,-7.597,2290.0,-26.654,296.7489548,20.15147443,-56.81603938,6.409483708,-0.868470513,0.637544736,0.0959403,164.246019,-38.82200466,13.1027769,75.04624986,3.41276,214.7576831,-56.54805592,-52.14739204
Driver,100.5100215,0.7,-9.9,-0.826771654,49.104,-9.386,12.356,2.378,12.278,136.4933787,1.358,11.013,0.829,3720.0,28.575,388.8070364,64.24589688,58.45156366,5.715946033,0.120627566,1.12446835,0.088502,198.5199565,47.52314559,33.44086987,57.36312614,5.523097,220.6213371,57.86229431,134.1883285
Driver,88.26950608,-3.7,7.3,5.0,48.405,3.938,6.149,-2.068,-9.368,128.5504653,1.4563,4.938,-0.821,2130.0,-14.078,250.2373823,14.55899748,-10.84848842,6.035600688,-0.098244553,0.519061795,0.097544,139.631587,-9.108228716,11.12433347,73.78804999,3.011384,193.7918813,-15.64610095,-21.33246252
Driver,100.38699,-1.4,-5.2,2.677165354,38.536,-7.642,17.769,-3.705,1.629,143.9302971,1.4338,15.018,-3.912,3946.54,2.027,457.0493923,122.4414898,-24.37184579,5.898383393,-0.403945582,1.611080382,0.08821,222.6076788,-10.77012719,48.5768332,61.48373133,7.14787,234.1366814,-11.16429056,13.27326647
Driver,101.6530959,0.9,9.3,-1.102362205,52.043,10.058,6.324,-6.73,-16.03,132.3185845,1.3017,5.73,-4.841,2510.0,-20.418,291.4031221,20.43985701,-39.15339997,5.967950383,-0.52042015,0.598511615,0.093801,159.9073096,-27.44119435,13.91899029,70.73315195,3.513927,210.3685582,-40.94376847,-42.14631025
Driver,91.6360952,-3.123,-1.339,3.385826772,56.487,-3.41,22.117,9.065,10.405,114.814558,1.2529,18.011,7.219,5078.9,14.33,319.2962687,85.65385153,63.28648464,6.237656281,0.809995039,2.05629405,0.1194184,163.6307664,40.74946539,44.59026528,55.78073588,5.806609474,174.8378355,44.5036091,61.53616262
Driver,116.817287,1.33,0.306,-1.614173228,52.403,1.33,19.958,4.242,3.936,159.3586704,1.3642,17.598,3.709,3820.0,7.48,530.7720214,170.2715789,60.62691218,6.471676254,0.43020843,2.102882806,0.0885814,251.712055,37.21470355,54.06405292,69.56746942,8.12541,258.9566234,38.62976868,63.09805437
Driver,89.19336077,1.692,8.449,-2.165354331,52.174,9.763,6.942,-0.685,-9.133,131.1846815,1.4708,6.209,0.611,1930.0,-42.378,208.2268397,13.2037781,-9.805104348,5.93242676,0.035689771,0.630026224,0.094026669,123.2698767,-11.8687513,10.02143213,84.54438867,2.446416283,188.6638162,-25.84669103,-39.5294687
Driver,84.36157838,-0.253,7.589,0.31496063,55.022,7.413,11.751,4.963,-2.626,123.2216356,1.4607,9.612,5.441,2680.0,-9.744,319.3784699,38.3252447,20.22567814,5.840826209,0.545003617,0.989303923,0.099601129,172.8756774,7.210004365,23.10468532,61.61706739,4.432809491,208.8518708,6.698382731,-27.60123333
Driver,94.00724767,-4.22,-3.943,6.653543307,47.883,-7.768,8.301,-9.745,-5.802,139.7279885,1.4863,6.831,-9.054,2250.0,-19.793,337.2395633,28.61016156,-70.09728576,6.342366703,-1.014845278,0.760203005,0.094631086,183.9123876,-45.16949694,16.89098522,70.84963487,3.988068276,232.4418595,-61.75543508,-49.65524211
Driver,95.0630816,-2.312,0.552,2.519685039,55.72,-1.025,15.855,-0.703,-1.256,139.6523801,1.4691,14.24,-0.586,2245.0,-2.514,435.3605355,81.52798743,-8.542804193,5.515871606,-0.058210845,1.407413608,0.0842752,230.2642636,-6.101453251,34.51264061,64.25081617,5.99615,256.5909399,-7.203642094,-11.24083361
Driver,99.75617394,3.3,10.7,-3.897637795,54.32,13.115,6.659,2.599,-8.101,140.3409091,1.4069,6.279,3.357,1400.0,-30.446,261.5518395,17.79796107,2.611727006,5.653003408,0.314168721,0.614349173,0.083709,150.8953976,-4.263247193,11.73338973,83.69616807,2.932209,213.2947818,-11.79556994,-39.26524297
Driver,77.02666428,1.239,4.058,-1.496062992,52.741,5.001,10.961,3.792,-0.266,110.7954545,1.4384,8.538,3.86,2666.15,13.836,226.6125667,21.37118876,25.40159912,137.6096901,21.79239333,-4.266557485,3.71228,125.9352986,18.7428979,17.58209041,61.46548728,3.29228,163.1599064,27.94613888,30.95097152
Driver,109.9968683,6.1,3.5,-7.007874016,51.558,8.352,17.619,2.31,-1.19,162.0369542,1.4731,16.228,2.385,2249.45,-4.564,551.6764623,136.8878678,10.10149362,5.83769884,0.246538964,1.712489488,0.077742,276.3191012,1.303109631,45.23651751,67.55477373,7.54841,294.2323743,0.838240918,-30.58997159
Driver,92.80824982,1.133,5.224,-1.456692913,54.496,6.032,12.585,-5.567,-10.79,136.4119542,1.4698,11.241,-4.253,2520.0,-30.801,363.7057777,50.09456708,-61.83463442,5.959906224,-0.467419254,1.18266585,0.092247681,197.3194245,-48.1610921,25.72421668,64.77179148,4.799335248,232.6433805,-63.34271945,-101.5130867
Driver,92.41007516,-0.405,8.875,0.472440945,58.897,8.631,8.528,-5.761,-14.636,128.0939066,1.3861,7.426,-3.902,2730.0,-44.758,239.3951566,19.24461437,-37.75814031,6.201685815,-0.462083382,0.795620406,0.101133878,136.7438001,-31.66998117,13.84513354,73.12430086,3.003488585,188.400653,-53.09626224,-67.63242578
Driver,101.8857373,-1.902,3.158,2.598425197,49.849,1.552,14.633,-1.254,-4.412,147.176539,1.4445,12.645,-0.703,3010.0,-9.413,477.6351909,94.05024663,-28.41797382,5.808371887,-0.07960484,1.316666044,0.083814835,240.551185,-21.62789793,39.18954143,61.37092197,6.608849901,261.8735475,-25.04517611,-56.06044531
Driver,108.2744273,1.864,1.531,-2.125984252,49.621,3.117,12.588,-2.636,-4.167,159.9492215,1.4773,11.157,-2.065,2440.27,-13.909,519.9198085,87.03980179,-50.01087473,6.313086803,-0.24013165,1.263481756,0.0832872,265.2367876,-36.27161527,34.51000068,64.66586844,6.45182,291.3518386,-42.46872409,-80.34151653
Driver,96.13457409,2.279,3.687,-3.031496063,49.741,5.619,11.752,2.401,-1.286,135.8683787,1.4133,9.931,2.653,2480.0,-5.211,387.4278381,50.95227321,10.7305061,5.98776951,0.272696814,1.052638319,0.092653,205.8467278,3.16051677,26.39432478,63.11739353,5.087903,240.0858133,2.585262101,-19.10935052
Driver,104.4693987,-0.7,-1.3,0.984251969,51.515,-2.099,17.89,-1.848,-0.548,146.1115336,1.3986,13.87,-1.703,3750.0,0.023,470.0172605,116.9343,-13.89036809,5.759165321,-0.176557638,1.446517041,0.084302,228.8462725,-6.964762125,47.0364371,61.16791632,7.104296,241.9410986,-7.361101197,-0.491549345
Driver,85.11095204,0.9,-7.3,-0.787401575,64.611,-6.928,10.569,-8.833,-1.533,113.3303508,1.3316,9.066,-8.932,2330.0,-6.803,252.748975,26.29231923,-41.3769842,5.665935592,-0.842645019,0.89697542,0.104887,141.7699062,-25.15701319,18.80709419,62.59389238,3.658688,181.8556534,-33.52585118,-9.569301703
Driver,102.7961704,-4.331,-8.24,6.102362205,45.04,-12.578,18.5,10.427,18.668,138.2265569,1.3447,14.286,6.723,7556.27,27.143,377.6132779,99.81981437,109.6508642,6.019615039,0.750313516,1.575471434,0.0938696,185.8175537,73.13539483,46.71105719,57.09710254,6.284549329,192.3478499,76.98135228,157.9041963
Driver,97.11882606,1.853,1.9,-2.322834646,51.603,3.369,12.583,1.357,-0.543,145.4625984,1.4978,10.778,1.451,2610.0,-7.866,451.3427154,70.17101202,-3.48292417,5.966315153,0.144392971,1.144914865,0.086468,232.98297,-6.814382873,31.87876186,62.36218945,5.878467,261.7477352,-9.237987456,-38.12782011
Driver,25.74489979,-5.8,-1.0,4.291338583,75.99,-3.135,46.0,-1.936,-0.763,27.15528812,1.0548,31.694,-1.471,3820.0,-0.569,23.65422218,7.283055446,-0.658919149,5.782392302,-0.168834966,2.293546576,0.530869,14.69070185,-0.434226182,34.5119872,24.78318464,1.403264,20.01311269,-0.594077305,-0.171369746
Driver,99.21036149,-1.681,6.589,2.165354331,45.136,4.915,16.614,2.927,-3.662,139.1638332,1.4027,14.88,3.292,2444.48,-11.03,437.3555922,87.22754289,4.850802812,6.140445011,0.342340905,1.64284422,0.0945974,229.3292075,-4.425083466,36.48332618,63.23359485,6.17666,244.5589479,-5.804743103,-52.75342441
Driver,83.10665712,-3.725,4.642,3.858267717,54.131,1.944,25.762,2.053,-2.588,108.141777,1.3012,19.841,2.629,6374.26,-3.766,289.3679411,85.44551134,6.650580702,6.367274312,0.283642012,2.33509537,0.131374,148.3853404,1.911323684,46.75573715,54.94637325,5.666101,156.0263763,1.851791191,-14.68905657
Driver,86.77970651,-3.019,-2.322,4.133858268,44.539,-5.395,18.13,9.572,11.894,121.8345115,1.4039,14.939,7.659,4450.0,19.489,345.9176492,77.43170547,79.46352826,5.244963116,0.720396073,1.414979466,0.092579858,177.3291552,52.25481218,40.36955359,55.81202299,5.736575468,192.5283317,58.72828958,87.6124631
Driver,107.2767538,6.094,7.29,-7.480314961,48.709,12.67,8.389,-0.303,-7.592,149.7680297,1.3961,8.091,0.713,1560.0,-31.525,344.0342801,31.65404427,-17.90097585,5.908334083,0.055086901,0.834641601,0.082323,193.3879806,-19.56899569,16.5241194,80.09582566,3.803513,250.5856262,-32.37590231,-65.88487286
Driver,91.64056908,4.463,3.914,-5.748031496,55.329,7.009,11.115,-8.077,-11.991,132.3344667,1.4441,10.332,-6.606,2160.0,-46.02,278.1864727,30.74873203,-57.03759301,6.004614276,-0.723924952,1.07895816,0.095432021,159.7884977,-44.94210968,18.30297272,73.60770008,3.514271144,208.7948125,-67.77343134,-81.01059633
Driver,94.77675376,-2.7,7.5,3.622047244,51.103,5.211,7.761,-1.634,-9.134,132.1758679,1.3946,6.461,-0.449,2260.0,-8.392,314.1496563,25.95372456,-9.68651581,6.09984753,-0.055206569,0.693087649,0.096189,169.9766133,-8.04404565,16.89283426,66.89557708,3.896224,214.836444,-12.09579294,-20.13983449
Driver,109.7843593,3.442,0.282,-3.897637795,57.818,2.451,20.552,-9.556,-9.838,146.9828203,1.3388,18.363,-8.199,3700.0,-19.443,471.9764229,139.4498572,-120.4634046,5.504570444,-0.804934019,1.854681667,0.0818176,231.7319955,-77.49440591,49.49736374,64.8890552,7.40646,242.3156889,-82.37436626,-136.6719214
Driver,103.2771117,-1.434,-6.376,1.850393701,50.138,-7.574,13.773,2.786,9.161,148.2393074,1.4353,11.13,1.135,4556.5,21.002,454.8703592,96.67442424,68.57150356,6.039100921,0.145753698,1.216622626,0.086270392,221.6914141,50.18796894,42.94972281,58.35939409,6.615297915,235.9420615,55.8876557,137.7024755
Driver,88.99203651,0.616,-1.203,-0.669291339,50.953,-0.703,17.462,-6.37,-5.166,120.0874642,1.3494,13.825,-5.203,4538.49,-16.507,337.650244,70.70695514,-58.24657178,6.199640097,-0.586658919,1.552134546,0.110628,173.2296681,-39.0914182,38.70013844,54.90572946,5.56181,182.0820573,-42.08496022,-70.87882582
Driver,87.80869721,-2.013,-3.26,2.716535433,46.486,-5.172,12.845,-13.285,-10.025,120.3543307,1.3706,10.371,-11.56,3580.0,-10.62,330.3748103,48.5577503,-79.82855484,6.284515885,-1.273215731,1.161876941,0.110323833,172.4200674,-46.85825676,29.50460396,56.01290387,4.932506671,197.9200242,-55.550261,-37.96874094
Driver,93.85960988,-1.763,6.219,2.362204724,50.619,4.771,9.321,-2.847,-9.066,132.4085093,1.4107,8.068,-1.801,2136.16,-15.25,317.2734528,30.31713131,-21.96514846,5.191410679,-0.17205466,0.733629362,0.081808096,175.8291874,-17.22688027,18.01110946,69.71722342,3.966339883,222.7733485,-25.18699339,-35.15688351
Driver,108.6301002,7.1,7.7,-8.228346457,51.872,13.323,15.432,3.499,-4.201,162.259082,1.4937,14.546,3.966,2260.0,-16.365,540.8541361,115.6994362,-4.315253266,5.819302,0.390044576,1.520047206,0.076707,275.2499798,-15.75710599,40.52456855,66.65511053,7.063489,297.6970787,-19.64715104,-104.177033
Driver,107.5407122,-1.3,3.3,1.850393701,50.868,2.093,11.573,2.839,-0.461,158.2012795,1.4711,10.163,2.939,3270.0,1.582,526.3524794,99.96205508,32.35678245,5.671798822,0.303844501,1.035175323,0.075438,256.5027303,17.38023948,41.06851215,60.82001207,6.984675,275.4030679,18.90485978,12.70802447
Driver,99.22602004,1.432,6.374,-1.929133858,46.404,7.738,16.203,1.844,-4.53,140.7753221,1.4187,14.353,2.437,2707.38,-11.181,447.4601846,90.50209815,-3.872729268,5.916736401,0.241474142,1.522696239,0.089927,231.0716844,-9.662142511,37.99517207,62.21812285,6.354777,254.1223507,-12.40521036,-58.41052511
Driver,106.9300286,-1.39,0.101,1.771653543,47.604,-1.169,13.809,-4.818,-4.919,150.4491768,1.407,11.932,-4.189,2950.0,-11.67,488.8933037,91.46125843,-63.31154046,6.469091655,-0.485566276,1.392084907,0.0911365,246.0146108,-41.21181973,37.97418347,61.47567169,6.58255,266.8903251,-46.54320192,-70.15530751
Driver,114.7906228,-1.33,3.511,1.692913386,51.196,2.442,11.99,0.408,-3.104,165.552747,1.4422,9.714,0.951,3842.8,-1.103,536.0286943,105.3622313,-2.664363138,260.1035421,-4.583832771,-0.921114784,6.91617,258.9414928,-4.524008281,41.47958491,63.52154459,6.86617,276.4960202,-5.528484501,-26.46139118
Driver,110.5247853,2.635,1.129,-3.11023622,48.215,3.486,11.594,-1.391,-2.52,159.1725573,1.4401,10.504,-1.078,1790.0,-10.179,486.2543041,68.68115647,-25.44724504,6.205020836,-0.12390852,1.15848355,0.0819492,257.4013756,-19.4336873,28.18643748,70.29023013,5.65899,293.8203804,-24.29033748,-43.80431546
Driver,101.6933608,2.809,6.226,-3.74015748,48.261,8.736,10.753,-1.603,-7.829,148.8598336,1.4638,9.769,-0.609,2050.0,-33.459,383.9025472,45.03474379,-38.5712605,6.010607109,-0.08718042,1.032390113,0.084742,210.1580868,-35.48705599,21.94820413,71.73952753,4.526756,254.9685934,-50.95671957,-99.8501626
Driver,80.27469578,-3.837,1.752,3.385826772,59.792,-0.486,23.868,1.437,-0.315,113.2860594,1.4112,19.111,1.496,5346.84,-0.402,316.2245112,91.72573277,7.180139555,6.226908796,0.161820835,2.198935184,0.121503,160.8152332,3.618070838,46.81989108,56.33986756,5.93108,169.4312849,3.792069723,-1.741585623
Driver,101.1632069,-4.158,-3.848,6.141732283,47.39,-7.682,12.563,-3.083,0.765,141.4430476,1.3982,9.992,-3.204,3614.83,7.984,414.9534571,67.48278795,-5.726087306,219.6229799,2.54286366,-3.925826863,5.70678,213.6240641,2.092826076,32.62588828,63.9015082,5.47678,239.6809145,4.083203027,42.08606693
Driver,88.07041875,5.487,1.644,-5.984251969,51.763,5.985,21.892,0.724,-0.919,122.2610952,1.3882,19.817,0.849,2523.32,-1.953,375.9007942,95.29749241,2.341397565,6.285468052,0.090847772,2.271527165,0.113503,199.222206,0.206745043,41.13745457,61.92871819,6.14792,218.1603908,0.018123023,-8.235635624
Driver,97.94872942,-0.709,0.38,0.984251969,48.065,-0.257,12.405,-2.756,-3.136,141.7345204,1.447,9.727,-2.1,3875.27,4.955,430.5290362,82.10516463,-8.37806864,204.5167803,-3.171184602,5.99685586,5.81028,212.123575,-3.161115017,39.11369995,57.86725685,6.15345,229.6844004,-3.253672435,13.83941806
Driver,102.1675913,3.1,0.3,-4.05511811,47.316,3.302,14.468,0.426,0.126,150.447611,1.4726,12.808,0.522,2480.0,-2.957,490.4234378,91.0649059,-1.985241985,5.679015236,0.049578639,1.299907714,0.080118,252.0090204,-3.158102817,36.57483535,64.06696336,6.484188,277.6239205,-4.002760735,-16.36115339
Driver,101.509932,-0.3,4.5,0.511811024,44.311,4.052,12.742,0.124,-4.376,149.5127953,1.4729,11.156,0.689,2480.0,-14.397,464.8156554,73.2587905,-21.44625536,5.532691911,0.056612824,1.097850889,0.078016,241.3178205,-20.66706125,31.91514994,63.90958918,5.943612,270.8247442,-26.13495555,-70.6702772
Driver,83.01046886,-3.797,4.928,4.015748031,54.422,2.207,23.628,2.275,-2.653,109.5676002,1.3199,19.876,2.675,4100.0,-4.194,309.2578077,85.15685246,7.400864017,6.093407797,0.277347995,2.21872671,0.123462,160.6860068,2.030845425,44.09129598,56.3329599,5.741243,174.1148216,1.882139119,-16.41024187
Driver,31.84502505,-6.2,0.4,4.763779528,69.93,-2.316,52.5,-3.61,-4.043,30.49302076,0.9575,41.031,-2.312,3460.0,-2.003,33.09503002,13.92315134,-1.274171149,4.114879994,-0.170003939,2.961021323,0.377518,19.47496532,-0.848889619,44.8040291,27.69618992,1.923416,24.47385909,-1.07468866,-0.189913528
Driver,89.78167502,-2.106,0.761,2.637795276,48.819,-1.082,16.993,2.945,2.184,124.7888332,1.3899,13.159,2.487,4780.32,1.37,364.1251692,80.32774713,18.24506176,5.957088008,0.26050589,1.421680473,0.10209,182.7659527,10.1649676,41.74170463,55.52543857,5.931573,196.6486183,11.06954485,6.710876341
Driver,105.6147101,1.7,7.7,-2.086614173,51.453,9.121,10.051,2.522,-5.178,154.7899517,1.4656,9.011,3.373,1890.0,-22.358,430.0146028,51.53275189,-5.061015612,5.85218319,0.329168842,0.932094406,0.079179,228.6196706,-13.87913961,24.41881791,68.85434272,5.014633,268.7448948,-21.51969342,-81.84403088
Driver,99.53471725,-3.35,4.513,4.37007874,51.811,1.873,9.942,1.416,-3.096,144.9789728,1.4566,8.508,1.756,2120.0,-6.624,402.4632772,44.91395136,4.027918894,6.109791264,0.182135131,0.917676392,0.088168141,215.018291,-0.883484659,22.6092344,68.09534989,4.82543294,256.9580786,-2.611214949,-22.41557756
Driver,92.83509306,-0.719,-2.588,0.866141732,48.9,-3.216,28.34,-1.507,1.081,118.5066213,1.2765,23.3,-1.72,5930.0,7.681,332.6502873,122.3656776,7.486530297,5.843032502,-0.160801528,2.558289914,0.112481,163.9586873,8.078148631,53.63625415,60.9962447,6.530271,168.9524023,8.51686736,38.96933271
Driver,92.38546886,3.445,5.079,-4.094488189,59.331,7.125,14.477,-4.679,-9.758,133.8238189,1.4485,13.166,-3.469,2340.0,-32.578,358.739913,55.96474307,-56.5087737,6.113967512,-0.397829287,1.424104454,0.097202739,196.9339532,-46.26212164,27.55825921,65.3185457,4.883939437,231.2350753,-60.78356162,-103.7838998
Driver,86.98103078,-5.3,-2.7,5.0,57.074,-6.331,20.637,-1.929,0.771,120.6824893,1.3875,17.062,-2.03,6490.0,1.62,335.532286,97.35530268,-8.127120352,6.01589763,-0.213749017,1.890755089,0.109117,167.0271246,-3.359002353,48.57239448,56.6075466,6.140784,173.9654061,-3.429979527,7.675418574
Driver,94.11685755,-1.884,-4.877,2.322834646,49.655,-6.477,20.629,1.997,6.874,127.7594846,1.3574,17.478,0.96,4185.33,7.173,388.034335,107.0829893,22.66960207,5.837689931,0.107510158,1.862813754,0.099732,194.1937485,16.33995838,47.06820949,59.62902849,6.556217,206.2344876,17.90519933,39.28682315
Driver,96.12786328,2.881,3.3,-4.527559055,46.384,6.048,14.18,-3.343,-6.643,143.993155,1.4979,12.906,-2.567,2118.29,-11.162,429.264429,77.66889594,-48.67900225,213.3906482,-34.01585772,3.270536908,5.59819,218.032106,-35.22309906,36.02553518,63.08943865,5.78434,242.6378015,-41.74853634,-76.65265671
Driver,25.55028633,-6.6,-0.6,4.763779528,72.179,-3.425,42.506,-0.377,0.384,27.98273085,1.0952,29.051,-0.475,3710.0,0.316,23.90923775,6.674202431,-0.200176794,5.758670153,-0.050478576,2.081721125,0.498162,14.98686034,-0.128349419,31.74258336,25.43364965,1.34958,21.23674078,-0.180160506,-0.012315632
Driver,82.18503937,-1.127,6.151,1.062992126,64.396,5.611,24.439,6.99,0.839,103.9607194,1.2649,20.565,6.85,4000.0,1.413,284.8837194,78.01632552,34.54534377,5.913704039,0.707629566,2.227842328,0.126842,150.0302666,19.50406288,42.98729941,55.23881148,5.464785,164.0875527,21.43775638,4.867541645
Driver,88.27845383,5.423,-1.211,-5.826771654,52.563,2.957,9.938,-11.754,-10.542,121.0003579,1.3707,9.085,-9.693,2648.84,-55.493,200.8541863,18.50644289,-51.32505217,6.182728153,-1.085209904,0.963414207,0.107102,118.8966055,-39.58566282,14.40533082,74.41703473,2.66354,167.0402994,-64.25118894,-60.43245416
Driver,104.8765211,0.122,3.355,-0.157480315,43.706,3.483,10.947,-1.698,-5.053,145.4742305,1.3871,7.93,-0.266,4810.07,-24.723,425.4009217,68.41830678,-62.99645516,6.288178791,-0.062054039,0.909865372,0.0905734,207.8309032,-47.63671567,35.89553034,55.53827682,5.86303,217.9379235,-52.1452945,-140.0910674
Driver,96.38063708,-2.686,-3.235,3.031496063,52.571,-5.293,14.986,1.408,4.643,142.9912312,1.4836,12.924,0.843,3030.0,9.5,457.7857991,89.88508013,28.064275,5.245687578,0.08450707,1.220747005,0.0778752,231.9861029,21.25936917,38.54815211,60.70056812,6.44926,251.9668808,24.47938378,53.57493763
Driver,96.55735505,-0.638,-2.494,0.787401575,50.896,-3.013,12.657,-1.296,1.198,135.2049034,1.4003,11.165,-1.435,2011.61,-2.006,375.3741207,51.33058098,-11.52849889,5.909690862,-0.149470587,1.165092686,0.092194,204.8551871,-7.224491725,25.5235333,66.79707369,4.898564,243.2057308,-8.978785162,-6.285774439
Driver,80.26127416,-2.588,-2.246,2.165354331,63.169,-3.556,26.813,9.458,11.704,99.22691482,1.2363,18.782,5.919,8509.3,17.884,235.4490976,61.52730965,44.56444294,127.748231,33.0330479,-1.762295283,4.84057,125.5915345,32.1215462,39.64929223,52.90515524,4.73057,133.78983,35.49382631,58.28928045
Driver,90.61381532,-2.333,-3.392,2.834645669,46.474,-5.61,8.853,3.413,6.805,132.4512348,1.4617,7.517,2.587,2060.0,21.437,294.4187104,25.31934912,27.13926815,6.322929185,0.301929591,0.828966506,0.0995729,165.4431727,21.31675731,15.67812472,72.7887826,3.61036,212.9582193,31.74324771,41.66933893
Driver,98.60415175,-0.175,2.059,0.196850394,47.246,1.897,23.474,0.617,-1.442,130.8692734,1.3272,20.383,0.823,4024.04,-3.294,406.2154725,130.9471549,-2.877128392,6.228621636,0.084426949,2.35092201,0.105685,200.4054519,-3.713307496,51.14363577,63.34674128,7.0363,204.8684509,-3.881229782,-19.77290143
Driver,82.78901217,-0.5,-1.1,0.551181102,54.306,-1.598,9.63,6.902,8.138,99.76668754,1.2051,8.305,5.816,1690.0,30.656,139.5990217,11.2184196,18.62005058,5.451734457,0.572240137,0.762361518,0.11417,85.98977937,14.02108768,11.43694159,72.26822968,2.120818,139.9636051,26.30507104,16.05549336
Driver,110.5046528,-1.129,1.434,1.614173228,42.873,0.217,17.445,6.726,5.292,148.0254563,1.3395,15.033,6.001,3690.0,2.8,485.7330122,126.8502128,57.49851801,6.236510162,0.655374078,1.701546543,0.090659206,236.8860289,31.30411266,47.86422392,63.05013457,7.311552635,249.7907236,33.26406958,19.75295513
Driver,80.34851467,-3.415,-0.201,5.039370079,50.316,-3.039,9.019,1.06,1.261,114.0922513,1.42,4.83,0.631,4767.54,35.849,185.1990092,11.93622523,19.86322639,121.1209626,23.41811114,-5.707056924,3.128,101.67577,16.80451577,12.25759393,66.57106243,2.478,142.4772433,29.54492082,47.09748153
Driver,76.96403006,-3.512,-0.317,3.42519685,59.588,-2.382,31.385,-3.018,-2.701,96.00102899,1.2474,25.405,-2.474,5710.0,-3.207,246.3161789,84.30894424,-13.9586576,5.841301544,-0.259060397,2.792573201,0.141511,128.379162,-8.866297769,48.44729804,54.47483524,5.399426,135.9596355,-9.498412251,-9.988940441
Driver,93.60907301,-1.207,-6.314,1.811023622,38.678,-7.822,13.113,-4.744,1.57,136.5045634,1.4582,11.144,-4.966,2685.61,4.01,409.8905478,63.26452014,-28.50617285,5.436676667,-0.467750746,1.079698234,0.0839433,214.1645771,-12.79155758,30.87322339,61.07470353,5.57757,240.8151719,-13.66938552,17.28727942
Driver,89.50653185,-2.881,2.816,3.858267717,52.196,0.578,17.514,-4.351,-7.167,122.9809413,1.374,14.961,-3.401,3310.0,-13.269,361.7651882,74.60411467,-42.69563932,6.108090661,-0.378717297,1.641596757,0.1068488,188.5411413,-29.99025061,37.33436676,57.74643051,5.71352291,208.9968053,-35.03975391,-56.68458226
Driver,101.9595562,-4.3,3.3,5.708661417,48.912,-0.505,5.601,1.548,-1.752,146.7188618,1.439,4.594,1.713,1490.0,-4.106,289.755218,15.49653848,6.585673291,6.001236398,0.17687302,0.48000831,0.084754,162.9869258,2.853668599,10.01821579,86.61544741,3.026944,230.5814555,3.152398856,-6.057101812
Driver,93.55091267,0.459,-1.086,-0.590551181,47.005,-0.658,18.994,5.435,6.52,137.5087241,1.4699,16.303,4.428,3900.0,10.566,433.0697648,115.2323109,59.65632036,5.761421459,0.457075407,1.707530092,0.090721,214.3433401,38.16684433,46.94091123,61.10395119,6.880647,227.3416524,41.41138751,65.30621212
Driver,81.00617394,0.286,-6.451,-0.472440945,52.553,-6.232,13.482,-10.05,-3.599,112.8196582,1.3927,9.742,-9.006,4342.14,22.764,269.9128098,40.90623821,-15.88844239,151.787817,-0.736155296,-5.643865949,4.61107,142.6620388,-1.848918526,29.11046433,56.17297455,4.22107,165.4694364,0.672693006,61.51204398
Driver,70.58876163,-2.762,-0.265,2.322834646,70.1,-1.266,26.35,10.514,10.779,89.65976199,1.2702,19.248,7.597,6742.56,18.842,186.3722538,42.62976096,35.05018684,107.8136315,25.01722078,-1.047873914,3.89974,106.2072876,24.54672272,32.70510182,53.41807091,3.82628,121.3769214,29.03658826,32.01103304
Driver,83.39745884,-5.302,3.856,5.354330709,55.91,0.255,19.684,-0.252,-4.108,115.5151664,1.3851,16.606,0.291,3580.0,-7.222,333.1759345,75.86683304,-9.529362318,6.149776735,0.020973498,1.844719055,0.115663,174.3056522,-8.767122854,39.53242208,56.67597461,5.650628,191.9950841,-10.45260577,-28.95350356
Driver,107.2968862,-9.366,-4.068,12.83464567,48.386,-12.493,7.292,-4.109,-0.041,151.3137527,1.4102,5.821,-4.105,2210.0,-0.091,407.76861,33.99708189,-29.20395074,6.44592658,-0.461527531,0.665359306,0.0885302,214.2093034,-15.43482087,18.44347848,70.06703911,4.52879,257.59092,-18.5828117,-0.303055787
Driver,99.75170007,7.231,9.11,-8.42519685,52.144,14.77,12.503,3.649,-5.461,146.2153275,1.4658,11.561,4.646,1970.0,-37.378,378.4418982,50.90298729,-6.51284488,5.842602106,0.448972769,1.18948099,0.084342094,209.550555,-19.64801733,24.07286662,71.58954739,4.621213079,251.9894904,-31.93392913,-109.4463057
Driver,96.78104868,0.6,0.4,-0.511811024,49.333,0.461,19.988,5.252,4.903,133.6703651,1.3812,17.872,4.694,2900.0,5.828,424.4735297,109.1349838,45.92599701,5.734228672,0.473220774,1.860432326,0.093573,216.1941516,28.07819277,44.42557422,62.07310479,6.682323,232.768353,30.84096232,31.32539924
Driver,101.2884753,-0.7,8.1,1.181102362,41.792,7.216,11.883,1.241,-6.859,142.5767269,1.4076,10.347,2.21,2480.0,-11.24,423.9600975,59.92823883,-1.573176717,5.388794554,0.200217534,0.988796989,0.079452,222.7925522,-7.20270801,28.65176321,63.53209594,5.463467,255.261458,-10.64030679,-47.35270055
Driver,57.00384753,-4.445,-5.266,3.976377953,64.729,-7.369,33.541,4.86,10.126,72.30628132,1.2685,30.444,3.824,2311.1,10.696,161.0603232,53.20467332,14.51848024,5.043453059,0.350567438,2.890703398,0.168722,91.97724088,10.5194063,41.32524443,51.03493044,4.104178,108.4063737,12.9217446,13.20631225
Driver,96.74078382,-1.215,4.238,1.57480315,49.0,3.182,18.475,7.136,2.898,139.0712241,1.4376,16.033,6.754,3410.0,2.531,448.8873419,113.2376574,57.46248857,6.09195834,0.719430705,1.770439808,0.094697,223.8781609,31.44907772,45.3612765,61.68664312,6.906101,239.1195048,33.85189419,15.48697805
Driver,94.78346457,0.536,4.053,-0.708661417,49.179,4.516,11.7,-3.5,-7.553,136.3097262,1.4381,10.162,-2.431,2520.0,-20.313,376.1661459,49.06064921,-41.33589079,5.857772267,-0.265020799,1.051962482,0.090389,201.4991516,-32.11672574,25.56497909,63.7805624,4.925779,236.6061657,-42.09292369,-70.95075596
Driver,97.24409449,4.138,3.714,-5.236220472,44.713,7.905,12.554,0.904,-2.81,146.1014674,1.5024,11.574,1.239,1500.0,-18.048,403.065694,55.31626657,-9.942693165,6.139567784,0.121259282,1.255009901,0.088627,222.7568073,-13.0083712,24.73074537,73.13567566,4.87324,253.4204476,-17.30638193,-53.44130347
Driver,86.04599141,-4.65,4.936,5.905511811,47.902,0.722,30.968,-7.408,-12.344,104.048631,1.2092,25.63,-5.208,5858.31,-11.574,276.2680354,100.1540818,-41.27588006,6.242407695,-0.594326881,3.034152891,0.139653,140.9732946,-27.38963852,51.03659224,57.33868269,5.86634,146.7126969,-28.80560036,-44.17210743
Driver,99.69130279,1.611,0.222,-1.968503937,47.724,1.688,15.311,2.914,2.692,147.5881353,1.4804,13.546,2.554,2636.82,10.821,478.1990852,93.86689932,44.49011291,5.831490509,0.269203044,1.421976332,0.0841533,245.0059862,31.05049496,37.82001015,62.99315816,6.52593,258.9372499,33.87266508,60.56995218
Driver,85.182534,-1.518,-0.292,2.322834646,47.309,-1.692,18.857,-4.88,-4.589,122.8576861,1.4423,16.026,-4.202,3542.48,-12.266,365.2391909,83.17290953,-47.8897007,6.250333329,-0.474224819,1.814501969,0.110034,188.6076129,-32.34485021,40.34125467,57.77433845,5.9498,198.2835175,-34.78103397,-55.9283793
Driver,95.56639227,3.16,2.135,-4.05511811,50.39,4.753,14.321,4.568,2.434,142.8983984,1.4953,12.524,4.165,2610.0,3.571,451.5383062,80.43210515,39.18798458,5.823491358,0.425918784,1.302161104,0.086464,233.2423762,22.89898491,34.97052159,62.26066103,6.132737,259.629085,26.13450529,17.94058944
Driver,99.48997853,-3.3,5.9,4.133858268,53.16,3.244,2.326,-10.756,-16.656,125.2335361,1.2588,1.712,-8.749,2320.0,0.988,145.6529387,2.761062607,-21.98493148,5.819897719,-0.884498264,0.170690108,0.096097,83.99218413,-12.60509969,3.353573924,90.93508178,1.615828,150.3100272,-22.41333774,0.517825061
Driver,94.69846099,-3.572,-0.763,4.724409449,47.556,-4.036,16.814,12.846,13.608,131.2365784,1.3858,12.624,9.899,6597.05,33.824,300.410113,62.11152129,93.38295747,160.9920043,59.37208375,-7.621935418,4.90665,152.9653874,55.54335508,40.57349106,55.90104169,4.50665,164.1018557,60.75453291,90.6441523
Driver,101.0312276,-8.185,-4.816,11.41732283,43.305,-13.594,2.731,3.73,8.546,132.6653096,1.3131,1.629,2.872,1840.0,26.835,108.4721558,1.748949672,7.456838721,6.30357206,0.33426865,0.169678368,0.0981828,65.98956239,5.606886634,2.418821822,105.666918,1.14266,127.6189695,13.10313808,6.916207148
Driver,100.7046349,3.658,4.231,-4.842519685,44.553,7.954,15.862,-1.022,-5.254,152.0224141,1.5096,14.255,-0.303,2642.31,-22.546,487.5848425,98.67906457,-52.22451084,5.995450839,-0.051994624,1.539736799,0.0842741,250.3830998,-44.57657747,38.06841087,63.90760093,6.58429,264.1193096,-49.30012718,-129.8190024
Driver,103.4940945,-0.7,6.9,0.984251969,50.863,6.265,12.256,4.512,-2.388,151.706335,1.4658,10.69,4.872,2400.0,-8.494,476.5717814,73.15740916,23.75486787,5.639494643,0.473064361,1.072230204,0.078249,246.7635392,6.884015653,31.60931855,64.44222942,5.983862,277.7247886,5.951251615,-42.2709874
Driver,80.10245168,-1.452,4.746,1.417322835,58.984,3.873,31.411,-1.32,-6.067,96.25134216,1.2016,25.533,-0.049,5710.0,-7.542,246.8113636,84.76554149,-9.56513659,5.808938466,-0.020940859,2.792494332,0.140487,128.8350599,-7.992807323,48.58167177,54.67194016,5.418011,136.2287776,-8.701660407,-23.64850635
Driver,112.4507874,9.639,4.027,-12.75590551,47.022,13.132,16.719,2.882,-1.145,167.519014,1.4897,15.195,3.134,2568.1,0.382,587.9095783,143.5910024,32.38854889,5.929282474,0.32447982,1.625546375,0.07596,290.7093411,16.8746902,45.64445446,68.20467343,7.826346,307.9893025,17.92443856,2.948338766
Driver,95.36730494,-3.556,-3.644,4.409448819,46.225,-7.057,13.937,3.346,6.99,137.2183697,1.4388,10.694,2.007,4764.19,14.323,410.7991917,82.45234586,49.38286834,6.629243271,0.255117473,1.295173598,0.102254,202.3376631,34.18950113,40.8269742,56.18482295,6.17776,215.7160963,37.94299392,81.55270207
Driver,92.04545455,-2.073,-1.359,2.637795276,45.839,-3.374,16.85,7.51,8.869,129.6807892,1.4089,13.932,6.069,4160.0,8.233,391.9312835,88.70548709,58.3822124,5.866447827,0.630683692,1.478410577,0.096916,196.774271,35.18530684,42.46881336,57.43928952,6.226765,211.5306785,38.67120457,43.55767036
Driver,87.33222978,-0.881,-5.538,1.023622047,50.434,-6.266,17.901,7.284,12.822,118.0587867,1.3518,15.626,5.622,3255.0,23.174,328.4482881,65.92314597,62.16669319,6.455917393,0.663012078,1.810758511,0.118028,175.148234,45.07275922,34.90143031,57.46096394,5.30011,195.5544265,53.338708,84.82629754
Driver,94.81478168,0.9,16.5,-0.826771654,58.347,17.006,12.709,3.935,-12.565,140.8972351,1.486,11.409,5.44,4750.0,-36.752,384.6004566,70.0357977,-38.91941482,5.772506481,0.498024663,1.182488288,0.086833,193.189123,-43.64408543,36.18581993,56.33161165,5.561132,210.4843046,-53.38491805,-183.8669789
Driver,100.2393522,-9.315,0.163,10.23622047,57.765,-5.774,2.832,-0.748,-0.911,145.8003758,1.4545,1.372,-0.639,2120.0,-4.259,233.2446581,4.615452234,-4.23811832,6.2654574,-0.072902913,0.153724148,0.088782,125.1560247,-2.857692401,4.270820375,93.02542563,2.21513,177.6961028,-4.723029803,-4.386257044
Driver,97.2508053,-2.211,-1.858,2.755905512,49.776,-3.729,14.565,3.737,5.596,133.6699177,1.3745,10.186,2.232,6126.16,21.117,347.4651797,61.27737783,55.69424585,176.6232241,40.91412442,2.158238648,4.92395,179.9377518,42.18225049,33.22081682,60.49285211,5.05916,198.9189324,49.55814275,106.0130782
Driver,78.00867931,-3.526,2.584,3.976377953,51.384,-0.237,29.607,33.42,30.836,71.82735326,0.9208,23.142,26.12,6529.43,31.103,135.9385643,34.1994355,67.63976557,4.769507719,2.138887168,1.990277423,0.150932,78.67320655,44.41940472,34.399679,46.38661294,3.381882,90.58814243,52.34027138,33.88734017
Driver,104.2032033,-1.64,-2.994,2.204724409,47.504,-4.497,15.087,-1.843,1.151,151.3871242,1.4528,12.403,-2.034,4045.35,12.139,464.7053195,118.090395,29.77278077,208.8499836,26.01589207,0.672330665,7.16111,209.2523635,26.14892935,57.54615513,56.6914795,7.18873,214.8785104,27.95190836,100.5034052
Driver,102.071403,3.011,3.415,-4.015748031,48.506,6.082,13.874,-2.493,-5.908,145.9529349,1.4299,12.337,-1.63,2540.0,-17.607,451.5850638,77.05025323,-45.01032462,5.982491561,-0.184934337,1.315355746,0.086904,235.2714463,-35.24775326,33.38126348,63.2700915,5.987985,263.4391518,-42.89805201,-85.85015627
Driver,97.93307087,-2.2,-3.6,3.070866142,41.933,-6.748,11.73,-3.841,-0.165,141.780825,1.4477,8.921,-3.71,3954.45,3.863,436.1325362,75.77127125,-18.85672468,5.690740773,-0.373729498,0.916990882,0.084293,214.0990539,-6.81350497,38.2374089,56.25444561,6.161841,231.8828807,-6.826904167,21.14205646
Driver,112.6275054,-1.31,0.187,1.811023622,50.216,-0.904,13.788,1.211,1.024,155.3333035,1.3792,11.341,1.04,3782.41,-2.798,492.6550357,124.3779769,-6.196751311,224.1878343,-6.77342481,1.412558417,7.30682,225.2560097,-6.85687917,51.48108881,55.92798538,7.36971,234.1624483,-7.569426714,-32.82704346
Driver,94.01395848,-3.541,-7.343,4.803149606,47.258,-10.621,17.983,3.803,11.146,130.8864979,1.3922,13.25,1.216,6943.44,18.072,364.2455674,89.76180902,49.61115865,6.090030891,0.160676003,1.477696064,0.099836633,180.1748026,36.08868115,45.26783421,55.73155885,6.095011662,188.134527,38.71207161,97.00331895
Driver,101.2504474,-2.808,3.652,3.818897638,42.867,0.623,13.022,1.874,-1.778,148.8139764,1.4698,11.087,2.098,2878.3,-6.316,479.4931787,82.91562787,2.822389288,5.283436282,0.188872001,1.05165913,0.0748081,242.3128533,-3.103918137,35.91222929,61.16250198,6.36535,257.0249208,-3.98828105,-35.91569598
Driver,90.25143164,-0.631,-2.608,0.826771654,48.237,-3.172,14.347,-4.501,-1.893,132.1049571,1.4638,11.957,-4.189,3160.0,-7.101,399.4957481,69.63327303,-41.59731775,6.091705705,-0.452665084,1.302075081,0.097813707,205.5319788,-25.91321267,34.56720806,58.54260691,5.768153525,228.9934197,-30.0422376,-32.8510552
Driver,103.055655,3.1,0.9,-4.05511811,47.868,3.847,14.613,2.05,1.15,150.1711256,1.4572,12.931,1.972,2520.0,0.333,491.0461546,92.65228682,17.32293751,5.791526145,0.199537689,1.339342545,0.081923,251.7630556,9.284800576,37.11011393,63.87424452,6.534295,276.6989535,10.26206008,1.865256072
Driver,97.45660344,3.1,-1.1,-4.448818898,46.762,1.702,20.577,-0.641,0.459,139.416607,1.4306,18.648,-0.743,3540.0,0.976,449.0251616,134.3473068,-2.48074017,5.899059487,-0.070192439,2.013792501,0.092855,220.898588,-0.546434492,50.05441185,64.08472529,7.279778,232.1891992,-0.504947061,6.954270913
Driver,111.8490515,-1.6,-0.4,2.165354331,43.176,-2.786,10.754,0.928,1.412,167.2300018,1.4951,9.123,0.851,2730.0,7.411,558.2806445,90.32544382,28.24031995,6.041529574,0.086129154,0.986428171,0.075748,275.7015451,20.3125787,36.42116216,62.83012218,6.790545,300.5268589,23.62811669,48.68007232
Driver,72.67582319,-7.4,-7.2,6.811023622,51.548,-13.717,21.551,2.856,10.128,95.38676628,1.3125,15.553,0.797,6020.0,12.497,224.3647988,45.81557813,13.74312083,3.564167171,0.046090793,0.995860173,0.080417,120.9320141,11.38817747,34.71317012,49.91103942,4.353859,135.2311047,13.72511534,29.13722316
Driver,100.9238547,1.49,0.952,-1.88976378,49.773,2.212,13.114,5.91,4.958,148.2355047,1.4688,11.497,5.2,2590.0,7.873,470.7821523,78.99674668,57.99037683,5.938906591,0.544768424,1.217741949,0.084666,241.82173,35.50831823,34.01333069,62.76931435,6.157851,269.3896089,41.07798226,41.04844832
Driver,93.27576951,-6.149,1.519,9.881889764,39.236,-6.062,9.303,2.037,0.519,132.0098873,1.4153,6.484,1.942,3696.55,0.397,346.1478076,40.52084344,22.79422384,181.7992067,20.43672851,-3.898008539,4.94598,174.7423633,18.67525168,27.39380117,55.58108379,4.64598,199.6733158,24.65682993,38.33041646
Driver,87.74606299,-2.6,-0.8,2.283464567,55.544,-3.225,22.861,-2.176,-1.277,122.7885648,1.3994,18.123,-1.916,5780.0,-2.054,349.5381823,106.5786242,-15.90960413,5.488376241,-0.189152113,1.831612966,0.09816,173.1534395,-9.4364824,49.92478473,58.30012651,6.376138,180.4935512,-9.926507493,-10.95165055
Driver,91.56898712,-6.144,-1.567,7.874015748,46.033,-7.527,8.083,-5.097,-3.53,132.231344,1.4441,6.51,-4.702,2128.63,-9.111,296.9095275,22.92030978,-30.48914644,6.324288565,-0.525713102,0.719524014,0.0995469,164.831357,-19.54751982,14.70057341,72.18174535,3.59731,212.6620936,-27.10917336,-18.19593992
Driver,101.7448103,5.695,6.291,-6.88976378,45.763,11.864,14.554,4.632,-1.659,154.1698729,1.5152,13.527,4.83,1600.0,-10.259,481.5307377,83.28705073,24.05119101,6.206567284,0.515251624,1.49895188,0.0856205,258.0382855,7.280440015,31.87863316,70.89158852,5.92228,280.2423644,6.702465529,-43.39044841
Driver,109.9476557,5.9,0.7,-7.125984252,49.577,5.782,19.142,1.088,0.388,161.7123747,1.4708,17.705,1.078,3180.0,-0.643,542.1384176,170.1466547,7.294734863,5.620776437,0.104877241,1.816836484,0.075707,258.0741771,3.056066613,53.41139339,69.09097786,8.180266,267.3331957,3.126810113,-5.398267566
Driver,93.15273801,-4.1,-0.5,4.05511811,56.923,-3.356,15.049,-1.839,-1.339,138.3661417,1.4854,13.544,-1.646,4145.95,-2.891,431.5435354,103.6132443,-20.35079967,5.921734944,-0.182348859,1.454126622,0.09152,212.0547229,-12.3416524,45.50976116,59.08967259,6.706028,225.3267625,-13.39224044,-18.76736791
Driver,92.78364352,-4.5,-0.1,4.133858268,59.719,-2.851,23.058,0.421,0.521,126.4730225,1.3631,18.196,0.334,6102.69,1.0,361.1436729,114.9512727,4.181914601,5.919467875,0.031728396,1.990993784,0.103022,176.9680552,2.753527932,51.56695026,59.56106981,6.572521,182.8874578,2.880744231,5.165983033
Driver,84.82238726,0.498,8.914,-0.551181102,60.071,9.2,15.891,-10.377,-19.29,111.5647369,1.3153,13.952,-7.759,3530.0,-33.957,271.6392107,45.45871341,-67.08362721,5.90853889,-0.838352703,1.461021382,0.1134024,148.8427977,-49.72093181,28.86896223,56.84038871,4.38868696,174.6997303,-63.59234273,-90.97590511
Driver,100.1498747,-3.701,-8.825,4.724409449,50.445,-11.888,23.513,2.647,11.472,128.7437366,1.2855,18.109,0.148,7514.15,14.554,357.4715261,114.552142,36.68075362,6.139117784,0.04444131,2.059515822,0.10510004,175.3002601,27.67588316,51.50862235,59.35856762,6.516201725,179.1803477,28.62937092,81.68596294
Driver,92.73666786,1.0,0.8,-0.826771654,54.313,1.1,38.434,-13.006,-13.857,96.07596636,1.036,33.176,-10.071,5377.32,-14.58,244.045608,110.3994959,-60.04730882,4.564282974,-0.852888616,2.999001818,0.118993,121.3424752,-38.72073593,56.37297985,58.08957321,5.932804,125.3460947,-40.1943064,-54.04344259
Driver,96.07417681,3.145,5.802,-3.897637795,53.638,8.121,10.968,-1.599,-7.401,142.8612652,1.487,9.641,-0.314,2600.0,-37.809,359.4089618,42.18265019,-42.19702556,5.852079753,-0.060845935,0.992239596,0.08599,194.8825759,-39.62935265,22.35623872,67.47209096,4.436308,234.8110746,-56.83752041,-115.7491689
Driver,99.18351825,1.61,5.654,-2.086614173,49.401,7.034,16.001,0.833,-4.82,143.7904885,1.4497,13.991,1.536,3030.0,-15.307,459.9983235,96.11414678,-22.93026959,5.935241374,0.144407449,1.491353436,0.088212,233.5448359,-23.16001226,39.86466061,61.45919828,6.562999,253.9828293,-27.49600264,-88.14303812
Driver,111.2875805,4.0,2.2,-4.645669291,43.053,5.982,16.817,-2.878,-5.022,158.1728704,1.4213,15.543,-2.323,2150.23,-0.6,536.2351986,120.1535205,-22.92630484,6.031719144,-0.248344808,1.687763665,0.081979,274.3831877,-12.50868381,41.37920273,67.68801593,7.129167,296.4966483,-13.60278802,-4.165269551
Driver,100.5659449,1.1,7.9,-1.299212598,55.454,8.721,11.315,4.28,-3.62,144.7380548,1.4392,9.961,4.969,2070.0,-12.243,413.5197166,55.12625729,18.36248617,5.598651404,0.476493606,0.987583386,0.081249,219.1578016,3.553828619,26.88160375,64.99613876,5.199654,254.3897682,1.518735399,-46.31929612
Driver,101.4182176,3.89,2.724,-4.921259843,51.666,5.806,4.899,-4.386,-7.11,149.7501342,1.4766,4.701,-2.949,2150.0,-50.938,224.477012,11.01079704,-27.32452074,5.740071588,-0.324402864,0.463054485,0.079448,131.4776419,-23.72744106,8.188317538,93.53044806,2.312302,203.826791,-46.94908507,-51.12883464
Driver,99.83670365,-3.588,-7.12,4.960629921,48.073,-10.348,17.611,3.509,10.629,132.0884037,1.3231,12.211,0.67,7932.06,17.557,362.0888868,86.92875869,45.56785998,6.025825803,0.101048078,1.350861287,0.097513829,178.2073043,33.39609626,44.93501155,54.99508949,6.018285993,184.9705689,35.52795342,94.04062495
Driver,82.43110236,-0.538,0.446,0.866141732,40.774,-0.178,15.525,-4.826,-5.272,114.2515211,1.386,13.797,-4.233,2066.51,-11.756,286.9544693,44.23864202,-29.43383344,5.001315567,-0.376435081,1.217713699,0.093204,162.2634364,-20.56537613,25.44087721,63.5183233,4.323635329,198.40182,-27.06772644,-25.88632622
Driver,100.3288296,1.309,2.791,-1.850393701,47.834,3.977,13.756,-0.1,-2.891,148.5511364,1.4806,12.361,0.235,2114.45,-1.422,469.0643871,85.81263225,-5.485443744,228.9895603,-6.177224841,2.558082533,5.99137,232.1808097,-6.398966452,39.19738507,63.43064858,6.12397,253.9375805,-7.954032509,-22.05252998
Driver,19.63806371,-2.3,-1.7,1.88976378,77.704,-2.406,42.379,-2.737,-1.037,19.06630279,0.9709,34.382,-2.505,2700.0,-0.72,12.14134568,4.035204931,-0.507856963,1.586531611,-0.070166935,0.877784913,0.208257,7.571059219,-0.336956807,36.05871638,18.37538453,1.019869,10.98464115,-0.489754812,-0.018173002
Driver,93.45919828,-0.642,0.372,0.708661417,56.997,-0.045,13.399,-1.014,-1.386,140.3753579,1.502,11.563,-0.827,2573.0,-3.607,430.6448288,69.26815502,-12.40044887,5.408377447,-0.080593486,1.11587062,0.0813056,224.5371239,-8.722890771,31.99816027,62.04826881,5.78378,250.9597531,-10.38704344,-16.4508024
Driver,89.83312455,0.1,-8.3,-0.196850394,50.158,-8.265,16.258,-3.843,4.56,130.8683787,1.4568,13.683,-4.605,3480.0,7.234,401.7596357,82.86915321,-16.91520091,5.935027961,-0.468253958,1.460316298,0.096926,204.6949933,-4.275576347,39.30888328,58.34914141,6.118392,223.3934066,-3.710242464,36.50629205
Driver,25.82542949,-4.2,-3.0,3.661417323,52.314,-6.764,43.6,-3.084,-0.066,25.7126879,0.9956,31.571,-3.056,3050.0,0.965,21.05970239,6.412997424,-1.059426899,5.789914377,-0.306138485,2.09751865,0.558305,13.15260796,-0.689832791,33.93028082,23.88059666,1.305533,19.09089928,-0.997575867,0.034123927
Driver,71.93763422,-2.373,5.887,2.834645669,53.874,4.153,3.211,3.958,-1.928,111.2831067,1.5469,2.579,4.177,740.0,-19.033,62.1105492,1.464866024,4.16749481,6.400848615,0.455627568,0.250351653,0.118822,40.11968406,2.469803253,2.967520988,98.86900186,0.783746,92.41098989,5.079549822,-1.360337429
Driver,82.64137437,-1.881,0.583,2.637795276,47.014,-1.171,12.845,2.791,2.208,119.7033822,1.4485,9.764,2.317,3702.77,15.929,315.1043569,46.05020566,40.20311438,164.2185652,32.00116252,-4.118264655,5.06887,158.1232662,29.6632355,31.87834357,52.186563,4.77887,177.7421959,36.9529553,70.07948661
Driver,101.4719041,1.0,0.6,-1.57480315,36.58,1.568,18.403,4.987,4.484,146.9973604,1.4487,15.935,4.239,3720.0,7.616,476.8580339,131.1967916,57.57520493,5.915792962,0.453607517,1.714147761,0.086955,232.1952587,35.26271652,49.07714355,63.39940414,7.350324,243.9295375,37.66033815,54.6064306
Driver,125.0313171,2.004,1.747,-2.480314961,48.874,3.498,11.339,2.432,0.685,186.0582946,1.4881,10.06,2.337,2370.0,-3.146,654.3839322,118.6495433,15.6670501,5.894532731,0.238226219,1.060747205,0.066532059,321.3574743,4.767185631,39.69889966,67.60364357,7.543000588,345.1546331,4.532404514,-25.01802794
Driver,98.10978883,2.439,5.211,-2.992125984,50.574,7.218,18.786,9.365,4.154,139.1730047,1.4186,16.255,8.686,3610.0,5.225,446.8404214,117.031345,78.68928052,5.744311158,0.873123588,1.694934116,0.089287,221.7008905,44.24117629,46.67022282,61.86932261,6.981767,235.3825587,47.4493749,32.77819341
Driver,97.87267359,-2.4,-7.493,3.346456693,45.715,-9.836,21.911,8.004,15.497,129.6946582,1.3251,17.153,4.691,7318.83,21.476,356.7609762,106.0287002,78.03004866,6.289596063,0.556859178,1.989758353,0.1062856,176.3508327,53.14030019,49.037975,57.91825999,6.330976486,182.0285068,55.63120528,117.6310219
Driver,100.6934503,0.9,-0.9,-1.181102362,47.32,-0.042,12.912,-0.72,0.18,148.5697029,1.4755,11.333,-0.666,2330.0,-4.177,464.6000399,73.51790279,-12.91453204,5.694265873,-0.069156556,1.147877077,0.080869,242.327392,-9.457796401,31.79709978,64.63262723,5.935576,273.3440617,-11.51894727,-19.92773816
Driver,98.77639585,0.9,-7.9,-1.062992126,48.309,-7.202,17.379,4.258,12.158,133.2216356,1.3487,14.876,2.233,4150.0,13.087,398.8936567,100.9463428,47.01443962,5.9685331,0.250682082,1.614308239,0.096524,197.0591548,32.67256937,46.09422934,57.91391231,6.51098,209.5910977,35.91312433,75.22784179
Driver,79.75125268,1.217,9.886,-1.456692913,59.643,10.6,8.029,-0.064,-9.951,119.3112473,1.496,7.239,1.114,1670.0,-41.707,176.1493408,12.53939968,-4.801955116,6.564319272,0.09492405,0.802536827,0.114760382,106.7661987,-7.308004877,10.4426753,82.34449515,2.250506576,170.3885154,-17.66140805,-28.13242882
Driver,103.6484431,0.434,0.772,-0.551181102,45.424,1.2,14.696,1.593,0.82,147.4427344,1.4225,12.944,1.488,2570.0,2.093,477.6988693,89.74417271,16.65468947,6.272949724,0.164961099,1.460051568,0.090455,245.1433342,10.17703754,36.77675201,63.01246034,6.43823,268.3447187,11.47700358,11.43994356
Driver,98.73165712,1.808,5.548,-2.283464567,46.805,7.246,15.898,3.65,-1.898,144.2682981,1.4612,14.503,3.846,2017.1,-9.199,451.579557,84.788748,14.80487915,5.868417339,0.386785127,1.520418255,0.086968,240.2890268,2.531434771,34.27510411,66.58722865,6.033167,270.0686704,1.23642466,-40.77224969
Driver,100.1006621,0.2,3.2,-0.236220472,41.922,3.176,42.09,12.068,8.82,105.0780691,1.0497,33.435,9.588,9210.0,12.233,258.8746679,129.929769,59.4494345,4.683331857,0.803897563,3.137004024,0.112583,122.7318779,37.24863788,60.84758912,62.33403831,6.259808,120.3187149,36.42199281,51.75009226
Driver,81.53409091,-7.63,-3.995,7.992125984,58.745,-8.659,7.108,4.013,8.008,68.89316392,0.845,4.422,2.546,2090.81,19.345,36.69318252,1.478638998,1.90644567,5.183694731,0.246245907,0.324894576,0.1561288,23.60909819,1.40155769,4.859801914,62.02102646,0.74174331,67.22003542,4.686348681,1.059819617
Driver,104.5544023,-0.628,1.568,0.866141732,43.416,0.904,11.915,0.355,-1.213,147.9907838,1.4154,8.787,0.664,4617.82,-5.449,464.1817749,90.52611856,-11.15221557,5.206718781,0.055176703,0.836699866,0.0736874,223.3496748,-9.49903355,42.20144911,57.25463886,6.60015,230.7838829,-10.14814629,-36.25317631
Driver,86.04151754,-0.162,-5.509,0.236220472,49.215,-5.649,21.585,6.298,11.808,119.4103436,1.3878,18.282,4.344,4480.0,18.51,341.498057,91.75826681,59.02158639,4.613609784,0.366371371,1.537034467,0.084478889,174.7470942,41.50163778,44.62633483,57.23772172,6.017335392,187.1993573,45.90625764,85.57496606
Driver,92.7389048,-0.025,3.196,0.039370079,47.994,3.173,14.204,0.693,-2.502,142.3454277,1.5349,12.588,0.988,2320.0,-9.771,436.9320206,73.42027767,-8.714773227,6.454874826,0.102050431,1.45088939,0.096247,230.4094678,-10.48653532,32.20020138,64.04534441,5.81712,249.5294761,-12.54368023,-43.36142837
Driver,97.18369721,-0.787,-1.188,1.102362205,45.256,-1.969,16.381,-0.709,0.479,139.1754653,1.4321,14.009,-0.779,3280.0,-1.184,446.0261688,97.35841682,-8.71196228,5.85764486,-0.080812088,1.477430553,0.090004,224.3616197,-5.328725007,41.61894354,60.36475546,6.595340498,242.755059,-5.92160591,-6.836221744
Driver,92.68521832,-6.2,0.2,5.905511811,53.147,-4.946,19.899,-0.283,-0.512,120.4442555,1.2995,14.989,-0.114,5870.0,1.014,337.3159824,85.75392436,1.075576554,5.796679291,-0.015759858,1.588064663,0.104001,169.0882466,1.096456774,45.21055331,55.13742385,5.93046,178.6084359,1.221035197,4.298634071
Driver,94.84162491,-3.689,-8.749,5.393700787,41.001,-13.003,13.311,-0.195,8.554,132.2369363,1.3943,10.204,-1.809,4576.51,14.24,353.9955209,58.98818175,12.06512099,188.0070699,12.55520429,-3.091861324,5.23821,183.2301236,11.84633888,32.22084373,61.3251497,5.04821,206.0334541,15.10696838,52.83749409
Driver,103.5187008,1.404,4.273,-1.929133858,43.967,5.729,9.136,-0.561,-4.833,144.6476825,1.3973,8.14,0.072,1690.0,-11.882,363.2356739,35.53022034,-9.890860253,6.116185729,-0.000530614,0.873081745,0.088314,200.2502949,-9.606151294,18.49269304,74.61221541,4.191624,251.4697317,-14.73412405,-29.57248764
Driver,84.02827487,-0.893,6.642,1.023622047,58.171,6.088,13.751,-2.638,-9.28,118.3039549,1.4079,11.321,-1.041,3390.0,-21.976,309.6376004,45.51301667,-31.02854607,5.649220531,-0.125450833,1.133989527,0.10103182,165.2349645,-26.09807619,27.86629693,57.16486923,4.665571585,192.8558474,-34.38080068,-69.38844344
Driver,90.63842162,-3.655,-1.607,4.330708661,50.112,-4.668,12.418,2.4,4.007,136.0157928,1.5006,10.558,1.923,2590.0,13.825,391.3359504,54.90353257,32.65774456,6.293519738,0.224031057,1.179752733,0.0974712,207.1884645,24.66543347,27.82458333,62.2804624,5.21884,228.2090083,29.02996183,53.24547137
Driver,116.1059413,7.9,-1.9,-9.803149606,50.551,4.535,19.027,-1.914,-0.014,166.7761274,1.4364,17.931,-1.883,1814.64,-14.638,574.010013,145.1147563,-55.63075855,6.029645014,-0.213077707,1.960083143,0.078689,294.0800573,-41.48361566,44.05693877,71.86205624,7.530336,313.9686549,-46.04492682,-95.68430895
Driver,100.2661954,-2.293,-4.101,3.503937008,47.246,-6.223,12.482,-7.249,-3.148,140.8296797,1.4046,10.448,-6.804,2908.51,-13.022,388.2390871,55.6153805,-66.7432009,197.1829903,-39.59422186,4.91232116,4.55582,207.7785472,-42.33088631,26.71088323,70.49608162,4.89484,244.1096794,-51.7546206,-53.7984867
Driver,107.1537223,3.027,1.279,-3.503937008,48.988,3.915,13.657,-1.48,-2.76,157.8395669,1.473,12.391,-1.142,2050.0,-9.349,509.604006,88.00301563,-28.48795443,6.330746954,-0.134038686,1.404417751,0.0849877,265.4235964,-21.42568677,33.85035927,67.32604464,6.31127,294.0248009,-25.43462255,-48.44613509
Driver,80.07784538,-2.908,5.273,3.464566929,58.167,3.466,46.364,-12.788,-18.061,76.81258948,0.9592,38.294,-8.441,6600.0,-11.361,172.6274165,82.60628875,-31.21283001,3.875481726,-0.586422078,3.052201499,0.1350328,88.88870408,-20.55223948,55.3345813,53.10919768,4.947838898,91.3039985,-21.17742908,-22.90535113
Driver,84.60987831,-5.3,6.1,6.968503937,50.782,1.662,5.038,-0.942,-7.042,121.7830619,1.4394,3.564,0.166,2150.0,-2.665,192.1161892,7.695382058,-0.276437087,6.107214214,0.015365004,0.375518077,0.104011,109.5174217,-0.526371985,7.278730551,78.2426716,2.324858,168.2861205,-1.298312383,-2.530993919
Driver,101.5524338,2.477,2.154,-3.188976378,49.608,4.264,15.916,8.639,6.485,149.1649517,1.4689,14.574,7.962,2210.28,12.386,480.9305987,95.15570731,89.00453792,5.895548031,0.826031884,1.538640458,0.084551,251.1447618,55.68650817,36.64915551,65.88769113,6.414597,277.8893485,63.70003,63.68397572
Driver,104.8988905,-1.325,2.883,1.57480315,48.628,1.715,13.985,3.011,0.128,151.9125805,1.4482,12.648,2.999,2017.38,0.305,482.3110986,82.55224133,25.4082228,5.689931912,0.297903875,1.286177332,0.0793473,253.542318,13.74873517,32.98804668,67.00741366,6.09883,282.9867741,15.39997534,1.45338693
Driver,89.87115247,-2.401,6.827,2.992125984,53.36,5.04,3.766,-6.498,-13.324,114.6957767,1.2762,2.911,-4.636,2330.0,-4.398,139.1074789,4.197597846,-11.96424366,5.978740764,-0.487031516,0.293932564,0.1079752,82.38380775,-7.447627898,4.932825421,82.90039273,1.738944709,145.6079828,-13.80989091,-2.375514444
Driver,104.9324445,-0.194,5.01,0.236220472,43.513,4.805,11.65,1.777,-3.233,153.5332409,1.4632,10.427,2.119,1932.58,-9.923,461.3672592,64.09559825,1.664717123,6.133395724,0.219649929,1.135729273,0.0839675,244.7826089,-4.6179215,27.64850206,68.72380983,5.51629,280.6048637,-7.356318357,-40.99204063
Driver,80.79142806,-0.872,1.37,1.062992126,50.944,0.663,11.387,1.636,0.266,115.2809592,1.4269,9.885,1.603,1720.0,0.798,241.0444124,25.17171577,7.051596696,6.358634042,0.178520553,1.088929063,0.115838,140.6499584,4.300682565,16.9091578,70.61330694,3.3512,186.3360642,5.820622346,1.098901186
Driver,82.50268432,-2.5,2.5,2.519685039,59.166,0.918,19.153,-0.015,-2.515,94.37701324,1.1439,16.094,0.362,5170.0,-4.967,225.5588692,46.81775206,-3.136152162,5.962559218,0.026971231,1.72621281,0.137498,122.0289932,-3.250983654,34.88076115,50.35209673,4.39677,137.8083764,-4.094960355,-12.06489114
Driver,92.9916786,-4.278,-2.221,4.960629921,52.633,-5.496,19.066,7.469,9.689,131.9219757,1.4186,16.27,6.222,3980.0,14.63,403.8219252,102.9665992,75.78443944,5.500820245,0.611698275,1.62973069,0.090112,202.6063398,48.9095109,44.91911895,59.48392937,6.53008,215.5101147,53.29583513,81.93640493
Driver,109.2407838,2.708,0.487,-3.42519685,50.934,2.687,12.131,4.047,3.56,161.8163923,1.4813,10.828,3.543,2240.0,7.666,526.8448857,84.90876769,48.88493416,6.034147879,0.378604194,1.164210374,0.078559,269.9595236,30.89143157,33.40847585,66.17230864,6.372016,300.3383323,35.96821065,42.7773556
Driver,88.67215462,-3.194,4.958,4.251968504,49.234,2.2,18.686,-3.335,-8.293,120.030646,1.3536,15.232,-1.942,4410.0,-3.578,348.3068411,81.72391484,-18.18684202,5.689681772,-0.197590872,1.570861197,0.102252755,177.2101002,-11.45190988,42.10134876,55.93889939,5.876288315,191.5277019,-12.71365366,-16.35787132
Driver,95.83482462,-1.535,4.017,1.929133858,48.484,2.658,14.099,-1.764,-5.781,141.3034628,1.4744,12.256,-1.057,2760.0,-13.268,438.1317479,76.21983845,-33.08145706,5.576252938,-0.113342205,1.223596557,0.0835584,226.5228415,-25.92850073,34.25950218,61.30570672,5.99972,250.2462536,-30.86231414,-65.31860174
Driver,90.82632427,-3.7,-1.1,3.464566929,59.409,-3.371,20.153,0.587,1.687,128.417815,1.4139,16.621,0.319,6180.0,3.297,367.61384,110.2351613,10.02177315,6.002237181,0.036814997,1.837856252,0.101957,180.0870164,7.134614154,50.41350488,58.75466206,6.52465,186.5804882,7.525716353,18.39793017
Driver,94.37410523,2.754,4.876,-3.582677165,48.879,7.283,3.992,1.025,-3.851,132.275859,1.4016,3.762,1.744,990.0,-15.879,156.2467084,5.78151719,2.746492852,5.932367358,0.172241204,0.375448476,0.092753,94.90945515,0.631502245,5.441941707,99.16936319,1.707698,170.2827877,-0.734647224,-6.771557135
Driver,111.0571761,5.3,-0.9,-6.338582677,51.414,3.27,16.332,-3.24,-2.34,162.1624463,1.4602,14.739,-2.762,2010.0,-12.178,541.548341,114.1742311,-55.02572142,5.854946589,-0.304295096,1.549062244,0.077272,278.3423684,-38.31153881,39.62019796,68.07518159,6.962187,302.1865645,-43.47974897,-74.94635521
Driver,83.216267,-2.302,-6.521,2.952755906,46.671,-8.694,18.015,4.346,10.867,112.995034,1.3579,13.814,1.97,5361.77,18.593,298.1803924,60.93492279,37.1483838,6.326979753,0.250087893,1.584102369,0.12024,154.7727962,28.01578052,37.18918282,52.95853489,5.12978,168.3610751,32.14896634,68.29982992
Driver,101.8700787,-4.492,4.107,6.377952756,41.311,-1.021,16.028,3.258,-0.849,143.717117,1.4108,13.682,3.36,3351.33,-2.32,467.3697504,103.8890377,20.69197214,6.078560683,0.353651411,1.508814588,0.0903101,232.6385834,8.820369944,42.76047973,60.89117498,6.81868,242.079509,9.018514205,-14.45942898
Driver,88.62070508,-2.3,4.7,3.031496063,51.404,2.923,9.208,-0.977,-5.677,124.5792323,1.4057,7.293,0.035,2650.0,-7.794,306.885061,29.36593652,-7.354648136,5.894051787,-0.00384549,0.758049578,0.098854,164.2729481,-6.770252546,19.81195009,61.35725173,4.112166,202.2008387,-10.03829395,-20.61154395
Driver,91.09475662,-6.6,-0.6,5.393700787,57.811,-5.417,21.66,-0.093,0.651,124.7877147,1.3699,16.376,-0.146,6540.0,1.268,350.8869932,101.998065,1.601646732,5.832322286,-0.020820697,1.7576875,0.10182,173.1723477,1.545296306,49.24974667,57.33826456,6.300343,179.71931,1.655559532,5.959643034
Driver,99.2170723,1.401,9.22,-1.850393701,47.65,10.497,15.245,2.346,-6.875,143.0970383,1.4423,13.377,3.312,2970.0,-20.216,446.527436,86.23986495,-16.67580702,5.885301504,0.321510703,1.40943265,0.087631,229.0158721,-22.96369957,37.17089583,61.19687385,6.259313,251.8310382,-28.71502827,-108.268869
Driver,95.01386901,2.6,5.6,-2.598425197,55.054,7.065,35.012,-2.4,-8.024,106.5466178,1.1214,27.957,-0.107,7680.0,-9.219,271.7057676,115.1376774,-17.00494972,5.445099893,-0.030392502,2.937073019,0.121902,133.3610213,-13.08125972,56.44546013,59.19659402,6.114671,134.3248777,-13.21233872,-38.50015817
Driver,91.19541875,-1.214,-2.356,1.732283465,46.394,-1.2,12.054,-3.01,-0.653,128.0408912,1.404,9.182,-2.865,3655.81,-5.729,347.4762684,48.85022371,-26.31847138,187.4600203,-16.84425214,-3.501684283,4.97537,181.2072848,-16.08539767,28.05598128,63.48048267,4.74537,210.3150638,-19.60029809,-21.13137315
Driver,96.40748031,-2.171,0.066,2.637795276,44.868,-2.116,17.579,1.694,1.627,131.8893164,1.368,15.084,1.477,3280.0,2.979,412.5483956,92.14059938,16.59363168,6.256559301,0.16487003,1.709171181,0.102029,210.1858746,10.60124018,41.06797514,59.56314765,6.34885,227.302435,11.81259751,15.56080267
Driver,91.92689692,4.075,8.265,-5.078740157,52.205,11.433,8.734,-1.154,-9.419,137.5812008,1.4966,7.913,0.548,2560.0,-57.122,235.3843929,19.29392171,-20.37836102,5.802006674,0.017126066,0.79059922,0.088058,137.1604803,-23.20847789,13.35580227,80.53808615,2.761113,195.0550194,-44.71801339,-73.50101611
Driver,83.11113099,-5.6,-3.0,5.275590551,56.983,-7.363,22.434,0.092,3.157,114.178597,1.3738,17.087,-0.475,6090.0,5.213,311.8385105,84.97512298,6.724936944,6.062921431,-0.049097791,1.899782038,0.116256,156.5475832,6.172800832,46.5435254,53.35747214,5.865328,164.4982476,6.753241487,22.40817944
Driver,68.27800644,-5.2,0.0,4.488188976,63.508,-3.095,30.274,-3.479,-3.52,87.96416428,1.2883,24.778,-2.735,4820.0,-2.163,215.7169002,66.66509092,-11.73128525,5.825704807,-0.282434255,2.683755442,0.153031,116.4808095,-7.283829293,44.03455704,52.05082057,4.844922,127.370683,-8.067200214,-5.185014995
Driver,101.0603078,1.1,1.3,-1.57480315,48.414,2.358,14.702,-4.476,-5.776,147.1689334,1.4563,12.931,-3.566,2820.0,-17.433,462.3384551,91.19272519,-67.71057899,5.657997075,-0.366716441,1.311196905,0.081753,233.6411137,-47.57003658,38.90574923,60.54178595,6.465694,254.8423459,-54.68006861,-99.75076582
Driver,101.6687545,2.163,1.984,-3.070866142,47.263,3.984,13.691,2.303,0.318,147.8637258,1.4544,12.051,2.256,2410.0,-2.821,469.608407,79.866948,12.78381631,6.071115318,0.236619392,1.304451243,0.086948,243.4721858,4.871369797,33.70066501,63.97741559,6.124927,272.2702683,4.901544198,-14.14391149
Driver,105.9166965,-4.757,2.027,5.236220472,54.476,-1.379,20.217,3.497,1.47,146.028767,1.3787,17.119,3.301,4500.0,3.252,463.2011173,145.4477277,36.01693902,6.230350368,0.363808322,1.968596836,0.0928122,221.3114499,20.66599559,53.45229515,66.26527396,7.49618,224.8774375,21.0714125,23.83186163
Driver,85.97217251,-2.167,-8.617,2.834645669,48.833,-10.513,16.659,-4.489,4.128,120.1677702,1.3978,13.606,-5.19,3730.0,7.906,346.7282974,68.03132757,-17.82555001,6.412203482,-0.568920504,1.571895811,0.114167,179.5365392,-5.285987851,36.73401015,55.94306787,5.54493,197.3728557,-4.861110512,32.90788928
Driver,100.38699,2.756,7.663,-3.188976378,49.416,10.027,12.084,9.028,1.365,138.9472978,1.3841,9.404,8.63,3737.03,0.107,417.8459188,72.33763634,64.06963385,206.6278418,32.73112935,3.835553691,5.52266,212.4891532,33.62340154,34.39605116,61.46146813,5.75667,235.3089402,37.07638936,5.279331107
Driver,106.0978883,2.226,3.828,-2.440944882,56.164,5.321,7.526,-10.569,-14.397,139.9635379,1.3192,6.845,-8.65,2810.0,-59.914,219.6225344,15.4663726,-53.7166615,5.375905767,-0.840099626,0.633683706,0.079872,128.6305438,-41.88774917,11.52613885,83.42267789,2.50598,184.8442737,-71.02331405,-69.35998173
Driver,81.52514316,-2.686,5.197,2.716535433,57.222,3.467,32.136,0.988,-4.21,99.05444703,1.215,26.033,1.86,6040.0,-4.96,257.2703424,92.72935608,0.930935948,5.963313452,0.182203659,2.939691861,0.140922,132.2981788,-1.343399673,50.38690892,55.81836318,5.624655,138.661375,-1.547587316,-16.90958508
Driver,84.42197566,-4.122,3.352,5.472440945,50.167,-0.095,10.638,5.457,2.105,118.9540086,1.4091,7.134,4.95,4180.23,20.069,288.9270482,33.43646879,54.17792351,154.0713778,40.24741533,-4.515452838,4.57026,146.0526781,36.6253559,26.73448878,51.77035021,4.20026,168.2909646,46.3548971,72.86724912
Driver,83.77326414,7.538,14.527,-7.874015748,55.28,19.788,10.172,4.545,-9.982,126.4915891,1.5099,9.88,5.712,1490.0,-65.973,189.5540968,18.03638595,6.693202365,5.413623682,0.512640105,0.91570994,0.0896,116.3773077,-2.652365695,13.49360136,86.12895063,2.35184,175.5430412,-11.78751225,-42.6570171
Driver,102.5053686,3.579,7.346,-4.842519685,48.857,10.479,12.793,0.346,-7.001,145.290578,1.4174,11.494,1.362,2360.0,-22.068,427.3976303,64.44293683,-23.57308667,6.009929493,0.125207422,1.225539885,0.087392,226.4907644,-25.26565082,29.17987695,64.97409315,5.479797,259.4642108,-33.67583595,-91.82521093
Driver,107.8158554,2.4,-3.0,-3.031496063,43.081,-0.902,16.254,0.267,3.288,159.1743468,1.4763,14.871,-0.065,2246.84,6.027,536.6526626,118.1684955,14.45870009,5.645984118,-0.003127514,1.509429525,0.075963,272.6413125,12.38534785,41.47412953,66.61043051,7.135026,294.2388792,14.24909,38.08296679
Driver,119.4926628,3.7,5.1,-4.330708661,47.789,8.535,17.476,3.976,-1.124,172.7831961,1.446,15.962,4.198,3630.0,-3.922,588.0742311,184.5358424,23.1644032,5.344546943,0.380511421,1.551152915,0.066664,274.8855838,7.364392411,54.69885313,71.18839576,8.538085,282.2443999,7.363946605,-38.3120949
Driver,94.37410523,-1.916,5.716,2.362204724,53.746,4.31,7.454,-3.03,-8.746,134.7738457,1.4281,6.365,-1.999,2000.0,-17.416,288.9981608,21.24307207,-20.62872626,5.915899453,-0.218692235,0.656006905,0.091320141,162.1772911,-16.12101994,13.66515604,75.37553032,3.414883594,217.3754101,-25.45928698,-31.446452
Driver,88.94953472,1.464,1.055,-1.850393701,51.656,2.214,9.516,-5.674,-6.729,119.3591178,1.3419,7.908,-4.307,2490.0,-28.198,242.5953973,21.15271172,-32.82397282,5.058977151,-0.397631163,0.695134377,0.088445472,138.0139517,-25.39707911,15.16141858,68.60219417,3.257524132,185.9088577,-39.90869142,-45.41230791
Driver,89.85325698,1.782,-6.829,-2.125984252,49.659,-5.315,13.52,5.642,12.472,125.8686024,1.4008,11.388,3.283,3922.01,18.922,356.9439265,60.87304204,51.91669969,5.789259492,0.353534829,1.180383296,0.097435,183.5411388,37.19890152,33.94999527,55.87072738,5.385681,204.4951896,44.31274213,80.53498379
Driver,96.05628132,-0.1,-9.5,0.354330709,47.243,-9.817,18.182,-0.127,9.373,136.1256263,1.4171,15.55,-1.625,4010.0,13.436,413.5891271,109.2105758,23.38276816,5.911957636,-0.149937129,1.672881208,0.093829,203.490066,21.3353769,47.30746668,59.22560702,6.722396,215.5918709,23.75582126,81.19656483
Driver,65.15748031,-3.82,-2.464,3.543307087,63.223,-4.395,19.396,4.805,7.269,85.54581246,1.3129,16.11,3.704,2930.0,13.448,178.8507922,30.88580618,17.17690357,5.719358765,0.386686626,1.615110638,0.144754,103.892351,12.75888824,26.14731557,53.5022726,3.506432,131.481261,17.65915765,18.21417
Driver,89.62508948,-4.6,0.0,4.015748031,56.125,-3.812,20.433,-0.807,-0.642,124.8957588,1.3935,15.649,-0.533,5931.04,-1.05,355.7372656,97.81842628,-6.316433818,5.841254814,-0.068798192,1.676140372,0.101409,176.1954545,-3.855588097,47.81386697,56.89208731,6.251429,184.5311371,-4.094372955,-6.650282039
Driver,62.59395132,-2.997,3.174,2.480314961,68.012,1.963,21.806,-7.818,-10.992,44.82932176,0.7162,13.824,-4.056,3880.0,-15.359,37.35153068,4.793841441,-2.991620753,6.191662165,-0.468870508,1.183759736,0.297772,23.78322613,-2.135673041,15.60497567,38.68973332,1.215377641,42.54542604,-4.172763749,-1.364694588
Driver,102.7559055,-4.711,-2.39,6.456692913,45.125,-7.097,7.395,-5.126,-2.736,135.6903185,1.3205,3.464,-4.233,5428.67,14.374,360.8069332,38.27657057,4.20161052,188.0951101,11.89149748,-6.005088621,5.13336,177.4103969,9.715076627,26.66679372,55.99376382,4.68336,200.5934832,14.14491957,68.29214487
Driver,82.42439155,-2.47,0.716,3.385826772,47.715,-1.532,11.83,7.238,6.522,117.9165175,1.4306,9.044,5.936,3589.31,21.584,296.008518,39.06000508,61.88827361,152.1198617,42.60606291,0.372345402,4.40206,152.8040041,42.90252194,27.62610876,54.07046231,4.4316,176.7932079,53.45566866,82.51656546
Driver,86.05046528,-4.522,5.139,4.842519685,62.302,2.76,9.49,-0.59,-5.729,130.9240784,1.5215,7.89,0.076,2250.0,-14.78,313.8170718,29.59808425,-11.49804908,5.636969431,-0.002225235,0.779690812,0.0898048,173.2327924,-11.27988927,17.92725682,68.58308826,3.96183,215.8271975,-17.11082047,-34.52752896
Driver,91.9134753,0.373,6.723,-0.433070866,60.282,6.936,3.447,-3.123,-9.846,137.2168039,1.4929,3.09,-1.965,1650.0,-64.173,95.38883925,2.735520698,-6.163693895,6.142096346,-0.244541369,0.305293516,0.092572314,60.22119105,-5.608136328,3.716599987,112.3230715,0.995195937,139.6638749,-17.98735541,-10.64666303
Driver,22.98228346,-7.0,-0.8,5.039370079,79.531,-2.652,43.511,-0.666,0.189,24.6595383,1.073,30.05,-0.712,3267.08,0.15,18.8828907,5.438425845,-0.229362575,5.85290244,-0.074250163,1.811207317,0.580274,11.86361134,-0.14978345,32.31407251,22.91054707,1.205947,17.22830878,-0.216965844,-0.007084096
Driver,99.72485684,1.519,7.152,-1.968503937,49.22,8.463,19.365,1.431,-5.721,138.9752595,1.3936,16.683,2.345,3890.0,-10.642,440.0933133,120.4997856,-11.38833611,5.92993019,0.22956626,1.801401189,0.092615,217.0787765,-13.69953107,47.79826717,61.82779136,6.999978,229.5087129,-15.38442096,-67.65740181
Driver,95.09887258,-1.34,2.316,1.811023622,46.297,1.035,13.585,5.178,2.861,134.8205977,1.4177,11.44,4.753,2924.83,10.667,404.8042848,65.49753059,51.34227599,6.186693036,0.523464858,1.264955268,0.0970301,210.0737712,33.19140169,32.31216502,59.73163638,5.64929,226.317872,36.95344529,47.6673279
Driver,90.93369721,0.47,-2.993,-0.511811024,47.297,-2.559,16.812,-7.095,-4.103,123.9387974,1.3629,13.793,-6.304,3831.83,-13.679,362.1702369,73.81603115,-63.19845909,6.202892463,-0.69896982,1.54398387,0.107093,186.063471,-40.71526044,38.11549574,56.44078159,5.74099,196.4302737,-43.95347348,-61.60127199
Driver,112.7236936,7.7,4.5,-8.622047244,52.188,10.625,17.811,1.662,-2.922,167.2624374,1.4838,16.728,1.989,1871.29,-6.244,581.070507,139.6374375,3.449232969,5.529624354,0.188082257,1.670222181,0.071393,296.9932097,-3.34655012,43.18496453,71.35915859,7.50065,318.0842945,-4.392395649,-40.95542675
Driver,101.4159807,-1.376,1.93,1.771653543,46.949,0.645,20.511,0.33,-1.6,140.1892448,1.3823,17.781,0.545,3810.0,-4.011,450.0517257,132.0355253,-7.291315643,6.336249293,0.054508082,2.070561511,0.0986934,220.6743751,-6.763928579,49.74985042,63.67176792,7.24725,230.8911365,-7.340639184,-26.58500743
Driver,102.1631174,-4.822,-5.948,5.748031496,50.363,-9.955,20.974,-0.988,4.96,135.6207498,1.3275,17.035,-1.805,5403.11,6.857,405.8535268,125.3478679,7.193174993,6.493354954,-0.190809957,2.052991226,0.104377,196.9210921,8.340655893,51.39928757,61.53301077,6.94356,203.4511833,8.898076102,43.60070493
Driver,104.1025412,2.5,0.7,-3.070866142,49.741,2.833,11.447,-3.605,-4.305,147.0441124,1.4125,10.196,-2.999,2030.0,-11.498,425.5295801,56.1889955,-37.60807214,5.699894764,-0.305796614,1.027689876,0.081431,227.9172895,-26.13151606,25.99689211,68.05551675,5.204294,266.6136992,-33.08055561,-42.75019503
Driver,91.23120974,1.23,1.597,-1.57480315,51.384,2.579,16.775,-3.852,-5.449,126.6197656,1.3879,13.853,-2.782,3894.57,-12.437,376.3329513,79.46669994,-42.0244738,6.30408581,-0.322997998,1.579988542,0.106591,191.6893288,-29.2097678,39.58979128,56.87364272,5.94012,207.5436594,-33.0067451,-59.9404907
Driver,94.64030064,0.843,0.116,-1.181102362,52.636,0.76,12.835,-6.848,-6.963,135.8715104,1.4357,11.071,-5.792,2758.74,-13.726,386.8247705,56.09500836,-64.28246033,197.419803,-41.38758539,3.933496991,4.7938,205.1447937,-43.75150941,27.65618269,65.00552105,5.06597,237.1416966,-53.52520686,-69.90533994
Driver,96.21510379,0.807,6.005,-0.984251969,50.19,6.677,21.674,14.045,8.04,129.1832946,1.3427,18.378,12.67,4540.0,7.805,390.1728683,116.8571894,100.2140903,5.958313386,1.318293591,2.010663554,0.101319,193.2004849,56.84989474,49.52619127,60.72765687,6.73592,202.9802191,60.18000769,44.89785102
Driver,66.06567645,-2.613,-2.368,2.480314961,58.834,-3.95,25.626,7.987,10.356,83.42407838,1.2628,20.901,6.046,4180.0,12.573,188.5806357,45.64168354,26.99234432,5.937771803,0.648698348,2.239780989,0.1594296,105.7654308,18.53275948,35.82481765,50.12347857,4.11180899,122.385872,22.3638257,22.38625057
Driver,25.77397996,-5.8,-0.6,4.409448819,70.974,-3.333,42.41,-3.013,-2.249,29.03274875,1.1264,29.957,-2.23,3567.2,-1.878,26.22898326,7.593644696,-1.026572515,5.840217202,-0.236631486,2.288652373,0.491708,16.35377724,-0.684881641,32.8700465,26.22388266,1.441504,23.02295212,-0.975721003,-0.145737419
Driver,91.76136364,3.674,-5.311,-4.527559055,49.518,-2.17,15.987,-2.785,2.526,132.4009037,1.4429,13.842,-3.241,2880.0,7.812,406.3370222,78.14095529,-8.601963154,5.744591008,-0.3175791,1.423104223,0.092641,211.0460458,0.178107048,36.18311116,60.09492604,5.951098,234.2856443,1.428455483,36.32852611
Driver,108.1625805,2.728,-1.303,-3.503937008,46.511,1.288,14.248,0.54,1.843,161.1321135,1.4897,12.613,0.27,2650.0,2.245,547.9406122,110.6014622,8.767486233,5.862063208,0.029430273,1.325463612,0.077185,273.6947319,6.370371233,40.54137776,64.64268791,7.128888,295.3698589,7.237507952,15.24269593
Driver,80.01968504,-0.356,0.793,0.551181102,47.513,0.467,15.734,-6.125,-6.918,107.3843504,1.342,11.931,-4.427,4417.27,10.084,254.2398107,40.57096992,-9.635573,145.8655134,-2.027073758,-4.688309933,4.48654,137.8898348,-2.349411911,28.38772463,56.97477009,4.15654,161.613878,-1.462428151,24.89883906
Driver,99.0135111,-2.772,-6.414,3.779527559,47.702,-8.938,17.89,3.471,9.885,139.7197119,1.4111,15.129,2.066,4261.27,16.777,431.9608994,110.6389824,59.63705627,6.190240463,0.246282403,1.702028466,0.095508,212.9708573,42.59650941,46.23666516,60.12588889,6.781895459,225.7297131,46.68878932,105.1386395
Driver,90.11274159,6.283,8.491,-7.480314961,60.164,12.112,13.939,2.647,-5.844,129.1783733,1.4335,13.011,3.377,1500.0,-28.171,316.789582,44.81209009,0.108539061,5.918305092,0.330229559,1.352322536,0.09724,181.785179,-8.331101315,23.06982877,72.25205067,4.198164,226.9661739,-15.31661448,-57.04067283
Driver,93.44130279,-1.834,-4.998,2.913385827,38.317,-7.32,12.491,-7.833,-2.835,127.6028991,1.3656,8.984,-7.124,4528.39,-7.229,366.4798436,58.41342368,-58.66424991,6.56801127,-0.825598009,1.071419564,0.108355,183.7223609,-33.6349343,34.25264874,54.20283838,5.43863,201.2776709,-37.78953256,-32.92691882
Driver,108.1200787,-5.122,0.639,7.007874016,44.909,-4.52,10.851,2.98,2.342,161.2761722,1.4916,9.177,2.729,2709.38,8.266,528.2093659,80.70490335,45.49035492,4.413080419,0.214085428,0.72510105,0.0571699,264.097575,29.33364844,33.98905235,62.68892275,6.44799,280.9535674,32.28250034,50.41189125
Driver,92.46599857,-4.1,-2.1,3.937007874,56.871,-4.866,18.452,-2.388,-0.288,136.5029975,1.4763,15.197,-2.364,4410.73,-0.436,421.2575197,113.1492465,-17.87194785,5.794995526,-0.238918071,1.604147432,0.091526,206.2834073,-9.389208771,48.17458318,60.08813786,6.830273,217.2549457,-9.921293775,-2.643850807
Driver,101.43835,-3.355,-5.863,4.251968504,51.837,-8.503,7.389,-1.974,3.889,142.870884,1.4085,6.296,-2.374,1650.0,13.185,314.2551863,23.03537054,-4.63624729,6.190895759,-0.247272543,0.679742815,0.09011971,175.7113716,0.856359185,13.59695646,79.53842623,3.498951005,235.0225457,4.083423104,24.40170062
Driver,77.24588404,0.8,1.143,-0.94488189,49.329,1.83,14.093,5.169,4.027,115.4867573,1.4951,12.542,4.683,1860.0,10.9,275.0111627,37.60335524,28.82559745,6.402160846,0.532220361,1.40649363,0.117597,157.7107719,19.66977406,22.40943683,66.38712856,4.00017,195.7112677,26.07209472,20.48609294
Driver,92.35862563,-4.3,-2.1,4.291338583,56.792,-5.121,14.163,-3.967,-1.867,135.3706603,1.4657,12.159,-3.572,5100.0,-4.263,404.612824,95.00053927,-37.05166182,5.823871897,-0.389977679,1.289592774,0.091596,197.9032929,-21.42668513,45.34204572,57.03248889,6.432111,208.9980255,-22.97349538,-27.38283702
Driver,81.82265569,-5.947,-7.829,5.984251969,51.321,-12.613,16.873,2.363,10.192,112.0637974,1.3696,14.035,1.022,3470.0,15.821,300.7467275,54.60610943,24.15749067,5.763824329,0.121702769,1.443703514,0.110162669,160.6900221,19.88982156,32.50464654,55.64538598,4.926135632,183.6068715,24.98433739,51.12773841
Driver,77.43826056,1.363,7.837,-1.771653543,46.443,9.133,12.062,-2.312,-10.149,105.8885111,1.3674,10.712,-0.988,1970.0,-42.796,179.6634053,19.07236917,-13.71754961,6.119344867,-0.138914315,1.120809828,0.121706,108.5350186,-14.08141649,15.54891417,70.45024535,2.68044,144.7920364,-23.16504701,-36.67101474
Driver,98.53704366,-3.1,2.5,3.937007874,50.253,-0.049,19.182,0.022,-2.478,131.725349,1.3368,16.97,0.356,4260.0,-5.468,402.765224,113.2407045,-11.84450536,6.136336849,0.021394738,1.903668562,0.101495,199.1251903,-9.740954828,48.38005523,60.20850767,6.742183,210.1678503,-10.67410929,-32.92954946
Driver,106.7980494,-0.99,1.775,1.102362205,54.066,1.057,17.401,-0.266,-2.041,150.4189782,1.4084,15.092,0.004,3471.6,-6.146,499.2367402,128.0058467,-18.71144736,6.212653643,-0.007253461,1.712752526,0.088815,244.2672042,-14.5995368,47.17178025,63.58529639,7.37489,251.2237728,-15.31933995,-43.84967804
Driver,97.00697924,0.9,-5.3,-1.220472441,50.287,-4.587,16.522,-0.744,4.642,141.6161865,1.4598,14.494,-1.378,2978.77,9.384,454.7662309,99.0088687,10.89253562,5.33570262,-0.120862078,1.390229939,0.080613,230.3905787,12.43439407,41.08398716,61.30027532,6.627219,249.8148817,14.78623643,53.88968636
Driver,92.09690408,2.7,-3.9,-2.992125984,54.378,-2.109,22.437,2.786,6.766,125.6596725,1.3644,19.27,1.614,4180.0,11.902,378.3773437,111.4746867,36.56586994,5.946486869,0.184828068,2.103313767,0.104468,190.065622,26.60450134,48.08860973,60.2865313,6.575708,201.4025246,29.01474627,63.87984943
Driver,59.50697924,-0.3,-3.1,0.354330709,56.755,-3.428,25.816,1.896,4.996,77.93799213,1.3097,22.409,1.087,5374.87,8.174,167.651627,43.67939987,7.77311986,5.680829777,0.130802659,2.313199753,0.165425,94.00148012,6.162618132,37.55122546,47.87536374,3.953007,106.6546303,7.418604279,13.14624543
Driver,89.00769506,2.505,-4.347,-3.307086614,52.506,-2.423,23.087,3.411,7.758,117.6389137,1.3217,20.344,2.28,3430.0,12.928,349.0280792,97.03275289,35.61626677,4.702577872,0.198035651,1.750075963,0.0884424,181.0238226,26.3227556,44.56139418,59.21775218,6.147115012,196.1216361,29.66225214,57.53036653
Driver,106.0486757,-1.584,2.177,1.771653543,54.64,1.052,18.033,-1.089,-3.265,145.69949,1.3739,15.335,-0.614,3957.84,-9.162,469.2077136,125.6870606,-32.38194688,6.101863009,-0.077164475,1.709156348,0.0901761,228.4454556,-23.58388258,48.27831387,62.597647,7.21507,234.4952176,-24.59743393,-63.44268177
Driver,121.4343236,4.105,7.644,-4.527559055,50.987,10.977,14.401,4.504,-3.139,177.9263601,1.4652,13.172,4.891,2270.0,-10.889,623.5483625,131.5500301,18.3059252,6.387207411,0.533176422,1.52557428,0.0764073,310.9283223,-0.968471701,41.85524215,68.89223455,7.62174,331.1474921,-2.6367265,-82.42408465
Driver,98.94192913,1.543,0.496,-1.811023622,50.022,1.791,11.237,-0.468,-0.964,147.792815,1.4937,9.513,-0.293,2543.65,-3.643,453.8871985,63.1514138,-8.951544095,6.389524473,-0.036052283,1.084341947,0.090754,234.3261778,-6.908264377,29.49072533,62.95681085,5.70775,263.4532827,-8.497811194,-17.13119844
Driver,101.1430744,1.044,2.096,-1.220472441,53.152,2.878,13.83,-0.19,-2.286,143.4905154,1.4187,12.255,0.1,2280.0,-6.49,441.4215488,72.56168112,-9.992505609,6.33198295,0.005304939,1.384707778,0.0935013,232.6204159,-9.194209134,31.78326573,64.36767882,5.80822,261.5179864,-11.51830143,-28.79963068
Driver,95.68271296,-1.966,-0.255,2.834645669,43.004,-2.364,17.718,-1.293,-1.039,130.7160433,1.3661,13.667,-1.069,5262.31,-1.907,386.9880716,95.86991332,-11.66050871,6.3385537,-0.121564845,1.592120292,0.103901,190.9071079,-7.125664499,45.61767266,57.18639858,6.3593,200.9133836,-7.631581755,-10.69575043
Driver,107.8180923,0.391,0.566,-0.433070866,49.955,0.894,23.255,2.975,2.41,141.2081693,1.3097,20.256,2.629,4230.0,3.698,446.6848298,154.0119645,30.73712347,6.42626289,0.301050601,2.417725536,0.100986,214.3396452,18.49418763,54.60990364,67.44262143,7.54631,220.9916035,19.20895262,26.03978195
Driver,107.1962241,-5.915,-1.299,8.543307087,42.923,-7.695,9.456,-1.078,0.221,157.4476557,1.4688,7.19,-1.111,3542.42,2.697,490.4564284,75.44966214,0.357066758,232.4330031,2.537926927,1.393096203,6.05356,234.2339925,2.609288543,37.2281556,58.35392856,6.13282,253.1247435,3.36468637,21.45051337
Driver,90.28498568,-2.3,-4.3,2.716535433,57.747,-5.894,14.837,0.938,5.349,120.7489263,1.3374,10.647,-0.408,5261.06,12.028,331.7947588,59.20278071,18.53855345,5.771694704,-0.024108349,1.111084757,0.101228,168.4439469,15.51298427,35.99518219,53.26652493,5.284216,184.5590122,18.38623925,50.12088915
Driver,113.728078,3.2,4.2,-3.149606299,54.425,5.927,18.083,0.79,-3.353,167.6261632,1.4739,15.817,1.529,3870.0,-9.533,553.9353438,173.0129024,-26.84780778,5.852995425,0.125231469,1.687663957,0.075353,259.904975,-22.58237549,54.25629931,68.92991732,8.265056,267.4226332,-23.72833314,-88.44939231
Driver,95.8639048,4.87,8.247,-6.299212598,49.442,12.428,10.794,2.269,-5.978,135.6645938,1.4152,9.719,3.374,2060.0,-22.776,341.7119705,39.11688757,-0.172761009,5.954587003,0.333613383,1.015734525,0.092132,189.3116118,-8.581246504,21.09205371,69.34871994,4.30962,233.1477485,-15.50433064,-59.08964477
Driver,58.33482462,-0.347,0.667,0.393700787,56.252,0.435,17.874,11.079,10.413,80.88806371,1.3866,14.822,9.231,2834.46,21.099,135.2864613,20.51569292,27.18719167,85.72266973,20.08902925,-1.416857333,2.77131,81.96521297,18.97624591,20.67257973,59.08251747,2.63131,115.2204956,28.64476465,17.81776397
Driver,97.84359341,0.873,-1.112,-1.102362205,47.632,-0.315,25.247,-4.726,-3.615,132.6856657,1.3561,21.508,-4.112,4980.0,-0.654,398.9137064,145.6423968,-28.4695385,5.916126317,-0.42528006,2.372207539,0.10009,192.0773786,-15.15904134,55.11852391,65.07542104,7.207712,197.5560829,-15.61072965,-4.169437629
Driver,94.29804939,0.161,-10.824,-0.236220472,42.69,-10.649,24.126,4.293,15.116,131.1265211,1.3905,20.684,1.86,5350.0,20.938,380.2093496,127.6474671,64.466145,6.359645258,0.247651166,2.451643556,0.108122,187.113683,47.41452476,51.715318,62.01359828,6.81803,193.4927981,49.81669988,124.5436047
Driver,97.25751611,0.1,6.5,-0.157480315,61.508,6.638,12.047,-4.187,-10.74,124.1513064,1.2765,10.588,-2.824,2440.0,-24.311,307.407229,38.52182545,-36.33568737,6.059147645,-0.321121611,1.127365015,0.102906,169.6144079,-29.13606013,22.93416497,63.26526169,4.277756,206.5466272,-40.32805973,-62.60491513
Driver,113.5312276,0.502,5.272,-0.590551181,49.473,5.701,11.858,1.143,-4.128,165.5572208,1.4582,10.491,1.653,2392.64,-19.686,532.3300399,84.03989377,-29.47333921,5.670936578,0.149635906,1.064645327,0.0720015,271.5853187,-30.18365761,33.06259687,65.59637076,6.36569,290.157166,-34.95966168,-113.8703763
Driver,95.83706156,-3.328,0.284,5.039370079,42.115,-3.404,6.077,-1.092,-1.376,136.3587151,1.4228,4.059,-0.795,2762.27,-5.484,290.8708167,16.06743026,-9.724364054,161.7162592,-7.668508111,-1.563014456,3.45701,154.681648,-7.092173792,11.92861226,74.50151375,3.25701,205.4310531,-11.16559575,-14.84265698
Driver,91.07238726,2.298,-1.905,-2.677165354,50.897,-0.036,12.818,-3.279,-1.375,135.1617305,1.4841,11.649,-3.123,1582.56,-4.757,359.5831763,48.4926311,-23.58070891,6.390484181,-0.35160421,1.311631279,0.0998304,200.8194803,-15.01008495,23.76331496,71.02941733,4.59665,241.5582013,-18.8880944,-12.23346725
Driver,111.8826056,2.3,-3.3,-2.637795276,53.204,-1.729,14.941,-3.874,-0.574,164.5620079,1.4708,13.173,-3.723,2890.94,-2.866,562.3275777,128.9671383,-45.74867829,6.175361253,-0.413620046,1.465434803,0.079909,274.3249045,-25.533179,45.36603407,64.96454446,7.576356,290.6358843,-27.40417657,-23.23173224
Driver,92.40783822,2.145,0.393,-2.637795276,48.313,2.304,9.603,-9.982,-10.374,125.9690408,1.3632,8.66,-8.634,2040.0,-41.607,236.0933659,21.26334099,-51.51346535,6.281918431,-0.973385064,0.938669777,0.104319,138.3666977,-38.30338145,14.52105039,76.00942167,3.00971,188.7992683,-59.17268034,-53.7275196
Driver,106.3663207,-0.163,1.307,0.196850394,49.016,1.165,14.294,6.862,5.555,150.5200877,1.4151,12.517,6.153,2850.0,13.734,488.41932,93.11556271,83.57503817,6.338877584,0.693820159,1.429872937,0.0894262,247.1763599,53.32943763,37.96680088,62.095944,6.58539,268.4047252,60.05606354,81.45868299
Driver,105.9099857,-0.5,-0.5,0.62992126,52.845,-1.069,13.124,-0.248,0.252,143.808384,1.3578,11.525,-0.22,3150.0,2.338,459.1087281,85.36298264,3.166315232,5.574493331,-0.026884891,1.150901725,0.081965,230.2809559,3.276693928,38.26720734,59.62949782,6.403131,250.9228844,3.935965371,12.48238044
Driver,81.13367931,3.202,2.416,-4.173228346,46.493,5.46,17.459,-7.332,-9.749,114.6300107,1.4128,15.09,-5.623,3280.0,-23.056,309.3737505,58.84603558,-57.11102331,6.327736632,-0.649706624,1.708122481,0.118812,166.3452811,-41.51056635,33.10380911,56.86285672,5.0326,187.7431109,-49.90830858,-76.58267127
Driver,103.9795097,3.5,10.7,-4.212598425,51.772,13.303,-0.044,-3.236,-13.936,143.3093236,1.3782,0.285,-1.871,1910.0,-59.516,15.72401661,0.042869436,-0.586786615,5.705498982,-0.21571046,0.014177657,0.08217,10.46592939,-0.447304839,0.341005693,138.0442122,0.152029,77.88540905,-4.107750301,-0.317019761
Driver,103.125,1.5,8.7,-1.692913386,52.678,9.733,7.8,1.909,-6.791,154.0425913,1.4937,7.106,2.878,1550.0,-35.954,337.3878459,27.82972728,-8.155322498,5.835386022,0.271970568,0.724051778,0.078892,188.4389212,-15.10759302,15.37894611,80.4615857,3.63091,245.0629401,-27.70666262,-73.55849241
Driver,79.8384932,-4.627,-2.405,6.496062992,49.432,-6.378,10.874,3.109,5.513,114.7259753,1.437,8.833,2.367,2470.43,12.899,253.2349234,25.26930542,18.24304642,6.066576888,0.262953921,0.933235693,0.110890529,142.9703512,13.78783802,17.78699795,64.65138328,3.5885967,185.8003266,20.42287979,23.69667889
Driver,28.83187187,-0.7,-2.5,1.141732283,53.05,-3.126,25.076,-0.11,2.39,42.13761632,1.4615,17.849,-0.651,3030.0,3.469,39.83093685,6.656734981,-0.350126154,5.90169129,-0.06054705,1.52296303,0.307911,25.40904176,-0.171675974,20.35441293,36.46085667,1.416113,42.74381661,-0.214634189,0.351066637
Driver,100.771743,3.315,4.726,-4.566929134,46.919,7.831,16.758,1.308,-3.418,147.5724767,1.4644,14.379,1.937,3597.55,-14.42,469.9144839,67.59261528,4.66140902,5.884550873,0.19391519,1.490596782,0.084607,282.8938145,-2.902956432,20.46980802,100.8243414,5.081887,368.8557312,-7.591944728,-37.38831465
Driver,88.37464209,-3.702,1.852,4.960629921,48.913,-1.382,21.715,7.796,5.944,92.19018432,1.0432,16.469,6.476,4930.0,8.281,216.3157125,44.30098659,30.49512137,5.548934084,0.638604201,1.639029856,0.1309896,118.232379,19.35613404,33.58180884,50.51384846,4.244749692,135.4974665,22.91770689,18.2323941
Driver,88.39924839,4.13,8.918,-4.960629921,56.66,11.641,15.6,3.858,-5.061,132.1199445,1.4946,14.262,4.471,1920.0,-16.445,374.8432169,63.4900287,10.70241619,5.827876358,0.44218016,1.476096186,0.094203,206.3452324,-1.421017728,29.44937477,66.5013587,5.167845,241.3544377,-4.635224656,-52.50555462
Driver,80.3932534,0.512,0.722,-0.669291339,53.445,1.101,17.339,-4.596,-5.317,111.2540265,1.3839,13.862,-3.446,4029.84,0.788,282.0451741,52.67971341,-14.77240746,158.2936592,-6.928050747,-4.719993872,4.92463,151.2016346,-6.803489199,32.39248393,57.78624232,4.62463,172.9270894,-7.23532766,6.864011002
Driver,89.92931281,-2.9,3.9,2.755905512,57.522,2.108,18.507,1.609,-2.291,124.7570687,1.3873,15.359,2.117,5500.0,-4.885,358.1855303,94.85887589,1.002043932,6.115830699,0.202221331,1.719609546,0.106165,178.1000308,-2.301429993,46.69627843,56.65532418,6.207358,187.8055886,-2.738482351,-26.63508935
Driver,80.03981747,-0.512,3.199,0.62992126,56.317,2.857,10.669,-1.721,-4.92,114.6924213,1.4329,9.304,-1.108,1700.0,-15.784,223.2852445,21.53413775,-10.01094878,6.17838575,-0.131937771,0.990235736,0.112964937,131.7135932,-8.734770511,15.31380976,72.39115093,3.081917757,183.7680829,-14.73998581,-18.57537796
Driver,93.50617394,-2.826,-4.004,3.622047244,46.242,-6.713,17.938,7.263,11.267,130.9008142,1.3999,15.231,5.696,4023.1,11.03,399.6171476,96.8133972,63.30220821,5.849671469,0.594352172,1.614514957,0.096302,200.6031,39.82438825,43.970917,58.61232771,6.40992,215.1010445,43.79627067,60.34237438
Driver,43.04312813,2.275,5.306,-1.88976378,64.81,6.377,19.14,1.027,-4.279,57.31612384,1.3316,16.246,1.803,1700.0,-8.969,69.9680809,10.68329457,1.660176071,4.60127674,0.138111987,1.229500438,0.1731768,44.33039226,0.764780625,19.1226936,47.48003604,1.842830219,73.83166623,0.868730592,-1.890485069
Driver,97.58858268,2.1,3.9,-2.795275591,48.213,5.896,9.203,-1.763,-5.663,143.8012258,1.4736,8.303,-0.924,1660.0,-27.498,337.3374088,32.82627426,-26.55980371,5.767391235,-0.110317276,0.83833441,0.083797,187.6495441,-23.64763723,18.09277898,74.23636908,3.944762,237.4159224,-35.81153121,-61.92787067
Driver,103.2234252,-3.1,6.3,3.858267717,51.499,3.857,5.398,-2.78,-9.08,141.0399517,1.3664,4.552,-1.882,1740.0,-5.108,275.9756504,14.63818407,-11.5955015,5.890795432,-0.196709542,0.466745335,0.086559,155.0472614,-7.588605708,9.976200192,83.29368098,2.993158,219.6506626,-11.86286061,-7.496034589
Driver,79.83625626,-4.922,-5.804,4.133858268,69.184,-7.68,18.725,-3.183,2.621,109.115068,1.3667,15.763,-3.533,3230.0,4.0,298.3598884,59.75458944,-13.32177587,5.852231078,-0.355651144,1.652268213,0.11585985,160.3811403,-5.619858827,34.6506171,55.96178552,5.072498727,182.1365727,-5.872884679,12.80395749
Driver,98.13439513,-2.299,-4.881,2.755905512,51.343,-6.722,22.965,0.231,5.112,128.2343862,1.3067,19.673,-0.501,4280.0,7.121,390.2035811,121.5712008,14.01978732,6.295043672,-0.043412588,2.28886553,0.108575,193.5020486,11.90099407,50.07384775,61.68769271,6.81177,202.5789371,12.84395353,40.76794681
Driver,115.6518432,0.714,5.308,-0.826771654,51.364,5.879,6.9,0.126,-5.182,164.4593325,1.422,6.136,0.772,1630.0,-39.75,351.8149859,25.06301643,-22.77512481,6.293386834,0.062317668,0.674083333,0.0794531,196.434009,-24.26889689,13.35913191,86.86977194,3.49758,244.6624049,-37.46362182,-80.67923209
Driver,109.0618289,2.6,4.0,-3.74015748,35.275,7.353,14.111,-1.702,-5.8,157.9800465,1.4485,12.726,-0.967,2436.55,-16.624,513.0162577,97.13226905,-47.38128086,5.830727677,-0.112468221,1.327098859,0.07834,261.2793419,-37.41058047,37.56612859,64.28932666,6.655903,285.7827605,-43.9017229,-99.12359124
Driver,93.68736578,5.5,4.5,-7.007874016,53.677,8.461,20.139,-10.477,-14.977,115.3084735,1.2308,17.603,-7.419,4190.0,-7.621,325.6757741,85.95868262,-53.99957574,5.697722725,-0.746844039,1.830095155,0.108103,165.9755541,-32.40080383,44.75749547,55.50727131,5.881818,178.4643584,-35.42156809,-33.33115712
Driver,75.64647459,2.268,4.109,-2.598425197,55.882,5.646,14.136,9.313,5.204,107.4908286,1.421,12.386,8.52,2041.53,9.614,251.6605097,37.00241442,45.86274384,143.1707611,30.56263659,-1.59936698,4.06676,139.7037768,29.58802185,25.20620199,60.81310015,3.93676,172.001911,38.66318283,27.09978732
Driver,108.2811382,2.555,-0.972,-2.913385827,51.248,1.08,21.087,-1.875,-0.902,145.5218772,1.3439,17.945,-1.711,4545.64,-1.72,459.3642428,150.461454,-18.64125398,6.473882053,-0.196337038,2.152506451,0.097311,219.2219007,-10.75977037,53.83487482,66.16933481,7.55309,225.77442,-11.15082644,-12.65190791
Driver,98.2865068,-4.727,-1.271,5.708661417,49.212,-5.362,19.06,-2.157,-0.886,133.5278722,1.3586,15.937,-2.033,4143.0,-1.345,414.6499834,109.63578,-17.57634484,5.235110932,-0.187077012,1.522251771,0.0845312,205.4118043,-9.940177323,46.80999779,60.09751162,6.72855,216.8481276,-10.59674779,-7.966361008
Driver,79.81612384,-1.7,7.5,2.244094488,51.109,6.142,0.639,-7.457,-14.957,105.8697208,1.3264,0.369,-5.708,1810.0,-16.964,14.05633028,0.048878793,-1.421282457,6.087888782,-0.619005894,0.014848458,0.118891,9.323877641,-0.960096369,0.434120857,102.1586407,0.183223,67.03659818,-7.130292846,-0.098774387
Driver,83.29679671,-1.9,3.7,2.165354331,55.745,2.255,1.816,4.651,1.01,100.2784986,1.2039,0.272,4.245,1590.0,11.763,7.737569139,0.020561305,0.576939696,5.914358966,0.446377071,-0.005624776,0.121876,5.17447409,0.389307494,0.334977335,98.41848119,0.106452,59.73331459,4.573859959,0.018908773
Driver,96.33366142,-3.103,-9.127,4.566929134,44.985,-12.236,22.176,11.724,20.851,122.9932445,1.2768,18.406,8.249,6080.0,26.899,334.6319774,94.79905144,97.70621647,6.036339878,0.913217705,2.039899551,0.108127587,169.4399467,66.22782122,46.00426662,56.69319468,5.986657268,178.6654152,71.41342208,129.498272
Driver,69.3293665,-3.036,-1.318,2.913385827,53.623,-3.557,31.555,3.587,4.905,91.4079277,1.3184,25.813,2.627,5260.0,4.765,229.3176476,76.61144074,14.94447617,5.054335087,0.23930379,2.45004264,0.1285576,121.5606643,9.913548441,46.96785525,53.37747831,5.150432892,130.3319259,10.8097766,13.05032754
Driver,81.0956514,-4.9,-1.5,4.409448819,62.215,-4.096,32.855,-0.154,1.346,103.2283465,1.2729,29.148,-0.232,8890.0,1.475,261.0501217,113.0276104,1.139129181,5.388719591,-0.027215459,3.051012408,0.126047,128.5745953,1.194642711,56.60502352,59.01551878,6.017559,128.0795249,1.187231404,5.145685882
Driver,82.95678239,-2.7,-17.7,2.283464567,59.149,-19.565,37.298,-17.047,0.653,102.5639764,1.2364,29.056,-16.967,8920.0,0.827,258.8218278,111.2199745,-68.12174952,4.835518154,-1.434927068,2.722763453,0.113377,127.8293102,-36.95711488,56.31585043,58.66329672,5.97577,127.4111114,-36.83748567,1.085223148
Driver,97.37607373,-2.5,5.5,3.070866142,53.491,3.534,13.894,-2.04,-7.54,135.4916786,1.3914,11.7,-0.892,3250.0,-6.999,417.2047292,73.94606186,-20.34559527,5.677036644,-0.095006364,1.188049096,0.088698,212.7893814,-14.95380021,35.7887064,58.73049167,5.966018,235.0030589,-17.64586674,-34.9426053
Driver,89.37902649,-3.367,2.861,4.330708661,54.57,0.462,8.292,7.922,5.061,127.3087419,1.4244,6.47,7.122,2512.66,8.588,304.6034765,26.44899823,49.19134299,167.3051405,32.47407559,-3.067728314,4.17725,159.3537205,30.32209196,19.4980555,60.89114085,3.88725,195.3235931,40.03917813,32.07611354
Driver,102.9997316,0.161,3.571,-0.196850394,46.52,3.723,14.578,1.852,-1.719,150.843325,1.4645,12.035,2.165,3836.1,-6.651,492.105459,110.3836503,-2.296525491,6.353079144,0.231402813,1.394493941,0.0894023,239.1186143,-6.539088361,44.72031514,60.73786262,7.06497,246.8619456,-7.150000615,-46.69295613
Driver,90.73908375,-4.4,0.0,4.291338583,54.999,-3.86,16.675,-2.126,-1.943,130.0420544,1.4331,12.83,-1.685,4980.0,-3.132,382.360148,88.53253445,-18.76615895,6.027413097,-0.189526739,1.408311622,0.099058,188.8470059,-11.48545743,44.34250067,55.21453442,6.255558,200.3156497,-12.44671011,-17.81342296
Driver,95.40085898,1.2,-3.2,-1.535433071,48.09,-2.66,22.431,2.221,5.55,128.318495,1.345,19.511,1.369,3850.0,11.571,392.1924301,116.934728,35.65504069,5.541773951,0.146458139,1.983636269,0.095317,196.2457667,26.2002374,48.62718987,61.15462154,6.737138,207.8385634,28.57005098,64.63850496
Driver,87.60066213,-2.274,6.324,2.913385827,56.034,4.791,12.746,2.654,-3.67,123.877058,1.4141,10.269,3.276,3137.69,17.004,320.5706128,44.55676093,42.57660088,171.2433845,30.64440198,-0.343508746,4.47668,170.2803309,30.38139538,26.00153023,64.02521024,4.44223,202.1215007,39.08705444,62.27121461
Driver,95.56862921,0.843,-0.831,-1.220472441,51.853,-0.169,14.522,2.903,3.734,130.4912312,1.3654,10.838,1.869,4947.36,18.29,358.3898569,74.20039597,54.02493001,176.2303249,40.02864815,-1.659785969,5.87118,174.4206535,39.17410661,42.09699215,51.58354064,5.77118,185.74051,44.42326032,100.8299122
Driver,52.79393343,-4.923,-1.391,4.094488189,67.57,-3.429,34.986,11.584,12.975,64.18955798,1.2159,32.07,10.359,1969.09,12.792,130.330246,43.94497813,25.38040957,4.816264619,0.881545827,2.909437708,0.184518,75.81803649,17.0575702,40.48144279,48.42696057,3.644864,92.5520105,21.32829922,10.48742763
Driver,24.42510737,-4.2,0.0,2.952755906,76.947,-1.541,43.002,-2.173,-2.139,27.07363994,1.1084,31.742,-1.421,3011.9,-1.805,23.52090176,7.235713303,-0.613657656,5.854392452,-0.159206654,2.294863239,0.538466,14.62538073,-0.413263755,34.41053664,24.83357552,1.395844,21.01688222,-0.602990297,-0.151778155
Driver,88.79742305,-0.889,5.037,1.102362205,53.001,4.367,11.48,1.772,-3.265,130.5625895,1.4703,9.497,2.307,2660.0,-9.615,358.2936385,44.57890522,2.450674679,6.164182289,0.23873714,1.035057142,0.099208079,191.0756193,-3.093713327,24.95731806,61.92426811,4.811853114,225.417868,-5.682431727,-32.34519039
Driver,95.49257337,-3.1,-0.5,2.992125984,58.983,-2.469,14.237,-2.511,-2.011,134.853257,1.4122,12.241,-2.322,4910.0,-4.933,404.5668675,93.52458579,-28.31200971,6.003720473,-0.246180622,1.33748569,0.094842,198.4495103,-17.49402171,44.76473644,56.98429318,6.402736,210.2429147,-18.96053292,-28.41206224
Driver,101.0603078,-0.9,7.9,1.102362205,52.482,7.193,12.375,9.449,1.549,150.0293039,1.4846,10.789,9.348,2380.0,-0.236,469.2497654,75.84966846,74.74623617,5.932505147,0.96339785,1.141577659,0.083381,240.1675233,38.61162042,33.69717288,62.12694524,6.087295,267.115719,42.89981299,-1.212677661
Driver,81.84502505,0.588,4.821,-0.748031496,49.501,5.323,5.431,-3.67,-8.491,120.8547334,1.4766,4.565,-2.134,2110.0,-38.576,149.8614459,6.769551986,-11.82042001,5.778129169,-0.241459648,0.444052568,0.099141,90.47073696,-10.44061065,6.75736406,86.16814378,1.832961,157.8054569,-23.89412809,-21.26113432
Driver,108.6793128,4.1,0.7,-4.645669291,50.433,4.164,18.806,-0.908,-1.608,158.2976915,1.4566,17.202,-0.651,3500.0,-4.512,531.4130107,162.026712,-22.48763832,5.43454262,-0.071520792,1.703700834,0.07453,254.3161067,-15.42660935,52.43348068,68.08486681,8.022515,263.8479247,-16.29054212,-37.62429993
Driver,110.3905691,1.908,-4.628,-2.283464567,49.411,-2.993,10.48,-4.675,-0.047,158.5990068,1.4367,8.366,-4.664,3330.55,1.024,513.8073318,87.35883911,-33.70648028,249.574047,-12.06384541,-5.43221338,6.84679,243.258224,-12.19128226,40.12047046,58.86975406,6.55679,260.8775466,-11.97099375,22.81234073
Driver,112.6901396,4.3,-2.1,-5.393700787,50.48,1.402,15.266,-2.306,-0.206,165.3424749,1.4672,13.707,-2.211,2660.0,-6.582,566.3053758,128.5254039,-42.4047789,5.907635559,-0.241309439,1.457019258,0.076186,279.3377777,-27.45511482,44.31006903,65.63598203,7.545406,297.0602745,-30.0645232,-50.13029985
Driver,86.09744094,-1.9,-0.7,2.086614173,56.459,-2.124,16.654,0.226,0.926,120.1118468,1.3951,13.865,0.2,3330.43,2.634,347.7484035,67.18569087,4.475243836,5.994737981,0.009623407,1.489940035,0.106837,181.4281571,3.740619082,36.03481177,56.58575272,5.519224,202.2561251,4.53142574,9.322285374
Driver,79.49400501,-3.571,4.508,3.622047244,60.557,2.49,24.31,1.397,-3.112,89.25174481,1.1227,19.339,2.007,4430.0,-4.816,212.4026441,49.89493332,3.465251478,5.742965905,0.1929416,2.006655438,0.14251,116.6761926,0.619579108,36.3922834,50.82952695,4.380008,132.9555769,0.324072123,-10.40078918
Driver,68.85513601,1.737,3.924,-2.165354331,54.529,5.162,4.953,-5.527,-9.451,99.29894417,1.4421,4.375,-3.801,1790.0,-50.707,70.62945779,2.843551144,-6.37991258,6.015929519,-0.434027092,0.410088172,0.125621837,44.99599013,-5.106150039,5.072750007,84.07118667,1.012033463,110.5005511,-15.83311175,-6.394029296
Driver,100.5167323,1.853,5.997,-2.480314961,48.553,7.634,15.087,0.705,-5.292,147.1470115,1.4639,13.297,1.448,2820.0,-19.215,466.5269626,89.87075205,-29.77863494,6.085583695,0.135936999,1.448672115,0.088093,238.7616123,-29.47657496,37.19468054,62.20589046,6.383566,262.4044557,-35.78196421,-106.3633069
Driver,103.0623658,-0.9,3.9,1.141732283,49.635,3.098,13.378,8.643,4.743,150.995213,1.4651,11.677,8.015,2690.0,4.799,485.9802166,90.53286125,78.00154977,5.849425959,0.819686069,1.223298069,0.081978,243.908115,43.36414644,38.40303443,60.99451245,6.565646,266.1150451,48.1044029,28.42101288
Driver,79.47610952,-3.1,11.9,3.622047244,59.92,10.091,6.716,0.305,-11.595,100.3136185,1.2622,5.366,2.072,2090.0,-39.615,104.0744531,5.326476317,0.099946702,6.213724291,0.18758468,0.544039426,0.1289,64.78913467,-2.056223735,7.181314451,76.49304275,1.52863,121.9527089,-7.999624574,-13.1885176
Driver,98.7115247,-1.6,1.8,1.535433071,56.632,0.085,18.226,4.376,2.645,145.0185666,1.4691,14.526,3.627,5370.0,6.185,437.2260326,130.051952,48.20458701,5.799151625,0.400970545,1.543910495,0.086053,208.3956771,28.65176762,52.24738606,61.94308816,7.170067,215.1660315,29.86691013,46.60887573
Driver,111.8647101,-6.445,-0.858,7.283464567,51.67,-5.982,16.866,-1.427,-0.568,148.9484162,1.3315,14.237,-1.359,3889.85,-0.888,486.4457899,125.4565122,-13.93649635,6.315602641,-0.151002169,1.644662064,0.0908618,235.9191767,-7.717357256,47.91955138,62.61115938,7.30286,247.3053646,-8.162738557,-6.368798623
Driver,99.76735863,2.5,3.3,-3.346456693,46.517,5.597,11.31,3.546,0.288,138.5265301,1.3885,8.068,3.439,4462.03,-2.49,418.4509387,70.14752353,18.60748626,5.973213015,0.355141641,0.876305465,0.090466,204.4445726,7.637913803,37.70363204,55.07945332,5.979023,221.5441309,7.931695701,-13.89317516
Driver,84.98120974,5.479,1.117,-7.322834646,48.353,6.011,0.764,-5.516,-6.633,115.7894148,1.3625,1.553,-4.413,1560.0,-44.179,43.9022939,0.625650514,-3.863955739,5.620589619,-0.454937435,0.127114752,0.100193,28.62426643,-2.839086812,1.79252332,105.0958227,0.53079,98.49378924,-11.40213848,-1.91708673
Driver,117.7836435,3.168,3.818,-4.212598425,44.334,7.065,16.041,0.298,-3.519,166.0518074,1.4098,14.164,0.832,3210.0,-8.548,571.6749377,144.3406864,-22.43598483,6.008078471,0.079351242,1.537222212,0.07736266,276.2624016,-19.47085531,47.90418788,66.2912022,7.885505163,290.1990325,-21.35013194,-70.41099191
Driver,98.43638153,0.611,7.8,-0.708661417,56.571,8.203,8.076,-2.866,-10.666,138.3880637,1.4059,7.253,-1.664,1990.0,-27.659,303.2891081,25.11822349,-26.65270353,6.13846043,-0.198659443,0.775679823,0.0924872,170.2210071,-22.72217831,15.04918119,75.61617608,3.556616895,224.4994143,-36.18037681,-53.44176371
Driver,101.1408375,-1.741,4.408,2.086614173,51.207,3.008,13.208,3.104,-1.304,144.9170097,1.4328,11.374,3.269,2650.0,-4.115,455.9371227,75.41601622,17.56471927,5.822744695,0.328637846,1.180662689,0.084869,234.8008094,6.470918527,33.66413618,62.08697557,6.052613,261.5279633,6.434862293,-20.7713238
Driver,91.7591267,0.027,-0.477,-0.039370079,50.449,-0.455,13.67,-3.102,-2.625,129.9698014,1.4164,10.328,-2.442,4391.32,10.07,371.90182,66.83248474,0.396314238,156.6608408,1.632944924,16.14954318,4.34386,184.6732404,2.890562452,37.70477351,54.21180254,5.63156,200.5839536,3.581327484,32.26661365
Driver,95.74311024,-2.9,-2.3,3.228346457,54.234,-4.561,16.597,-0.572,1.728,139.8801002,1.461,14.317,-1.067,5000.0,3.454,423.5632589,117.5839658,4.75047708,5.686335216,-0.071325942,1.487022534,0.087332,204.4516517,4.839962249,49.93989825,60.14269509,6.919224,213.2522261,5.259274821,25.93581072
Driver,105.4670723,-4.825,-3.639,6.181102362,50.234,-7.668,7.403,-11.645,-8.006,145.8773264,1.3832,6.261,-10.889,1980.0,-22.954,335.5071551,25.47004829,-80.64359017,6.32849347,-1.211393662,0.693936675,0.0901877,184.7134368,-51.52500774,14.78205959,76.3237007,3.74152,235.5047105,-70.64570722,-51.26607361
Driver,100.0559234,4.59,1.292,-5.708661417,57.058,4.274,11.088,-4.867,-6.158,144.4526217,1.4437,10.305,-4.109,1550.0,-31.021,354.5243721,41.23220435,-49.00083648,6.144627225,-0.458994408,1.1104622,0.0893073,199.85711,-38.07561128,20.36658192,76.12274302,4.19051,246.8871472,-52.95755974,-71.75833001
Driver,88.09949893,0.807,-2.535,-1.102362205,50.998,-3.189,12.158,4.656,7.191,125.4585719,1.4241,10.067,3.296,3090.75,0.097,333.2816146,44.76520634,17.35383739,186.1611153,8.090633871,-4.594498682,4.89043,177.6051668,7.926223059,26.50488245,61.85520011,4.57043,208.0350428,8.543052778,-6.864012853
Driver,88.94282391,2.02,4.614,-2.440944882,54.252,6.069,16.039,-0.91,-5.524,127.6847709,1.4356,13.693,0.053,3200.0,-16.002,377.4091015,71.63209533,-26.46339071,5.9308004,-0.011789006,1.45346749,0.099232,196.6391613,-23.20779128,35.62338087,58.43089833,5.70048,218.7993697,-28.27425503,-70.16521826
Driver,87.81540802,2.512,0.474,-3.700787402,42.519,3.217,12.49,-3.561,-4.035,122.0047423,1.3893,10.562,-2.763,2520.0,-14.437,311.7076493,39.49835799,-28.24743498,6.278135339,-0.316535991,1.167598328,0.108435,171.2317738,-21.06927896,23.40044601,62.53856715,4.39095,204.9058883,-27.84459053,-38.55996668
Driver,99.12312097,-1.3,1.3,1.850393701,46.115,-0.026,26.025,-3.14,-4.44,125.0932802,1.262,23.459,-2.468,5860.0,-6.669,353.2260985,138.6262005,-32.08553512,5.487575286,-0.267579148,2.42472245,0.100071,170.0657363,-20.68237658,56.46019398,63.71092694,6.894833,173.378312,-21.19420536,-40.18283856
Driver,101.6016464,3.564,2.123,-4.724409449,48.324,5.302,14.752,0.474,-1.65,147.3279796,1.4501,13.041,0.734,2530.0,-6.969,474.8024527,88.50069173,-8.460465828,6.059740156,0.07154279,1.412992381,0.087469,244.8360697,-9.301276122,36.34606295,63.51045139,6.379334,270.3534778,-11.49687239,-37.30406556
Driver,31.38869005,0.3,4.5,-0.236220472,67.006,4.528,25.664,-3.379,-7.879,42.76306371,1.3624,18.471,-0.782,3190.0,-12.726,42.29776815,7.372140059,-0.997856169,5.778133844,-0.103764163,1.583978536,0.298567,26.82543013,-0.882738797,21.39654499,36.28997864,1.498015,43.39370335,-1.722288807,-1.550220057
Driver,91.4817466,-1.2,-0.2,1.88976378,50.34,-1.912,25.351,-1.716,-1.415,115.8095472,1.2659,21.616,-1.425,4299.44,-10.149,332.4786509,105.2654241,-27.4325942,5.985973763,-0.173571673,2.398006597,0.116191,168.4626074,-20.13123798,48.9841284,58.15563325,6.29204,178.623847,-21.92402223,-47.89692151
Driver,99.78749105,-0.874,-0.723,1.141732283,51.64,-1.415,10.793,-4.181,-3.458,145.348291,1.4566,9.399,-3.759,2100.0,-13.022,408.560485,49.66532635,-43.10878525,5.831983787,-0.391463737,0.967923698,0.084113445,219.0893021,-29.50768679,24.1971007,67.88932347,4.973205217,259.4152594,-37.89289988,-45.6348257
Driver,55.50957409,-5.8,-1.6,4.291338583,72.149,-4.12,32.319,0.032,1.708,67.15170902,1.2097,23.06,-0.431,6160.0,1.968,127.9132322,32.94014192,-0.231122207,5.807463472,-0.040622656,2.407102699,0.198103,72.98008493,0.153203991,36.06400755,43.26295836,3.417129,83.30897555,0.25331769,2.106529209
Driver,115.1149785,3.517,-3.101,-5.118110236,43.616,0.597,15.437,-0.548,2.553,165.9777649,1.4418,13.669,-0.94,2980.0,6.513,574.252061,135.5507886,12.76657132,5.792534875,-0.089742599,1.426084386,0.074391782,280.3247555,12.59860142,45.85597353,65.90538479,7.736515225,296.3254342,14.10820577,51.57326203
Driver,96.13010021,1.955,3.884,-2.598425197,46.131,5.764,13.263,0.415,-3.468,139.6302344,1.4525,11.602,0.939,2410.0,-13.103,414.0719216,63.50639625,-13.09926923,5.952318004,0.086683884,1.226172631,0.090118,219.1486008,-14.28032858,29.74680316,63.52293551,5.48469,250.8373286,-18.99089171,-53.58649507
Driver,102.317466,5.237,2.439,-6.614173228,51.885,6.562,11.953,1.022,-1.416,147.02398,1.4369,10.746,1.281,1800.0,-7.623,423.5277651,57.40471677,-0.244057253,4.910980409,0.106202537,0.932855932,0.070176954,228.9804781,-3.784409619,25.96924864,69.78327492,5.15868388,269.9778243,-6.095709307,-26.70542274
Driver,80.18074445,-3.7,-9.1,3.188976378,64.887,-11.035,29.755,-3.69,5.41,97.48434145,1.2158,24.015,-4.842,5630.0,6.924,247.2473004,82.35723739,-10.69842789,5.914522536,-0.483772094,2.660898735,0.139668,128.0748538,-3.348133458,48.5073417,53.5462913,5.395724,135.5132966,-3.296323552,22.41209917
Driver,104.2389943,-1.97,2.574,2.637795276,42.581,0.429,13.796,4.595,2.021,149.369184,1.4329,10.343,4.14,5161.87,7.181,463.295083,107.6650745,55.76816937,6.365302644,0.47098956,1.218651264,0.0899841,221.4798091,32.85991115,46.57732721,58.94931368,6.91042,226.736443,33.93229761,50.88499741
Driver,104.9436292,4.7,7.5,-5.787401575,49.952,11.478,10.968,0.759,-6.741,143.8649785,1.3709,10.026,1.786,1980.0,-16.571,396.5486942,49.43593182,-6.843084146,5.746062282,0.168087567,1.016041139,0.083862,215.3731106,-11.23810868,23.91797206,69.19702463,4.857156,256.881551,-17.0664777,-53.8078142
Driver,108.1670544,-1.514,0.155,1.811023622,48.644,-1.178,12.449,4.175,4.02,160.063529,1.4798,10.806,3.688,2720.0,10.451,530.0500825,92.35291287,60.41864891,6.577992682,0.434356483,1.281523415,0.0867139,265.6277611,39.05905017,36.76225695,62.98870382,6.70645,288.5598584,44.26253821,66.23350522
Driver,93.97145669,-0.7,10.3,0.826771654,54.631,9.79,19.838,-7.097,-17.397,125.5511811,1.3361,16.741,-4.089,5130.0,-22.84,356.3819345,93.14612745,-71.1520835,5.807504904,-0.447598208,1.772674639,0.100679,180.2099663,-50.68978443,44.71320253,57.13090695,6.095722,191.5050657,-55.60949709,-114.6885851
Driver,63.24937366,-9.301,-9.309,10.23622047,53.555,-16.256,14.62,3.336,12.645,87.78744631,1.3879,11.708,1.731,2880.0,27.407,152.6461999,18.27233592,12.34815315,6.234999356,0.224069171,1.248105533,0.150713,90.77508642,11.2982019,18.02985013,57.63148357,2.76039,116.1760891,16.91974445,25.71695975
Driver,105.968146,0.7,8.3,-0.787401575,52.751,8.903,8.957,4.934,-3.366,157.8158554,1.4893,7.969,5.476,1680.0,-17.302,430.5552185,45.91158384,19.08419525,5.722898343,0.53554555,0.805132113,0.075686,229.4799595,2.319960348,22.05351309,71.74235203,4.803596,274.2729299,-1.321038579,-58.76551171
Driver,86.40837509,-4.1,-0.9,4.133858268,56.187,-3.96,18.524,0.037,0.937,121.9966893,1.4119,15.376,-0.087,5660.0,2.167,345.7346989,90.32693088,3.737162204,6.070384276,-0.01137089,1.708444646,0.1078,172.7609681,3.126494632,46.04390227,55.89722307,6.061705,182.2197385,3.430754159,10.16632355
Driver,109.4331603,7.5,2.1,-8.976377953,49.531,8.525,17.103,0.983,-1.117,163.6209288,1.4952,15.422,1.073,2750.89,-5.144,556.3317447,144.7604698,-5.873207587,5.57771749,0.110967185,1.55548899,0.07327,271.2299701,-7.73192659,48.07947156,66.44894331,7.820516,285.6203974,-8.672996695,-38.42291158
Driver,101.0983357,-2.762,3.95,3.818897638,42.183,0.899,14.08,4.145,0.195,150.1429402,1.4851,11.616,4.116,3673.42,0.654,491.6143543,104.6555806,36.40721847,6.12185757,0.440154763,1.293930243,0.0863513,239.9269611,18.70403824,43.27082484,60.33335316,6.95789,248.6474357,19.42802462,4.461636833
Driver,64.67430208,-1.534,-0.78,2.165354331,50.039,-2.066,12.572,6.882,7.662,89.02066929,1.3765,10.797,5.887,1790.0,19.165,136.439381,14.29043852,16.9821683,5.374117237,0.564993555,0.981348555,0.12714181,83.7197412,12.15400817,14.54494596,64.68809752,2.339792552,130.1984674,20.94939132,10.78202706
Driver,69.48818898,1.2,1.6,-1.102362205,39.892,2.447,19.919,3.43,1.825,100.6567645,1.4485,17.048,3.183,2880.0,4.376,257.9214942,52.34807294,17.63748208,5.724109682,0.317951273,1.744497046,0.123687,142.103171,11.40105726,33.20545698,55.28224137,4.636243,164.7488546,13.72758795,10.55576755
Driver,85.71716178,-5.742,-0.384,7.125984252,55.052,-4.413,8.843,2.861,3.245,119.7631084,1.3972,6.471,2.327,2890.0,8.178,272.8953825,22.13128999,17.32686625,6.052374183,0.254176752,0.687349089,0.105406796,148.4931814,11.9023764,16.31382166,63.51066045,3.654305079,190.8653037,17.09923423,17.64823296
Driver,80.07784538,4.965,4.212,-6.220472441,50.089,8.379,14.393,-0.171,-4.383,116.8714209,1.4595,12.598,0.686,2296.87,-10.073,284.367684,41.26884157,-7.069378477,167.3530161,-9.390244301,-3.555108623,4.33974,159.8801628,-8.449192646,24.18328647,67.90509715,4.08974,197.0211393,-13.0043375,-31.08031512
Driver,98.85692555,3.5,6.9,-4.763779528,48.244,9.992,13.821,1.351,-5.549,146.9942287,1.4869,12.348,2.254,2440.0,-28.385,429.6535081,71.4864188,-30.81038559,5.795819786,0.205436212,1.273670276,0.083604,225.0140387,-34.11463177,32.17722837,62.72271862,5.685843,252.9896564,-44.09836913,-128.5069287
Driver,104.1316213,-5.1,2.3,6.181102362,50.975,-1.985,14.226,1.957,-0.343,144.3020759,1.3858,11.993,1.984,3200.0,-0.543,465.6173426,89.6474527,14.50543982,5.722436071,0.197581267,1.230488774,0.084017,233.5580143,7.020874922,39.064375,60.26296677,6.514346,254.1756644,7.556551057,-3.196663658
Driver,89.77272727,-0.008,-1.042,0.0,49.785,-1.049,18.867,-1.136,-0.093,124.0323014,1.3816,14.752,-1.114,5066.06,-0.273,360.8751422,89.04285426,-7.385380874,6.096914213,-0.119008488,1.64651911,0.105818,180.7358348,-3.973092711,44.41382067,56.34070808,6.10318,186.4856291,-4.110080523,-1.378113765
Driver,88.75044739,-2.1,-3.7,2.598425197,50.305,-5.479,11.519,-1.948,1.759,126.0173586,1.4199,8.49,-2.346,3820.67,-2.634,356.3833112,48.3364718,-18.74356093,6.075366443,-0.251944492,0.924419243,0.101216,181.8490469,-10.96393712,29.56168213,55.6784608,5.095001,206.6564213,-12.92798279,-10.57345009
Driver,93.60907301,-2.2,1.6,1.968503937,60.208,-0.196,26.995,0.275,-1.377,129.5682713,1.3842,21.252,0.652,7390.0,-2.725,361.0694315,137.7087347,-4.017638338,5.763952572,0.052884549,2.295782645,0.100029,172.8138871,-3.717769759,56.47015796,63.41011335,6.908447,174.0227061,-3.761029782,-17.05072557
Driver,100.8545097,1.5,3.5,-1.88976378,50.303,4.804,21.246,-5.751,-9.251,137.643835,1.3648,18.251,-4.054,4540.0,-12.736,412.2597151,132.6441863,-64.00180488,5.796159739,-0.427962135,1.946917458,0.092436,199.0639904,-41.60954948,52.65379342,62.39930476,7.099316,206.8182716,-43.84447485,-83.22947776
Driver,106.9971367,1.5,7.1,-1.850393701,53.419,8.216,8.857,0.815,-6.285,154.5170455,1.4441,8.053,1.826,2170.0,-24.316,424.0180188,45.74052279,-21.4170477,6.06109505,0.141625836,0.861971717,0.081955,224.9972591,-23.5275801,22.43287204,69.21869905,4.861608,267.1286423,-34.05237578,-91.93713698
Driver,97.40739084,-3.953,-3.769,6.062992126,36.899,-9.051,18.195,5.278,9.048,136.3381353,1.3997,14.775,3.794,5013.11,14.447,409.293012,107.8607138,64.18894709,5.912404866,0.411914672,1.601704568,0.0931913,200.9612484,42.4787303,47.13930744,59.13172864,6.65519,210.6066668,45.48732985,88.1658322
Driver,95.13242663,-2.5,-2.3,2.480314961,58.265,-4.06,16.238,-2.363,-0.063,139.3228794,1.4645,13.903,-2.32,5210.0,0.109,421.2644782,114.4594921,-16.32773781,5.736427412,-0.235380586,1.456785337,0.088304,203.7598877,-8.129701106,49.35587004,59.76301735,6.852549,212.5970655,-8.475561553,0.356136476
Driver,80.70195061,-3.064,1.078,3.976377953,53.112,-1.224,7.026,3.383,2.305,117.0821403,1.4508,5.148,2.95,2240.0,8.414,197.492184,10.92307833,12.90537978,6.154733139,0.32430638,0.543822411,0.109251668,114.5463649,8.78969189,9.492275181,75.07228476,2.547255187,171.5171272,14.70706595,8.701073087
Driver,110.9990157,2.2,0.4,-2.204724409,48.369,1.723,16.831,-2.745,-3.064,164.0481836,1.4779,15.033,-2.266,2992.13,-3.244,561.7508175,146.743214,-33.40705034,5.979128666,-0.248386485,1.626196133,0.078258,272.174199,-19.78724479,48.61631031,66.81000154,7.867471,285.6055081,-21.07601914,-27.11638043
Driver,107.7532212,0.393,2.373,-0.472440945,46.597,2.745,13.432,2.256,-0.117,159.656854,1.4817,11.856,2.271,2498.96,-0.329,534.1800179,98.04354174,19.98242977,6.410937683,0.253679191,1.369751557,0.0850083,269.9421656,10.01252262,37.4842477,64.42067874,6.79587,293.1381062,10.81754045,-2.054167271
Driver,87.77290623,1.423,-6.259,-1.88976378,48.197,-4.986,14.795,3.472,9.731,123.9153096,1.4118,11.841,1.24,4508.66,24.679,339.1405541,60.5700012,47.747533,4.768172175,0.124534987,1.011087753,0.081503792,174.1985073,37.69403339,34.65195132,54.82630638,5.263003705,193.127506,45.24751216,102.0143828
Driver,91.18199714,-3.481,-0.979,4.133858268,47.794,-4.142,17.455,-1.526,-0.547,124.7720562,1.3684,13.866,-1.427,4447.1,-0.948,368.26762,82.7823494,-10.88715746,6.200383484,-0.15584469,1.56401008,0.106471,185.6202733,-6.178504848,41.86811465,56.20123236,6.00716,198.8240998,-6.704083984,-4.669793046
Driver,100.8701682,-4.044,-3.43,5.511811024,45.175,-7.459,12.731,-1.778,1.652,148.2967967,1.4702,10.745,-1.98,2940.0,3.614,477.2950721,81.27146782,-7.90770477,6.402103551,-0.217301013,1.237858388,0.0910835,240.5362625,-1.456031374,35.7638269,60.73138163,6.3378,262.5658011,-0.988651858,20.5661035
Driver,95.08097709,1.9,-13.1,-2.086614173,50.167,-11.634,24.129,5.807,18.907,122.613189,1.2896,20.728,2.408,5540.0,23.651,342.9454894,108.3698865,62.6654875,5.651252452,0.274470143,2.166531418,0.102897,172.7467813,46.96638246,48.97832391,58.97272461,6.307301,181.0247166,50.39455991,119.8209791
Driver,81.35737294,-4.436,6.277,6.338582677,45.321,1.877,9.396,11.563,5.286,116.1155601,1.4272,6.897,10.594,3085.95,8.645,258.3872427,22.22962244,56.5765445,150.0164487,38.14879776,-4.449943722,3.96157,138.1156598,34.20802226,17.93511169,61.06129355,3.53157,174.2586271,45.91345985,27.07122967
Driver,86.31218683,-4.661,4.075,4.212598425,62.895,1.683,30.325,10.959,6.884,98.55024159,1.1418,22.399,9.17,7889.58,8.154,247.1966631,77.19920379,47.55684431,6.027002868,0.978745219,2.512231186,0.13913,128.7764005,28.92984141,46.60052581,52.93279438,5.25295,134.0662613,30.32574279,25.68696562
Driver,94.21528275,0.22,1.399,-0.31496063,50.237,1.582,11.137,-4.515,-5.915,137.3736131,1.4581,9.497,-3.607,2548.33,-21.726,361.4342807,43.61853959,-58.88115994,179.9474033,-39.81858286,4.875159984,4.12111,192.2456619,-44.34554942,23.7087034,66.86298013,4.52844,228.6783687,-58.01731286,-97.46768653
Driver,99.86130995,-1.233,0.672,1.57480315,50.446,-0.346,10.456,-2.926,-3.598,148.5242931,1.4873,8.234,-2.23,3430.4,-16.941,458.3951995,65.87824178,-56.44690038,6.10419549,-0.254660867,0.905065301,0.0860176,227.8458573,-39.85313711,32.58672699,58.51032142,5.92802,242.7908134,-44.53299546,-93.28174774
Driver,24.0940408,-1.5,-2.9,1.377952756,67.815,-3.694,34.227,-5.239,-2.339,26.94635827,1.1184,27.988,-4.581,2660.0,-2.444,21.51055755,5.720134391,-1.759602113,2.031563405,-0.17077236,0.938400698,0.17649,13.60586314,-1.16685952,30.1319301,24.98125381,1.238447,21.27196871,-1.836750273,-0.241372084
Driver,102.5858984,2.168,6.127,-2.874015748,49.333,7.99,8.122,-2.07,-8.196,147.7111668,1.4399,7.457,-1.137,1670.0,-30.904,328.5551196,27.82011991,-26.90938129,5.978569678,-0.137705388,0.777267574,0.08435,185.236219,-24.04091847,15.35713792,80.15127462,3.645538,242.9244829,-38.37347675,-61.17484205
Driver,100.6800286,-5.779,-7.839,7.992125984,47.425,-13.174,7.878,-7.651,0.189,144.6834735,1.4371,5.117,-7.689,3967.51,3.662,417.3966405,45.40065242,-48.20176747,213.2117845,-22.76408926,-2.908641577,5.34601,207.4349429,-22.31230294,26.12281247,60.50046376,5.12601,235.7019333,-24.57852623,16.44371742
Driver,97.91293844,2.008,6.687,-2.716535433,47.821,8.508,13.508,0.229,-6.458,141.4759306,1.4449,11.826,1.204,2714.22,-21.058,423.1128042,68.40956821,-26.99535527,6.035850718,0.107858322,1.270162662,0.09032,221.2644688,-27.2227419,31.75683905,62.02082593,5.688362,249.339002,-34.84934624,-95.49200007
Driver,108.1737652,0.518,1.414,-0.62992126,47.296,1.892,16.695,0.79,-0.624,155.1301897,1.4341,14.73,0.87,3030.0,-1.393,526.4917509,126.9357856,3.584441667,6.571426116,0.097935209,1.766332217,0.0909614,259.6527962,0.623597896,45.34029682,64.46422384,7.4193,274.9834739,0.506637188,-9.956921448
Driver,93.46590909,-0.4,-3.6,0.905511811,39.713,-4.886,16.992,-3.877,-0.101,137.0846009,1.4667,14.556,-3.818,3320.0,0.145,432.6031903,99.27574953,-28.01922112,5.682149149,-0.382570735,1.492171084,0.088881,216.9966994,-14.34057036,43.0167315,59.95388021,6.577895,233.6408457,-15.42363914,0.326724331
Driver,99.36023622,-2.4,-6.6,4.05511811,39.229,-10.49,15.061,1.383,8.166,145.0628579,1.46,12.252,0.075,4467.31,14.054,446.3783524,104.8883985,40.87635054,5.970338115,0.021085889,1.328659045,0.08758,217.0471325,31.05854546,45.71097592,58.34353081,6.802994,229.3673901,34.17509119,92.33198631
Driver,105.6370795,0.817,5.038,-1.023622047,42.403,5.933,9.624,0.063,-4.975,155.7938887,1.4748,8.426,0.751,2131.96,-19.955,444.3245735,50.80195666,-23.07816527,5.73500939,0.06293234,0.855461224,0.0768506,234.8669669,-22.80390379,23.76040964,69.09067066,5.10166,273.2138275,-31.13054779,-77.59743864
Driver,110.954277,6.5,5.5,-7.322834646,51.24,10.72,17.607,1.261,-4.239,163.2985863,1.4718,16.409,1.774,2940.0,-10.966,560.5542941,152.3228682,-20.52671766,5.395337612,0.155315365,1.604033392,0.071326,273.5916935,-20.86223262,48.74017675,67.70690424,7.940681,287.1013189,-22.94137369,-87.89161601
Driver,85.94309234,-1.8,-1.2,1.417322835,59.753,-2.816,28.544,1.152,2.446,113.0131532,1.315,22.801,0.666,6458.37,3.408,307.3635001,109.0158421,9.744250727,5.638878007,0.068063479,2.410127861,0.113456,153.2754422,6.842738483,52.37536479,58.54429222,6.200257,158.0493557,7.137479298,15.18730595
Driver,83.41088046,-4.398,0.575,5.472440945,55.724,-2.429,12.807,-5.52,-6.096,115.0624105,1.3795,10.648,-4.731,2620.0,-12.8,280.728603,35.04866918,-33.16421066,6.218477268,-0.526659446,1.162017572,0.11407224,155.8071654,-22.7908852,22.57861534,61.28029475,4.129368456,191.9126973,-30.45584953,-30.00251222
Driver,73.69139227,-2.366,-3.714,2.204724409,59.64,-5.101,20.111,13.151,16.865,87.64226915,1.1893,13.357,7.75,7375.95,35.549,160.6411446,25.20932132,38.28474568,94.32145293,30.40642915,-1.285994372,3.18876,91.55663845,29.00434115,24.78973571,53.23196533,3.06876,110.8002729,38.63027142,51.08645245
Driver,100.5883142,-3.558,-8.509,5.0,47.529,-11.772,23.799,1.245,9.754,132.6212419,1.3185,18.22,-0.935,7809.22,12.375,370.2900353,124.3883607,27.5163819,6.010362608,-0.074790264,2.03218467,0.099916989,179.4313267,21.88231159,53.30612532,60.97175858,6.737781346,181.9099958,22.36667783,74.35656608
Driver,100.6420007,-2.158,-1.254,2.952755906,49.644,-3.089,12.677,-2.623,-1.369,146.4766016,1.4554,10.925,-2.456,2560.0,-6.088,457.4573447,72.05017181,-30.91847147,5.867697479,-0.256404293,1.141375901,0.084467326,236.3281751,-20.08239216,32.27040487,62.74974764,5.944989406,265.0303727,-23.73116373,-29.920208
Driver,100.3243558,3.518,4.586,-4.37007874,51.971,7.342,16.692,3.287,-1.299,145.9274338,1.4545,15.43,3.417,1838.4,-7.054,462.7721391,91.470782,15.60120542,5.312685555,0.312551417,1.467692006,0.078074,247.0261818,4.311722256,35.29428543,68.16880397,6.157511,276.6072132,3.667228347,-31.2512751
Driver,79.15175376,-0.328,-1.446,0.472440945,47.939,-1.743,16.184,-3.832,-2.386,111.9758858,1.4147,12.588,-3.293,4038.41,5.5,291.310408,53.3839331,-9.349100615,157.0547057,-2.758156565,-3.298367158,5.02861,152.2303555,-2.862316999,33.96615343,54.45698797,4.80861,171.3676389,-2.483822014,17.65586367
Driver,101.053597,-3.171,3.913,4.133858268,44.811,0.716,15.391,4.531,0.618,145.3838583,1.4387,13.18,4.454,3194.45,1.868,474.7516902,100.4181672,40.77887007,5.97641786,0.466086633,1.426120558,0.0875373,237.1508157,22.24567456,41.40091109,61.01382743,6.76685,247.6439568,23.37368568,11.52862655
Driver,87.98765211,-4.105,2.246,5.0,59.181,-0.208,0.931,-7.418,-9.664,131.1674571,1.4908,0.337,-6.282,1670.0,-51.214,14.69306276,0.047212377,-1.660819205,6.23755209,-0.712266022,0.01460395,0.098184218,9.187258381,-1.072008614,0.330842949,127.323551,0.145323046,77.23080235,-9.654861324,-0.20145027
Driver,97.96662491,2.3,0.7,-2.834645669,51.772,2.583,17.706,2.285,1.585,142.7046797,1.4567,16.032,2.176,3220.0,2.478,465.7440486,117.9133871,23.41602458,5.45246163,0.206614591,1.582162559,0.082436,231.8179442,13.93672026,45.7814761,62.5339208,7.062775,247.0060774,15.10920464,15.42192436
Driver,94.34726199,2.54,1.764,-3.385826772,47.318,4.109,8.881,-1.647,-3.411,137.5892538,1.4583,7.69,-0.999,1848.78,-16.67,320.1364532,28.61249246,-17.47545562,5.947345185,-0.115180798,0.799041135,0.090181,178.9722049,-14.82575027,16.55533279,74.19763673,3.810693,231.0120142,-22.77821975,-35.14154693
Driver,83.54733357,-3.635,-2.947,3.464566929,64.469,-4.685,31.322,1.136,4.082,41.27482999,0.494,17.55,-0.641,5630.0,3.94,37.75970829,6.223660507,-0.309497869,5.618187337,-0.055486077,1.425844964,0.2992056,23.88158805,-0.1394478,19.92266042,35.34136027,1.363299982,36.23674238,-0.149694758,0.383182529
Driver,98.97772011,1.718,7.16,-2.322834646,48.259,8.694,14.084,0.882,-6.277,143.7368021,1.4522,12.412,1.761,2680.0,-20.83,438.5204766,75.05199813,-24.41886187,5.993127054,0.165923406,1.325802017,0.088454,228.4620516,-26.40685161,33.33125956,62.3983917,5.904353,255.3250914,-33.50838523,-100.1041687
Driver,109.269864,0.139,-0.268,-0.157480315,47.597,-0.141,18.576,5.661,5.929,149.8078472,1.371,17.03,5.13,2419.72,11.386,501.057332,120.4835993,69.97186903,6.404845349,0.584927344,1.98367577,0.0927574,256.7210485,45.65046623,42.54012658,66.17316623,7.07128,275.5556962,50.38187979,68.63557365
Driver,98.23953114,0.804,5.516,-1.102362205,46.856,6.269,14.825,1.363,-4.153,142.9247942,1.4549,12.922,1.948,2820.0,-13.404,451.3015647,84.17912078,-12.35985229,6.12181125,0.19521743,1.415000439,0.091111,231.9540363,-15.66485171,36.42535987,61.62724754,6.244065,256.0540537,-19.61824638,-70.56746088
Driver,91.75465283,3.263,6.328,-4.212598425,52.115,8.871,20.209,2.296,-4.032,136.7065587,1.4899,17.601,2.957,3640.0,-19.196,426.6937136,114.1419108,-25.1853498,5.777854952,0.2763845,1.850065584,0.0921288,214.0668814,-27.07865849,45.82927307,61.43020235,6.789036101,228.3478509,-30.79410967,-113.9905607
Driver,26.15202219,1.7,1.1,-1.968503937,61.307,2.014,20.236,-5.075,-6.175,35.51471904,1.358,14.578,-2.996,2100.0,-12.295,23.20249093,3.096792371,-1.314404279,5.469653965,-0.304930378,0.944938637,0.331975,15.08802512,-0.932051452,15.92377195,32.52651918,0.944742,30.97431785,-2.060213408,-0.431067866
Driver,90.92251253,1.522,5.134,-1.968503937,51.866,6.33,20.363,8.183,3.048,128.1909896,1.4099,17.369,7.666,3860.0,2.877,394.6789669,105.9198965,57.12944326,6.035751882,0.809067581,1.910640731,0.102693,198.1749097,31.58822231,46.1150605,59.77853503,6.554151,211.6775417,33.98717597,15.62321765
Driver,118.9289549,2.494,7.121,-2.913385827,50.973,9.144,14.916,2.099,-5.022,165.4073461,1.3908,13.36,2.752,2760.0,-14.325,564.2738743,122.062645,-16.58585721,6.515181043,0.296163164,1.581320355,0.0839838,279.9189611,-21.53976498,42.46581055,65.19824416,7.39618,298.0781669,-24.9345437,-104.7444647
Driver,98.89495347,3.138,3.509,-3.937007874,49.076,6.233,21.743,4.982,1.473,138.6934055,1.4024,19.442,4.786,3180.0,4.272,453.9485241,133.0276917,47.23025063,5.890169666,0.496346387,2.102004321,0.0935086,226.0805869,27.75639513,48.69024391,64.89509673,7.23919,232.8160542,28.75892758,26.81828676
Driver,78.35093057,0.5,9.5,-0.551181102,60.613,9.731,6.198,-0.116,-9.616,96.32874016,1.2294,5.124,1.708,2020.0,3.93,110.3513823,5.495059228,3.729349404,5.986648554,0.182134811,0.506074118,0.129244,67.82894944,2.540769133,7.256469364,72.48553704,1.678188,121.6295833,4.989914395,1.558087373
Driver,104.7423049,4.088,4.19,-4.921259843,52.544,7.329,11.687,0.987,-3.203,154.6118916,1.4761,10.583,1.461,1840.0,-15.012,458.096732,63.25151282,-10.27365866,4.913712632,0.118473479,0.920243815,0.066727198,244.7215699,-13.61783449,27.115328,70.05310007,5.422176945,284.5083739,-19.18310226,-59.52984726
Driver,98.18360773,2.079,3.491,-2.755905512,43.954,5.648,14.876,-0.085,-3.576,142.8952666,1.4554,13.343,0.359,2260.0,-15.21,437.8474979,76.58632862,-22.00520729,6.256408255,0.025904438,1.491630993,0.0931711,231.9357831,-20.94735026,32.74018047,64.69666489,5.85239,250.8041001,-24.45664271,-67.1827139
Driver,59.93199714,-1.996,-1.439,2.086614173,54.718,-2.852,24.561,6.506,7.945,73.93566571,1.2336,20.221,5.067,3330.0,10.367,146.5929837,31.57969266,16.2420202,4.932022543,0.448062619,1.770937644,0.148012,85.5043058,11.27047917,30.2672513,48.89333171,3.369662757,106.8660568,14.88510566,11.22160374
Driver,96.21062992,-2.573,1.78,2.874015748,55.504,0.01,16.83,5.199,3.419,141.5591446,1.4714,14.547,4.776,3260.0,6.37,458.0559318,104.2369097,52.82559076,5.57906324,0.470520262,1.471193777,0.0843776,229.6174143,31.85647092,42.73415074,61.14051183,6.7726,245.86359,34.84339817,38.43810582
Driver,84.46224052,-0.612,5.2,0.708661417,61.477,4.867,40.661,-7.171,-12.371,94.07144775,1.1138,32.708,-4.057,7760.0,-12.544,232.2184195,103.590861,-31.21645899,4.382463215,-0.329961175,2.833000364,0.1161928,116.7703036,-21.5773083,55.52251119,57.42911791,5.673203032,118.0340047,-21.86385597,-40.21242579
Driver,108.1021832,1.4,-1.2,-1.929133858,38.753,0.051,13.574,-2.693,-1.436,160.8231926,1.4877,12.131,-2.513,2320.0,-3.769,533.4153764,99.21897458,-32.22919519,5.791088949,-0.257177213,1.256195093,0.076229,270.3699527,-19.55897895,37.75926746,64.97965682,6.781042,295.2776036,-22.0292994,-23.14971367
Driver,62.37920544,2.509,4.351,-2.716535433,60.618,5.765,20.504,-0.018,-4.369,81.79402291,1.3113,17.705,0.707,2340.0,-12.989,165.1364549,30.15792324,-2.301845323,6.330939767,0.06021293,1.956305803,0.169042,97.88209638,-3.480271105,26.00393917,54.33488592,3.34839,124.8952821,-5.661948539,-14.0610773
Driver,101.1878132,-8.356,-5.776,10.47244094,49.746,-12.92,12.018,-2.194,3.582,146.9148175,1.4519,8.884,-2.757,4641.63,6.443,458.7341669,89.31306642,-2.582673797,6.405134439,-0.298933612,1.046694942,0.0916271,221.1512488,3.438615239,41.99199683,57.09149194,6.55141,234.2678126,4.33717692,42.21227918
Driver,95.70060845,-2.7,-0.3,3.42519685,54.552,-2.368,21.968,3.112,3.412,119.7760827,1.2516,19.605,2.799,4790.0,3.861,344.9398451,106.7157055,23.81408914,5.529369534,0.269754715,1.998615126,0.102241,172.3108276,14.65406742,49.58384828,58.5640552,6.361557,181.433036,15.6337057,18.75818485
Driver,92.60021475,-4.311,0.645,5.275590551,54.11,-2.483,25.987,-4.259,-4.903,114.5514943,1.237,20.988,-3.353,5759.28,-5.641,318.8921961,103.1244004,-28.46611401,6.329528993,-0.382217475,2.469554673,0.1241032,160.3215114,-17.94130784,49.84785859,57.81529798,6.142925127,167.7607128,-19.00046362,-25.77807493
Driver,107.4154438,-7.345,-6.253,9.05511811,49.132,-12.657,13.87,-2.421,3.832,154.518835,1.4385,10.415,-3.065,5386.49,6.596,480.780614,119.4053334,-1.39545188,6.305180829,-0.326222649,1.224421853,0.0861532,227.4399709,4.641824009,48.97717126,60.67961049,7.18082,235.6154441,5.228012733,50.38080156
Driver,82.02621689,-1.119,4.096,1.141732283,57.067,3.371,23.163,3.133,-0.963,110.7155959,1.3497,19.909,3.274,3580.0,-1.719,318.0083077,85.34510457,14.89918532,5.806383831,0.329217369,2.111678445,0.116193,166.2643007,7.261887499,43.10489155,57.10577231,5.777095,181.4879416,7.77863778,-6.709266385
Driver,84.77317466,2.5,3.1,-3.42519685,47.938,5.383,12.871,-9.375,-12.475,113.0469309,1.3335,11.047,-6.939,3240.0,-18.111,285.5308913,40.86078061,-52.98523197,5.709579679,-0.710112607,1.117752525,0.106872,152.8970511,-35.57062017,27.35527464,55.31233809,4.464881,179.8146376,-44.83696103,-52.03508005
Driver,105.2232462,-0.053,-1.45,0.078740157,49.61,-1.494,13.625,3.617,5.067,152.0329277,1.4449,12.164,3.057,2355.23,-4.372,485.0297462,95.98821394,5.986845035,229.3296989,-4.850493718,4.448107574,6.28522,234.1718435,-5.48859913,42.33166645,61.10527384,6.5044,252.794643,-7.802350023,-53.89680887
Driver,112.3903901,1.924,-1.862,-2.244094488,55.97,-0.562,18.668,-1.982,-0.12,155.646922,1.3849,16.565,-1.966,3250.0,-0.256,530.2769118,147.220178,-18.31859368,5.177143806,-0.177812677,1.563700889,0.0718848,257.1520723,-9.472220809,50.0379051,67.40899622,7.77608,268.9233234,-9.926268813,-1.951979632
Driver,114.1038833,1.799,-2.166,-2.204724409,47.517,-0.517,9.433,-1.719,0.447,167.6979689,1.4697,8.403,-1.78,1720.0,-3.437,508.8688007,60.92811037,-21.44419796,5.871693594,-0.184454736,0.874021187,0.073131013,266.5641951,-13.26717677,25.49575835,72.3016629,5.517810935,309.900155,-16.26638872,-14.97316795
Driver,100.8992484,0.987,0.479,-1.220472441,46.871,1.404,16.904,3.413,2.934,144.5098873,1.4322,15.171,3.077,2530.39,10.122,468.9211107,99.65711661,45.7859214,6.359469537,0.351879868,1.742178374,0.0945462,242.0254251,31.32326508,39.1363,63.73716664,6.58647,255.2285548,33.92146638,55.18780419
Driver,88.60280959,-2.496,8.662,3.11023622,54.669,6.891,30.68,-10.437,-19.099,108.797423,1.2279,24.762,-6.383,7460.0,-14.723,285.9460525,104.874519,-54.73160968,5.828711724,-0.67937748,2.727654334,0.1240008,144.2014515,-36.11590661,52.13109315,57.82628452,5.992563288,147.6083458,-37.20338547,-61.11452658
Driver,101.1117573,-7.596,2.963,9.212598425,51.608,-3.102,11.248,-1.226,-4.189,147.2239621,1.456,9.005,-0.716,3360.0,-9.73,464.3300575,72.60589563,-28.88360498,5.918851754,-0.083357738,0.955203126,0.084358,230.8704807,-21.33841824,34.82009985,58.77808579,6.142723,253.7398189,-25.2352032,-55.39227026
Driver,104.7378311,-1.495,3.728,1.692913386,50.69,2.503,17.53,3.403,-0.325,147.8010916,1.4111,15.194,3.445,3430.0,-0.618,489.0028886,124.1054129,26.61297285,6.381496632,0.382618171,1.770217852,0.09293,240.3424695,13.02349621,46.64692324,63.13955007,7.27136,253.527355,13.68055821,-4.26326238
Driver,92.23559413,-4.483,3.892,5.866141732,49.519,0.055,13.694,4.569,0.677,130.058384,1.4101,11.04,4.467,3430.0,0.805,388.7463617,65.22582916,31.3207931,5.837079234,0.4554802,1.152724349,0.094871,198.6010393,16.69118475,34.17915876,57.21530064,5.652446,221.2852956,18.72851908,3.681557397
Driver,112.6163207,0.801,0.444,-0.984251969,52.506,1.059,10.808,-2.259,-2.704,159.3575519,1.4151,8.412,-1.601,3928.74,-5.752,509.3365266,98.4833331,-37.42451251,258.4299418,-34.17193827,-33.78871036,8.97968,231.0130734,-24.73672565,46.32587879,48.01292802,7.18968,240.6149484,-27.53176398,-54.92965279
Driver,78.81845025,1.276,-5.687,-1.850393701,48.363,-4.553,17.636,-0.965,4.722,112.0425465,1.4215,14.947,-1.78,3116.16,11.75,283.7284218,52.06980418,5.786640711,161.8244047,8.801659407,-2.767240113,4.56837,157.1805115,8.230180045,29.98847247,65.04824696,4.39837,186.1763796,11.92300005,39.30549224
Driver,100.2572477,0.0,-4.6,0.118110236,46.241,-5.311,18.787,0.67,5.469,143.691616,1.4332,16.43,-0.008,3510.0,12.727,459.1879256,123.184449,34.61394,5.715711596,0.007497828,1.705895175,0.086122,226.6241752,27.53726507,47.4963003,62.47598441,7.115051,239.7386226,30.286005,82.7060191
Driver,99.89933787,-3.971,4.428,5.196850394,44.577,0.388,17.545,2.31,-2.118,139.4470293,1.3959,15.042,2.571,3482.69,-5.475,447.7924437,107.4381164,5.672621419,6.213915559,0.271953568,1.700224467,0.0958174,223.3821413,-1.07633597,44.24518217,60.91467124,6.80846,231.7829699,-1.440293935,-33.28640663
Driver,94.02514316,-4.162,0.72,5.708661417,49.627,-2.827,31.142,-4.572,-5.291,113.2075429,1.204,26.752,-3.787,4991.88,5.456,319.1910641,126.9703512,-8.35116762,5.723737019,-0.36776288,2.919576518,0.1186504,157.8346399,-1.769921646,54.82289234,62.19544151,6.543412132,163.4662966,-1.696907837,25.97361503
Driver,91.13502147,-3.776,-1.997,4.448818898,50.571,-5.108,43.203,-12.719,-10.722,97.1067466,1.0655,34.408,-9.989,8690.0,7.299,240.8179836,117.0737149,-25.56988569,4.49842249,-0.767299289,3.111188922,0.118138,117.5522043,-11.81950185,58.75437088,60.20759461,5.96186,116.3754695,-11.72770538,25.94051058
Driver,100.5144953,1.898,6.874,-2.440944882,49.267,8.51,17.177,1.604,-5.27,141.6005279,1.4088,15.664,2.154,2252.76,-12.17,449.0327209,92.74250949,-5.110042726,5.532389502,0.199194987,1.554659381,0.083988,236.6555134,-10.55193289,37.07791615,64.98168773,6.277373,262.3719925,-13.65075686,-58.29136642
Driver,103.5723873,-0.09,2.351,0.118110236,43.796,2.257,15.299,2.11,-0.241,151.3477541,1.4613,13.087,2.146,3325.19,-0.875,503.3042988,112.4563834,15.82290662,6.396646142,0.238464965,1.522721479,0.0900684,247.5919307,7.269605647,43.81886608,62.00756102,7.12017,256.5456116,7.473830026,-6.008476113
Driver,100.8612205,-4.006,-5.497,4.881889764,50.613,-8.793,15.518,-1.952,3.545,138.5735057,1.3739,13.059,-2.418,3440.0,6.596,438.7024506,91.13975428,-2.675100005,6.411151335,-0.262247504,1.515221542,0.0986166,220.2360116,3.213910412,40.49770886,59.28621005,6.45173,237.4777665,4.302134039,37.50514324
Driver,70.42993916,-4.484,3.7,4.173228346,60.893,1.198,32.836,2.633,-1.068,83.22879384,1.1817,25.769,2.872,5830.0,-1.178,194.5153059,61.80214807,8.320773979,5.735938594,0.2848641,2.759308207,0.160914,105.593247,4.469658402,44.27259573,50.43254807,4.610177,114.3141755,4.796961237,-2.465848131
Driver,79.87428418,-1.766,1.072,2.244094488,45.427,-0.668,16.215,0.924,-0.148,113.6211525,1.4225,13.503,0.947,3060.0,-0.299,310.0340385,53.24952004,4.699911785,5.036798223,0.08300131,1.21027177,0.0944594,166.468724,2.434242306,31.08733008,56.96825923,4.928573535,192.0237438,2.762008546,-0.951331285
Driver,77.35773085,-6.015,4.982,5.748031496,58.306,1.252,31.451,0.957,-4.026,98.05006263,1.2675,25.874,1.668,5456.86,-4.47,256.0179002,90.04895904,1.054266159,5.974711628,0.164038032,2.91866744,0.142305,132.60072,-1.069698032,49.4139889,55.59291085,5.564836,140.3930817,-1.287722733,-14.78657483
Driver,101.3712419,3.907,5.376,-4.881889764,48.92,8.789,10.873,-1.29,-6.666,145.165757,1.432,9.899,-0.337,1950.0,-25.243,384.0567371,46.02282735,-28.60166339,5.972157705,-0.052678903,1.040367089,0.086373,210.4279685,-26.49080864,22.56695687,70.80886308,4.631796,254.215094,-37.67577136,-75.78755275
Driver,96.4991947,3.794,5.874,-4.842519685,50.63,8.994,3.915,6.98,1.106,141.7642717,1.4691,3.866,6.527,640.0,29.355,166.0787778,6.269132539,22.44207481,5.88665192,0.682162407,0.383458828,0.085837,101.8350272,15.65730113,5.55745369,106.0810103,1.712012,181.1918894,31.10016096,12.35317938
Driver,97.0539549,0.0,-0.6,0.31496063,45.536,-1.173,20.086,2.608,3.216,134.6353794,1.3872,17.884,2.324,2980.0,3.38,429.3418243,112.631898,23.71584204,5.788867115,0.228700301,1.881255702,0.093821,217.3686214,14.74214873,45.30359173,62.24930329,6.77801,233.1074412,16.14796889,17.80784651
Driver,110.9117752,-7.892,-4.807,10.27559055,51.447,-11.149,5.98,-8.36,-3.554,158.2820329,1.4271,4.729,-8.039,2030.0,-9.406,407.6539688,28.09308265,-67.57660336,6.354627968,-0.895222145,0.53308512,0.0832237,214.2686073,-39.28873598,15.44734578,75.02282613,4.22097,263.7461407,-50.71881712,-28.33752651
Driver,98.82560845,-0.3,-5.5,0.62992126,46.786,-5.918,18.983,-5.319,0.181,137.1373926,1.3877,16.304,-5.222,3648.93,1.013,432.1929852,115.1368766,-36.21281441,6.161542544,-0.572795438,1.828141745,0.097403,214.1318676,-17.89873887,47.17909028,60.99921427,6.895918,227.1156245,-18.89603083,4.789651289
Driver,100.9372763,-2.218,5.305,2.913385827,45.428,3.118,13.848,0.939,-4.366,148.8039102,1.4742,11.956,1.471,2900.0,-14.948,475.9848587,86.40837331,-21.87155617,6.262540839,0.145526128,1.346755952,0.0891551,241.4423278,-22.24337732,36.614168,61.45113011,6.39885,255.5911436,-25.14687398,-85.22324293
Driver,85.20042949,-4.646,4.197,4.330708661,64.18,1.944,28.471,12.124,7.926,97.66933608,1.1463,22.626,10.523,5830.0,8.194,249.8219207,76.41080111,53.22656659,5.143068263,0.951771045,2.157309639,0.1192904,131.1561268,32.22589834,45.58017981,53.35787321,5.249628301,140.0726219,34.76705385,25.3954179
Driver,85.26753758,-4.215,5.997,4.409448819,64.496,3.983,5.013,-3.819,-9.817,130.204456,1.527,3.103,-1.778,3609.0,-34.582,244.0769967,10.4381908,-29.18309943,5.559266701,-0.200477026,0.305058835,0.0884224,129.843537,-23.32733074,9.36608638,71.27429983,2.82279,176.5819004,-39.45121619,-58.05899046
Driver,90.58920902,-2.885,0.02,3.228346457,56.029,-1.926,17.948,0.429,0.409,129.3177344,1.4275,15.955,0.387,2561.0,0.71,397.7456431,83.2928521,3.780663597,5.129638865,0.035148501,1.474029949,0.0853504,209.957956,2.450609,37.10453462,61.52633351,5.98529,232.2535152,2.808483618,3.097546153
Driver,111.7864173,-6.562,-0.319,9.291338583,40.538,-8.049,13.086,6.246,6.564,161.3929402,1.4438,10.843,5.471,3794.43,18.236,527.615034,110.4879443,108.5914051,6.136429042,0.606156131,1.212475001,0.0802772,254.6139641,69.46334924,43.4195373,61.05293098,7.16073,263.095459,73.05716441,137.3772059
Driver,106.7935755,-0.323,0.194,0.393700787,48.407,-0.092,14.676,-2.566,-2.761,154.0302881,1.4423,12.864,-2.22,2820.0,-6.676,513.6858822,104.0281573,-36.90653329,6.430792472,-0.256535061,1.496533712,0.0888135,257.5539141,-24.24406552,40.21772855,62.98461213,6.92029,277.2042534,-27.064386,-42.8802059
Driver,88.15542233,-2.305,3.614,2.795275591,50.773,1.731,14.199,0.109,-3.505,130.4006353,1.4792,12.259,0.537,2570.0,-7.718,379.4746699,60.4850445,-7.280252511,5.270009346,0.044089594,1.149673583,0.085504,202.018314,-7.908298531,30.25748748,61.32118601,5.34325,229.4547944,-10.30426002,-29.39961682
Driver,112.5648712,-2.097,-3.961,2.519685039,53.634,-5.506,14.116,-7.651,-3.69,160.8484699,1.4289,11.637,-7.067,4062.65,-8.265,531.5497791,127.9963909,-93.19144642,6.557137378,-0.818562019,1.405183909,0.0864434,253.1887191,-53.02773628,47.84493652,62.80831977,7.52388,264.4156843,-56.09776976,-66.49784663
Driver,119.134753,4.362,-1.737,-5.551181102,45.074,2.627,10.902,0.768,2.505,173.5737294,1.4569,9.851,0.359,1940.0,10.398,565.8106166,84.16745105,26.57467941,6.034956599,0.044772274,1.057711521,0.072963378,290.3731046,21.3146621,31.68005656,69.52069022,6.352665271,324.5474238,26.16299996,58.49929135
Driver,104.8541518,0.759,2.294,-0.94488189,44.353,3.07,15.146,3.842,1.548,150.0858984,1.4314,13.239,3.629,2860.0,-0.275,497.171447,102.3913328,30.1010874,5.933523408,0.375305692,1.409953983,0.084166908,250.0003881,15.25475428,40.45508399,62.66517902,6.838797561,270.8497543,16.4850886,-1.710861555
Driver,88.87571582,-4.8,0.2,4.330708661,59.176,-3.264,22.465,-0.16,-0.364,124.8241768,1.4045,17.366,0.039,6310.0,-0.589,352.8153928,107.8006155,-1.916443574,5.968100284,-0.010027492,1.910292114,0.104768,171.9200832,-1.334620495,51.06363324,56.93502228,6.501724,177.6939223,-1.401110644,-4.354916817
Driver,92.3877058,-1.891,-2.064,2.559055118,47.386,-3.804,20.972,5.487,7.551,129.3928955,1.4005,17.145,4.126,5184.51,11.612,381.1847006,110.5940414,54.48444985,5.109264684,0.380952794,1.602475952,0.0859592,188.260103,35.3729658,48.86827415,59.30049469,6.571329621,197.475437,37.78334647,65.93164005
Driver,92.96259843,0.212,5.087,-0.275590551,49.655,5.267,19.48,10.721,5.635,132.2427523,1.4225,16.501,9.793,4080.0,6.376,408.9651333,109.3829079,82.35686951,5.870242046,1.006627473,1.763733698,0.096316,203.2695545,46.65098281,46.7779007,60.02258555,6.68346,215.9413165,50.08301404,36.96038731
Driver,99.25062634,-3.403,-7.148,4.291338583,50.796,-9.928,16.316,0.6,7.748,143.3424302,1.4442,13.114,-0.719,4905.06,13.998,439.2154824,110.1699219,35.62164021,6.149874596,-0.057118427,1.468711077,0.09169904,213.2034197,28.20716727,47.04999491,59.47750811,6.822528212,224.2427453,30.82378402,92.57049023
Driver,78.26369005,-4.3,-6.1,3.818897638,63.621,-8.474,28.007,3.968,10.068,87.0890748,1.1128,21.905,1.771,5540.0,13.019,201.988458,55.68811096,16.83208755,5.827054571,0.207632111,2.342382826,0.15147,109.4431854,13.0705422,41.22105876,49.32100037,4.510417,120.1528646,15.01737329,29.11854053
Driver,94.99597351,2.159,5.678,-2.795275591,49.587,7.517,16.666,7.045,1.367,141.4439424,1.489,14.751,6.856,2702.24,-1.826,457.2492885,96.61041402,49.49597519,5.820578703,0.693238214,1.542181074,0.088195,234.8227011,24.73877396,39.50001468,62.56500738,6.539812,256.6221489,26.76608794,-9.941866156
Driver,74.28865426,5.927,5.841,-6.456692913,57.682,9.607,12.551,1.996,-3.846,107.6545723,1.4491,11.26,2.76,1595.83,4.987,224.0242044,27.31424398,13.6217241,140.0990954,9.979566954,-4.548737017,3.6916,128.7887431,8.949786702,19.89575548,66.04938739,3.3116,169.4448373,12.56194298,8.258706651
Driver,96.05404438,-1.129,6.942,1.417322835,51.169,6.033,13.186,7.325,0.383,142.2373837,1.4808,11.381,7.275,2550.0,-2.805,438.7657286,70.07654861,49.90216687,6.079471353,0.767421303,1.231915761,0.090324163,228.1145838,24.57788315,31.9961743,62.42392314,5.820590293,256.9311976,27.1403609,-13.01513295
Driver,108.4712777,3.3,-1.9,-4.291338583,47.639,0.969,13.095,-1.77,0.13,162.0781138,1.4942,12.048,-1.725,2360.0,1.619,537.4893429,103.3522121,-12.63697732,5.704096953,-0.181090011,1.230377089,0.074495,269.5879396,-5.156181866,39.35584572,64.0781419,6.922228,292.4725191,-5.321479158,8.879728096
Driver,102.140748,-1.851,9.477,2.125984252,55.662,8.212,8.536,-2.137,-11.614,148.7772906,1.4566,7.56,-1.021,2180.0,-27.115,376.5448873,35.79742566,-34.7527584,6.039586915,-0.127306626,0.802513583,0.084699,203.6322263,-29.88021421,18.91359962,71.67550267,4.309196,250.933298,-43.62183496,-78.85875104
Driver,83.60325698,-0.939,-5.523,1.25984252,49.828,-6.316,7.818,-2.238,3.285,119.1056729,1.4247,6.223,-2.842,2015.24,2.641,222.6893357,15.46297561,-9.766958742,144.1104869,-5.866950183,-4.145404856,3.31532,127.4166835,-5.281569992,11.81586662,75.92994312,2.84532,180.2918978,-7.160412859,3.111180142
Driver,84.75304223,1.126,-2.518,-1.57480315,48.385,-1.517,18.182,8.305,10.823,119.7295544,1.4127,15.489,6.488,3810.0,21.603,338.2252771,72.46139266,70.99174712,5.132880599,0.600874274,1.430362639,0.092322663,176.5921007,49.1402742,37.99626909,56.4341854,5.554273369,194.8317169,56.82907817,88.97891672
Driver,111.9206335,4.2,1.8,-4.37007874,49.031,5.122,17.071,-2.219,-4.045,161.5307355,1.4433,15.727,-1.742,2263.19,1.038,555.6467512,130.4109696,-13.94899499,5.949520996,-0.183555154,1.687234905,0.079249,280.9241233,-6.37800369,43.30823036,67.98557836,7.421305,300.8683192,-6.692541587,6.487624682
Driver,46.88171081,-0.423,-1.121,0.511811024,49.517,-1.482,25.8,5.131,6.252,58.7710272,1.2536,21.351,3.949,2670.0,8.213,92.02559163,19.4907671,7.311105658,4.925073571,0.349216375,1.813523592,0.1873848,56.03776889,5.10647043,27.09459076,44.71964979,2.516145236,77.90156907,7.526127228,3.753498484
Driver,97.72056192,-0.9,-1.3,1.181102362,51.492,-2.228,22.134,4.341,5.641,128.1992663,1.3119,18.477,3.258,4805.38,6.761,379.4600519,116.5491838,37.57659659,5.705282838,0.341994595,1.939416725,0.097851,186.6519872,23.74045987,50.51877245,59.383314,6.742156,195.2095507,25.18673895,39.54120784
Driver,54.4380816,-0.831,0.237,0.787401575,62.9,-0.188,2.692,0.045,-0.192,76.29272548,1.4015,2.257,0.069,330.0,-2.496,19.35582774,0.397552219,0.019110575,5.8032822,0.005862397,0.131171242,0.15693,12.5095626,0.009732831,2.294730255,73.65642485,0.341524,66.46702584,0.026332139,-0.015996447
Driver,101.932713,-3.776,2.938,5.236220472,42.542,-1.186,14.47,3.377,0.438,150.168665,1.4732,12.114,3.318,3514.62,1.352,494.1280996,105.9751614,31.8547681,5.656296298,0.328690593,1.243945162,0.0798238,242.2210741,17.06606697,43.12411741,60.81966647,6.98159,251.2665861,17.7967408,9.159327273
Driver,25.53910165,-4.4,1.2,2.952755906,84.453,0.316,48.087,-0.204,-1.495,23.97682534,0.9388,34.041,0.309,3310.0,-0.528,19.07348789,6.311147689,0.103734847,1.9326442,0.011460881,1.117844154,0.20138,11.82447603,0.066047898,36.2714314,22.52526085,1.287139,16.42522029,0.090403513,0.006834136
Driver,99.74498926,0.159,-9.054,-0.236220472,46.608,-8.904,24.24,0.889,9.943,132.4465372,1.3278,20.555,-0.797,5260.0,14.107,391.0911991,135.2221089,33.00263606,6.017528577,-0.059843501,2.297003058,0.1013704,190.4025618,26.54629712,53.38690024,63.2875761,7.011820946,196.4756293,27.8856398,87.49898362
Driver,95.52836435,-4.799,-4.702,6.535433071,52.462,-8.4,16.039,-8.194,-3.492,131.5034449,1.3766,13.427,-7.735,3460.0,-6.088,404.5665921,82.44518743,-65.64135914,6.311608717,-0.857068467,1.530160239,0.102471,205.736664,-37.86838518,39.04948689,58.21819039,6.12383,223.2267832,-41.83054608,-30.91956032
Driver,75.92161775,1.535,5.033,-1.771653543,52.094,6.229,13.408,6.472,1.439,115.2930387,1.5186,12.038,6.301,1580.0,6.769,260.0673115,33.20046439,31.59004407,6.229879534,0.688796025,1.308077552,0.114289,151.4105155,20.07426705,20.33867716,69.44093861,3.70651,183.6379441,25.09082679,10.44642734
Driver,83.88734789,-1.701,-5.862,2.204724409,49.506,-7.315,14.539,0.481,6.343,115.5845115,1.3778,11.783,-0.635,3400.0,13.967,308.5570949,47.83346008,13.31788188,6.278531045,-0.052026,1.316195039,0.115231,164.3697249,13.16453204,29.3489971,56.25988981,4.78556,188.2616359,17.19883407,44.93855344
Driver,70.01386901,-2.17,-5.664,1.929133858,62.574,-6.791,30.633,1.869,7.533,89.26449535,1.2749,23.258,-0.079,6698.48,9.398,213.3685835,63.58315369,8.407363647,5.721680306,0.011514659,2.46424056,0.146529,114.4571526,7.440682617,43.46783013,50.83736046,4.749836,122.6278161,8.325190074,22.79446905
Driver,107.4937366,-0.3,1.5,0.590551181,49.896,1.173,12.552,0.077,-1.423,160.07449,1.4892,10.66,0.452,3028.81,-3.523,533.6987253,102.4380785,-7.751695123,5.999633543,0.028397325,1.148256686,0.079035,261.1019072,-6.812146861,41.07579943,61.77570023,7.013963,280.3936604,-7.858707675,-26.61304838
Driver,87.01011095,-4.606,-7.134,4.803149606,55.029,-10.365,13.907,-3.027,4.107,127.0749821,1.4605,11.711,-3.532,2840.0,8.078,364.7887613,56.79507211,-10.84819628,5.507373132,-0.332842127,1.147709863,0.0915968,192.99984,-1.722769468,30.1018055,59.49938732,5.24167,219.0588359,-0.594554483,30.5099282
Driver,95.81692913,-3.154,1.579,4.409448819,44.435,-1.643,26.583,4.187,2.608,126.9626879,1.325,21.959,3.73,5848.87,4.683,366.4545625,135.4160295,34.18927086,6.257221942,0.417680966,2.5909156,0.111058,177.5827687,20.64567028,54.8567559,63.23577083,6.90664,179.2613758,20.87888967,27.38298999
Driver,92.26020043,1.18,-0.999,-1.496062992,48.865,0.032,11.896,-0.352,0.646,136.2855673,1.4772,10.026,-0.468,2535.74,-3.282,393.8874673,53.1215754,-7.862978348,5.787734067,-0.049906621,1.028229084,0.089282,207.9381939,-5.871552724,27.15467668,62.54090526,5.186556,241.2333715,-7.503328357,-12.52075357
Driver,92.75903722,-2.2,-4.8,3.818897638,39.274,-8.358,15.392,-1.465,3.529,134.4394238,1.4493,12.815,-1.942,3510.0,10.237,410.7727091,83.59133741,8.082823344,5.775694733,-0.190529315,1.331154874,0.091468,207.0878513,10.74347879,39.77501688,57.91546109,6.168721,224.9295388,13.00394336,53.23683196
Driver,111.2137616,5.3,3.9,-6.102362205,49.406,8.406,19.848,-0.816,-4.716,159.5868379,1.435,18.244,-0.126,3670.0,-10.268,529.7006021,172.7534667,-40.63362728,5.554162313,-0.036108831,1.854930994,0.076056,251.5690141,-29.95218144,54.12713759,69.51598415,8.151866,259.4201092,-31.40468336,-88.20844644
Driver,69.06540802,-2.997,1.82,2.834645669,59.976,0.087,32.741,13.604,11.784,84.98277559,1.2305,26.306,11.063,5730.0,16.39,199.5570766,64.52059983,49.25580107,6.131683396,1.214999656,3.021432066,0.169221,108.2292287,32.42407376,44.52394262,51.08665464,4.6859,116.3129995,35.38370673,36.02251852
Driver,97.71385111,3.541,3.364,-5.196850394,47.382,6.629,13.711,-3.147,-6.511,146.0475573,1.4947,12.623,-2.427,1877.38,-15.397,407.0310518,68.95370619,-51.249749,204.2819126,-36.8269861,3.656977557,5.095,209.7616981,-38.4990107,33.40018395,64.61946471,5.30379,237.8972744,-47.20519103,-89.19809877
Driver,103.9571403,-5.251,-3.034,7.165354331,47.105,-7.933,15.901,-0.196,2.838,140.6346188,1.3528,13.205,-0.574,3800.0,4.884,447.4322502,100.7956344,8.433064761,6.36530734,-0.057352006,1.52840027,0.0965686,221.2351094,7.82159075,43.46494463,59.54815049,6.70252,235.6363299,8.85030519,30.10845288
Driver,98.29098067,0.9,-2.1,-1.062992126,50.799,-1.541,20.957,4.253,6.353,132.57449,1.3488,18.887,3.522,4500.0,9.596,399.5625053,126.808949,48.44357091,5.552969156,0.351247039,1.929756728,0.092206,195.3337991,31.39618822,51.56714512,61.89476019,6.947862,203.8350614,33.2573751,58.47960491
Driver,31.52514316,-0.9,-2.5,1.25984252,56.5,-3.234,27.735,5.233,7.733,42.66955977,1.3535,19.856,3.062,3450.0,9.759,44.18765466,8.307652751,2.66483147,5.877765124,0.333239485,1.751949365,0.306938,27.96389225,1.907242199,22.91994112,36.31791219,1.579382,43.85376399,3.202872965,1.242789
Driver,99.45195061,0.5,0.9,-0.62992126,43.756,1.428,15.949,1.066,0.166,145.1172155,1.4592,13.554,1.184,3450.66,-3.119,463.7057387,109.7597535,0.561491399,6.220588122,0.124756938,1.525547305,0.091655,227.0149824,-2.104780555,45.56466429,60.19423583,6.954102,241.6129533,-2.579574414,-20.38497542
Driver,82.91204366,-3.934,1.353,3.937007874,54.765,-1.432,13.618,-5.009,-6.362,108.7099588,1.3112,10.365,-3.793,3737.11,-15.684,264.6998909,35.1778405,-31.97821059,6.083007717,-0.423590951,1.115572532,0.118266,142.8720834,-22.77165191,25.2871784,55.38975587,4.180606,170.9154672,-29.82663209,-40.17395606
Driver,80.60576235,0.433,-5.979,-0.590551181,49.131,-5.605,16.388,-1.639,4.34,114.084422,1.4153,13.331,-2.506,3590.56,14.444,296.6758147,53.64956038,8.946834333,163.7918519,13.80964397,-2.351953656,4.84044,160.0359503,12.99536144,31.37128396,60.81004098,4.69044,184.6608315,18.24254012,59.87171433
Driver,101.3287402,-3.978,2.372,5.787401575,39.611,-2.449,14.422,4.91,2.538,149.0081424,1.4705,12.204,4.592,3313.38,7.719,487.4906265,99.83132346,58.91093052,6.18064233,0.503450669,1.366692865,0.0880167,241.5273625,35.79932339,41.23348198,60.73123229,6.81197,251.9393229,37.95381831,49.68412912
Driver,87.26288475,-4.186,6.991,5.236220472,52.115,3.726,0.655,-0.724,-7.715,128.2757695,1.47,0.12,0.126,1280.0,-11.416,8.524687584,0.010339889,0.015067315,5.880450633,0.006850867,-0.000375248,0.094554,5.746678384,0.006864643,0.154017754,125.9745149,0.092381,67.31051924,0.003793006,-0.017318881
Driver,101.0424123,-1.029,-4.676,1.57480315,44.715,-5.715,12.821,-6.82,-2.144,142.419694,1.4095,10.696,-6.482,3042.07,6.892,439.3635147,73.93033549,-32.06688485,232.9590128,-11.28043526,-3.260863633,6.10348,227.6077997,-11.39774752,31.41534972,64.71958942,5.90348,256.3489398,-10.81013828,43.01329457
Driver,116.4168754,6.3,1.5,-7.125984252,51.419,6.542,16.115,-2.977,-4.477,163.9692198,1.4085,14.998,-2.433,2740.0,-13.668,560.1581063,134.9424302,-65.24364845,6.021098593,-0.269102767,1.629112589,0.078787,277.1461081,-45.84177263,45.19396921,66.35862329,7.617435,294.132992,-50.35754064,-102.5920519
Driver,97.03829635,-4.3,-4.1,5.0,50.501,-7.849,10.551,-0.865,3.235,143.821582,1.4821,8.982,-1.178,2300.0,9.122,410.0967267,49.29000037,4.136495274,5.912420165,-0.114606247,0.939107885,0.086113,217.6274276,6.794070633,24.64597332,65.91985715,5.054145,255.6771799,10.0728498,33.79366184
Driver,93.11471009,1.511,-2.081,-2.007874016,45.293,-0.585,13.204,-9.136,-7.055,138.038878,1.4824,11.833,-8.282,2200.0,-30.507,367.9063502,51.83025353,-84.38083045,6.111243152,-0.903084697,1.277393629,0.0935639,201.9346473,-60.03318713,25.46223635,67.2259626,4.77939,227.3003285,-71.75736789,-94.90351056
Driver,116.2312097,4.9,3.3,-5.748031496,51.557,7.264,16.502,-0.125,-3.425,170.1930476,1.4643,15.253,0.382,2970.0,-8.765,591.3148715,157.3766483,-29.30780211,5.827028741,0.021351148,1.607842003,0.073534,285.7235212,-23.49174782,49.12281427,68.2990126,8.137425,298.8842634,-25.41399518,-76.16917756
Driver,84.79107015,-5.027,-7.036,5.0,57.204,-10.285,17.273,5.942,12.979,116.7363099,1.3767,14.53,4.243,3700.0,20.212,322.3324573,63.13454502,51.6223795,5.453054032,0.423908071,1.422325023,0.100096,169.8948837,37.44703606,35.17865793,55.84112559,5.25592,188.6771251,44.07491083,75.25075807
Driver,76.48085183,0.559,0.373,-0.748031496,48.361,0.87,13.799,-1.512,-1.885,112.6031228,1.4723,11.444,-1.167,2660.0,-8.894,279.0898601,37.54324646,-12.93433254,5.893738203,-0.128987069,1.186274362,0.110739,154.4433894,-10.21756406,23.97015434,60.03053852,4.219969,188.6417756,-14.07923153,-21.23055468
Driver,106.1963135,0.9,8.7,-0.984251969,54.677,9.212,1.435,-6.014,-14.714,152.5731478,1.4367,1.385,-4.724,1980.0,-56.963,82.42384968,1.075307066,-8.840642071,5.858198198,-0.51142885,0.129840313,0.079271,52.12521742,-6.818844207,1.781849367,127.9665303,0.763561,132.1526356,-21.35865365,-7.619242523
Driver,93.03865426,-3.754,-10.462,5.039370079,47.117,-13.955,20.328,0.231,10.693,118.9470741,1.2785,16.406,-1.646,5084.94,5.325,339.3616764,88.04043271,0.925346769,6.238418144,-0.169681691,1.869985749,0.114196,171.5644577,3.325670426,44.81153227,56.042207,5.964870643,182.8869839,3.927784737,24.75425562
Driver,83.45561918,-5.3,-1.7,4.527559055,63.121,-4.594,28.5,-1.103,0.597,103.6837867,1.2424,22.93,-1.228,8070.0,1.001,265.1045141,90.28030169,-3.939058698,4.063011016,-0.08813061,1.73858031,0.088745,134.8830168,-1.733214643,50.25535345,54.8213315,5.641289,138.1981131,-1.759636198,3.472869058
Driver,99.18575519,-3.99,-2.166,5.472440945,42.864,-6.476,18.58,5.127,7.294,138.5410702,1.3968,15.076,3.924,5072.52,11.511,419.8006758,116.0833112,59.93253179,6.279968415,0.448825894,1.743081734,0.0976582,204.4924201,38.4299485,48.81251693,60.26582114,6.85166,213.0892638,40.71840398,73.78537237
Driver,98.06952398,-1.821,-6.363,2.480314961,49.985,-7.893,15.912,-2.847,3.516,143.1024069,1.4592,13.684,-3.309,3230.0,7.173,462.8658545,99.84554037,-8.406754083,5.907030088,-0.333773912,1.454336217,0.088127317,232.1375182,1.000673701,41.62648075,60.93678939,6.705190241,250.5917183,2.052171696,43.19416395
Driver,99.61524696,-0.2,1.6,0.354330709,57.572,1.011,14.21,0.244,-1.454,145.33733,1.459,11.836,0.668,3440.0,-0.46,466.4089673,96.09835752,2.580349427,5.779588798,0.047731694,1.23118294,0.084283,229.9461603,0.956540565,41.92796758,59.31776169,6.694759,247.3446387,0.96717365,-5.173010016
Driver,93.15273801,-1.3,2.5,1.299212598,54.355,1.632,15.322,3.949,1.449,136.8857373,1.4695,13.284,4.034,4400.0,4.732,418.7871527,101.4780337,39.24922754,5.666400549,0.378690834,1.366150384,0.088424,205.1540672,23.05270005,45.92588107,58.25731527,6.618922,217.5373214,24.86800296,25.96417338
Driver,90.73908375,-0.525,-1.66,0.748031496,46.849,-1.168,11.811,-0.578,1.082,129.028946,1.422,9.534,-0.782,2929.15,4.79,343.080831,47.22880092,3.115512945,187.4274686,3.812153117,-3.428929569,4.74057,181.0257586,3.562445448,26.85349652,67.18306603,4.52057,214.5167852,4.985647434,18.09685194
Driver,109.4600036,-2.5,5.7,3.070866142,49.979,3.537,16.791,7.169,1.469,154.4324893,1.4109,14.438,7.062,3620.0,1.095,516.2229563,133.7438583,64.88374506,5.943602205,0.731827811,1.554218969,0.082477,249.9961386,33.47459479,48.3261036,64.21214355,7.547498,262.5987615,35.26155239,8.286215629
Driver,80.95025054,-0.622,-3.788,0.826771654,49.893,-4.312,10.919,-1.731,2.057,116.8761185,1.4438,9.377,-2.012,1818.29,-3.646,228.8493209,21.98417776,-10.43634967,151.8317702,-8.900310642,-5.260261229,3.58733,135.0069601,-7.494363113,15.00833805,74.4770831,3.09733,185.1094844,-11.49541173,-8.271353963
Driver,95.3404617,-3.397,-0.098,3.976377953,54.763,-2.501,6.3,-8.688,-8.59,127.9238994,1.3418,5.006,-7.531,2200.0,-29.839,212.292934,11.37778721,-37.80079764,5.527810729,-0.743578611,0.476320259,0.089635919,123.1441649,-26.67820158,9.181546153,80.4959661,2.53037515,184.7862035,-45.73135573,-32.07534415
Driver,103.0981568,-1.766,1.513,2.244094488,49.77,0.019,10.75,2.738,1.224,150.5413386,1.4602,8.218,2.486,3802.74,5.529,482.5115955,80.29069727,36.11805288,6.03589265,0.267789638,0.902851538,0.0839554,234.4689892,21.89516562,37.85649998,57.72174386,6.4408,245.4065395,23.42067276,35.24652777
Driver,93.78355404,-3.3,2.5,4.05511811,52.896,-0.104,7.978,4.898,2.398,139.515927,1.4877,6.785,4.681,1690.0,0.493,315.8327288,24.97177045,26.01806623,5.784230975,0.472346923,0.68516859,0.086263,176.84729,14.74918001,14.74141612,77.19310933,3.633341,233.2058917,19.5564462,0.954328778
Driver,95.74982105,2.586,6.286,-3.42519685,48.316,8.591,17.859,1.918,-4.367,137.6959556,1.4381,15.421,2.651,3470.0,-13.669,435.0045973,103.3647589,-12.89593763,5.748967021,0.251584689,1.601817441,0.089902,218.8338472,-16.46900326,43.38892557,60.56816218,6.656346,235.1858123,-19.29751746,-79.63264496
Driver,86.35021475,-2.05,-1.333,1.850393701,61.012,-2.469,14.185,-0.043,1.29,109.9955261,1.2738,9.163,-0.452,5497.31,2.284,271.9766011,44.05503719,3.035068629,142.7161852,3.582101637,-4.183687108,4.88396,136.8518599,3.249839238,33.93375922,48.72493686,4.58396,151.3691002,4.123331361,12.98709447
Driver,108.4668039,3.164,-3.105,-4.212598425,45.35,0.025,19.312,1.49,4.595,159.1951503,1.4677,17.007,0.794,3790.0,10.545,529.3896693,163.0770345,45.75920102,6.014810368,0.095190655,1.867554021,0.082075,252.2595193,32.63507466,52.71422445,67.99168389,8.009259,261.2238119,34.42989609,87.49691685
Driver,85.884932,1.978,2.181,-2.952755906,47.545,3.992,16.306,4.724,2.543,129.2090193,1.5045,14.818,4.448,1940.32,-12.194,356.449818,67.74986147,5.923267358,188.5477791,-3.470576821,-0.233756592,5.0523,187.9618492,-3.414335838,34.81123379,65.62482483,5.02997,215.5551475,-6.105414548,-53.93668459
Driver,113.1352899,5.028,-0.853,-5.748031496,54.005,2.811,16.493,1.185,2.039,159.9060487,1.4134,15.074,0.923,2290.0,6.34,545.7402027,120.8433418,24.70038302,6.365594724,0.108935608,1.739723545,0.0854582,277.4074287,18.05088124,41.41431121,67.26875677,7.19389,298.0936346,20.27693134,40.76801583
Driver,98.32006084,-0.335,4.631,0.393700787,52.444,4.374,9.326,1.408,-3.223,145.744005,1.4823,8.186,1.794,1740.0,-12.131,373.1411961,37.22620863,0.324222262,5.427211861,0.163871247,0.780906096,0.0776192,204.8899595,-4.296701562,19.15495266,73.80518473,4.31359,251.0631055,-7.822042748,-32.12246585
Driver,56.46250895,1.2,3.4,-0.905511811,78.886,3.305,26.165,0.223,-3.251,65.90260379,1.1672,20.765,1.227,3560.0,0.178,117.1502041,25.20810211,2.491278039,5.738473476,0.123157637,2.081435597,0.194783,69.68416436,1.536591436,29.29128039,46.25037984,2.961975,89.60755085,1.986814435,0.133249112
Driver,75.92609162,0.99,-5.281,-1.338582677,47.924,-4.387,16.417,-0.57,4.711,98.37866858,1.2957,13.501,-1.499,2980.0,10.898,227.0623956,34.76690579,1.178737416,6.214640672,-0.148471543,1.475559913,0.134994,127.9942509,3.654537241,25.48026107,55.97182488,3.91909,155.337555,5.893634331,21.00056169
Driver,114.5892985,6.7,-0.3,-7.755905512,52.372,4.703,16.644,-1.938,-1.638,170.3863189,1.4869,15.66,-1.775,1683.45,-13.878,579.0597811,127.9100753,-50.59957236,6.072952432,-0.199066303,1.71084746,0.076608,298.6894989,-37.58798284,40.56952414,71.68629721,7.184549,322.67925,-42.61828602,-85.17509351
Driver,100.3825161,0.855,6.125,-1.102362205,50.514,6.83,16.898,0.365,-5.761,140.6583304,1.4012,14.644,1.215,3350.0,-10.869,450.6082109,103.0050863,-17.25797192,5.972792037,0.1149275,1.577733052,0.091105,226.1397595,-16.8668453,42.79551393,60.87387385,6.71653,243.3131463,-19.49774525,-64.9344019
Driver,101.8678418,1.876,4.586,-2.480314961,48.557,6.243,15.543,-2.478,-7.064,144.3237742,1.4168,13.669,-1.467,3030.0,-16.784,459.5653404,93.64086811,-49.36361034,6.042540598,-0.171237251,1.482226266,0.089364,233.3248006,-37.79561896,39.08761344,61.28100728,6.492208,254.5568448,-43.87873124,-95.66619429
Driver,87.39486399,2.158,-3.53,-2.755905512,54.762,-2.005,6.942,2.757,6.287,126.7459288,1.4503,6.367,1.992,1200.0,19.57,203.3334767,13.05419482,11.6366232,5.862782613,0.214735041,0.637506433,0.096110237,122.022576,9.306803043,9.933408544,86.2674365,2.435225839,189.6687938,17.37239126,15.2161038
Driver,88.14200072,0.261,1.618,-0.31496063,49.556,1.84,19.895,6.132,4.515,123.9828651,1.4066,16.785,5.37,3930.0,8.152,372.1361335,93.95197439,50.05556275,6.12910856,0.584796697,1.875120313,0.107386,189.080534,31.0771559,43.87938204,58.20620546,6.22954,202.5723749,34.00144145,40.45777796
Driver,99.99328919,-6.491,-6.165,9.133858268,47.021,-12.251,9.231,-2.036,4.13,134.9091804,1.3492,6.745,-2.697,3444.56,11.901,363.4386488,38.66719568,5.230970088,194.8294527,10.42222134,-2.632668078,4.77831,188.7294071,9.497491191,22.52316027,65.29476358,4.56831,223.7103057,14.8409181,55.06866312
Driver,110.8670365,-1.0,0.0,1.220472441,47.734,-1.303,10.012,-1.318,-1.349,161.6401217,1.458,8.346,-1.103,2694.34,-8.738,520.9941814,75.37724323,-31.68862958,5.755196819,-0.118120336,0.858232007,0.074466,259.2825421,-22.49477062,33.18937692,61.82236422,6.321927,286.1304979,-26.68355667,-52.55486008
Driver,27.70669291,-1.3,-2.7,1.220472441,67.45,-3.453,42.83,-2.229,0.471,27.05328382,0.9764,30.112,-2.471,3400.0,0.593,22.80284726,6.611627262,-0.933134973,5.777537004,-0.247439115,2.106161287,0.522518,14.26286511,-0.605946745,32.71733531,24.76379073,1.33768,20.39502248,-0.863527735,0.026959903
Driver,108.146922,1.261,1.997,-1.496062992,49.372,3.079,10.381,-2.035,-4.032,163.1762258,1.5089,9.321,-1.557,1880.0,-15.833,491.3352606,63.16571716,-39.22524238,6.563157742,-0.190757282,1.086809736,0.0842869,258.5082161,-29.96428579,26.53240913,70.52039708,5.53983,296.5149662,-37.91722715,-68.92959033
Driver,96.87947387,2.702,6.295,-3.42519685,50.105,8.557,13.536,13.601,7.306,142.4315497,1.4702,12.051,12.566,2540.0,15.847,433.5516081,71.24251087,119.3600767,6.021609979,1.323446128,1.29172899,0.089552,227.0922463,72.69408588,32.15700559,62.88211518,5.791102,255.6812628,84.76460096,72.43623488
Driver,102.9930208,0.5,6.9,-0.748031496,48.708,7.482,16.219,7.759,0.859,152.6507695,1.4822,14.636,7.708,2403.44,-2.984,503.06976,110.7763067,58.57530153,5.90514924,0.789541851,1.554803653,0.082869,254.434074,28.07848059,41.75094147,64.03866289,6.960392,274.895639,29.9146649,-18.27792083
Driver,80.33732999,-5.3,19.3,4.330708661,65.206,16.866,38.515,21.174,1.874,102.2751879,1.2731,29.728,20.638,8900.0,1.594,257.5984965,113.0380208,84.40311166,4.272994641,1.51495742,2.469009413,0.100851,126.794755,46.79782707,56.8460854,59.03820439,5.998688,126.1957979,46.57342631,6.778636902
Driver,101.3108447,3.897,7.58,-5.0,50.859,10.758,16.378,3.579,-4.001,148.2889674,1.4637,14.529,4.196,2860.66,-18.366,479.3872483,102.3547873,-8.667355501,6.018956756,0.423356223,1.571343663,0.086932,243.6286184,-18.67372875,40.09570202,62.83314721,6.704844,264.6693353,-23.16518841,-109.1915784
Driver,99.68011811,3.538,5.409,-4.960629921,45.405,8.904,-0.918,3.503,-1.906,142.7751432,1.4323,0.197,3.98,1720.0,-62.946,7.002032179,0.013576187,0.482424457,5.729176162,0.38793621,-0.009253559,0.082319,4.340635062,0.296249266,0.271203891,142.1045899,0.06231,125.050944,8.344194519,-0.01511575
Driver,100.5726557,6.4,2.8,-6.456692913,60.76,5.94,10.236,-5.868,-8.61,132.4346815,1.3168,9.684,-4.597,1790.0,-32.764,293.7579718,31.25473619,-43.06370576,5.966356626,-0.501776725,1.007042109,0.094542,167.6780505,-33.63985629,18.25699573,73.15395385,3.696875,216.6729226,-49.81276275,-61.09805874
Driver,97.05619184,3.727,2.878,-5.472440945,47.325,6.321,15.772,-1.347,-4.225,145.0375805,1.4944,14.263,-0.797,2305.35,-4.808,455.9073861,93.33190964,-28.22612786,223.0300795,-23.57121141,3.834659002,6.18387,227.4200124,-24.49890982,40.64679209,61.77365225,6.37519,247.8718211,-28.85258775,-64.05472679
Driver,98.68020759,2.35,1.14,-2.874015748,48.755,3.203,14.063,1.792,0.652,146.8439066,1.4881,12.386,1.696,2450.0,-2.677,467.6022367,82.00374219,8.38407739,6.060262505,0.177050938,1.339534069,0.087522,242.246625,2.627468547,34.62903947,63.59970476,6.193272,269.6742324,2.428311604,-13.62871099
Driver,88.04133858,-2.911,5.298,4.015748031,43.437,2.22,23.646,-7.552,-12.851,113.2670455,1.2865,20.042,-5.61,4530.0,-16.553,317.6405549,90.53822753,-57.35609794,6.505042439,-0.666994428,2.400820141,0.127647,163.7683125,-39.07087006,45.29902108,56.85672132,5.88291,174.5960698,-42.6912273,-70.00975421
Driver,97.85701503,-2.5,-8.1,3.74015748,43.34,-11.035,12.184,-6.434,1.666,140.754966,1.4384,10.039,-6.597,3170.0,5.318,434.3950967,70.87335006,-38.68931967,5.696410956,-0.659402837,1.022897287,0.08518,218.3996097,-16.30986828,35.00264636,58.42966528,5.964261,240.8636241,-17.08796526,26.45678681
Driver,96.28892269,-1.3,7.5,1.614173228,52.675,6.493,27.258,-3.378,-10.878,122.3776396,1.271,22.55,-1.255,6140.0,-3.049,347.0620333,128.3169998,-14.28377105,5.733243965,-0.131033039,2.424297282,0.106199,169.6158799,-9.22935497,54.48351012,62.11999492,6.705817,173.6751311,-9.51318533,-16.55308669
Driver,87.87133142,0.211,5.308,-0.275590551,50.862,5.479,15.793,5.687,0.379,129.5309145,1.4741,13.268,5.623,3250.0,-3.445,394.1165744,76.11579329,31.50525156,5.977833884,0.581974208,1.421936436,0.09843,202.5195646,14.45284449,37.02207897,58.31118985,5.912391,223.6704529,15.45742165,-16.22837499
Driver,108.8358984,3.6,3.8,-4.251968504,43.032,7.248,14.088,0.954,-2.849,162.8966088,1.4967,12.954,1.274,1900.0,-4.677,536.3226062,99.56587978,1.560536393,5.836949011,0.126390799,1.350971286,0.076064,277.0728112,-2.546677057,36.36722121,68.13605342,6.62596,305.216099,-3.642014083,-26.11839197
Driver,89.16204366,-0.3,-0.7,0.511811024,47.322,-1.101,21.413,14.073,14.773,122.4899338,1.3738,18.16,11.591,4830.0,17.481,352.912212,98.40835765,102.6608122,5.982813997,1.229282301,1.989579726,0.107241,178.5126225,63.74187188,46.29591063,57.90822491,6.206404,189.6941839,68.91377598,86.81697494
Driver,96.81683966,1.678,-0.897,-2.322834646,49.183,0.552,11.877,-1.857,-0.96,133.0889853,1.3746,10.031,-1.68,2450.0,-3.441,372.211226,48.33822847,-15.12050309,6.118438686,-0.182478585,1.085248998,0.096713835,199.2257275,-9.774897527,25.65594635,63.22763439,4.941812894,234.2231342,-12.20929266,-11.81089185
Driver,88.96519327,-3.519,1.209,4.133858268,59.57,-0.861,11.929,-7.133,-8.342,130.6399875,1.4685,4.811,-3.24,10465.14,-19.107,328.9288799,44.24229043,-54.82433019,6.177333072,-0.384466296,0.571086585,0.099092303,160.7053278,-35.64349643,32.11920699,50.51983452,4.843797225,170.1955982,-39.17211952,-80.18974141
Driver,70.40085898,-2.505,-3.967,2.480314961,57.123,-5.587,28.085,2.04,6.007,93.63725841,1.33,20.883,0.454,6812.55,8.213,228.3012961,62.93302151,10.14380999,5.96042916,0.064607729,2.287242091,0.143022,121.8899566,8.247297739,42.31683596,51.17864291,4.830582,130.5412833,9.186709103,21.85029388
Driver,117.7612742,0.771,7.596,-0.905511811,50.854,8.224,10.351,4.166,-3.43,165.8708393,1.4085,8.201,4.948,3762.93,-19.472,539.836433,93.5016597,-17.96388314,6.341182904,0.524146415,0.950514021,0.0800732,258.9628842,-25.88630686,39.47684402,59.51092852,6.87472,269.6372817,-28.86710494,-144.0417753
Driver,114.817466,6.5,3.7,-7.480314961,50.873,8.943,18.306,-2.043,-5.743,167.5995437,1.4597,17.027,-1.437,3180.0,-14.447,572.5096154,168.2352069,-66.88145346,5.421667668,-0.143634833,1.677998912,0.070089,275.2380764,-48.09338088,51.26023242,69.28844971,8.226018,286.1389793,-51.09319728,-123.8462735
Driver,100.489889,4.278,6.776,-5.472440945,46.21,10.888,12.989,-0.906,-7.682,150.6771206,1.4994,11.981,0.012,2020.0,-40.439,396.6835352,55.79550422,-43.44562547,6.210392965,-0.026520978,1.313886436,0.0871046,218.1770059,-42.75937092,25.26195416,71.64174519,4.7848,246.3435115,-54.52558858,-128.4125361
Driver,86.31218683,-1.118,8.909,1.456692913,54.391,8.108,11.921,0.541,-8.367,116.0334646,1.3443,10.239,1.653,2310.0,-22.339,259.0047781,29.27977964,-5.936154648,5.554200197,0.143135454,0.992032952,0.100666562,147.5879257,-9.505919335,19.35022717,65.54945077,3.691739055,189.9178597,-16.44791997,-41.25146336
Driver,75.35343593,-3.2,3.2,3.267716535,58.336,0.756,16.261,-0.958,-4.107,109.0956067,1.4478,14.014,-0.429,2490.0,-10.227,277.3776768,45.82977599,-10.91303659,5.879380504,-0.054995486,1.458648472,0.115327,153.3091068,-9.737521046,28.52003505,57.66972953,4.500149,181.923733,-13.12403884,-25.77504117
Driver,103.8766106,4.378,4.211,-5.669291339,48.233,8.132,10.439,-1.445,-5.656,150.8759843,1.4525,9.429,-0.485,2074.25,-26.376,411.6669853,49.01714148,-35.64349082,6.09995642,-0.070843232,1.014086167,0.084784,221.7491191,-31.86067498,23.23778465,70.07766299,4.841759,264.2828954,-44.28647518,-90.00587761
Driver,97.68924481,-1.072,-0.162,1.456692913,44.942,-1.236,21.75,0.926,1.088,133.3777738,1.3653,18.4,0.753,4440.5,1.693,410.8658237,126.6418155,9.672766285,6.721348882,0.091512978,2.285790419,0.1107,201.3564909,6.138647507,50.71913393,62.32164379,6.99442,209.8063738,6.484017493,10.47939081
Driver,87.37920544,-3.805,0.868,5.433070866,46.088,-2.803,14.789,-8.111,-8.979,107.5704635,1.2311,10.471,-5.952,5127.48,16.574,243.9896391,35.23943601,-9.783864688,141.2287017,0.296656915,-5.460969089,4.33939,131.4809853,-0.660103066,26.82756795,55.72286775,3.92939,154.6818097,1.425130026,38.93171501
Driver,95.60889406,-4.871,-2.393,6.377952756,48.249,-6.755,12.789,-5.958,-3.565,130.5406675,1.3654,10.544,-5.492,2970.0,-7.38,379.1461654,55.79401416,-47.16156714,6.243425777,-0.605167653,1.172930647,0.100834,198.0025394,-28.774489,29.75417133,59.15800673,5.30331,223.9269365,-33.82446612,-29.68017325
Driver,85.92967072,-1.537,-3.512,1.732283465,49.244,-4.838,9.636,8.127,11.639,122.1168128,1.4211,8.28,6.678,2390.0,33.815,244.7960571,21.97116161,45.10602486,6.229677695,0.752732638,0.8939929,0.106684,140.4830608,33.81144282,15.32861265,70.48073887,3.23815,185.874294,50.88967531,53.17674361
Driver,90.62947387,1.258,8.004,-1.771653543,50.859,9.028,19.216,4.409,-3.595,127.8078024,1.4102,17.008,4.88,2860.0,-8.158,395.0926513,91.04059159,18.18737919,5.944942645,0.497070482,1.825154017,0.1009864,205.7980625,4.817868187,40.09172302,60.65729608,6.181704803,226.2808141,4.233126216,-38.10557973
Driver,112.8355404,5.9,3.5,-6.850393701,50.977,8.265,17.569,-2.109,-5.609,164.4268969,1.4572,16.294,-1.499,3080.0,-14.444,560.2439119,153.7254186,-63.63830458,5.920815286,-0.165912591,1.749971391,0.077796,272.1933022,-46.08503336,49.15406543,67.55501267,7.964033,285.0751753,-49.59925611,-117.1548603
Driver,99.81880816,-5.368,-1.338,6.968503937,46.138,-6.52,12.323,0.324,1.663,143.003087,1.4326,10.341,0.133,2827.0,3.455,443.9667829,68.64575026,7.754783025,5.478629172,0.015306364,1.012737063,0.0805376,227.3751754,6.222041939,32.35481961,60.70174997,5.886,252.4092217,7.529265788,17.08326017
Driver,111.8893164,5.7,0.5,-6.732283465,50.811,5.016,15.445,-1.239,-1.739,165.43665,1.4786,14.388,-1.054,2490.0,-7.549,567.4751662,130.2593178,-32.64980462,5.754350664,-0.111715929,1.490085341,0.074353,282.2167014,-23.46785501,43.96288135,66.57294828,7.533658,300.892346,-26.03998617,-54.87168933
Driver,105.0510021,-2.982,-1.274,3.858267717,47.794,-3.982,11.301,-3.102,-1.828,144.1038833,1.3718,8.466,-2.732,4088.65,6.509,433.4850261,68.00657789,-1.711568824,223.2476366,5.855373543,-2.391091351,5.83002,219.5713521,5.420857825,32.24003584,64.04037807,5.69002,245.2806257,8.291839956,47.63168289
Driver,85.51807445,-1.145,1.511,1.417322835,48.111,0.484,14.305,5.332,3.821,123.4341446,1.4434,12.972,4.989,1684.91,2.492,316.431441,45.93569249,29.06491695,5.703628261,0.497711533,1.302734516,0.098083,179.2917077,17.43980107,24.39344534,68.16650853,4.398402,220.1872413,21.83893829,5.566966224
Driver,98.35585183,-4.322,-7.964,5.94488189,48.562,-11.789,16.568,2.576,10.54,140.254787,1.426,12.671,0.511,6095.74,17.737,408.0679536,102.6175756,52.64641889,6.033636686,0.081417269,1.398111818,0.091915067,198.4599095,38.59467908,46.83983082,57.78430527,6.532319778,207.4680263,41.53888754,110.570905
Driver,102.5098425,1.1,7.1,-1.338582677,50.836,8.036,12.141,2.195,-4.905,147.3304402,1.4372,10.714,3.075,2290.0,-14.919,440.7528755,66.38757911,-2.155487281,5.8297174,0.301026513,1.110500186,0.083387,229.47584,-10.1039949,30.71783926,62.94601631,5.673135,259.5848207,-14.47801903,-67.16192159
Driver,107.7465104,1.3,8.5,-1.496062992,52.843,9.522,6.346,1.311,-7.189,158.6828919,1.4727,5.816,2.116,1460.0,-34.247,325.886033,21.56143474,-7.918320896,5.721764046,0.193831802,0.57932091,0.074817,184.0176437,-12.99346806,12.12849676,88.51729211,3.281986,251.1674571,-25.49486042,-59.28627237
Driver,22.05619184,-6.8,-2.0,4.960629921,79.292,-3.963,51.226,-7.532,-5.357,19.59153543,0.8883,31.473,-4.884,3784.12,-3.326,12.225328,3.685003787,-1.039494362,5.824096344,-0.522237046,0.912756962,0.737504,7.69153604,-0.692819849,33.29016812,18.68694999,0.981106,10.38150254,-0.939273421,-0.114357035
Driver,95.19953472,-4.383,-5.713,7.874015748,40.059,-10.943,12.328,-0.942,4.771,139.1139495,1.4613,10.346,-1.524,2850.0,12.572,416.4879216,61.72325199,10.77614751,6.236436825,-0.153249696,1.148309267,0.094478621,215.7769575,13.08151331,30.5915009,60.65649396,5.578030865,244.0930256,17.3154802,56.41519631
Driver,108.1178418,4.5,2.3,-5.31496063,50.736,6.118,17.597,0.489,-1.811,158.3500358,1.4646,16.185,0.733,3080.0,-4.5,529.567338,148.285186,-9.110653495,5.685430891,0.062901896,1.670654499,0.077554,255.8415475,-8.635878681,50.15086679,66.08478325,7.816309,267.9248341,-9.423004064,-35.7187977
Driver,106.6504116,1.965,2.098,-3.149606299,41.319,4.335,14.91,0.91,-1.188,157.6926002,1.4786,13.219,1.071,2660.0,-3.326,533.030152,110.2456183,0.839438987,5.106860318,0.093400458,1.209624215,0.068779961,267.5900824,-2.322967655,40.83487296,64.51638323,7.080506899,288.7417732,-3.021698097,-21.97201007
Driver,106.5698819,1.5,6.9,-1.929133858,51.152,8.159,11.865,2.731,-4.169,153.7983178,1.4432,10.519,3.347,2220.0,-14.462,470.8942403,71.75164185,0.022906842,5.760203064,0.325701855,1.078075046,0.078842,243.3033046,-9.288091502,31.57520584,63.86501583,5.894444,273.2278669,-13.41754536,-70.39997801
Driver,100.2169828,-0.213,-1.054,0.275590551,46.309,-1.258,11.695,-0.264,0.79,148.6166786,1.4829,9.689,-0.4,2967.37,2.436,473.8396172,74.22390221,2.24347747,6.264972384,-0.041276343,1.090878794,0.0885943,238.4034403,2.841502443,33.95546786,60.34098614,6.17013,261.7377019,3.553043671,13.51701434
Driver,102.6127416,1.3,8.5,-1.771653543,50.196,9.645,6.439,-0.761,-9.261,145.4713225,1.4177,5.933,0.095,1540.0,-28.664,282.8720173,18.47195358,-13.00532987,5.607911816,-0.005695147,0.577081324,0.080012,162.1128286,-13.49174166,11.49606169,85.78879883,3.054276,227.7488377,-24.90102911,-41.27875127
Driver,98.4341446,1.935,2.424,-2.795275591,46.798,4.243,16.318,3.195,0.771,144.6179313,1.4692,14.247,3.08,2980.0,-2.003,474.0422166,103.1357941,19.9996497,6.167255032,0.329256983,1.58104858,0.091284,239.2064379,8.841113778,41.4482019,62.1732551,6.785493,258.607687,9.281255093,-12.04649536
Driver,102.6216893,1.0,-0.8,-1.023622047,52.206,-2.16,12.032,2.458,3.406,148.5327935,1.4474,10.21,1.936,2814.73,-4.261,471.4863695,75.66813754,6.065738136,5.856701977,0.190406116,1.067627505,0.082981,238.5662065,0.15512259,34.27427474,60.88439532,6.172916,263.8417131,-0.636902363,-23.71344291
Driver,105.3843057,-4.7,3.5,6.25984252,49.433,-0.626,10.341,0.566,-2.934,145.1834288,1.3777,8.714,0.833,2390.0,-0.947,423.9617495,51.40597118,4.686778594,5.743720085,0.082759949,0.886483186,0.08279,222.5517718,1.973954423,25.54304467,64.8915469,5.217139,258.9795069,2.079436225,-3.784807484
Driver,111.2875805,2.7,1.9,-2.992125984,51.816,3.895,16.559,-3.517,-5.417,158.2283465,1.4218,14.93,-2.808,2744.36,-11.701,534.75833,125.4102312,-59.25445876,5.850450237,-0.301822684,1.574291809,0.079291,266.5154435,-40.50591588,44.08138167,65.22405293,7.373074,284.4205927,-44.74513567,-82.65771
Driver,91.67859699,0.448,-3.477,-0.590551181,45.296,-3.033,18.467,0.91,4.387,131.9841625,1.4397,15.644,0.184,3810.0,6.372,409.7797364,101.2209051,16.05596876,5.758961257,0.025934511,1.632817647,0.094164,205.3227921,12.51954835,44.45984595,59.37091521,6.532432,220.1499426,14.06935774,35.58401103
Driver,108.2050823,2.736,2.184,-3.149606299,47.533,4.691,13.441,0.161,-2.023,156.9799123,1.4508,11.537,0.53,3021.33,-6.842,524.8432209,102.0905216,-14.52428593,5.392616417,0.044280014,1.12479661,0.0725472,259.7652022,-12.99582366,40.23737203,62.07010963,6.96301,278.8139311,-14.96602857,-46.18534862
Driver,100.210272,4.099,3.051,-5.551181102,46.086,7.008,15.28,-1.607,-4.659,145.5274696,1.4522,13.735,-0.94,2420.0,-17.011,405.7125282,53.52191458,-13.89693393,5.99051877,-0.103005296,1.439939223,0.087039,251.5287553,-12.75585328,17.74759368,108.4371473,4.310505,358.781811,-21.87975431,-25.89908029
Driver,83.01717967,0.613,1.735,-0.669291339,51.518,2.222,13.327,6.395,4.661,124.1045544,1.4949,11.842,5.834,1950.0,13.148,313.9560679,42.24806221,41.83626673,6.310543051,0.652272177,1.313884871,0.10753,176.5026314,28.12875138,23.26229383,66.87703863,4.33148,214.0856332,36.34531282,30.81436448
Driver,96.38063708,-0.836,2.332,1.102362205,48.192,1.583,7.813,-4.72,-7.052,140.9055118,1.462,6.896,-3.962,1660.0,-22.411,301.8007253,23.4636475,-33.73303435,5.897323983,-0.421430433,0.707692762,0.087112,171.0472501,-24.7931054,14.00208342,79.55231834,3.434656,229.6497688,-38.02312715,-39.1205448
Driver,100.2930387,2.441,2.772,-3.188976378,49.621,4.85,19.252,1.848,-0.924,138.1692913,1.3777,16.516,2.007,3760.0,-0.855,441.8069734,119.0183279,12.62316785,6.053622539,0.210906078,1.819215586,0.095022,218.5703791,5.860722082,47.48811512,61.93462319,7.000713,231.3529583,6.130203228,-5.384412479
Driver,90.8285612,-4.876,-4.604,5.472440945,49.746,-8.747,11.602,2.26,6.864,131.0310039,1.4426,8.465,0.924,4424.41,14.991,375.4540191,56.54230875,35.15155179,5.91589744,0.113191746,0.905283014,0.094692,187.9002656,26.07410659,32.96974767,54.67271668,5.40453,206.6699293,30.8604572,69.20977498
Driver,80.51852183,1.254,2.2,-1.929133858,44.546,3.474,14.611,-0.383,-2.583,114.5526127,1.4227,11.412,0.253,3706.05,2.761,295.3796437,47.177784,6.312599965,162.3088755,5.895355294,-3.465600664,4.86213,156.5813571,5.475330832,30.03384061,56.91879207,4.62213,180.3090865,7.157858072,14.35286672
Driver,83.15363278,2.852,5.164,-3.622047244,52.289,7.372,11.03,-3.893,-9.057,117.0467967,1.4076,9.522,-2.179,2630.0,-26.916,259.9802793,27.95209202,-27.24650929,6.173479723,-0.261800627,1.024880607,0.110873673,146.4711704,-23.16520839,19.02869374,64.29945134,3.680031135,187.5094411,-34.97725942,-52.94846089
Driver,101.7045455,-3.557,3.774,4.645669291,44.806,0.186,15.188,3.317,-0.457,147.6908107,1.4522,12.597,3.383,3800.85,-1.371,480.286055,109.5945739,23.54798684,6.114112023,0.359096029,1.402979897,0.0880283,234.4410029,10.72898921,44.78376981,60.66469866,7.00594,242.1795218,11.0032197,-9.328860397
Driver,81.99937366,-2.8,-7.4,2.952755906,46.711,-10.792,15.33,0.446,7.85,120.6849499,1.4718,11.829,-1.081,4571.94,19.532,328.1124996,59.70545058,25.3060118,6.186777959,-0.090420965,1.319154134,0.109128,168.5264018,23.11425824,35.53132555,53.24053696,5.267307,185.7650334,27.96042377,78.77849496
Driver,85.05055476,-0.608,3.134,0.787401575,45.606,2.54,18.247,9.453,6.318,119.8823372,1.4095,13.958,7.942,5386.48,16.533,306.7105962,64.26688365,73.82121293,144.3458467,42.83285761,11.31968407,4.25326,163.3079728,50.92124569,35.1934236,57.59644611,5.06784,180.602647,58.18305462,86.9803175
Driver,110.5136006,-0.118,-0.641,0.157480315,44.934,-0.759,13.721,-5.447,-4.805,156.5828561,1.4169,12.022,-4.837,2800.0,-12.477,517.706433,98.14017701,-74.7274879,6.386379447,-0.551612816,1.385755019,0.0864383,259.9015756,-48.13006343,38.51757162,62.84379242,6.79296,281.0121409,-54.02470433,-79.26738809
Driver,104.0913565,0.5,6.3,-0.472440945,54.577,6.659,8.336,3.043,-3.257,153.7341178,1.4769,7.412,3.543,1530.0,-15.419,392.6424092,37.13709925,8.670824672,5.654570978,0.340490117,0.73748517,0.076641,212.7835844,-1.108502638,18.99440089,74.64377131,4.339647,262.6213214,-4.911302209,-42.76717003
Driver,101.2929492,-3.821,3.52,5.157480315,42.968,-0.592,14.624,1.971,-1.55,146.8090104,1.4494,12.306,2.173,3392.52,-4.717,478.2246667,99.15861537,5.144135444,6.20133805,0.229724093,1.383468524,0.089691,236.8657207,-1.006359971,41.54805256,60.36799809,6.77503,246.9500708,-1.410708346,-29.96031667
Driver,72.91741231,-3.6,4.4,3.897637795,64.663,2.393,1.471,-8.504,-12.971,97.7809592,1.341,0.74,-6.593,1940.0,-54.599,13.42580857,0.093199174,-1.606895677,5.979504322,-0.726801212,0.027618541,0.126491,8.956993319,-1.12136284,0.85015189,94.33206867,0.190618,65.4415699,-8.846928302,-0.280902073
Driver,94.80136006,-1.3,-5.9,1.535433071,55.038,-6.828,10.423,-2.268,3.637,124.8530333,1.317,8.259,-2.95,2810.0,-5.024,322.2326844,34.49435108,-21.74910128,5.875598007,-0.307097836,0.855778478,0.098514,172.8713345,-13.7043776,21.68617301,61.61391436,4.361139,209.7771257,-17.71268502,-14.4524569
Driver,99.74946314,0.87,4.154,-1.141732283,49.159,4.906,15.658,0.368,-3.786,143.4746331,1.4384,13.626,0.909,2990.0,-10.593,461.6455018,94.68760716,-17.06544838,6.102996729,0.086195289,1.493055185,0.090789,234.1841746,-16.53610358,39.60893964,61.38500181,6.55511,254.9692168,-19.60724514,-60.71980549
Driver,66.48398354,-0.6,9.2,1.102362205,71.722,8.618,1.156,-7.701,-16.943,67.49373658,1.0152,0.933,-5.91,1330.0,-80.062,5.627568234,0.050960277,-0.592186917,5.669092343,-0.645827015,-0.107758793,0.174406,3.781511237,-0.408580487,1.117241449,66.48671994,0.115413,44.98268972,-5.108599422,-0.057961896
Driver,106.1761811,3.1,5.1,-3.897637795,49.787,7.716,13.957,3.687,-1.413,148.8307534,1.4017,12.332,3.922,2420.0,-4.186,476.6706532,83.47440673,23.773888,5.886408085,0.399334556,1.295140749,0.083815,246.7662514,9.665687063,34.6608925,64.10065257,6.245269,274.4444176,9.965717221,-21.66721637
Driver,103.0981568,0.821,0.525,-1.102362205,42.133,1.433,18.735,1.433,0.907,150.7518343,1.4622,16.607,1.318,3190.0,1.815,507.3067773,136.8230354,16.7051269,6.511640788,0.152274023,1.984730207,0.0936647,249.4683017,10.06212909,48.11318785,65.47572789,7.53211,262.2222021,10.73358196,12.97804058
Driver,99.50340014,3.184,7.11,-4.094488189,51.005,9.691,14.912,2.069,-5.041,148.0605762,1.488,13.251,2.808,2660.0,-25.302,456.3751121,83.20265976,-26.53648136,6.006238426,0.272577009,1.420916765,0.086342,236.9436408,-31.56262478,34.72695741,63.23212714,6.101652,263.4874704,-40.0705528,-129.0869058
Driver,100.3243558,2.7,3.3,-3.582677165,46.598,5.713,15.258,-1.074,-4.374,143.5442019,1.4308,13.405,-0.348,2790.0,-12.381,452.3588666,91.60353064,-30.19789355,5.648147933,-0.045063989,1.358215969,0.08385,229.1951464,-24.40684642,39.4299554,60.40661951,6.456777,250.0268301,-28.52238367,-69.06674169
Driver,91.72780959,-3.162,0.967,4.173228346,47.028,-1.984,7.869,-4.554,-5.521,123.5835719,1.3473,6.049,-3.633,2500.0,-4.497,267.9413573,19.41655344,-19.84377017,5.951787068,-0.381067769,0.628881487,0.100254,147.9162036,-12.16892426,13.94926012,68.44313894,3.41445,196.8228421,-17.19862061,-8.410447556
Driver,103.194345,-1.871,3.537,2.283464567,52.298,2.09,12.056,9.762,6.225,137.1463404,1.329,7.864,7.851,6253.09,25.29,365.9158992,60.51911812,116.3345221,138.9975808,49.31903066,18.2691788,3.67229,175.5917449,69.70338427,38.74887584,50.34986102,5.44823,187.303929,75.92500834,141.106257
Driver,113.4864889,6.9,1.3,-8.070866142,50.643,6.968,17.482,-1.877,-3.177,165.6460272,1.4596,16.328,-1.459,2740.0,-11.492,572.8034272,151.5293011,-52.40405124,5.499821513,-0.154029782,1.625473222,0.071636,281.3423801,-37.67542434,47.77660998,68.20754486,7.938508,296.0581072,-40.83837147,-91.6929082
Driver,63.19345025,-5.0,0.2,3.74015748,71.946,-1.965,32.059,20.488,20.313,64.58683787,1.022,26.99,17.123,3761.44,23.182,121.6121734,34.77373285,40.41575771,5.984618824,1.811408165,2.918876262,0.218412,71.19452962,27.26068836,36.60708384,45.71570442,3.333166,86.11738958,33.96473098,20.06545969
Driver,107.0709556,2.774,0.168,-3.74015748,44.908,2.954,16.101,3.75,3.582,157.519685,1.4712,14.828,3.392,2063.16,6.465,527.0422788,109.3928343,44.71361662,5.88384491,0.352832639,1.565269718,0.079969,272.8186818,28.44171835,38.73679466,68.02425951,6.836546,298.0680871,32.10570062,37.01396311
Driver,97.50581603,2.914,2.215,-3.464566929,49.194,4.734,15.46,2.936,0.72,144.9489979,1.4866,13.631,2.827,2637.62,3.188,469.3500889,92.45373243,29.50463234,6.402083498,0.319077919,1.5720244,0.0942328,240.7821836,17.67878281,37.86445251,62.66148413,6.48186,254.6557586,19.00201606,17.44151126
Driver,103.2771117,1.564,-0.119,-2.086614173,44.095,1.496,15.23,-2.382,-2.263,151.230315,1.4643,13.601,-2.102,2480.0,-5.983,497.7823993,98.35300585,-31.33800915,6.451915719,-0.242784023,1.581487109,0.0909858,254.9569314,-20.79619903,38.11974862,64.20815426,6.6616,277.4608998,-23.55879889,-34.38571528
Driver,118.365247,2.879,6.217,-3.267716535,50.191,8.619,14.379,5.569,-0.648,172.5366858,1.4577,12.999,5.65,2370.0,-2.041,602.8712515,126.2857057,51.8716362,6.247775204,0.613165162,1.476916563,0.0770358,300.468097,24.572211,41.69384408,67.78475294,7.52518,320.5047926,25.91686933,-15.08871651
Driver,112.3478883,1.1,4.5,-1.338582677,51.498,5.433,12.829,-3.414,-7.914,158.1129205,1.4074,11.516,-2.185,3330.0,-17.468,516.5704342,104.324783,-73.31867819,5.70645435,-0.263280414,1.179971548,0.076313,253.3506698,-51.51215902,41.6408473,61.2615643,6.983338,271.5719123,-57.8327395,-126.0515244
Driver,81.64370079,-5.009,5.122,5.236220472,56.439,1.788,28.35,1.411,-3.711,103.0487205,1.2622,21.339,2.292,7204.81,-4.709,266.7345713,82.01407322,3.433346076,6.018512366,0.230618042,2.383593694,0.131681,137.6768969,0.004225131,46.95362232,53.97825217,5.463673,143.9334022,-0.147405349,-16.50537306
Driver,99.08061918,-0.781,-5.339,1.023622047,47.521,-6.054,11.308,-1.335,4.004,142.5718057,1.439,10.093,-1.747,1813.77,1.287,393.7595598,49.0743309,-10.49243098,5.995106415,-0.18186997,1.066911796,0.088338,214.702414,-5.214870135,23.73364463,69.97334846,4.824493,257.3243767,-5.977222205,3.993236172
Driver,107.1000358,2.526,-2.079,-3.149606299,49.344,0.092,14.37,0.502,2.581,155.3717788,1.4507,12.045,-0.02,3671.11,4.621,499.6918005,123.9794198,11.9004305,230.6914719,3.457748733,-8.688112734,7.85031,224.5466193,3.812548847,53.7326677,52.41587235,7.44031,231.9691936,3.448764866,11.67275661
Driver,98.5884932,-4.891,-4.951,6.57480315,54.02,-8.513,15.3,-5.477,-0.526,125.3129474,1.2711,12.305,-5.396,3728.21,7.036,357.4066963,69.69889845,-18.08989546,187.1190402,-4.486647667,-2.145287688,5.55939,184.0804192,-4.649691574,36.14863726,59.59430676,5.42939,204.4365808,-3.580651572,38.02828126
Driver,119.2667323,2.1,-1.7,-2.834645669,43.045,0.347,15.611,-2.952,-1.252,171.7410075,1.44,13.642,-2.679,3420.0,-3.245,585.4083484,158.2628845,-40.36344245,5.865173417,-0.287320726,1.448044498,0.072866,276.9671141,-23.05874496,51.05224521,67.43482632,8.162812,287.7200029,-24.21296251,-30.39885118
Driver,90.34090909,4.767,2.379,-5.866141732,50.924,6.262,16.198,4.109,1.73,131.6157391,1.4569,14.368,3.822,2419.78,5.413,397.2460279,73.68129579,34.11212034,6.015442357,0.4058378,1.547179259,0.0977305,211.424196,21.44566335,33.75053932,62.26766255,5.71648,236.6377038,24.83217813,22.13324168
Driver,67.72548318,-0.144,10.162,0.196850394,51.376,10.047,2.447,0.464,-9.698,91.22874911,1.3471,2.006,2.127,1558.52,-12.835,34.58657603,0.632715028,1.173688989,5.835943302,0.207653168,0.158060562,0.132229,22.63455044,0.695156651,2.270586569,84.07634928,0.528867,81.32947944,2.10222249,-0.434996734
Driver,103.7468683,2.1,7.3,-2.598425197,46.639,9.233,17.359,4.792,-2.508,143.2594399,1.3809,15.05,5.207,3330.0,-4.88,458.2428619,115.031934,26.97479211,5.698399446,0.512110091,1.552594678,0.08552,225.5364418,10.00924186,46.42268214,61.07803575,7.013539,239.7802941,10.14421903,-31.44086065
Driver,86.53588046,-1.586,-2.649,2.204724409,47.353,-4.11,11.228,-10.632,-7.984,127.1745258,1.4696,9.237,-9.361,2970.0,-21.675,331.5070295,39.62542512,-77.63723763,6.280649126,-1.044756196,1.024359456,0.1037838,177.3170169,-50.86166239,23.81290088,60.8666718,4.53450266,211.2830682,-65.06458847,-67.66473973
Driver,114.2157301,-0.858,1.506,1.220472441,51.013,0.811,11.178,-1.127,-2.632,160.5185218,1.4054,8.957,-0.631,3625.12,-3.91,516.1400042,107.2463227,-27.73010513,235.7938933,-25.62196809,2.333085565,7.21027,237.6119378,-26.20162567,51.43688172,57.3719495,7.31687,246.8624004,-29.16046289,-70.79766284
Driver,104.3374195,1.716,0.625,-2.165354331,45.153,2.333,18.66,2.347,1.722,149.4434503,1.4323,16.602,2.126,3070.0,3.632,502.4847396,131.6964439,28.40983691,6.296982688,0.238111945,1.911342203,0.0913029,248.7995635,17.57358126,47.09870343,65.22290521,7.41802,262.6170789,18.89011826,25.06432178
Driver,43.05654975,-2.1,-3.5,1.771653543,65.938,-4.525,54.214,-0.976,2.573,39.31661596,0.9132,41.002,-1.911,5120.0,1.533,53.80913967,23.56177108,-1.464542244,3.697021332,-0.120339514,2.966344124,0.263263,30.67389308,-0.879583984,47.54155652,33.33930339,2.556299,34.6297866,-0.984815244,0.430106056
Driver,92.55100215,2.913,3.548,-3.700787402,50.021,5.993,16.805,-7.677,-11.225,132.2499105,1.4289,15.142,-6.253,2830.0,-37.651,361.767516,66.86025761,-86.44642013,6.086892131,-0.698100291,1.645467976,0.0988047,194.9459889,-66.96528729,32.02635709,62.0553898,5.22048,211.6697648,-76.95034965,-139.8768676
Driver,109.7821224,0.536,0.936,-0.62992126,47.89,1.42,12.025,1.738,0.802,162.9326235,1.4842,10.669,1.641,2200.0,2.558,532.9437957,85.16521404,20.72818908,6.354274107,0.18420397,1.214593512,0.0821278,272.9695266,12.60709181,33.32259484,66.30769694,6.40135,301.4998539,14.42281198,14.37975478
Driver,95.97351467,-0.364,6.385,0.472440945,53.227,6.113,10.227,8.863,2.478,132.2402917,1.3779,7.116,8.125,4194.95,16.774,343.4969935,38.60244598,75.80831853,148.801804,36.45498954,10.02149704,3.37679,183.3962518,47.77590104,22.41739472,63.05606944,4.52414,216.0933805,58.50681152,66.81394157
Driver,102.9706514,1.531,5.182,-1.88976378,51.481,6.401,13.505,6.426,1.244,147.5908196,1.4333,11.849,6.249,2440.0,-0.991,467.8901412,78.8288535,48.29621929,5.791530653,0.629681302,1.223110036,0.082993,242.1323655,24.70813235,33.61761662,63.61166409,6.108613,270.7808708,27.44006621,-4.971268515
Driver,98.90390122,8.35,5.045,-9.763779528,51.167,11.83,14.388,1.66,-3.385,147.4521296,1.4909,13.153,2.367,2070.0,-22.97,441.387607,73.8305596,-16.41342744,5.994809885,0.230420153,1.401979007,0.086413066,236.099872,-22.12176567,30.89367324,67.17200269,5.661267652,269.69428,-29.97059198,-95.4328945
Driver,79.81612384,-5.161,3.162,5.078740157,54.996,-0.464,28.589,3.68,0.517,98.33281138,1.232,23.001,3.582,5450.0,0.651,255.6301978,79.67576511,15.99273455,5.916567738,0.370924174,2.529402465,0.137082,133.8204785,9.050311575,46.21295393,54.04787057,5.354395,143.0867364,9.706262707,2.073222506
Driver,113.4618826,-2.144,0.349,2.952755906,48.455,-1.551,10.015,-0.123,-0.472,162.7042323,1.434,7.592,-0.027,3917.11,0.751,503.7553041,98.81721014,4.556192496,229.0950874,4.24721785,-1.299692458,6.95203,227.8841725,4.182628103,50.62441317,57.13961938,6.88359,237.5998916,4.719416364,12.86999229
Driver,102.6060308,2.9,1.5,-3.503937008,49.169,3.999,14.037,2.544,1.044,147.4702487,1.4372,12.378,2.46,2440.0,0.135,471.0627478,82.59025506,20.17115258,5.689529265,0.244304434,1.256287884,0.081747,244.037165,10.70459081,34.63391855,63.83037516,6.214412,271.5965646,11.93856024,0.690799676
Driver,91.94031854,3.199,5.1,-4.251968504,50.952,7.698,23.116,-5.1,-10.2,123.2914281,1.341,19.95,-3.326,4370.0,-14.555,364.1853182,110.0802046,-51.1379692,5.909420928,-0.364844011,2.170048985,0.106337,183.3384745,-35.67716708,48.4019429,59.8449364,6.479708,194.0564828,-38.69187173,-75.55096346
Driver,79.89441661,-0.899,5.746,1.102362205,55.299,5.124,23.424,-11.592,-17.338,102.8051181,1.2867,19.341,-8.346,5180.0,-17.028,266.3637146,69.5877753,-58.31788169,5.933277337,-0.891615975,2.096570562,0.1279176,140.7742863,-38.53912277,41.71471939,53.31920059,5.174333867,152.9900358,-43.02739408,-55.43440586
Driver,81.68396564,-2.829,3.286,3.267716535,56.043,1.379,31.347,-7.683,-10.97,101.1817734,1.2387,24.864,-5.238,6850.0,-10.667,261.0439891,91.32268446,-37.43391198,5.636655112,-0.536122674,2.639644943,0.1289416,134.1179525,-24.61190041,49.84356083,55.44243152,5.611197524,139.5858165,-25.88359425,-37.41904152
Driver,112.7035612,3.9,4.3,-4.645669291,51.34,7.556,16.992,2.073,-2.279,166.7846278,1.4798,15.597,2.328,2345.79,-5.474,580.5737453,140.1742637,6.62284969,5.568622966,0.222483865,1.566392527,0.071733,290.2379398,-1.558468374,44.7604466,68.61224632,7.69526,308.6140586,-2.349764005,-40.03950687
Driver,94.65819613,2.3,-9.9,-2.637795276,51.059,-8.199,19.608,-0.984,8.916,133.5954277,1.4113,16.911,-2.56,4050.0,17.674,408.9644825,108.4079997,24.55218894,5.815567795,-0.23791027,1.789423384,0.094619,204.764023,24.98311395,45.95690958,60.18018159,6.639532,217.912168,28.19638112,102.1072556
Driver,81.73541518,4.752,8.344,-5.511811024,59.552,11.145,2.854,-8.471,-16.815,114.2736668,1.3981,3.107,-6.386,2380.0,-69.977,60.67125816,1.727576435,-8.395967532,5.989960532,-0.71176831,0.283630513,0.108539,39.25553201,-6.496681875,3.625128001,98.09052338,0.759957,110.6569069,-22.38538586,-6.451020528
Driver,98.88600573,1.5,-3.5,-2.047244094,48.961,-2.292,17.504,2.011,5.673,143.2670455,1.4488,14.745,0.98,4169.11,4.99,453.3921389,120.935538,22.2882144,5.723613435,0.103740734,1.533976578,0.085848,220.3441042,15.02972511,48.59067051,61.44251581,7.098029,231.5627966,16.18982748,33.80301653
Driver,73.68020759,-2.616,-2.882,2.480314961,58.233,-4.504,26.074,-0.103,2.779,98.89942734,1.3423,21.775,-0.57,4240.0,4.138,262.125646,74.40746178,2.406999835,5.924462486,-0.051617409,2.372789986,0.134874,139.3137654,2.898722154,43.30110168,54.35813898,5.274993,152.3275048,3.443130664,12.8526049
Driver,26.17886543,-2.5,-4.7,2.401574803,66.287,-6.021,43.756,-1.915,2.785,24.21908554,0.9251,29.934,-2.994,3300.0,2.512,18.16476267,5.205396126,-0.902742636,5.774307748,-0.299560228,1.735091914,0.581934,11.42500467,-0.581813413,32.13915067,22.55558157,1.178753,16.58626308,-0.836075134,0.04485072
Driver,86.2920544,-5.5,-0.1,5.118110236,60.451,-3.336,20.923,0.598,0.698,116.3233715,1.348,19.159,0.703,4078.09,1.304,338.4194912,94.99644957,5.464803727,5.790407826,0.056572034,2.032071992,0.109857,172.7780164,3.601206532,45.99244578,57.61911465,6.104185,185.4049472,3.961660387,4.44456256
Driver,94.3539728,-0.565,2.094,0.748031496,48.861,1.6,13.38,5.838,3.744,139.4931102,1.4784,11.387,5.287,2860.0,3.331,432.3887762,72.00027384,45.62161681,5.880732069,0.544865051,1.194694225,0.089111,222.1669598,25.85568796,33.73623854,60.42796966,5.919135,247.8295515,29.44510426,16.2398894
Driver,101.3466356,-1.1,-2.7,1.653543307,48.395,-3.92,18.82,0.85,3.55,138.5582946,1.3672,16.726,0.456,4480.0,5.222,426.050071,127.3413593,18.24248589,5.51720493,0.048727708,1.687935423,0.086495,206.5125874,13.02137403,51.07888486,61.95883198,7.084859,215.4417855,13.88872566,34.14203226
Driver,98.74060487,-10.01,-4.77,11.37795276,55.467,-11.746,12.162,0.794,5.564,143.7101825,1.4554,9.547,0.122,3850.0,13.909,446.015756,76.79390076,35.19706324,6.180085557,0.029312846,1.067826215,0.0904429,220.3046702,27.30622184,37.19916186,57.3634504,6.18581,231.4340545,29.94286085,80.52204744
Driver,104.5722978,-0.9,7.5,1.141732283,53.143,6.796,5.315,-4.539,-12.039,144.8208214,1.3849,4.728,-3.434,1850.0,-20.993,288.6478795,16.00838763,-28.69901865,5.724821952,-0.355552673,0.471681879,0.081928,161.5104438,-20.85213847,10.52576858,83.06001542,3.089786,225.3151077,-33.85988029,-33.66418291
Driver,84.14012169,-5.963,5.03,6.102362205,55.038,0.842,22.135,3.325,-1.704,115.4961525,1.3727,18.662,3.556,3990.0,-2.66,336.2050895,89.80868289,15.46102545,6.120284337,0.375387103,2.085617386,0.116642,173.1434528,6.873287696,44.27990489,57.37438574,5.980262,186.7514514,7.197761621,-11.61162817
Driver,93.60459914,4.073,0.313,-4.960629921,50.487,3.68,14.481,-13.896,-14.209,134.225349,1.434,13.253,-12.121,2820.0,-52.252,309.4321974,45.76067182,-105.6560109,6.222032891,-1.350142612,1.451791925,0.0986141,172.35645,-78.04516239,25.35423785,67.11452709,4.13033,196.1213038,-95.40229528,-132.1117683
Driver,101.7403364,0.198,-2.395,-0.275590551,48.107,-2.217,15.233,-3.132,-0.737,150.9838046,1.484,13.216,-3.029,3027.74,8.19,476.5662246,109.6909752,-0.658627789,202.2528821,2.791802765,20.87268003,5.84483,224.0764271,4.123902853,49.20041066,56.67531328,7.03986,235.6240738,4.712332793,47.86994529
Driver,98.55493916,-6.92,-1.727,8.976377953,47.391,-8.136,14.406,1.142,2.869,139.8199266,1.4187,11.316,0.712,4329.0,4.918,434.6092605,91.76573667,18.30058804,5.172711702,0.068784896,1.062705462,0.0781312,213.1935857,12.6067865,42.53717442,57.67998221,6.4905,226.5633782,13.90084371,29.883645
Driver,92.16848604,-2.659,5.18,3.42519685,51.239,3.043,35.799,-3.782,-8.961,106.5513153,1.156,28.246,-1.623,8200.0,6.234,277.1351031,116.716488,3.945682845,5.436948253,-0.140889289,2.96370457,0.121902,136.9162364,4.760635877,55.95290554,59.96835684,6.155634,137.3356572,4.785762481,25.90274051
Driver,117.1930923,2.849,-1.505,-3.937007874,43.101,1.544,15.96,-1.445,0.06,167.1548407,1.4263,14.05,-1.454,3170.0,-0.184,579.8381896,146.8782545,-14.90488894,6.012875486,-0.152792,1.526070033,0.076867969,279.5817103,-7.607453415,48.22193649,66.69322849,7.960645582,293.3550227,-8.00107745,-1.540268134
Driver,99.94855047,-2.036,2.401,2.795275591,43.898,0.284,10.576,1.441,-0.96,147.5948461,1.4767,9.131,1.554,2123.66,-4.31,427.0585628,52.24441923,5.437971933,6.251762952,0.166175529,1.01144215,0.0887157,226.6373505,0.70876622,24.96352036,67.2751567,5.15535,252.9620794,0.127754933,-16.31299026
Driver,24.47655691,-5.6,1.0,4.05511811,69.812,-1.507,46.225,-4.175,-5.246,23.94819256,0.9784,34.478,-2.431,2790.0,-3.25,19.16310449,6.437107406,-0.795019375,5.917707493,-0.260518194,2.145106465,0.634388,11.85330068,-0.535357492,36.74944461,22.4864581,1.300095,16.9959813,-0.77701072,-0.097849439
Driver,93.03194345,0.497,0.913,-0.669291339,47.18,1.374,15.999,-0.273,-1.186,141.5600394,1.5216,14.226,-0.131,2500.0,-4.257,451.6000322,88.83797201,-9.22257542,6.342658924,-0.018770163,1.622906768,0.0958156,234.6544491,-7.698967683,36.89205085,63.03487288,6.29895,249.4972998,-8.602292315,-21.48818198
Driver,95.25769506,-0.901,-2.602,1.141732283,48.065,-3.411,23.648,3.213,5.815,127.9858626,1.3436,19.349,2.098,5616.47,7.994,372.6184274,122.3780649,32.93122932,6.029108133,0.234802676,2.159948018,0.104366,182.4561385,21.97825118,52.00907579,60.98367524,6.728931,188.9974488,23.06965986,45.99795209
Driver,92.18638153,-0.171,0.286,0.196850394,50.289,0.144,17.629,-4.932,-5.218,126.8018522,1.3755,13.64,-3.708,5233.37,-15.831,363.5234532,83.62773135,-56.33566481,6.182378661,-0.425140375,1.540595711,0.104422,182.2340043,-38.18052409,42.55420927,55.70311331,5.9783,188.5562308,-40.20887198,-79.73037737
Driver,87.56934503,2.564,1.232,-3.070866142,51.089,3.304,12.248,-0.906,-2.139,125.8305744,1.4369,10.381,-0.485,2390.0,-8.252,330.5169353,41.77164633,-10.9569192,5.718348902,-0.05510929,1.045684326,0.095645,180.7520196,-9.312995576,23.7497284,63.55466634,4.535127,217.7039025,-12.87363539,-23.3540227
Driver,96.38511095,-3.419,1.018,3.779527559,54.55,-1.42,13.297,-0.788,-1.806,142.3606389,1.477,11.755,-0.615,2193.0,-3.958,428.6916738,66.29278816,-10.54565447,5.063477929,-0.056532806,1.058724298,0.075008,227.6741271,-7.861110423,29.88775941,65.04747043,5.57622,258.1721768,-9.642904426,-16.25507639
Driver,111.412849,0.5,8.1,-0.669291339,52.158,8.45,4.555,1.923,-6.177,160.4480583,1.4401,4.098,2.831,1330.0,-21.875,315.0015053,15.38619415,3.800522303,5.753435433,0.273054573,0.411482424,0.074192,175.8364606,-2.609608957,9.36360893,92.79245125,3.015564,248.0689455,-8.596088893,-33.87018021
Driver,100.9887258,-0.5,-7.5,0.787401575,49.484,-8.114,18.145,1.55,9.05,142.4914996,1.411,16.252,0.516,4620.0,15.584,437.2308886,127.0566516,50.26818373,5.829049725,0.078249159,1.731060916,0.088684,212.244884,37.26929889,50.20460981,61.98043386,7.101402,221.5252311,39.8900378,106.1581695
Driver,79.58348246,-4.4,4.2,4.133858268,61.173,1.37,24.207,1.726,-2.512,106.3267269,1.336,20.413,2.2,4020.0,-4.347,291.1896593,82.88082881,4.26840942,5.866703407,0.217910127,2.200438573,0.123028,150.9668038,0.370075002,45.16067809,54.96556877,5.640157,163.2818747,0.101774771,-16.27639561
Driver,107.0060845,2.176,1.983,-2.440944882,51.073,3.741,13.839,-0.139,-2.121,159.6031675,1.4915,12.331,0.144,2430.56,-6.587,532.8700048,99.53019132,-14.791744,6.343914859,0.009588822,1.409106918,0.0842828,270.5129437,-12.82015939,37.53613976,64.96842281,6.79125,293.9298271,-15.0316092,-40.49768233
Driver,99.73827845,1.429,3.004,-1.968503937,44.933,4.437,16.722,0.301,-2.704,144.9937366,1.4537,14.4,0.729,3395.79,-9.449,472.1579965,110.0406118,-19.35097497,5.861260773,0.065030031,1.522978343,0.086593,234.5319574,-17.18612827,43.8876417,61.59826014,6.932503,251.0338685,-19.5376442,-60.48207007
Driver,75.59502505,-5.92,2.63,7.480314961,51.779,-2.054,11.301,0.795,-1.835,109.023801,1.4422,9.843,0.954,1588.18,-6.024,205.3083335,20.56039176,1.559557057,6.248890326,0.099414998,1.057396521,0.120325,122.4080709,0.011229646,15.33801825,71.45084819,2.95619,160.2246394,-0.630024503,-6.080478299
Driver,98.27532212,-3.24,-2.942,5.157480315,46.135,-6.061,11.814,-0.059,2.883,140.4192019,1.4288,8.415,-0.723,4825.48,13.689,397.8410105,58.58064453,31.46484357,203.2868614,28.31903129,-1.715903225,5.34264,200.5010118,27.45716245,31.54371184,61.9427895,5.23264,223.9950541,34.66341376,89.8834269
Driver,92.88430565,-1.013,2.004,1.181102362,56.04,1.321,8.638,-1.573,-3.577,143.6332319,1.5464,7.548,-1.163,1660.0,-20.2,333.2853943,29.14713445,-21.09984829,6.169009182,-0.137962068,0.813970008,0.0894875,186.5465172,-17.86970678,16.10598786,77.41669714,3.8008,226.9338388,-24.98717888,-42.29142846
Driver,100.1588225,0.317,-7.376,-0.433070866,49.627,-7.106,21.969,1.381,8.757,139.6246421,1.394,18.495,-0.145,5208.03,13.986,420.3131067,138.4855583,40.7595114,5.879457931,0.006055205,2.005196344,0.0925896,202.7149791,30.95526831,53.02454284,63.61994559,7.185581709,209.2759678,32.52444159,94.38650511
Driver,97.97557266,-0.5,6.9,0.748031496,48.311,6.406,15.767,4.071,-2.829,139.0484073,1.4192,13.507,4.535,3170.0,-6.078,442.8245765,90.98717505,20.70668565,5.827471247,0.454799978,1.4135349,0.089389,224.4269856,6.507540199,39.72095499,60.28417186,6.43775,244.4790729,6.210514408,-33.75113744
Driver,97.82793486,1.162,3.062,-1.456692913,51.046,4.001,19.387,12.95,9.888,133.3361668,1.363,16.517,11.285,4340.0,10.516,408.691171,111.8205188,102.7682395,5.969739544,1.182429607,1.798546304,0.097223,202.207085,59.7293982,47.53612444,60.10053665,6.720434,213.8690538,63.96170719,62.31149508
Driver,108.0865247,3.5,5.7,-4.37007874,52.553,8.446,1.144,1.474,-4.226,154.4139227,1.4286,1.634,2.268,1800.0,-78.202,55.72264589,0.833284388,1.212336705,5.751589212,0.202272459,0.142432497,0.076871,36.35452261,0.098781564,1.875189866,136.8070895,0.511621,118.8079594,-2.973740093,-4.019923798
Driver,98.29545455,7.236,8.876,-8.779527559,49.532,15.095,12.154,3.906,-4.971,144.8219399,1.4733,11.022,5.07,2310.22,-37.362,376.8181989,49.70138089,-7.601471218,5.862538721,0.491425776,1.138524215,0.085328486,205.6617022,-21.39020821,24.27838522,68.6856492,4.667116587,245.3464659,-34.28327088,-118.1485217
Driver,92.85522548,-2.478,4.112,2.952755906,53.168,2.254,14.404,-2.058,-6.17,135.7621242,1.4621,12.408,-1.299,2870.0,-13.119,412.1242233,71.49338174,-32.32105949,5.562885323,-0.136797296,1.234837282,0.0868352,214.1308837,-24.99614139,33.79280305,60.23089461,5.80704,237.5585179,-29.86478057,-60.50574731
Driver,94.20857194,-3.649,4.714,4.803149606,52.142,1.872,9.926,-0.999,-5.712,123.5379384,1.3113,7.913,-0.136,2681.78,0.843,306.2455485,30.44528572,0.049107735,5.820821066,-0.013080841,0.809956117,0.098518,166.0975865,0.326490801,19.77740484,62.98810649,4.117473,205.7900982,0.587809632,2.162237751
Driver,101.6732283,2.059,3.085,-2.716535433,48.359,4.916,15.8,0.37,-2.715,148.3135737,1.4587,13.882,0.764,2880.0,-10.608,486.2410878,102.4935671,-19.52218301,5.809954365,0.068223941,1.448376465,0.083618,245.715696,-18.25330693,40.57604083,62.63810733,6.788312,266.1741177,-21.35780276,-64.55695502
Driver,106.1515748,3.102,-0.272,-3.897637795,45.741,2.755,16.734,1.475,1.747,153.1874105,1.4431,15.085,1.255,2530.0,4.597,516.0746737,115.1953181,22.50078242,6.398184878,0.145041558,1.74985131,0.0897143,261.7883523,15.36649993,41.6608316,65.20201158,7.07552,281.14111,17.11154464,28.91693201
Driver,78.87884753,1.49,4.611,-1.850393701,52.823,5.742,13.366,-1.045,-5.656,105.478257,1.3372,11.817,-0.284,1800.0,-24.962,207.4064545,24.98473509,-9.484496128,6.1468286,-0.05056275,1.254903313,0.123221,123.3755622,-9.985334888,18.20460935,67.60775232,3.16069,165.7029923,-16.76018868,-28.12704283
Driver,75.68673944,-7.6,0.8,6.062992126,61.681,-4.046,38.885,-2.485,-3.231,90.84846994,1.2003,28.668,-1.436,9190.0,-2.908,215.2906253,87.67038037,-9.210538292,5.501858048,-0.160625086,3.04590389,0.146059,108.3473691,-6.028896036,54.00444595,52.72260374,5.393728,108.4337724,-6.034727793,-9.947974073
Driver,96.49024696,-2.825,1.8,3.74015748,47.812,-0.763,18.812,3.019,1.218,135.9395132,1.4088,16.164,2.86,3580.0,2.03,432.7527745,110.4259738,25.89235846,5.455269519,0.274203473,1.605972461,0.0866304,216.062725,14.79816675,45.52931505,61.02638835,6.80563,229.5257731,15.90440988,12.07335288
Driver,95.21743021,-1.948,5.887,2.244094488,56.501,4.597,0.361,-1.423,-7.31,140.6314871,1.477,0.097,-0.591,1220.0,-31.482,8.412164653,0.008257434,-0.095471467,6.090831171,-0.079306952,-0.00126749,0.089347111,4.934467814,-0.061133776,0.083304102,138.6818241,0.072240812,69.76893403,-1.086257862,-0.030710432
Driver,91.54661775,1.598,-1.047,-1.968503937,49.047,0.341,18.263,3.357,4.403,130.3371063,1.4237,15.575,2.608,3600.0,6.42,403.5265615,95.72847354,31.72603724,5.852569553,0.273842132,1.648686236,0.096861,204.0250437,20.62965576,42.89028333,59.09245869,6.38992,220.405532,23.00008765,34.11667231
Driver,109.8156764,6.1,1.3,-7.362204724,50.3,6.421,15.827,-0.845,-2.145,163.2234252,1.4864,14.788,-0.583,2440.0,-9.894,551.0200541,129.0184329,-34.49165034,5.759571681,-0.071034058,1.534546348,0.0756,274.1912929,-26.33534213,44.33102997,65.91228391,7.456937,292.4459401,-29.38812162,-70.67086531
Driver,98.48335719,-1.505,-9.132,2.125984252,46.304,-10.571,25.34,3.077,12.209,129.4421081,1.3143,19.637,0.199,8073.94,15.423,356.0499006,123.2227325,40.16414046,5.95486174,0.050263431,2.177068375,0.1023688,173.4945404,30.1029313,53.39711254,60.77136836,6.642348757,175.5441497,30.63901457,88.52792587
Driver,102.3577309,2.336,4.218,-2.716535433,55.926,5.799,14.397,0.613,-3.605,148.3726288,1.4495,12.707,1.135,2600.0,-10.72,477.0978292,87.83799966,-13.463007,6.305445791,0.114384961,1.43958596,0.0902666,244.9471846,-14.63518965,36.19882907,62.93723988,6.38284,268.5404759,-17.83525963,-58.42683231
Driver,87.73711525,-1.894,2.113,2.322834646,54.873,0.78,8.842,9.647,7.534,125.1990873,1.427,6.625,8.068,3372.82,17.57,299.6692758,27.73440212,65.66627623,145.9374981,38.01459005,3.92117886,3.50215,159.0944962,42.81162361,18.91907018,61.56667011,3.95375,194.6038937,55.75213131,62.64861011
Driver,80.10245168,-5.1,0.7,4.488188976,62.109,-2.018,28.717,-0.089,-0.789,102.4228257,1.2787,23.097,-0.036,7600.0,-1.003,261.7956647,88.54409726,-1.160922685,5.841222433,0.005518809,2.528739328,0.130412,133.7246695,-1.022111824,49.83805381,54.58153054,5.590405,137.8287361,-1.073449941,-2.814277184
Driver,104.9011274,3.531,2.561,-3.779527559,49.441,5.588,10.374,-0.231,-2.792,158.9264943,1.515,9.582,0.097,1350.0,-14.617,443.9695363,52.87615153,-16.06245151,6.407295588,0.001542614,1.083643689,0.0844611,241.904472,-15.15828412,22.81431913,76.56833148,4.90099,288.4376356,-21.1399042,-46.70098272
Driver,98.44756621,1.7,-8.1,-2.007874016,50.928,-6.726,5.87,-4.562,3.538,140.1015569,1.4231,5.311,-5.047,1040.0,5.232,251.7461652,14.54372867,-20.23225339,5.711931336,-0.499683678,0.524480762,0.084544,145.5193305,-10.88117718,9.981617115,87.59819446,2.74743,212.6498549,-14.98651672,5.78078516
Driver,88.30977094,1.83,-4.675,-2.480314961,44.057,-2.782,20.459,3.647,8.322,124.0159717,1.4043,17.529,2.243,3960.0,15.431,368.6950714,95.44796803,44.5413002,6.357372148,0.271850458,2.034160921,0.111892,187.9093598,32.69382363,44.07968409,58.42622212,6.22191,201.209802,36.34133316,76.27978966
Driver,106.5877774,5.421,1.6,-6.811023622,51.858,5.873,13.396,-0.233,-1.833,159.6649069,1.498,12.271,0.031,1830.01,-11.729,507.2031997,84.18206371,-20.92696994,5.912645217,-0.00458209,1.291236882,0.078372,267.1151123,-18.64966606,32.25700064,69.54355503,6.115116,300.7812418,-23.34718283,-56.38150148
Driver,91.85531496,-1.556,1.961,2.007874016,49.902,0.651,27.126,7.116,5.155,116.1913923,1.2649,22.178,6.114,5800.0,6.182,325.1890248,112.2186804,45.01376504,5.1158234,0.553618584,2.114797152,0.0992712,162.2263832,27.09079631,51.80298911,59.4119174,6.340744565,168.3538484,28.3090208,29.70322248
Driver,92.5666607,-2.7,-4.3,3.385826772,53.328,-6.548,17.492,2.545,6.942,128.2308071,1.3853,9.658,-0.213,10508.72,5.203,341.4154553,72.10424525,10.12770282,5.731976994,-0.012652123,1.023735704,0.094712,168.1202379,7.814768632,42.41898659,52.59888464,5.645629,172.2583919,8.163146717,25.31709968
Driver,102.1675913,3.44,5.843,-4.68503937,48.223,8.922,11.911,-2.309,-8.152,149.9715909,1.4679,10.63,-1.042,2657.72,-35.54,415.504035,57.3221614,-59.04787122,5.91718024,-0.13520652,1.112888799,0.083099,219.8461638,-51.53882301,27.03851208,65.40029409,5.146221,253.954644,-67.9871262,-142.931215
Driver,85.6567645,-3.473,0.191,4.094488189,51.63,-2.563,18.491,9.231,9.04,123.5401754,1.4423,13.64,7.123,6441.53,21.718,334.9482168,76.18989969,81.59893288,6.289705044,0.820329335,1.575146924,0.109258,168.8362755,53.51440581,41.78081218,54.34516847,5.64475,174.3342479,56.08174541,99.73558822
Driver,88.80860773,1.128,-4.607,-1.417322835,52.691,-3.746,24.309,11.298,15.905,114.809413,1.2928,20.544,8.406,5260.0,22.489,314.2956861,93.38679788,82.12297635,6.102975693,0.933321258,2.312595284,0.118744495,161.3212373,55.31639333,46.44779275,56.7921162,5.899399932,171.4251061,60.08900025,97.70664403
Driver,96.07417681,2.803,5.76,-3.228346457,50.638,8.062,8.756,7.557,1.797,136.6584646,1.4224,7.684,7.23,1520.0,3.093,306.207752,26.50993841,40.22653384,5.929970137,0.748281182,0.79392413,0.090483803,173.6873673,23.69039547,15.46355484,77.53496778,3.60748822,229.8244428,31.96438415,5.541894135
Driver,95.43441303,-0.7,-5.5,1.181102362,46.171,-6.488,17.562,-5.31,0.19,136.2578293,1.4278,14.452,-5.348,4208.46,0.905,419.4485422,106.151029,-35.6786109,5.76598887,-0.539267995,1.514560665,0.090886,206.5130791,-17.53207739,46.55038722,58.75831855,6.720161,218.7401516,-18.49219497,5.168244275
Driver,98.47664639,-4.231,-4.102,4.881889764,48.573,-7.844,10.671,-3.782,0.319,143.2372942,1.4545,8.886,-3.821,2540.0,0.791,422.7969653,53.34587196,-26.69593005,5.394234104,-0.358987297,0.851308237,0.0787456,220.3704919,-13.59168468,26.72214529,63.12615716,5.32045,251.8673925,-15.37051201,3.287920207
Driver,80.04876521,0.722,1.288,-1.102362205,45.808,1.99,16.295,-0.947,-2.235,114.6277738,1.432,13.28,-0.497,3466.45,3.071,303.5081778,53.66508929,2.587234386,167.6047337,4.052551599,-3.183801476,4.9449,162.6749298,3.734689429,31.77873727,59.75918592,4.7449,186.926104,5.235478151,15.43574473
Driver,103.7804223,-1.599,0.461,1.771653543,55.501,-0.638,17.172,-3.074,-3.535,145.2078114,1.3992,14.815,-2.606,3460.96,-10.372,472.4272781,114.2166167,-49.11654584,6.169776526,-0.292969969,1.66365143,0.0912312,233.9984218,-33.14144907,44.90455783,61.88225046,7.02131,242.1137984,-34.89630026,-67.72523357
Driver,84.55619184,1.3,-3.7,-1.692913386,50.175,-2.698,16.756,-3.748,0.117,121.7224409,1.4396,14.166,-3.768,3130.0,-0.645,356.8336657,68.49255567,-24.00077837,6.154154987,-0.405232628,1.560897093,0.108332,187.4571503,-13.18444416,35.41859723,57.92607643,5.560385,209.7923018,-14.84810151,-2.60220645
Driver,92.31836077,3.0,-8.4,-2.952755906,65.998,-7.568,23.501,8.489,16.953,85.08679313,0.9217,18.622,4.16,5390.0,26.217,180.2360229,39.59782677,28.71168373,5.584055799,0.451294119,1.865296755,0.144967,100.5364431,22.52140206,33.81988311,48.30491398,3.86715,115.5452487,27.83241401,46.06291273
Driver,85.18700787,-1.5,8.5,1.88976378,52.299,7.282,6.787,-2.664,-11.164,117.350349,1.3776,5.454,-0.82,2610.0,-13.471,232.6582611,15.13950459,-10.70471653,6.028373195,-0.099961478,0.573283043,0.106959,128.9612279,-8.993848914,12.61516074,66.37062955,3.085066,175.4793004,-15.04628287,-21.4554906
Driver,111.2495526,1.3,0.5,-1.732283465,48.626,1.749,12.371,0.349,-0.151,166.6562276,1.498,11.201,0.675,2870.0,-1.172,569.827663,113.5503633,-0.091185655,5.736161091,0.03634175,1.152381081,0.072634,278.9829743,-1.105515206,41.94145771,63.70984322,7.336688,298.5216789,-1.365393322,-13.17608218
Driver,110.2474052,3.417,-0.574,-4.251968504,43.487,3.034,17.089,0.384,0.959,157.9822835,1.433,15.423,0.262,2620.0,3.864,542.8090934,128.676398,13.35073204,6.380930107,0.03358715,1.789282678,0.0869305,271.3056574,10.18565754,44.59637483,66.73453361,7.43817,281.159604,10.81807285,26.83744086
Driver,86.82668218,-2.147,3.224,2.677165354,52.012,1.547,46.313,-31.386,-34.61,54.71747495,0.6302,37.613,-21.859,6050.0,8.36,97.65222004,40.57958617,-31.14359412,6.205990382,-2.279767927,4.52402769,0.3056584,54.80593659,-18.59531832,47.56595457,42.2985791,3.429173055,59.70609932,-20.18154806,5.810200696
Driver,92.33625626,1.45,6.655,-1.732283465,52.408,7.772,14.212,8.001,1.346,137.5782928,1.49,12.08,7.769,2930.0,-2.021,427.7170737,75.48643267,53.03040007,5.905684807,0.796459055,1.274644848,0.090999,219.8201874,26.41527925,35.22195669,60.09810894,6.007243,243.7089214,28.94697903,-9.981119861
Driver,101.7403364,1.3,3.7,-1.653543307,47.425,4.833,13.47,0.353,-3.347,149.2325072,1.4668,11.862,0.883,2470.0,-13.383,466.5953969,81.68941028,-20.51277543,5.861236249,0.079224709,1.241566986,0.083145,238.8408992,-19.86764859,35.39509606,61.86755623,6.208919,263.8445329,-24.37209208,-70.59967719
Driver,108.4936471,0.2,-0.4,0.039370079,48.958,-0.794,13.915,-2.046,-1.597,157.9328472,1.4557,11.745,-1.678,3430.0,5.416,522.9211542,115.710636,1.568861589,5.963479871,-0.180410713,1.262810954,0.079992,253.1094041,5.400123578,45.01035455,61.92550543,7.254622,268.3870481,6.377367968,38.42334418
Driver,93.75,2.803,-5.065,-3.385826772,51.077,-2.799,17.905,2.213,7.278,131.9682802,1.4077,16.438,1.464,2139.72,13.543,399.2203089,81.36529501,28.93066771,6.050315424,0.166446324,1.782873601,0.099072,215.0360564,23.16172245,34.96045485,64.44548059,5.788148,243.0870881,28.33764006,53.07660692
Driver,86.92287044,1.73,-5.42,-2.125984252,54.063,-4.165,22.668,1.497,6.917,123.5225036,1.4211,19.46,0.344,4150.0,11.429,369.16903,108.4363757,26.4525759,4.831657713,0.040081622,1.722815463,0.086164,186.1518394,20.83898028,47.75991844,59.80813256,6.481101985,197.7182593,22.93439183,59.18398036
Driver,100.6039728,4.83,1.036,-6.102362205,53.187,4.662,13.524,-2.002,-3.038,150.7692824,1.4986,12.149,-1.51,2180.0,-12.445,471.2210427,77.82857099,-34.34838594,6.200775863,-0.173544258,1.345199033,0.0870556,247.2695199,-26.13272303,32.19489462,65.86999746,5.9845,276.6252966,-31.56329206,-58.93270915
Driver,87.40604868,-4.975,1.673,6.417322835,51.907,-2.239,28.111,2.971,1.297,109.1430297,1.2487,22.334,2.713,6257.88,8.305,294.2030699,97.68173253,27.30716344,5.961821336,0.299128767,2.484942017,0.123873,149.4331296,18.46652087,49.80333841,56.8496942,5.922544,155.8704002,19.53547939,34.28072048
Driver,96.01154259,-3.853,-10.014,5.196850394,46.924,-13.625,18.393,4.25,14.264,132.4009037,1.379,13.638,1.01,7462.23,21.947,363.034401,91.61695608,57.63510024,6.012258043,0.143724324,1.502047211,0.097614866,179.3715102,42.64006606,45.55775187,55.80372868,6.092590159,186.528336,45.47863224,118.6869325
Driver,107.0866142,-2.5,5.3,3.149606299,52.409,3.24,6.915,-2.799,-8.099,151.5392359,1.4151,6.019,-1.94,1770.0,-11.574,368.6912667,28.09557123,-22.6805373,5.764607036,-0.202145772,0.609296763,0.079014,200.7260575,-16.30150056,15.40221187,77.46232435,3.969817,256.5060619,-23.66807757,-28.55831995
Driver,102.4516822,3.715,5.733,-5.0,48.872,8.983,14.838,-0.127,-5.86,147.2693719,1.4375,13.177,0.779,2749.08,-20.036,464.0912134,87.29016347,-35.38264962,5.865019866,0.062791063,1.381790509,0.084733,238.5766472,-32.78233244,36.30879389,62.49137409,6.295627,263.2831438,-39.82946372,-107.9764526
Driver,100.4138332,1.515,5.13,-1.968503937,45.788,6.604,10.16,2.44,-2.689,146.747942,1.4614,8.965,2.818,1824.9,-12.863,395.0232158,44.0822116,5.431092609,6.046609075,0.288337352,0.95430739,0.086261,214.6879953,-2.394424456,21.59010955,71.62982426,4.63942,260.6631071,-5.850030476,-38.83709048
Driver,108.4332498,3.2,2.8,-3.543307087,47.358,5.292,14.681,-2.956,-5.727,154.1166339,1.4213,13.325,-2.206,2320.0,-12.126,497.2928465,97.80276479,-46.45873994,5.695748611,-0.233104622,1.359126294,0.078647,253.7459585,-33.14021167,38.4218878,63.76132422,6.629323,277.4095731,-38.25079804,-70.29602332
Driver,28.00867931,-0.269,-2.363,0.236220472,57.123,-2.537,28.582,1.133,3.496,35.15390122,1.2551,22.852,0.347,2012.72,5.059,32.2874262,6.926725403,0.282201272,5.951432506,0.045946715,1.858392838,0.384634,20.43789722,0.232390886,24.78866356,31.59026333,1.383638,34.75455528,0.462290709,0.325852498
Driver,88.11515748,-3.042,0.925,4.37007874,43.39,-2.297,16.226,5.493,4.568,113.2867305,1.2857,10.395,4.064,6733.13,30.193,257.7498579,39.53311817,53.44937135,135.1672379,40.36500269,0.692389211,4.11034,136.4417987,40.99377898,27.91299479,54.01790185,4.16594,154.8723871,50.08834735,95.00320038
Driver,104.8832319,2.7,3.718,-3.622047244,48.461,6.113,6.96,-3.528,-7.246,141.0562813,1.3449,6.449,-2.647,1420.0,-13.653,291.5492521,20.91211578,-20.32981502,5.945517593,-0.282720118,0.66591533,0.087621,166.0774049,-14.59578303,12.62047668,82.88374439,3.245032,229.2057526,-22.91557893,-20.82008653
Driver,102.9057802,1.7,0.1,-2.165354331,49.731,1.433,10.742,0.617,0.517,148.2062008,1.4402,9.503,0.643,1830.0,-2.12,418.5654047,50.73624054,2.069484225,5.607199047,0.061663335,0.940336543,0.079267,225.8871519,0.148489768,23.82481728,70.50195676,4.965932,268.8187356,-0.294590626,-7.159430856
Driver,94.48595204,-4.405,-8.806,6.25984252,42.122,-13.692,16.805,-4.286,4.52,127.563529,1.3501,12.722,-5.196,5288.84,10.742,346.6582611,71.98871437,-10.9276293,184.6421984,0.119253719,-4.339249752,5.6214,179.2141846,-0.345369415,37.78550352,59.0887382,5.3814,195.5568062,0.998334627,47.65861071
Driver,108.9007695,-0.925,-1.051,1.141732283,53.449,-1.736,16.428,-3.989,-2.938,153.7562634,1.4119,14.233,-3.599,3400.0,-6.116,514.5755277,126.3990035,-50.35793098,6.407451251,-0.410169494,1.665117702,0.0892781,251.3311754,-30.58661223,46.40771995,63.51620706,7.40553,264.8168355,-32.82975055,-44.60016061
Driver,98.23282033,0.3,-4.7,-0.236220472,48.009,-4.611,7.927,-9.444,-4.744,135.160612,1.3759,6.817,-8.844,1740.0,-10.606,299.2053044,23.9907575,-52.66569112,5.907992285,-0.915794978,0.70341777,0.091052,166.8450336,-32.27373565,15.10384758,73.62415215,3.573021,218.8901728,-44.53658685,-20.16888523
Driver,97.24856836,-0.65,0.592,0.708661417,54.812,0.134,12.226,-2.927,-3.519,145.6525143,1.4977,10.636,-2.48,2386.0,-9.927,441.1697388,64.58109479,-35.36229743,4.988347,-0.221285948,0.943573015,0.071936,231.1655534,-24.56010908,29.55689389,64.06323007,5.62963,261.0587602,-29.66507423,-43.77311032
Driver,89.58035075,0.601,-0.583,-0.708661417,56.887,-0.191,2.051,-1.763,-1.18,130.4742305,1.4565,1.633,-1.422,700.0,-29.796,63.68771626,0.959405646,-2.12019567,5.881350824,-0.158913287,0.148194688,0.092969398,41.03194567,-1.703053511,1.948480549,115.869646,0.682914808,116.9135891,-6.164764554,-2.055468955
Driver,97.49239442,2.922,3.357,-4.409448819,47.338,6.053,15.059,-0.743,-4.1,146.7499553,1.5052,13.732,-0.278,2041.88,-14.477,425.061754,75.71713738,-38.72906258,212.1791084,-33.59268726,2.406171861,5.51264,215.4748258,-34.67558625,36.30546883,62.41677229,5.64834,239.6020081,-42.61371693,-100.9299643
Driver,103.4023801,3.3,4.1,-4.527559055,46.592,7.326,17.476,4.488,0.388,149.4602273,1.4454,15.381,4.498,3110.0,-1.937,500.5464529,123.0044978,32.61339222,5.769572704,0.450733834,1.603486603,0.083013,248.4800236,15.11827242,45.38454812,63.91156889,7.269476,264.4257669,15.87039784,-13.13717844
Driver,99.92170723,0.1,-2.7,0.118110236,51.139,-2.923,19.75,8.248,10.948,143.3350483,1.4345,17.892,6.943,4940.0,17.718,433.2626523,138.8339547,104.4182678,5.560883915,0.711785071,1.827592624,0.084865,208.8820381,66.28411374,52.53437874,63.63949096,7.252439,216.0525643,69.35555337,125.5590706
Driver,96.62446314,-1.5,-1.5,1.692913386,57.324,-2.584,16.92,0.583,2.083,132.5556997,1.3719,14.822,0.377,4320.0,4.975,402.0963754,102.5825354,14.7928252,5.759507161,0.04231743,1.552235661,0.093518,198.5453474,10.83247123,46.42767123,58.43315964,6.560872,210.690674,11.9138948,28.58335556
Driver,96.82355047,-2.8,2.2,3.11023622,58.73,0.057,23.836,-25.818,-27.953,74.04594667,0.7648,17.007,-17.563,7450.0,-31.166,127.9191145,23.62732492,-47.2301774,6.050452448,-1.890010337,1.794218728,0.179502,74.25043773,-31.84753876,27.42611638,45.96138478,2.946716,88.28982915,-39.48215604,-30.36976937
Driver,106.2298676,-0.169,-0.86,0.236220472,44.482,-1.032,16.386,-2.129,-1.268,148.7128669,1.3999,14.327,-1.964,3050.0,-2.774,494.5898181,112.357225,-23.93757762,6.413442164,-0.223110547,1.66916295,0.0923886,246.5884048,-14.45580188,43.30555492,62.86136662,7.04898,263.1976373,-15.76128693,-18.03262866
Driver,23.88376879,-5.4,-2.6,3.661417323,70.422,-5.275,44.221,-1.114,1.601,25.55095741,1.0698,31.188,-1.54,3281.17,1.271,20.73475069,6.238568197,-0.559924347,5.789659009,-0.164404369,2.047361191,0.560895,12.94862292,-0.359677966,33.65270722,23.6092206,1.293114,18.47722082,-0.508123372,-0.035070705
Driver,70.78784896,-2.001,0.552,2.007874016,60.448,-0.583,33.163,23.048,22.496,66.67345204,0.9419,23.707,15.848,7482.01,23.378,121.3527414,31.00273288,38.65724841,6.0420015,1.703797803,2.555731692,0.208454,70.4796326,25.92171063,34.27427057,44.58154792,3.201455,80.33943261,30.28531724,21.11532485
Driver,81.06209735,-3.7,-5.3,2.952755906,63.943,-7.188,24.371,3.64,8.94,94.88323193,1.1705,19.708,1.975,4620.0,13.426,233.8520561,59.80101068,21.43184211,5.915273667,0.229457403,2.125215627,0.13867,125.2668072,16.37293693,40.32663012,51.03019449,4.794028,138.4970548,19.0517626,36.2493669
Driver,81.01512169,-7.3,7.1,6.377952756,63.533,3.341,25.744,1.95,-5.15,106.4262706,1.3137,21.03,3.04,7790.0,-6.612,274.6722704,87.39127539,2.089187798,5.852406214,0.268862774,2.289826651,0.123762,139.8622268,-1.651622294,48.82054012,54.41766256,5.634637,144.2741602,-1.857269924,-27.19833268
Driver,80.16732283,-5.187,-2.604,4.763779528,70.235,-4.473,20.082,-9.101,-6.496,109.1835183,1.362,15.923,-7.955,4658.29,-11.45,294.2361857,66.08276207,-55.55056968,6.530538842,-0.925646682,1.883384712,0.129992735,153.7821889,-34.71785742,38.9902083,53.67420875,5.24417671,169.1885563,-39.26425508,-40.95148272
Driver,53.09144596,-1.466,-0.787,1.25984252,68.481,-1.365,32.608,-0.11,0.677,66.80677344,1.2583,27.191,-0.238,3590.0,0.814,133.7898184,39.50038584,-0.25268802,4.788226253,-0.018712265,2.395388567,0.1684152,77.19039195,-0.043118548,38.40555634,46.59070658,3.595494562,91.72546915,-0.014584927,0.83256227
Driver,99.06272369,-4.939,5.3,5.748031496,51.004,1.287,15.385,5.916,0.616,141.4611668,1.428,12.923,5.838,3460.0,1.107,454.0878456,96.2047965,47.89450989,6.62391253,0.675209132,1.552520486,0.0998027,226.3001732,25.21954201,41.54738666,59.77003166,6.62587,242.8402219,27.19747258,6.641258921
Driver,99.40497495,1.7,-2.5,-2.244094488,49.997,-1.148,17.46,-2.644,-0.144,143.7256174,1.4459,15.932,-2.642,2181.61,0.017,463.3999622,100.3063659,-20.83694163,5.932580343,-0.273653973,1.699842901,0.088952,241.6660133,-11.11919485,39.06422982,64.95161661,6.51452,265.4335864,-12.21024851,0.061453472
Driver,79.92573372,0.28,0.721,-0.393700787,47.161,0.981,19.39,1.198,0.477,108.6023622,1.3588,14.634,1.073,5126.06,15.714,267.4902518,53.84223689,22.70544472,147.3801563,19.19585873,-2.346767449,4.77761,144.0363112,18.40698658,34.09512899,55.62913017,4.62761,161.7227581,22.61467859,47.18582705
Driver,118.0968146,2.359,5.988,-2.559055118,53.838,7.714,15.159,4.172,-1.816,172.4165623,1.46,13.627,4.397,2650.0,-5.125,606.2449558,139.0461565,28.00771593,6.511819377,0.492671611,1.623216715,0.0805866,297.4273471,9.133486731,44.86635916,67.45634287,7.83093,314.2323157,9.012114057,-41.05635241
Driver,95.42546528,1.6,-0.6,-1.968503937,47.105,0.375,26.402,-2.945,-2.216,126.2329993,1.3229,22.875,-2.497,4440.0,-3.553,377.4798636,137.176932,-24.98620012,5.851911873,-0.274059485,2.503023455,0.105082,184.525941,-15.31637603,54.11126152,63.8992853,7.000898,191.3875292,-16.01277418,-21.8709569
Driver,82.42439155,-6.2,-2.0,4.448818898,65.74,-5.558,33.373,-0.325,1.851,103.7191303,1.2583,28.216,-0.554,5312.42,2.507,276.5630737,112.0190768,1.429420459,5.22613259,-0.051988311,2.832572032,0.119928,138.3608969,1.82514246,54.46959675,59.24983714,6.094536,143.5624325,1.947434186,9.488245722
Driver,82.65479599,-3.488,2.219,5.039370079,47.089,-1.029,9.777,2.015,-0.204,119.4002774,1.4445,7.767,2.047,2384.04,-0.901,262.687563,24.3377804,8.620063524,157.7947954,4.994954728,-5.191160629,4.04204,144.1762984,4.63923069,18.1056903,62.94182649,3.56204,182.8479903,5.748402591,-1.532814064
Driver,94.54634932,-2.1,-0.9,2.165354331,55.535,-2.583,13.389,-1.228,-0.328,139.1665175,1.4719,11.61,-0.904,4230.0,0.357,429.6227703,93.75909595,-7.948028378,5.806444244,-0.122798016,1.220924836,0.088509,210.1802087,-3.736871907,43.73612891,57.49016467,6.524494,223.941316,-3.944088609,-1.262676553
Driver,97.70266643,4.297,4.768,-5.748031496,46.698,8.828,9.63,-0.861,-5.629,142.1009306,1.4544,8.837,-0.011,1630.0,-28.056,330.002577,32.84007726,-19.29726124,6.014417361,-0.019177116,0.927952143,0.08854,186.2302903,-19.27941041,17.56141293,76.95925603,3.85288,239.9842445,-30.80770674,-57.73154553
Driver,94.29357552,0.7,5.5,-0.94488189,46.058,6.078,13.637,3.525,-1.975,138.6795365,1.4707,11.784,3.778,2580.0,-9.484,418.6708095,70.34612298,10.34840246,5.825343166,0.375423044,1.224232047,0.08894,216.6132041,-0.316121168,33.63070933,60.10099317,5.804189,242.2414118,-2.052317815,-43.76468762
Driver,105.5766822,0.557,2.183,-0.669291339,46.46,2.712,14.927,0.369,-1.814,149.4479241,1.4155,13.156,0.601,2650.0,-4.581,490.1832921,95.87436847,-5.487576827,6.462463362,0.062917986,1.532698971,0.0920752,249.6022547,-6.246641648,38.27667105,63.02691991,6.633,271.2962873,-7.495035824,-26.59084513
Driver,96.61104152,-3.48,-4.558,4.05511811,52.85,-7.198,30.611,3.25,7.808,116.7902201,1.2089,25.126,1.777,6530.0,7.72,321.6964742,126.991897,25.87037365,6.236100479,0.213309179,2.995844691,0.12373,157.3592171,17.70833152,55.48400774,62.06560408,6.54211,160.2381234,18.13142444,38.55352947
Driver,108.8291875,2.5,3.9,-2.952755906,52.283,5.704,10.531,1.856,-2.044,159.4919918,1.4655,9.645,2.289,2050.0,-8.105,493.4957209,68.30302605,2.763840991,5.834363479,0.203691978,0.99911917,0.076731,256.647537,-3.593502076,29.05335486,67.37429582,5.802786,292.3694285,-5.938834333,-41.52036701
Driver,85.03489621,2.739,1.478,-3.818897638,51.854,3.631,17.06,9.691,8.213,113.9974052,1.3406,15.644,8.834,1853.9,-13.166,299.5211934,65.39503051,22.0179219,150.3268346,5.737132742,4.624725333,4.50685,156.8268535,5.487970422,35.20420754,56.64853599,4.79492,178.9838592,4.657260653,-55.939892
Driver,101.1632069,-0.7,-0.7,1.181102362,45.73,-1.701,15.097,-4.436,-3.736,139.0323014,1.3743,13.265,-4.006,3470.0,-6.671,437.8481487,95.19920603,-46.114528,5.728737435,-0.407697332,1.369192104,0.087863,218.1697219,-28.21561467,42.25535305,59.01833902,6.551186,235.121411,-31.23960983,-39.09941123
Driver,25.26172155,-7.6,2.6,5.157480315,82.001,0.902,40.619,-1.006,-3.527,26.58285612,1.0523,29.326,0.305,2970.0,-2.806,21.54801305,6.037414841,-0.016573223,2.255843412,0.000231116,1.082328443,0.201552,13.56762213,-0.025170819,31.56329951,24.64596809,1.270246,20.39487431,-0.050526815,-0.292181696
Driver,92.48165712,-3.729,-2.261,4.37007874,51.973,-5.183,17.07,1.351,3.612,137.0993647,1.4825,11.633,0.368,7505.0,6.279,389.9198567,98.52547829,19.6246298,5.161364012,0.042670343,1.125828681,0.0798208,188.7949084,13.7943788,47.49456315,56.71401577,6.40159,194.5994533,14.47615173,37.75424862
Driver,100.4943629,-0.5,-1.1,0.511811024,58.11,-1.561,20.532,-0.397,0.703,146.7052165,1.4598,17.454,-0.612,6020.0,1.676,435.8320662,154.5594953,2.08013965,5.787182703,-0.050544987,1.867539432,0.086282,204.6108085,2.308170475,56.57826356,66.19896646,7.498912,207.5334422,2.370824856,13.48017344
Driver,99.10746242,0.525,4.984,-0.708661417,47.674,5.462,14.426,1.946,-3.039,145.5267985,1.4684,12.555,2.369,2770.08,-11.683,463.6803574,85.34484929,-5.916512012,6.087336692,0.240769196,1.366693849,0.088825,237.1943671,-11.25142512,36.35633749,61.88192193,6.307556,261.744711,-14.49712077,-63.10565392
Driver,79.74677881,-1.652,-3.96,1.614173228,54.815,-5.125,23.931,6.559,10.52,95.53753579,1.198,19.782,4.672,4270.0,16.908,238.313725,58.48902159,34.70114682,5.921064211,0.511124529,2.125130071,0.137594,129.6403282,25.07455999,38.2393014,52.61607057,4.738141,145.3622279,29.49779926,43.89374331
Driver,98.1075519,-3.1,-2.9,3.42519685,55.116,-5.224,6.706,-1.727,1.173,130.9520401,1.3348,5.41,-1.62,1700.0,5.343,249.7371163,15.26279691,-4.650520428,6.228870681,-0.171889076,0.584314064,0.09886,141.794814,-1.60518406,11.10133601,77.90872346,2.947212,199.9673107,-1.212592338,7.21146123
Driver,106.63699,-8.884,-6.582,10.66929134,48.514,-14.527,8.747,-2.862,3.72,153.5359252,1.4398,5.863,-3.476,4493.1,7.747,483.7517726,75.57288936,-5.10665053,6.42365747,-0.379154367,0.703012467,0.087243,229.9109341,3.224191509,38.14243254,56.19987131,6.35843,246.0314069,4.561357705,51.46946827
Driver,98.28426986,1.486,3.512,-1.968503937,47.032,4.896,16.719,10.733,7.221,142.9062276,1.454,14.642,9.699,3270.0,11.188,461.6601198,105.5644037,103.1160045,5.875143448,1.000890503,1.550977845,0.088161,231.4419684,61.27581172,42.89655884,61.41807663,6.802053,248.795224,67.23443194,68.39949503
Driver,103.7647638,3.1,7.9,-4.015748031,48.885,10.667,12.853,1.486,-6.414,143.1867394,1.3799,11.449,2.485,2400.0,-13.958,430.0242146,68.98154723,-5.70166088,5.786588389,0.239512092,1.17939358,0.085409,223.717244,-11.4494591,32.16965167,61.73247086,5.742211,251.6952976,-15.56510988,-63.37762867
Driver,98.94640301,-2.326,6.354,2.913385827,51.618,4.51,8.752,-0.209,-6.563,128.2871779,1.2965,7.046,0.817,2530.0,0.729,313.4400826,27.86744572,5.10045374,5.885590869,0.084515562,0.728756201,0.095692,169.7316748,3.023862176,17.81211631,65.67862261,4.001358,213.5105309,3.972526911,1.811277678
Driver,82.67716535,-6.811,5.311,6.88976378,57.913,1.016,22.264,2.101,-3.21,112.5841088,1.3617,18.654,2.537,4060.0,-4.831,321.6437342,84.47495265,5.910834845,6.204834511,0.266610355,2.112179079,0.121385,166.5516305,0.791935244,43.3044571,56.44795804,5.789233,180.6611889,0.456038891,-19.74326455
Driver,73.42743379,-0.18,-1.031,0.196850394,56.407,-1.15,19.495,-5.022,-3.991,103.4784359,1.4093,17.084,-4.5,2530.0,-7.222,267.6765812,52.47975201,-26.47295698,5.606441937,-0.447110202,1.708012416,0.117636779,149.4055615,-17.49260158,31.36737637,57.79499315,4.618801099,176.0849912,-21.56610535,-17.39122219
Driver,119.5709556,0.389,-0.193,-0.551181102,39.59,0.277,14.879,0.273,0.466,170.4905601,1.4259,12.584,0.197,3886.67,-1.784,578.2797706,154.1000619,-5.496432536,5.955720258,0.018660117,1.357709605,0.074240285,271.8047811,-4.448565809,51.13577464,66.56448757,8.0960829,281.9613738,-4.753471018,-16.1488755
Driver,89.20230852,0.9,6.9,-1.181102362,54.055,7.618,9.917,-2.097,-8.997,115.1581514,1.291,8.173,-0.306,2840.0,-4.103,274.8763718,28.47638296,-4.998832245,6.027932424,-0.036782405,0.86732325,0.109742,148.6756152,-4.067649677,20.61561743,58.7892302,3.970176,183.8541222,-5.843279654,-9.821579095
Driver,84.29223336,-3.381,-0.552,3.385826772,52.96,-3.107,25.184,6.349,6.901,113.4750805,1.3462,20.062,4.976,5939.28,8.404,312.4412527,95.99731942,41.1162168,6.329988985,0.56710981,2.361080716,0.124242,158.1879526,25.95675299,48.29371397,56.71876025,5.98567,165.3719354,27.46874558,36.97177661
Driver,99.08956693,-2.519,-6.103,3.42519685,49.339,-8.269,19.827,-1.17,4.933,137.9766911,1.3924,16.613,-1.93,4512.84,7.871,427.5150249,123.8691967,8.403362019,6.102945754,-0.194096439,1.854742391,0.096148,208.778723,9.954441211,49.87654443,61.79844557,7.022238644,218.4708052,10.92092338,50.91644539
Driver,79.52084825,-2.038,-1.713,2.480314961,55.999,-3.089,9.104,-1.64,0.073,100.0301986,1.2579,6.789,-1.655,2300.0,0.243,153.5383985,10.5476029,-4.3705692,6.050238154,-0.174549235,0.695057233,0.126193137,91.57477136,-2.58517376,10.58144221,68.72267064,2.308523815,142.6672951,-3.991712732,0.178914733
Driver,97.81675018,8.453,10.504,-9.921259843,52.745,16.994,13.451,8.727,-1.777,143.1802523,1.4637,11.276,9.508,3277.07,-11.865,451.2885987,81.23056971,46.49786976,5.758034747,0.940261117,1.162581644,0.084992497,227.0688883,15.48656214,37.13699054,59.40830784,6.264920849,248.3282435,14.99113898,-66.44187744
Driver,90.14182176,1.385,5.331,-1.614173228,55.877,6.269,6.466,6.611,1.28,125.4290444,1.3915,4.242,6.049,2857.68,11.754,263.1483053,15.00798194,37.91058905,158.4080352,27.98329465,-5.215889771,3.8056,139.8741532,23.48643974,12.47541919,67.38089201,3.2056,184.4508772,33.86389683,26.47545801
Driver,99.76288475,-3.78,-6.343,4.960629921,50.476,-9.467,14.22,1.418,7.76,144.7219488,1.4507,12.205,0.513,3160.0,15.393,458.2597327,86.51466273,39.17749723,6.188425879,0.07151383,1.353627872,0.090758706,231.2984755,31.1792357,37.78292542,60.28228175,6.365010045,252.6430606,36.568763,87.37792653
Driver,101.5255906,2.956,1.001,-3.661417323,47.527,3.711,14.977,1.022,0.021,147.1906317,1.4498,13.706,1.02,1858.27,0.099,459.1595908,81.20253672,8.200147699,6.458596153,0.115052216,1.582092254,0.0934966,245.0157487,4.50253612,32.66430741,67.89996441,5.92511,265.4095147,4.888568427,0.4227942
Driver,91.84860415,-2.242,0.741,2.362204724,54.096,-0.883,11.35,-6.81,-7.552,128.0860773,1.3945,9.656,-5.844,2470.0,-19.636,325.4934496,38.03909351,-51.40859136,5.31328691,-0.55338744,0.903048425,0.0869376,178.2299857,-35.83775183,22.03235051,64.51777415,4.3559,214.282253,-46.90398786,-53.62415429
Driver,115.7413207,5.7,1.1,-7.086614173,50.008,5.833,16.86,4.252,3.152,171.8349588,1.4846,14.902,3.615,3477.21,9.639,581.6713468,167.7965578,74.60538618,5.912001881,0.386913826,1.598764817,0.073853,274.769114,46.44975585,52.32816137,68.66119295,8.274829,284.3573785,48.73066036,87.84597547
Driver,112.1085361,-1.981,-1.836,3.503937008,33.05,-4.884,11.484,1.972,3.808,161.3095025,1.4389,9.96,1.53,2540.0,0.347,531.6266738,84.90873161,14.86274586,6.105394551,0.163331666,1.085523193,0.079551373,267.8845305,7.852112959,34.55224538,63.92445834,6.516332877,295.5954388,8.736285176,2.099317068
Driver,91.90005369,-1.239,4.422,1.496062992,52.628,3.476,11.975,-4.696,-9.118,129.3286954,1.4073,9.982,-3.28,3120.0,-15.201,364.2407865,50.58798866,-42.64782737,6.162107948,-0.369132406,1.092903905,0.100365521,190.6145864,-30.19098872,28.35084698,58.83438807,5.086937148,219.1933285,-37.66729516,-58.11924986
Driver,113.8108447,2.645,-0.019,-3.464566929,44.44,2.682,11.746,1.952,1.971,166.0334646,1.4589,10.455,1.666,2180.0,2.523,546.8755507,87.11425346,21.48895969,5.91779242,0.173819446,1.102339261,0.0749624,279.2301901,12.9895703,33.63064955,66.87383013,6.484393281,309.6392807,14.9337253,14.62435263
Driver,98.62875805,-6.414,-5.174,7.874015748,46.89,-11.214,10.645,-2.108,3.066,144.0148533,1.4602,8.615,-2.48,2950.0,6.604,438.9614195,59.11085886,-6.119962933,4.886435576,-0.207515959,0.750946634,0.0708608,223.3028359,0.920685468,29.70477518,60.20391679,5.64334,249.9714759,2.331005824,31.74660035
Driver,98.34243021,-1.677,-3.051,2.244094488,46.533,-4.641,11.719,-2.222,0.829,136.2799749,1.3858,8.063,-2.452,4956.15,10.23,389.5312782,61.41046686,6.359348677,173.2447972,6.521133461,10.75723149,4.75618,191.2161517,8.294319774,35.83847132,55.06568494,5.56112,208.1875123,9.982235224,49.37914181
Driver,114.4036328,5.5,-1.5,-6.732283465,49.645,3.098,19.391,0.966,2.466,167.7999732,1.4667,17.421,0.577,3300.0,5.211,571.0454625,180.6308394,26.02993089,5.86581873,0.06402678,1.865079313,0.076026,270.4453758,18.1188153,53.92883968,70.87555457,8.400857,278.909305,18.97458479,46.20158402
Driver,40.81513958,-5.826,2.856,5.0,62.105,-0.24,44.843,1.477,-1.38,41.78843057,1.0238,33.032,1.91,4870.0,-1.005,56.71092531,19.01546692,1.7056638,5.362775816,0.17627239,3.089215751,0.323322,33.89024891,1.051422169,38.39858831,34.8480497,2.314207,41.6691584,1.281167199,-0.234501595
Driver,72.38949535,-3.1,8.3,4.094488189,55.054,5.977,7.664,-1.495,-9.795,93.48738368,1.2915,5.861,0.213,2250.0,4.074,118.74876,6.869671423,1.035182168,6.05140361,0.026916306,0.589647719,0.134917,72.20760249,0.948939507,8.660893956,67.91581916,1.881252,121.6274414,2.088926572,2.041563847
Driver,101.1497853,6.7,0.1,-9.133858268,49.085,5.935,-0.61,-5.124,-5.224,138.2938887,1.3672,0.218,-5.185,1390.0,-58.433,9.907724194,0.021457277,-0.9185683,5.597303962,-0.530404055,0.003949074,0.083476,6.671885797,-0.638744491,0.273832183,135.228168,0.099685,73.04595586,-7.430293048,-0.107848948
Driver,46.52603794,-4.3,2.1,4.212598425,58.213,-0.616,23.056,-4.948,-7.048,65.34113278,1.4044,18.662,-3.535,3670.0,-10.977,108.5767721,20.71273073,-9.28539392,5.63949097,-0.391803659,1.813087082,0.190401,65.11323749,-6.726401147,26.22861524,46.07627199,2.711445,86.42515279,-9.632741744,-8.160941267
Driver,84.58527201,-7.036,-2.435,8.228346457,53.904,-7.598,13.227,-4.882,-2.447,118.2755458,1.3983,9.981,-4.479,3840.0,-4.429,322.432881,47.12865045,-31.06432429,6.153682606,-0.486528464,1.097485956,0.10981598,167.6438714,-18.30904121,29.86207337,54.98235791,4.89391405,191.756641,-21.65824075,-15.71852339
Driver,114.0367752,0.933,3.507,-1.181102362,48.195,4.341,12.226,4.468,0.962,163.3927613,1.4328,10.844,4.348,2250.0,4.787,538.0060792,88.22906715,51.17266355,6.247108172,0.477679574,1.214975183,0.0805582,274.6329643,30.02961957,34.15686249,66.0023906,6.50379,292.7177379,32.60590904,27.74096178
Driver,97.53265927,-2.828,8.055,3.42519685,55.542,6.113,0.731,1.253,-6.802,144.2293754,1.4788,0.329,2.02,1240.0,-20.336,37.28183236,0.116365434,1.171552203,6.033570244,0.20221443,0.027878998,0.086274735,23.90068161,0.660993001,0.419444553,133.9908745,0.35138705,94.95578189,2.051013762,-0.544665153
Driver,109.5382963,1.913,2.384,-2.204724409,50.188,3.979,15.297,0.446,-1.937,160.3189871,1.4636,13.808,0.67,2395.73,-5.229,544.7157912,113.2100026,-7.246929562,6.412380969,0.069677655,1.599555403,0.0853725,275.7868877,-8.034367138,40.34206301,66.15194407,7.09305,296.9404956,-9.423418413,-33.77203897
Driver,106.7331782,2.5,11.3,-2.992125984,52.291,13.21,10.928,1.242,-10.058,152.4398264,1.4282,9.944,2.696,2330.0,-33.179,417.8154062,54.87854347,-27.93009966,5.672331875,0.243723182,0.997758387,0.07817,220.8468418,-33.08928373,26.401192,65.5924796,5.091837,255.7580573,-46.17229456,-129.9699285
Driver,102.2861489,-0.507,0.493,0.669291339,45.418,-0.007,15.994,-0.51,-1.003,146.9937813,1.4371,12.588,-0.295,4980.42,-2.204,458.6239312,119.1459621,-9.390288963,6.335278857,-0.036134585,1.470788081,0.0917709,219.9069502,-6.350807913,48.79810292,60.71970816,7.08866,228.7333017,-6.747906979,-15.65688419
Driver,78.62831067,-3.689,-10.161,3.582677165,59.491,-12.338,17.826,-7.331,2.83,102.3812187,1.3021,14.979,-7.727,2920.0,4.754,257.2280403,45.2149899,-30.16254201,5.103493528,-0.681920143,1.357185545,0.1070024,142.7459387,-15.43979766,29.52962902,56.1226626,4.422618995,169.2422847,-17.65177412,11.34131879
Driver,76.4853257,-1.793,-2.928,2.637795276,47.656,-4.563,17.891,0.513,3.441,108.0153901,1.4122,13.541,-0.284,4735.34,13.834,259.2852985,47.57724306,14.89158427,148.4212446,15.34139124,-4.531303409,4.63282,141.1542397,13.84929568,30.62622859,58.36907932,4.33282,163.2157955,18.25836918,43.6362332
Driver,99.37589477,4.725,4.463,-5.433070866,52.747,8.067,15.322,-4.81,-9.272,139.391777,1.4027,14.019,-3.617,2410.0,-28.651,404.7950985,71.06442482,-65.7364835,6.328300318,-0.42527463,1.582492888,0.0969219,217.1240062,-51.86871788,31.61035955,64.26343256,5.52569,245.4438231,-63.82580536,-115.3930996
Driver,99.22825698,-3.7,-2.5,4.291338583,51.909,-5.496,15.241,-1.165,1.335,142.532883,1.4364,13.184,-1.403,4070.0,0.998,448.8085449,108.9281773,-7.006560344,5.638916672,-0.126646214,1.346830013,0.084391,218.6064912,-2.777829381,46.44536409,59.66033693,6.883368,231.414686,-2.846097156,7.725140301
Driver,117.5129742,4.029,-6.874,-5.787401575,40.359,-2.12,14.754,-1.511,5.363,165.2954993,1.4066,13.175,-2.327,2900.0,14.422,563.0491162,123.3160786,22.48823965,5.606795633,-0.216972156,1.326762166,0.0721096,277.5272412,24.70295143,43.18426733,64.90500808,7.435652159,296.1263862,28.4668585,107.7185802
Driver,100.0223694,3.726,7.118,-4.803149606,46.366,10.678,16.704,4.193,-2.925,149.76199,1.4973,15.189,4.549,2310.0,-12.247,490.2543296,103.0328395,12.32133373,6.217939102,0.481851785,1.704120929,0.0891341,254.0667253,-2.325595167,38.64191885,65.53612185,6.65629,268.1645568,-3.591646035,-67.40362261
Driver,98.66007516,-9.045,-2.119,12.5984252,45.776,-11.032,7.554,1.476,3.595,143.2095562,1.4515,6.118,1.163,2090.0,7.955,351.1334467,27.53770086,14.37961988,6.395828089,0.135894321,0.688333026,0.0928574,190.068696,10.5880464,16.0227268,72.53665112,4.00589,237.2594525,15.03257661,20.20221637
Driver,101.827577,2.945,4.021,-3.779527559,49.336,6.553,14.007,-2.799,-6.82,148.8209109,1.4615,12.518,-1.85,2590.0,-25.457,453.5396706,77.51024213,-60.85991514,5.944829844,-0.21265805,1.3257063,0.08474,236.644873,-49.14224269,33.09793304,63.69164183,5.947404,264.9573834,-60.18777398,-124.930696
Driver,24.18128132,-4.8,-1.4,3.700787402,72.845,-3.431,44.75,-2.023,-0.579,25.63707946,1.0602,30.937,-1.626,3483.85,-0.457,20.78472316,6.199567966,-0.632479166,5.875003758,-0.187145587,2.039636232,0.566181,12.98638938,-0.416575429,33.4246451,23.65432088,1.290156,18.32105228,-0.589509981,-0.144316059
Driver,96.1412849,0.3,-5.5,-0.433070866,48.201,-5.276,14.402,-3.345,2.155,138.7001163,1.4427,11.568,-3.791,3951.81,6.7,430.7410974,88.12346653,-11.07097366,5.722562482,-0.370029321,1.193893444,0.087426,212.8931509,-0.979113464,41.43990049,57.62257487,6.396669,228.8796187,-0.230078605,39.29631525
Driver,90.82408733,-0.847,1.707,0.905511811,54.328,1.099,17.61,-0.381,-2.088,130.3919112,1.4356,15.385,-0.115,2900.0,-4.078,404.4975821,86.20353758,-8.286641221,5.146986503,-0.01345604,1.427959962,0.084736,209.9004275,-6.904325698,38.68425721,60.25668204,6.14153,229.8155463,-8.093125284,-19.44972867
Driver,104.212151,0.473,-0.356,-0.62992126,48.834,0.058,12.815,3.498,3.854,154.8100841,1.4855,11.276,3.004,2480.0,4.56,503.0758174,84.98279114,36.04042012,5.93425133,0.314567191,1.193853622,0.080911615,257.0678167,21.97487568,34.81690258,64.01106641,6.396432865,284.4419218,25.20105645,25.56653709
Driver,87.97870437,-3.141,-2.057,4.133858268,49.366,-4.756,12.902,-7.444,-5.387,129.5622316,1.4727,10.539,-6.626,3210.0,-11.995,374.8678723,56.54312543,-61.70241132,6.199985107,-0.728975368,1.16424308,0.101018943,194.3466469,-38.67598332,30.63642153,58.1022152,5.31824782,220.6562813,-46.08667617,-49.32279773
Driver,23.94192913,-3.268,0.893,3.42519685,61.224,-0.904,26.897,4.406,3.512,33.65000895,1.4055,19.478,3.449,2490.4,4.895,26.19729737,4.732411541,1.609607659,5.958508162,0.368074307,1.424047374,0.393262,16.86900082,1.088381951,21.30832789,30.61263409,1.154299,30.12008227,1.99616837,0.221055092
Driver,102.1161417,2.9,-0.3,-3.858267717,47.098,2.389,16.256,1.282,1.582,150.3601467,1.4724,14.342,1.099,2880.0,1.934,502.7789519,111.8715111,14.46342375,5.712952756,0.111173027,1.474090316,0.08125,252.2940657,8.989183691,42.43142876,63.53973318,7.045841,271.2889076,9.929552244,12.45481304
Driver,111.8624732,1.2,0.0,-1.023622047,50.241,0.323,12.977,-4.876,-4.72,164.9621958,1.4747,11.165,-4.022,3201.23,-7.81,555.2750935,117.4850216,-65.13366949,5.985563486,-0.437953948,1.202569338,0.076656,268.2449763,-39.17266052,44.21476849,62.84873743,7.381419,284.7262648,-42.61061994,-61.38994095
Driver,107.1380637,-1.902,4.718,2.086614173,51.105,3.182,13.311,-1.552,-6.27,159.2457051,1.4864,11.537,-0.796,3040.0,-14.758,528.3755205,101.9052204,-48.74522096,6.575000495,-0.108670608,1.37371501,0.0874093,261.7130946,-37.05108349,39.82719555,62.20495607,6.94427,281.0250652,-42.06324298,-100.3449345
Driver,94.85728346,-0.8,-4.4,1.377952756,42.363,-5.876,16.892,-3.37,1.095,139.9427344,1.4753,14.507,-3.494,3320.0,0.556,446.1321493,104.0273605,-25.29640307,5.939669297,-0.36459113,1.555953502,0.091039,222.5483304,-12.58088468,43.80847668,60.525688,6.726208,238.6753238,-13.42937158,2.9514007
Driver,98.90390122,0.714,-0.243,-0.905511811,50.027,0.356,11.114,-5.585,-5.342,138.0845115,1.3962,8.348,-4.139,4265.29,2.816,405.5534823,66.28381528,-19.1041429,144.5421696,-6.509339874,21.6477953,3.39139,202.5329314,-5.865685581,35.52241108,58.04189803,5.69789,221.8936133,-5.360305471,26.28471438
Driver,83.9432713,-1.962,-5.421,2.519685039,49.515,-7.097,18.04,1.967,7.388,115.1650859,1.372,14.342,0.525,4513.77,13.091,318.4695256,66.98807892,23.38289522,6.373852327,0.079713286,1.655202288,0.119,164.8763011,18.70676493,38.19551072,54.30823236,5.39214,179.7229621,21.67414012,51.61499438
Driver,82.48926271,0.166,-3.298,-0.236220472,47.691,-3.147,7.584,-1.814,1.484,119.6660254,1.4507,5.595,-2.215,2410.66,4.01,205.7251467,12.62490924,-6.081691744,142.4691286,-3.063964393,-5.58827863,3.24833,119.1001349,-2.870971698,10.33901746,77.50854888,2.59833,173.1964825,-3.47673818,5.198958771
Driver,97.14566929,7.362,-1.773,-10.51181102,46.293,5.321,8.879,10.178,11.951,127.7451682,1.315,8.422,6.258,4947.26,31.935,277.5839808,32.98367137,65.40036564,141.9726782,44.32179557,1.749032944,3.75917,146.1297754,46.34796608,23.01747093,54.52577011,3.9294,171.3032659,58.63113562,92.8957304
Driver,26.25044739,-3.3,-0.5,3.11023622,66.885,-2.035,32.31,-4.155,-3.655,31.34797781,1.1942,26.968,-3.35,2970.0,-4.111,28.58833378,7.353040534,-1.754858995,2.571498249,-0.158722075,1.149448817,0.19074,18.01668292,-1.180391229,29.60266784,28.30227998,1.421678,27.39762926,-1.829013655,-0.383481851
Driver,100.6263422,5.762,4.62,-6.968503937,48.247,9.788,10.935,-1.887,-6.507,150.4167412,1.4948,10.333,-1.112,1450.0,-50.43,323.0079641,35.37294444,-34.21443814,6.286623528,-0.149992778,1.132354869,0.0877309,186.825312,-33.08872377,18.03817292,83.29834013,3.61747,229.4004897,-47.92374521,-88.54236389
Driver,109.7083035,3.1,0.9,-3.661417323,50.384,3.537,18.279,-1.418,-2.318,159.4412133,1.4533,16.814,-1.179,2348.34,-5.55,548.7919104,137.5173202,-26.30193587,5.469939152,-0.117807903,1.663350982,0.074178,276.5397811,-18.43848281,44.93038367,68.14791035,7.54538,294.6852985,-20.31358833,-38.27149331
Driver,98.7182355,3.568,0.815,-4.68503937,48.847,3.939,14.863,-4.038,-4.853,144.5456782,1.4642,13.52,-3.44,2100.0,-22.592,431.1831417,73.55843345,-58.37048249,5.856424166,-0.367534337,1.41155568,0.086172,231.3482178,-44.45883745,31.19673994,66.53868307,5.64404,252.2240491,-51.28283193,-92.26746479
Driver,85.44649248,1.628,1.066,-2.362204724,45.934,2.642,13.763,0.553,-0.513,118.8121868,1.3905,9.906,0.719,4552.86,19.617,288.3781974,41.44456654,27.91685965,158.8281883,24.23719046,-2.760018829,4.46157,153.6911345,22.77221622,27.18782472,60.08356404,4.26157,179.7712546,30.10751062,62.58931277
Driver,50.38922691,-1.154,-2.334,0.984251969,69.963,-2.756,30.623,2.319,4.654,61.08692734,1.2123,25.45,1.436,3170.0,6.043,109.2506644,28.82744489,3.94549503,4.987347566,0.133835706,2.272387809,0.1888952,64.69652692,2.990902223,33.7371687,44.65572307,3.044714476,81.94102446,4.07211699,4.111145124
Driver,105.8227452,1.9,8.3,-2.204724409,55.291,9.614,5.33,-11.49,-19.79,136.6938082,1.2917,4.978,-9.178,4320.0,-52.895,240.8615873,14.70994154,-71.35919882,5.796036995,-0.992687389,0.504041142,0.088243,130.6659845,-51.19132748,12.44174873,70.86318565,2.820885,177.6413629,-81.32004102,-94.0814251
Driver,93.36748389,-4.881,-0.474,7.047244094,42.237,-5.871,9.665,0.251,0.725,130.9267627,1.4023,7.126,0.123,3305.19,3.525,367.2786272,45.83101108,5.062138477,183.7285396,2.583894127,-1.381489496,5.13317,181.3185587,2.558613292,30.74063354,52.40160479,5.02317,202.9633513,2.789852743,6.508199797
Driver,99.29312813,0.398,0.019,-0.551181102,42.366,0.456,15.743,-1.198,-1.218,148.0903275,1.4915,13.131,-0.983,3852.68,-7.477,480.1321655,113.5893359,-30.32413327,5.9807277,-0.111037298,1.420298222,0.086107,234.2712678,-21.17807913,45.72660026,61.1574247,7.071468,248.2397167,-23.22744661,-51.51696065
Driver,51.1095204,-2.0,3.4,1.692913386,81.623,2.689,30.462,0.14,-3.354,57.51073729,1.1253,25.127,0.888,3060.0,-0.23,96.15718536,24.60042612,1.40277259,5.73600981,0.088475143,2.525832117,0.230854,57.77747734,0.854487128,32.44942536,43.41837416,2.800606,75.16955885,1.101916925,-0.122841964
Driver,104.5432176,1.477,-4.438,-1.929133858,46.948,-3.057,12.0,-0.456,3.981,155.5377595,1.4878,10.645,-0.982,2240.0,7.261,491.4200149,74.99051319,5.679601734,6.069671887,-0.098408555,1.149372645,0.082176469,254.5273743,7.74125383,31.3305537,65.75691077,6.019341612,286.9182225,10.29342454,36.30079156
Driver,72.71161417,-7.2,0.8,6.062992126,61.042,-3.896,36.302,-1.878,-2.599,88.04625984,1.2109,25.742,-1.084,9200.0,-2.557,205.593009,73.19650083,-6.593759136,5.863435013,-0.121396944,2.857730553,0.156474,106.1401791,-4.433484449,49.90703945,49.84007704,5.04347,107.6658267,-4.514964596,-7.279374151
Driver,89.02559055,-3.5,5.7,4.409448819,52.634,3.03,7.66,1.53,-4.17,129.4550823,1.4541,6.103,1.987,2140.0,-6.378,286.0509817,21.29754184,5.485595129,6.123675163,0.206797648,0.654141077,0.09851,157.3650661,1.251514397,14.64816748,69.43889917,3.537315,206.0108205,0.226868986,-12.61603132
Driver,108.5965462,3.915,-2.058,-5.157480315,44.957,1.871,18.29,1.94,3.998,162.6369005,1.4976,16.185,1.324,3530.0,10.546,550.2469521,159.7913304,51.01617773,6.161059284,0.153817791,1.81410241,0.0819,263.3498667,35.54825046,51.2893533,67.74558113,8.040882,273.8792759,37.74562667,88.52838762
Driver,97.577398,-1.0,-5.4,1.417322835,37.859,-7.247,21.108,1.176,6.63,133.8777291,1.372,17.921,0.135,4430.0,13.629,406.3100139,120.7848402,36.48614946,5.728546643,0.032919808,1.880958289,0.093636,200.0375737,28.19562252,49.6879583,61.19714265,6.867753,209.9223135,30.45798183,83.1867683
Driver,96.9488189,-2.2,-6.2,3.070866142,46.822,-8.903,18.726,3.719,10.019,130.4974946,1.346,16.131,2.385,3740.0,12.496,396.2252709,99.22295274,43.56780233,5.642460298,0.250132772,1.651226512,0.093558,199.6460535,30.70591777,44.44355039,58.76430888,6.433919,214.118027,34.15704764,67.41025088
Driver,109.1401217,0.6,-2.4,-0.787401575,42.021,-2.334,15.831,0.554,3.12,160.4661775,1.4703,13.796,0.066,3310.0,10.381,530.2404168,134.4722354,36.2426372,5.604019285,0.018657809,1.397154029,0.074565,255.0763749,27.4186805,48.34501051,63.7807032,7.614136,268.1289719,29.85462122,81.37961381
Driver,98.65112742,0.517,7.618,-0.669291339,49.01,8.067,11.279,-1.705,-9.323,143.2959019,1.4526,10.141,-0.69,2153.61,-27.97,380.2152569,47.00422914,-35.0499971,5.728600153,-0.087859484,1.023241925,0.083986,207.0673953,-31.59378093,23.27096034,68.82604652,4.679203,248.4825674,-44.30122958,-87.38124334
Driver,99.13206872,-0.9,5.3,1.299212598,51.736,4.466,10.719,7.423,2.123,147.6899159,1.4898,9.344,7.216,2050.0,0.512,429.2761435,55.53273854,54.23118748,5.745857681,0.722148465,0.95168731,0.08158,225.6660826,29.01779225,26.84406363,65.16513521,5.288976,261.1671519,33.69252909,2.031914151
Driver,103.7983178,0.421,4.44,-0.511811024,49.219,4.804,16.961,7.897,3.457,137.3657838,1.3234,14.788,7.421,3030.0,7.504,437.349785,94.85122606,71.13976545,6.36564699,0.830913623,1.702637674,0.099487,223.075718,42.23624877,40.34990934,60.83126741,6.47343,241.5710464,46.68652345,40.77410925
Driver,91.70544023,-1.3,-5.9,1.692913386,50.398,-7.087,14.075,4.827,10.769,121.0017001,1.3195,11.464,2.935,3840.0,2.34,344.6929161,58.83509692,21.14120299,5.821356642,0.300904167,1.195350467,0.101974,177.8987289,12.25061878,33.91477749,55.38686737,5.321351,198.9471876,14.03836112,9.441664861
Driver,83.3146922,-2.623,-0.675,2.677165354,55.994,-2.446,20.123,-4.254,-3.58,110.3201056,1.3241,17.176,-3.756,3270.0,-6.883,308.9740833,68.43669974,-28.57044742,5.913477586,-0.396260147,1.829846016,0.116712,164.8659954,-18.72082488,37.47327871,56.4023607,5.341422,184.5555005,-21.74875611,-23.85146256
Driver,95.91088046,3.305,8.023,-4.133858268,54.312,10.401,12.801,1.623,-6.401,142.9449266,1.4904,11.279,2.677,2610.0,-23.554,418.5111379,63.1692802,-17.86504051,6.072853896,0.263133489,1.21596854,0.089739,220.1732689,-23.29527971,29.60442075,63.11447516,5.474199,251.1426635,-31.61704111,-100.4862976
Driver,104.4380816,-1.3,8.1,1.771653543,50.7,6.879,6.771,0.531,-7.569,147.2525948,1.41,5.962,1.338,1610.0,-12.039,329.7333705,23.3827993,-0.481834674,5.90239801,0.130498922,0.61488962,0.083254,183.4426914,-3.585732063,13.54397979,80.67807387,3.573274,243.5729527,-7.506582649,-23.60217926
Driver,112.6655333,4.1,0.1,-5.039370079,48.826,3.441,12.771,-0.649,-0.749,165.3822924,1.4679,11.787,-0.582,2220.0,-1.517,552.4090644,100.9193596,-9.342116325,5.778112411,-0.059996147,1.217164667,0.073843,279.6472413,-6.013540394,37.49574913,65.94605419,6.843258,305.3280771,-6.842036024,-9.519991672
Driver,91.3833214,-2.058,5.543,2.677165354,53.061,3.994,12.222,-7.203,-12.746,112.0186113,1.2258,9.75,-4.921,3710.0,6.161,285.2655396,37.61868269,-17.60163214,5.914017173,-0.499587308,1.0237472,0.11129,151.3603528,-7.11973866,26.05620828,55.22112635,4.39051,178.9936175,-7.36380468,17.62842456
Driver,99.62195777,-0.928,6.014,1.062992126,54.62,5.355,9.448,0.176,-5.838,142.8091446,1.4335,8.184,0.9,2060.0,-19.92,364.2328768,36.68979044,-13.76321547,5.368845587,0.073758503,0.772674934,0.0783872,198.8378738,-15.31432911,19.57663958,70.83270067,4.33028,241.7735749,-22.94614857,-55.27911675
Driver,93.00957409,2.543,2.179,-3.228346457,51.847,4.179,11.702,-1.892,-4.071,132.8733447,1.4286,9.972,-1.107,2500.0,-12.985,365.6617613,46.77573235,-22.7486545,5.7283211,-0.120991331,1.009141429,0.090608,195.9106026,-18.25080415,25.03091328,63.27261307,4.844063,231.4756205,-24.33245613,-43.43683302
Driver,95.89969578,0.529,5.089,-0.669291339,50.604,5.523,15.844,4.105,-0.984,138.3688261,1.4428,13.607,4.255,3080.0,-5.131,439.4286449,89.53309603,20.81945829,6.0111304,0.440734765,1.468630241,0.092733,223.350746,7.317741587,39.16048348,60.29201817,6.375734,244.2242114,7.237560867,-27.79546618
Driver,103.2122405,0.005,2.026,0.0,46.404,2.03,18.154,10.452,8.427,146.3233715,1.4177,15.951,9.364,3540.0,16.227,473.1616824,121.8994693,118.7337499,6.376249104,1.058337292,1.855920008,0.0941445,234.0158442,73.38388712,46.24318575,62.74850606,7.13905,247.1954363,78.99718703,108.7522882
Driver,73.98443092,-1.972,3.985,2.440944882,50.568,2.362,3.564,1.725,-2.26,114.6962241,1.5503,2.938,1.981,770.0,-22.185,75.63601642,2.04503477,1.996888262,6.343256774,0.207172787,0.291832977,0.114275,48.50791458,0.903777861,3.471045418,99.37120832,0.931815,101.4244972,1.020937171,-2.319890688
Driver,101.6732283,-4.0,-1.4,4.409448819,46.594,-5.858,13.091,-0.526,0.937,148.0858536,1.4565,10.563,-0.577,3720.0,6.059,471.5213625,94.21964977,11.65484193,6.130983698,-0.064481385,1.169296573,0.087445,230.2988628,10.36385044,41.91352573,58.67724002,6.675346,246.8640415,11.90838301,38.04051695
Driver,92.7635111,-0.993,-1.125,1.417322835,50.742,-1.937,14.943,-2.804,-1.679,129.6096546,1.3972,11.112,-2.388,4956.87,25.476,341.9053085,60.26334664,30.42183154,167.8333436,25.38507409,7.632619098,4.50895,181.60246,29.80694667,31.10275896,61.53269504,5.03974,205.0741334,37.24872068,111.7354912
Driver,100.069345,2.822,5.379,-3.661417323,44.46,8.259,15.569,6.153,0.774,149.3799213,1.4928,13.91,6.048,2466.17,3.37,490.5089932,98.07929475,57.99788072,6.356525323,0.673118503,1.593492009,0.0908591,251.8825564,32.82872205,38.21019455,64.15212078,6.62994,265.9696636,34.98394643,19.00085524
Driver,86.97208304,0.945,-2.758,-1.181102362,48.715,-1.928,18.923,3.647,6.405,126.1202577,1.4501,16.12,2.588,3730.0,12.536,380.1684743,90.75878584,41.58868249,6.401433915,0.306820749,1.875158182,0.109892,193.9272509,29.43136496,42.29447642,58.28550055,6.1852,208.9193392,32.9637713,62.23869517
Driver,69.74767359,1.0,3.2,-0.708661417,42.072,3.646,20.566,1.645,-1.51,100.876879,1.4463,17.658,1.959,2921.81,-2.226,261.8937104,55.59047586,6.366670476,5.813812166,0.188458336,1.84085449,0.125839,143.7030381,2.79937278,34.51177294,55.23594858,4.75139,165.2893681,2.970846494,-6.341173483
Driver,77.8476199,0.798,-5.224,-1.023622047,48.627,-4.521,0.156,4.61,9.834,113.4741858,1.4576,0.239,3.344,1430.0,39.794,7.54438282,0.018117443,0.450303704,5.826491262,0.36207897,-0.005068333,0.105985,5.087479469,0.31286125,0.301971895,111.5813883,0.0924,64.60317024,4.206683314,0.048402209
Driver,95.95785612,-1.7,-4.3,2.244094488,52.011,-5.865,6.186,-2.484,1.899,135.3657391,1.4107,5.165,-2.725,1410.0,-7.522,236.2473555,13.04962073,-13.72583273,5.836667691,-0.281869809,0.519481482,0.089402,137.5664038,-9.163395195,9.364197633,86.79572053,2.646983,205.7728196,-15.06802238,-7.882009803
Driver,71.79894417,-1.791,8.111,1.57480315,65.407,7.291,27.864,1.586,-6.524,94.26919291,1.313,23.118,2.775,4550.0,-9.171,240.8738775,71.13009136,1.457590734,5.805719615,0.264192867,2.480480977,0.14018,128.9563269,-2.303311247,43.61525667,53.36102197,5.082403,140.9404176,-3.046828119,-25.62869995
Driver,117.3138869,-0.165,6.155,0.236220472,51.912,6.025,9.71,-2.004,-8.159,164.5747584,1.4029,7.942,-0.515,3759.29,-4.723,518.4374832,94.87420423,-13.94223933,256.1758533,-5.480490429,-3.092883416,6.69959,252.3263113,-5.48547373,39.14465689,63.5988301,6.53959,272.0345891,-5.429174792,-9.653392036
Driver,102.4181281,2.5,2.1,-3.070866142,48.458,4.277,13.901,0.699,-1.401,150.6294739,1.4707,12.289,0.963,2430.0,-8.459,483.8695176,84.9775159,-9.265199582,5.945102362,0.09320626,1.303753927,0.083632,249.9638166,-10.72986788,34.85922039,64.26128645,6.29845,277.4594019,-13.5087899,-44.77666294
Driver,97.85701503,3.183,2.001,-4.212598425,43.812,5.324,20.688,4.414,2.413,143.9318629,1.4708,18.623,4.109,2980.0,7.449,478.4099949,133.8809671,52.56135261,6.062456026,0.443097599,2.071304358,0.0922765,239.2505876,33.20419418,47.46565896,65.35389889,7.34092,246.592796,34.56888001,48.42436545
Driver,91.31173944,5.421,-5.482,-7.283464567,57.835,-2.06,15.989,-6.598,-1.116,132.5890301,1.452,13.293,-6.305,3568.99,-3.779,410.2064869,85.05749805,-52.13286648,6.188207232,-0.684145523,1.487101322,0.0995688,207.31554,-29.33771962,39.92295896,58.19058964,6.21577,223.9656109,-32.1396337,-19.86533607
Driver,104.6416428,3.9,4.7,-5.157480315,48.527,8.162,16.799,3.02,-1.68,154.3837241,1.4754,14.865,3.4,2990.0,-10.241,520.0464144,123.0635148,0.65234253,5.880632903,0.339563169,1.576493827,0.08169,258.4679401,-8.43072118,44.43028383,64.42617414,7.314467,275.5310015,-10.26807625,-71.2095638
Driver,81.8785791,-2.414,-0.452,3.070866142,50.064,-2.474,17.084,-0.536,-0.085,120.1782838,1.4678,14.789,-0.526,2740.0,-0.158,346.855504,65.35999615,-3.335472833,5.443817388,-0.050097858,1.441126265,0.097024,185.6339923,-1.894474992,33.59444238,59.14205385,5.38013,208.9430884,-2.15447719,-0.570922882
Driver,115.3543307,-1.7,-3.1,2.204724409,48.431,-4.649,14.468,-0.536,2.564,167.035612,1.448,12.146,-0.893,4080.0,3.681,550.0289837,146.8271365,6.296506506,3.701089119,-0.058006,0.808884332,0.046786,258.354152,6.553063345,51.28524347,64.75580874,7.909438,267.8981486,7.064862013,31.73238771
Driver,96.96895132,-0.055,-3.056,0.078740157,48.146,-3.105,12.254,2.028,5.084,134.0835272,1.3828,8.62,0.497,5235.23,21.594,367.621149,63.18672484,55.63665474,183.3685714,42.30687136,-4.237823096,5.73783,178.235565,39.93294584,38.28502822,51.37001777,5.46783,191.3543548,45.91126773,115.2740977
Driver,102.2995705,2.406,1.466,-3.228346457,47.457,3.676,15.96,0.833,-0.634,149.6445508,1.4628,14.038,0.926,2860.0,-4.959,496.8537558,107.4925904,-4.776093888,6.020586596,0.092709571,1.51968522,0.085976,249.9944222,-6.35784132,41.57885652,63.12445905,6.936521,269.7171221,-7.566157106,-31.18762623
Driver,98.50348962,-7.512,-4.387,10.31496063,49.623,-10.826,9.813,3.113,7.5,144.9460898,1.4715,8.208,2.405,2520.0,15.588,411.0535299,46.86961566,39.68298898,6.371351093,0.281004016,0.927550003,0.0919036,215.6887587,29.00359535,24.14855781,64.63126617,5.02845,250.0548251,37.05982191,60.0280127
Driver,96.40076951,1.539,-0.128,-1.850393701,53.517,1.01,15.234,9.136,9.265,136.2893701,1.4138,12.841,7.448,3924.44,20.691,388.3579334,78.91376936,96.67708294,180.6829987,55.52685829,13.03938009,4.8966,200.99506,64.45405583,36.67725794,61.68735138,5.72689,222.0253574,73.52250332,117.6958238
Driver,110.0706872,5.457,1.317,-6.771653543,46.637,6.493,16.698,1.698,0.381,154.6425376,1.4049,15.299,1.649,2150.0,1.865,518.6130994,111.3502608,18.73487512,6.123256399,0.177860253,1.692892254,0.085023,267.7107923,11.29013595,39.60297669,67.16323052,6.88752,281.4767993,12.03346473,10.76559872
Driver,88.57820329,-1.298,7.737,1.57480315,58.806,6.951,15.944,-3.395,-11.133,122.9596904,1.3882,13.816,-1.947,3110.0,-27.489,335.6273281,58.70326067,-46.0778251,6.229681607,-0.243807686,1.531981605,0.10836136,179.6188327,-38.39842868,31.39856871,58.7543762,5.079038838,205.4980349,-48.65000592,-97.24434975
Driver,98.72047244,4.7,8.1,-6.25984252,48.109,12.351,12.937,-0.631,-8.731,144.028946,1.459,11.783,0.641,2420.0,-39.604,376.5422841,54.59580991,-43.56538319,5.871561238,0.034527482,1.223099141,0.086251,202.8020388,-43.45025755,27.11665814,65.05766338,4.854426,236.2913075,-59.347377,-136.9910009
Driver,106.880816,-5.342,-0.85,8.031496063,42.681,-6.669,9.39,0.668,1.518,155.9296707,1.4589,6.712,0.388,4169.21,8.695,464.09662,80.42543972,37.67688588,163.2597569,14.61069189,26.15626964,3.87957,214.4633141,24.46734739,43.27215271,53.90824125,6.35515,226.8768889,26.84497849,69.07188165
Driver,26.09386185,-6.2,-1.6,4.921259843,71.5,-4.256,43.252,-2.298,-0.624,28.41759127,1.0891,29.535,-1.963,3840.0,-0.505,24.92031087,7.095010709,-0.873637903,5.934169805,-0.216536621,2.20378313,0.508702,15.57302022,-0.573536625,32.35739025,25.73440778,1.39271,21.71692392,-0.802599368,-0.12036593
Driver,89.79062276,-3.3,-6.1,3.858267717,54.367,-8.719,5.727,-5.065,1.152,129.9550376,1.4473,4.458,-5.225,1650.0,-9.27,205.5135987,9.677234313,-21.23345751,5.945583041,-0.547480814,0.454488043,0.094811,120.3968036,-13.65588372,7.877074156,86.34076258,2.358797,188.4344127,-22.97960216,-8.117120772
Driver,99.28194345,0.8,-5.4,-0.826771654,47.762,-5.348,3.603,-12.44,-6.902,138.6428508,1.3965,3.041,-11.159,2040.0,-18.151,234.2882181,8.503857752,-52.03333387,5.809545967,-1.127686434,0.307851662,0.086725,130.8514953,-31.99216227,7.000210747,85.26273344,2.495753,194.7762948,-51.24141439,-20.49560833
Driver,80.898801,-3.107,0.622,4.173228346,49.812,-2.006,16.894,5.718,5.096,110.0814245,1.3607,13.817,4.895,3473.33,20.559,280.9684233,53.53717675,49.69338432,150.3677724,36.28538783,-3.320944418,4.9666,145.7653945,34.45139923,35.1180812,53.34765466,4.7466,164.1563073,41.71240282,66.71994462
Driver,98.30440229,0.629,3.09,-0.905511811,43.424,3.755,13.123,5.757,2.668,139.8962062,1.4231,11.385,5.376,2470.0,0.895,423.5140983,65.70666727,40.64415892,5.963684239,0.559461642,1.206977944,0.09006,222.1857579,22.09536121,30.68989603,62.79741856,5.628346,252.5698481,25.29248967,3.853469971
Driver,92.04545455,-5.18,-1.205,8.031496063,38.325,-7.79,12.616,4.292,5.497,126.8269059,1.3779,9.16,3.197,4557.22,3.435,365.2469255,67.66278874,38.4420271,169.0622042,24.79138817,4.808300805,5.41213,174.7368733,26.33230157,41.99173237,50.23185065,5.72059,186.7860106,29.50473481,49.97300094
Driver,95.01386901,0.259,3.4,-0.354330709,46.175,3.648,14.632,2.525,-0.875,137.4930655,1.4471,12.026,2.689,3564.56,-5.187,430.341255,84.22782444,7.911225756,5.987527506,0.2750997,1.294423782,0.092424,215.8188163,0.548303051,39.3443811,58.40700954,6.286594,234.4007568,-0.125406284,-28.73201405
Driver,100.351199,-0.37,-5.411,0.511811024,50.378,-5.718,16.758,-1.011,4.4,140.6428955,1.4015,14.423,-1.641,3370.0,9.213,451.0614691,102.405739,10.07156641,6.108444336,-0.164510682,1.589308127,0.093122478,225.844014,11.89825563,42.68325414,60.66386667,6.703842566,243.2066303,13.97230366,55.05562551
Driver,103.0959198,-2.255,-0.905,3.228346457,46.094,-3.077,17.181,-0.562,0.343,150.0404885,1.4554,15.232,-0.599,2903.53,7.032,457.2115921,126.1180659,15.09829385,206.4724335,9.540705773,3.242868014,7.05735,208.792149,9.686457338,54.60451918,56.10516094,7.20384,217.3796896,10.22728667,35.59908039
Driver,104.8519148,-3.307,2.249,3.74015748,52.092,-0.33,13.852,-0.215,-2.464,157.1391822,1.4987,11.944,0.069,3009.01,-8.039,526.2712293,105.0796893,-22.16193716,5.51686601,-0.000238241,1.192137266,0.0742791,260.6090029,-17.91799253,40.78808415,62.39860503,7.02075,271.9051071,-19.39820559,-54.69324679
Driver,103.0377595,-2.675,2.77,3.228346457,48.2,0.376,14.072,3.715,0.945,154.2349678,1.4969,12.123,3.601,2990.0,2.065,514.9541439,102.8479128,37.32978432,6.469295949,0.408719314,1.420777212,0.0889918,255.9135997,20.60170666,40.56434096,62.15364573,6.94207,274.7650947,22.41469107,13.6193807
Driver,115.5668397,-1.568,3.168,2.047244094,50.8,1.888,12.909,4.678,1.511,166.1276396,1.4375,10.476,4.418,4036.8,1.816,544.903172,118.1730214,50.82644276,262.7590346,28.2961294,4.917098693,6.97207,268.2578689,29.03110486,41.83936481,65.4921373,7.20203,285.6984192,31.38738338,25.2050936
Driver,100.7113457,-0.37,6.261,0.472440945,51.614,5.968,13.013,4.289,-1.972,139.4213046,1.3844,9.816,4.771,4473.0,-5.378,428.1227232,82.0695965,21.09972422,5.019637003,0.412891203,0.894234213,0.0756224,209.689504,6.91582226,40.40128924,56.42042129,6.26886,223.9835167,6.780848879,-31.61776297
Driver,104.6080888,-0.821,3.417,0.905511811,56.473,2.873,17.334,3.334,-0.083,153.8918218,1.4711,15.194,3.345,3270.0,-0.253,519.2691573,133.0466757,28.49210718,6.366364838,0.371094448,1.770892996,0.0890231,253.8342066,14.19083974,47.38853377,64.76830566,7.51899,261.2041028,14.58993131,-1.8627562
Driver,99.96197208,-0.016,8.106,0.0,51.604,8.093,12.777,1.626,-6.48,143.7215909,1.4377,10.142,2.997,4221.0,-17.917,440.5842178,82.38989436,-23.30687476,5.528212981,0.271423596,1.015174277,0.0809472,216.7246717,-24.41056419,39.25082722,57.1725534,6.27869,232.3536629,-28.4915604,-106.9086981
Driver,93.06997137,-1.957,-1.758,2.834645669,46.576,-3.611,19.365,6.113,7.87,121.125179,1.3014,15.408,4.558,5079.9,19.153,329.2295251,79.98674296,62.58788389,164.8020799,43.23844664,0.516917037,5.61213,165.2460859,43.41860028,43.28026708,54.23849877,5.63537,176.6334794,48.11677227,91.83262665
Driver,95.76995347,-3.604,-9.924,4.527559055,48.144,-13.159,18.457,0.399,10.323,131.4126253,1.3722,17.104,-0.283,1958.45,16.42,393.3389669,81.20238706,19.14634387,6.246188594,-0.016560108,1.920392004,0.10302,214.284713,18.97779513,34.5420219,65.68264603,5.69742,241.525713,23.77731866,60.09543879
Driver,77.65748031,-5.899,-5.958,5.275590551,64.394,-8.796,25.295,1.576,7.534,81.41799392,1.0484,17.514,-0.483,6459.13,8.431,169.517437,34.79025447,3.142333897,6.021306973,-0.033381927,1.880128021,0.1626296,95.04024931,3.496511791,31.82787878,47.83061972,3.668838485,109.5535553,4.579334229,12.89105795
Driver,104.8295455,0.1,6.5,0.0,50.355,6.496,11.675,4.174,-2.326,153.6963135,1.4662,10.236,4.572,2240.0,-9.745,475.3694009,68.50056253,20.09283219,5.827427028,0.457643271,1.05927863,0.079694,247.9236257,4.513718795,29.69088196,66.00077782,5.799854,281.9649022,2.96666967,-45.77941864
Driver,85.24740515,-5.243,6.053,7.086614173,50.615,1.732,2.211,2.247,-3.806,126.4569166,1.4834,1.324,2.699,1250.0,-0.851,68.38421183,0.852444282,3.197705855,5.872399222,0.276070266,0.121970248,0.095836,43.33448555,2.013246589,1.692690694,110.2201241,0.751058,115.2436648,5.306680173,-0.082085021
Driver,98.28426986,3.9,7.5,-5.236220472,46.695,11.101,14.931,3.781,-3.719,142.8004205,1.4529,13.193,4.436,2600.0,-16.353,440.6536533,83.37180392,1.247329842,5.942904623,0.444661376,1.402951005,0.088633,226.6473713,-10.33922192,36.69783216,60.90293804,6.169158,249.8017333,-14.14017255,-83.46044751
Driver,96.35155691,-1.332,-5.177,1.614173228,50.834,-6.262,15.212,-1.654,3.523,136.58733,1.4176,13.066,-2.13,2977.69,2.19,427.978846,81.66910806,-11.23770596,5.821977992,-0.214272364,1.362142568,0.090721,219.3262733,-4.452706117,37.04760473,60.06854128,6.146725,241.663863,-4.562163023,11.10113736
Driver,99.45418754,3.9,4.9,-5.157480315,47.018,8.387,14.377,0.184,-4.716,145.5898801,1.4639,12.788,0.973,2510.0,-20.034,444.9968013,80.43381908,-30.81201742,5.802183555,0.081815101,1.325138827,0.084679,229.9104694,-29.53543412,35.25783688,61.6423599,6.067604,254.7306498,-36.32392046,-100.2089697
Driver,96.59985684,4.51,2.725,-5.472440945,47.769,6.831,15.072,9.745,7.019,135.2603794,1.4002,12.021,7.656,4920.13,17.264,383.6503617,76.20994213,89.49237221,179.8055909,50.35089494,11.65864695,4.88004,197.6634287,57.16187333,36.70325164,61.9574624,5.60817,217.2337722,64.53059051,94.3312936
Driver,94.97584109,2.7,-8.3,-3.070866142,50.372,-6.174,22.395,3.283,11.583,130.7500447,1.3767,19.377,1.315,4570.0,19.8,379.7332383,119.9287359,57.12910289,5.762275597,0.16164329,2.057796829,0.097454,186.9677827,42.67390006,50.6937574,60.35995125,6.724052,195.8364466,45.80237632,115.4555457
Driver,106.1627595,-1.251,4.042,1.614173228,46.509,2.856,15.118,1.078,-2.964,153.5773085,1.4466,13.823,1.323,2008.96,-6.569,498.1798387,93.59946283,-1.328976982,5.512442712,0.122982152,1.366845439,0.0764027,260.8646845,-5.106781013,35.43101815,67.37312677,6.38953,287.9113357,-6.728464714,-33.38183973
Driver,90.09708304,-1.7,2.9,2.480314961,45.712,1.258,19.898,1.647,-1.253,121.0598604,1.3437,16.393,1.972,4220.0,0.911,350.7784596,91.23122375,13.50253286,5.796235648,0.200803882,1.73172583,0.104029,176.3516775,7.541988015,45.49842915,56.29437688,6.118645,188.5105789,8.133815017,4.423855884
Driver,103.722262,2.184,5.314,-2.677165354,51.195,7.072,16.721,3.652,-1.662,151.2940676,1.4586,14.685,3.895,3080.0,-8.469,505.0962053,118.766947,9.645743633,5.871331549,0.39097815,1.554989534,0.08318,250.7639804,-2.069678161,44.22379242,63.44551347,7.192246,267.8739008,-3.271245494,-57.29480938
Driver,105.021922,-1.31,2.82,1.732283465,43.2,1.425,11.533,2.084,-0.736,154.1777022,1.4681,8.934,2.236,3984.58,-3.24,501.5455832,94.96270427,9.020993528,6.159961304,0.236455727,1.008224818,0.0838718,241.1028377,1.837658509,41.75062749,58.81133127,6.8213,250.4166095,1.656732263,-22.71075911
Driver,93.09457767,2.1,2.9,-2.755905512,45.556,4.884,12.642,-0.073,-2.973,133.1623568,1.4304,10.762,0.457,2580.0,-9.676,382.5950372,56.61091928,-11.38835164,5.672024443,0.036944133,1.084505235,0.089835,200.5439405,-11.13150434,29.79941475,59.72006958,5.298841,229.1660815,-14.56751617,-38.18471035
Driver,115.3006442,1.6,0.0,-1.653543307,51.278,0.908,16.655,2.172,2.086,155.6820419,1.3502,14.398,1.816,3520.0,-10.408,511.8902712,132.3471966,-18.05569752,3.437584661,0.107126093,0.890577288,0.047027,247.8509321,-18.06309784,48.23194237,63.7286206,7.487128,260.5229245,-19.9605772,-77.66251142
Driver,101.8029707,-3.712,-9.082,4.881889764,46.351,-12.631,16.089,5.847,14.929,142.6979689,1.4017,13.014,3.396,5499.93,25.522,414.9083265,99.57066274,91.57861817,6.168771347,0.403912679,1.461144521,0.092431936,203.3033184,64.20318319,44.81649393,57.80916685,6.456753579,214.5494171,70.00259789,157.9911532
Driver,95.19506084,-6.312,-2.868,12.00787402,31.751,-13.165,6.043,-1.322,1.546,132.6152022,1.3931,3.994,-1.579,2719.19,-6.762,297.3096202,17.96303632,-16.2495699,167.1694457,-12.73370985,-4.5262717,4.0011,153.2021282,-10.96422327,14.94742858,62.77124713,3.5111,193.1406904,-15.81584231,-20.24808075
Driver,76.35782033,3.813,1.768,-5.236220472,55.056,4.437,14.387,7.964,6.196,110.8486936,1.4517,13.119,7.195,1620.0,20.272,243.2753595,33.27504226,38.95080578,5.446359992,0.694833537,1.247268981,0.104312047,142.9783575,27.35083426,21.10374106,68.19231304,3.617386815,186.7334388,38.65292222,28.67581194
Driver,103.7714746,3.802,3.111,-4.409448819,49.669,6.345,14.256,0.154,-2.957,151.022951,1.4553,12.999,0.521,1960.0,-10.132,473.6430251,81.41185592,-12.91134348,6.184915021,0.048294718,1.43625761,0.0869558,250.7066292,-13.11903835,32.55122605,67.54765702,6.0014,280.8793607,-16.51597896,-46.18517431
Driver,92.62258411,-2.43,7.239,3.188976378,46.311,4.915,13.268,8.771,1.532,136.4839835,1.4735,11.41,8.584,2530.0,5.489,406.0146252,62.23415131,68.20797294,6.137747603,0.920966945,1.246912189,0.0949916,214.0848036,39.37497701,30.10329016,62.11795974,5.49086,233.3753413,43.59204078,22.57464981
Driver,98.88600573,7.87,5.01,-8.188976378,63.924,8.888,12.638,-0.574,-5.584,142.0915354,1.4369,12.059,0.119,1256.58,-24.887,337.9827534,39.90102985,-23.56746074,184.7895691,-24.13496564,2.138708702,3.86344,190.8885467,-25.80133138,19.84457683,77.29080633,4.03535,240.4451561,-39.64103003,-78.58230473
Driver,96.8503937,-3.1,1.3,4.173228346,49.956,-1.486,14.128,2.15,0.85,140.2375626,1.448,12.02,2.119,2940.0,-0.567,437.8786362,82.29444701,14.66743207,5.883345284,0.216976789,1.267667353,0.088979,220.9528752,7.154079733,38.08820859,58.83316782,6.251628,241.698767,7.738618548,-3.048848048
Driver,81.51843236,0.518,4.127,-0.62992126,54.21,4.501,12.337,7.39,3.263,121.9501611,1.496,11.31,7.099,1290.71,10.01,271.7687702,32.42717926,37.94881807,5.206534513,0.648343405,1.027217178,0.089890539,158.8401577,24.47960924,19.04882564,73.99668758,3.633766203,209.5454763,33.8516756,14.68903741
Driver,97.09869363,-2.5,-3.1,2.834645669,51.647,-5.226,16.08,-0.431,2.669,142.4635379,1.4672,14.08,-1.029,4340.0,4.878,444.1561661,116.8748086,8.904576682,5.716408384,-0.067936823,1.463703749,0.086001,215.2108306,8.102660717,48.5353888,60.47741123,6.998566,226.0967322,8.892940213,35.89041485
Driver,97.78767001,1.9,-5.5,-2.283464567,47.67,-3.941,19.969,-2.517,2.983,136.7295991,1.3982,16.442,-3.256,4858.67,6.944,406.5897834,123.9197351,-2.127358594,6.012491783,-0.330533766,1.816031929,0.09566,196.1089777,3.722109564,51.81810025,60.84819308,6.949661,203.9018344,4.223572213,44.55768801
Driver,107.2141195,1.637,1.001,-2.086614173,47.392,2.507,16.182,0.305,-0.695,155.6728704,1.452,14.431,0.393,2710.0,-1.727,528.5190973,118.5056611,-1.19253667,6.343709068,0.041571934,1.662071212,0.087277,264.7129533,-2.054883421,42.6958349,64.73343459,7.22979,282.7284122,-2.416317669,-11.61141118
Driver,96.875,1.69,4.454,-2.086614173,50.474,5.848,13.278,6.194,1.741,144.9516822,1.4963,11.588,5.934,2460.0,-0.494,452.4027206,73.62955972,45.24592609,5.880213824,0.607483239,1.213362099,0.085738,235.0773902,23.51983145,32.4991025,63.23063809,5.933584,263.9932355,26.31760386,-2.361618643
Driver,87.91607015,-0.015,7.877,0.0,55.648,7.867,6.451,-3.825,-11.703,127.1315766,1.446,5.586,-2.231,2280.0,-36.207,209.4749265,12.33656629,-20.18433287,6.036527382,-0.26310922,0.578458412,0.098699,121.8852506,-17.55063888,9.781029707,79.82712263,2.528099,182.7606286,-33.33980051,-38.52593369
Driver,95.85719399,1.543,3.901,-1.850393701,48.722,5.256,16.97,4.299,0.398,128.1554223,1.3369,14.959,4.244,2560.0,0.929,386.5485054,75.14799429,29.46876173,6.358206283,0.471570468,1.706582589,0.106522,205.1218216,16.44997918,35.00650594,61.1116055,5.75072,228.4994869,18.45808728,3.821753735
Driver,94.29581246,0.0,-5.4,0.157480315,43.219,-5.946,20.067,3.503,8.915,136.3455172,1.4459,17.089,2.191,4424.37,14.628,413.2936883,119.4980638,53.2439999,6.130584384,0.244772369,1.91862268,0.098056,202.9844021,37.6907309,49.29705119,60.30555615,6.910722,213.0419223,40.5431628,90.11359352
Driver,95.57310308,-0.917,-3.541,1.25984252,47.454,-4.382,23.752,6.218,9.759,127.1883948,1.3308,19.971,4.567,5150.0,13.611,372.0946575,120.8148975,60.67458745,6.139485169,0.512739395,2.269467086,0.1073352,183.6368128,40.0050634,51.12332338,60.89602612,6.691874436,191.4575611,42.32584285,76.82154666
Driver,99.41839656,0.362,4.444,-0.472440945,47.778,4.773,15.599,5.277,0.833,146.0954277,1.4695,13.569,5.162,2950.0,-2.421,478.6096908,100.0179465,36.2425133,5.890150372,0.527709893,1.435444112,0.085975,241.0945023,16.86120166,40.51567142,61.92105108,6.73016,261.5066301,17.93118439,-14.53751951
Driver,83.75760558,-6.105,-8.863,9.527559055,38.887,-16.483,15.753,-6.483,2.38,112.0964567,1.3383,10.77,-7.045,5575.24,20.288,270.0208429,43.44432543,-6.512767071,149.3643816,5.56616386,-3.228321006,4.52822,143.8587548,4.538476425,29.47139339,57.37687744,4.29822,165.1073861,8.399941373,66.41861898
Driver,100.317645,-5.791,-0.75,7.637795276,48.354,-5.925,12.516,-3.24,-2.49,136.3696761,1.3594,8.745,-2.716,5152.05,-4.991,405.184478,74.6332743,-31.276106,5.044459556,-0.243831637,0.806133748,0.0774959,197.9669403,-18.65552986,39.607936,54.82860182,6.01492,211.218866,-20.42537887,-27.88673331
Driver,112.1443271,5.3,2.9,-6.062992126,52.136,7.076,17.558,-2.127,-5.027,163.9540086,1.462,16.223,-1.561,3170.0,-13.093,557.9120406,155.0058881,-60.33716737,5.86849293,-0.170173968,1.727517842,0.077306,269.9960241,-42.9835865,49.71356336,67.53493396,7.988432,282.2661228,-46.08127323,-107.1192547
Driver,97.67582319,-1.145,0.184,1.456692913,47.599,-0.862,17.334,-7.747,-7.931,137.015927,1.4028,15.008,-6.691,3453.42,-22.572,419.9565677,92.8135268,-95.34156822,6.23626172,-0.753264042,1.693125663,0.0978248,213.8076235,-65.0112913,40.44454801,59.74014828,6.33011,224.235949,-69.88482301,-122.5088816
Driver,102.5858984,0.9,9.1,-0.984251969,55.19,9.737,8.087,3.209,-5.891,148.9634037,1.4521,7.273,4.01,1560.0,-21.008,348.9620729,29.73355885,8.76653497,5.762324886,0.39102055,0.732763717,0.080543,194.705481,-1.521439113,15.92473404,79.45929755,3.842388,251.7921268,-6.702538465,-45.39949809
Driver,81.42448103,-0.3,4.3,0.551181102,58.609,4.012,8.583,-0.918,-5.218,109.6481299,1.3466,6.715,0.232,2350.0,-5.867,204.5631033,15.11137009,-1.597959018,5.90689464,0.018259808,0.68494937,0.112404,117.1332671,-2.017733951,12.98497433,66.29599361,2.901509,163.8609349,-3.88632694,-7.475812598
Driver,100.2661954,-0.527,3.753,0.669291339,45.824,3.241,12.913,1.083,-2.67,148.8994273,1.485,10.983,1.477,2910.33,-11.055,476.1217773,81.23434585,-12.92456146,5.331354165,0.129291112,1.050638773,0.0754205,240.8241678,-14.57916781,35.46626146,61.03901327,6.3064,263.0727467,-17.79047037,-62.3110201
Driver,85.74176807,6.462,13.133,-6.771653543,56.17,17.487,13.372,2.185,-10.948,130.8511543,1.5261,12.576,3.505,1965.0,-44.435,298.4022406,40.31154189,-9.682187729,5.487072771,0.311133458,1.211025062,0.0887296,171.2521848,-18.99423145,22.00883669,71.72575488,3.92155,212.6957643,-31.56185269,-88.09115205
Driver,87.15103794,0.595,-2.284,-0.787401575,52.004,-1.82,14.77,4.549,6.833,124.394014,1.4274,13.263,3.792,2070.0,16.996,330.1970414,50.69364834,37.00752812,5.06643067,0.345172071,1.188132344,0.086500707,183.634064,27.31964776,26.41243712,65.021363,4.674180641,219.9067516,35.77321708,45.75127885
Driver,100.5860773,9.758,10.281,-11.69291339,53.102,17.699,11.208,3.428,-6.852,143.4460004,1.4261,10.946,4.724,1850.0,-47.685,320.9154374,38.00649976,-4.512593347,5.835342482,0.45197733,1.115921862,0.085645122,183.1550262,-17.05966854,19.83259696,76.86969973,3.819978604,233.9618269,-31.87419564,-96.06015758
Driver,116.4012169,-0.908,-2.058,1.377952756,38.566,-3.197,15.719,0.084,2.142,164.4682802,1.413,13.499,-0.214,3656.98,0.776,558.4333325,146.3992927,0.919315488,6.08667855,-0.021955146,1.487893703,0.078971951,266.0531765,1.190212596,49.77501109,65.76918583,7.904541045,277.6604593,1.309678528,6.551705635
Driver,100.2505369,0.0,-6.4,-0.31496063,38.71,-6.753,19.495,1.529,7.981,143.3377326,1.4298,16.742,0.321,4240.0,8.464,448.6217649,134.6254849,28.35913404,5.941003106,0.044477415,1.819634647,0.090089,216.5450309,20.84121224,51.42536663,63.20928793,7.29232,225.6473867,22.22787676,58.89998521
Driver,92.57337151,1.149,1.581,-1.535433071,46.613,2.668,9.386,-3.446,-5.027,141.2457498,1.5258,8.444,-2.861,1550.0,-31.088,308.4055332,28.56514222,-33.191773,6.221739858,-0.329599303,0.914932457,0.0919816,176.412465,-27.07919694,15.970053,79.4691705,3.57301,218.1624471,-38.09390518,-55.03350411
Driver,87.96975662,2.803,-4.146,-3.858267717,47.297,-1.556,21.144,-1.505,2.641,126.6651754,1.4399,18.24,-1.952,3690.0,6.604,389.4675998,106.2171461,1.47164375,5.824324907,-0.190116772,1.937856556,0.100715713,196.7929781,4.920783982,45.97226897,60.04291598,6.525603437,210.7193291,5.849364227,34.85712495
Driver,89.15309592,-4.6,-1.2,3.858267717,56.981,-4.85,23.189,2.253,3.601,121.623121,1.3642,17.608,1.496,6790.0,5.183,337.0069018,101.6473451,19.54468558,5.845069482,0.159162183,1.899246776,0.105498,167.1251638,12.97260132,49.63359046,57.21569317,6.222002,173.0326101,13.61454173,25.85454204
Driver,89.29625984,-0.2,0.2,0.472440945,61.491,-0.345,21.97,4.475,4.192,108.2386364,1.2121,17.429,3.46,4960.0,8.097,291.869171,72.98397594,29.51028826,5.837134272,0.375348282,1.852902613,0.118047,150.9926363,19.44481167,42.46851552,52.72363627,5.467985,162.8881488,21.5732265,31.11775466
Driver,104.1360952,-1.526,0.537,1.929133858,53.291,-0.601,12.266,-4.255,-4.792,146.2703561,1.4046,8.655,-2.973,5552.16,1.92,439.3089475,58.97114658,-21.75754065,223.306042,-12.43999972,0.014377551,5.30526,223.1007335,-12.42554715,28.79484481,66.77406809,5.29808,251.4398789,-14.42356431,-2.566753514
Driver,109.9521296,0.857,0.916,-0.984251969,56.053,1.493,23.511,0.003,-0.913,147.7816303,1.344,20.019,0.156,5127.0,-1.413,455.2093266,171.9187078,-3.904348064,5.555702944,0.012877441,2.079566592,0.0830976,212.6616864,-3.078523379,57.78614278,69.66873758,7.80254,215.7328041,-3.146365452,-10.97240236
Driver,110.7037402,0.836,-0.374,-1.023622047,48.411,0.368,12.188,-0.245,0.129,160.2491947,1.4475,10.706,-0.262,2360.0,-3.855,524.2892889,85.28861669,-11.10330526,5.760078074,-0.029050396,1.099104563,0.075668,267.3568444,-8.576173444,34.09411092,65.14597809,6.433252269,296.369994,-10.30040472,-22.0624734
Driver,96.63564782,2.332,2.601,-2.716535433,49.8,4.574,13.891,2.93,0.329,131.1936292,1.3576,12.403,2.887,1940.0,1.036,363.0910708,53.76121047,19.15691279,6.147232547,0.31038013,1.348999122,0.0992566,199.8658871,11.09438064,26.5458495,66.50034325,4.8995,234.5992916,13.20233118,3.08792395
Driver,84.86041518,-1.3,8.5,1.732283465,57.621,7.586,0.786,-11.701,-20.201,103.2780064,1.217,0.538,-9.344,2280.0,-6.774,25.92693946,0.130107474,-4.249601168,6.093154114,-0.995742115,0.03940328,0.122098,16.79227417,-2.778625192,0.651852336,96.2683279,0.344202,73.07103942,-12.27841817,-0.158760003
Driver,112.5738189,-0.329,2.312,0.433070866,48.31,2.019,12.947,0.443,-1.869,161.4696671,1.4343,11.329,0.677,2620.0,-7.879,540.4177488,97.7535203,-14.35600397,6.231051904,0.066075629,1.272910988,0.0815158,271.1672573,-13.74154105,37.6162711,63.83414258,6.83706,285.4691396,-15.3156743,-50.82141046
Driver,102.2033822,-2.77,3.793,3.74015748,42.24,0.738,12.197,0.767,-3.025,151.2376969,1.4798,10.573,1.105,2488.56,-11.285,473.8497797,72.6833245,-12.97256764,6.378390985,0.112564969,1.205171421,0.0888296,244.423404,-14.24031286,31.69509045,63.59535281,5.98336,263.6114402,-16.87368906,-56.82986483
Driver,87.87804223,-4.354,-0.891,5.393700787,50.858,-4.445,6.883,1.199,2.091,128.7506711,1.4651,5.346,0.911,2000.0,6.869,246.9258797,14.82728593,7.041627245,5.831145767,0.097576772,0.54040741,0.094035857,140.0359514,5.363658163,10.77551785,77.39698537,2.94068926,199.1330201,9.058646947,9.414429644
Driver,101.0983357,2.3,1.3,-2.362204724,61.028,2.663,11.689,-9.267,-10.65,134.4890838,1.3303,10.584,-7.969,2250.84,-17.543,365.1648244,48.36344023,-70.03859137,5.455484387,-0.768378717,1.019698237,0.085369,197.4776557,-45.94622143,25.34460454,64.39136708,4.824809,233.5000786,-57.8798871,-56.62828123
Driver,78.82963493,-1.292,2.027,1.377952756,56.507,1.172,35.615,0.098,-1.929,74.08442198,0.9398,26.258,0.68,6864.95,-2.084,157.4695767,48.27626791,0.673802556,5.777334829,0.063646136,2.810820044,0.183238,87.59228945,0.016711531,41.52553735,47.26691424,4.019281,95.58661987,-0.042523509,-3.068494321
Driver,83.29455977,-0.872,5.057,1.102362205,54.785,4.442,6.759,7.398,2.34,111.0775322,1.3336,3.27,6.323,4023.65,25.606,145.4306525,5.029317014,23.01323575,98.78343412,21.03233882,-2.346019639,2.37226,82.88189648,16.14551035,6.237581437,72.92634688,1.90226,130.3422724,29.81324788,21.28231861
Driver,87.1734073,4.025,-0.015,-5.94488189,49.077,3.483,14.015,-1.871,-1.856,132.1217341,1.5156,12.102,-1.506,2552.98,-12.435,367.933859,57.89710059,-34.86302103,174.1404606,-23.32741316,9.648969348,4.38277,193.9973703,-28.25335202,30.07098324,62.36277398,5.11875,222.3903121,-35.40394728,-69.59815876
Driver,89.81522906,-3.5,-4.7,4.291338583,53.385,-7.512,13.367,5.951,10.736,123.7450787,1.3778,10.72,4.221,3860.0,3.878,355.5340404,58.49361021,32.32382439,5.868677865,0.436583621,1.127266034,0.100249,182.3162719,18.8121085,33.54847924,55.51500242,5.365433,203.6806779,21.59902021,16.24065699
Driver,85.63663207,6.445,10.399,-7.086614173,54.195,15.073,15.635,1.825,-8.574,122.6509932,1.4322,14.529,2.903,1850.0,-41.416,286.4321511,44.28034238,-10.22167273,6.282680461,0.286588053,1.60509296,0.1095,165.4427507,-17.96184401,24.22798057,69.30701803,4.03768,193.2900962,-25.82583093,-78.80445788
Driver,78.81845025,-7.752,-8.248,7.913385827,55.184,-13.68,19.221,7.549,15.797,102.3736131,1.2989,15.774,5.369,4090.0,20.23,256.522096,50.97092412,43.54593646,5.44629381,0.533525055,1.540655172,0.114893,138.9421013,31.29358487,33.55107228,53.26181885,4.61699,157.0992969,37.49861238,55.46870136
Driver,96.11220472,-2.2,-6.0,2.559055118,52.826,-8.409,17.836,2.364,8.559,132.6420455,1.3801,15.65,1.382,3140.0,16.912,405.4199679,91.32570343,43.11091104,5.666079345,0.152814683,1.59796245,0.092067,207.7215591,33.49331737,40.78775427,59.7269047,6.243431,226.2943459,38.65238723,85.61783076
Driver,99.3468146,4.779,4.42,-6.141732283,50.869,8.32,0.14,-3.825,-8.245,138.5618737,1.3947,0.609,-2.997,1310.0,-49.016,9.659332397,0.058270651,-0.522823973,4.898081666,-0.271160389,0.01450284,0.072787464,5.842608459,-0.327399916,0.540236352,136.2031754,0.086949431,82.55332265,-5.066281881,-0.06587732
Driver,102.4762885,4.455,4.433,-4.921259843,57.973,7.226,17.626,-2.248,-6.681,148.0639316,1.4449,16.045,-1.404,2610.0,-17.495,483.715578,109.7780977,-51.08340746,5.156515246,-0.138778096,1.497877202,0.0749568,248.0570727,-40.20910969,40.95646282,64.43683215,6.82615,267.5958972,-45.73848344,-102.5985943
Driver,96.01154259,1.403,3.243,-1.732283465,51.808,4.347,16.128,3.879,0.636,140.2500895,1.4608,14.048,3.785,2900.0,-2.539,450.2208339,93.05539944,23.58100456,5.80762596,0.38109276,1.464505486,0.088489,229.8081157,10.53902127,39.40072629,61.38744231,6.477598,250.9859323,11.13394863,-13.9147616
Driver,100.6621331,3.667,4.189,-5.078740157,49.491,7.327,13.508,3.818,-0.371,141.9132516,1.4098,11.892,3.88,2280.0,-1.901,431.3366307,68.26520914,25.82554825,5.880016591,0.396410636,1.242708793,0.087649,228.1921015,12.75300648,30.7672159,64.47130216,5.667613,259.5890201,14.13824391,-8.079517446
Driver,90.25814245,-0.751,-1.231,0.866141732,49.939,-1.863,17.184,8.295,9.526,132.3378221,1.4662,15.082,7.112,3140.0,27.189,389.2060027,78.85587423,92.70921662,6.236585411,0.802263054,1.691585644,0.101274,203.52858,65.78417732,36.40196294,59.78608695,5.82218,216.3745603,72.38370746,124.2955805
Driver,103.0064424,1.978,6.417,-2.401574803,49.119,8.13,9.056,0.67,-5.746,145.7426628,1.4149,7.072,2.301,3701.9,-27.518,414.5095855,49.50722726,-36.11702744,6.306994433,0.223575011,0.80033117,0.0903586,207.7457881,-34.59000263,27.58768344,58.51808666,5.23873,233.2775662,-44.65319817,-128.3595545
Driver,102.2078561,3.705,10.255,-4.251968504,53.622,12.989,12.758,6.154,-4.101,151.4974052,1.4823,11.445,6.763,2170.0,-24.763,446.5939179,66.50908456,14.33750057,5.773965952,0.663191483,1.17157539,0.08043,237.6102969,-6.721760248,28.82860006,67.27560896,5.518214,273.0396219,-13.30518719,-103.9362707
Driver,93.70973515,-1.0,4.0,1.062992126,58.184,2.745,13.431,3.0,-0.93,132.3474409,1.4123,11.688,2.997,2295.89,-2.715,378.2961187,56.80473533,16.9131387,3.598107154,0.195838351,0.745201919,0.057226,202.5794948,7.835216908,28.7197581,62.55797599,5.192103,234.5386631,8.555362456,-8.277520437
Driver,98.06728704,3.75,6.664,-4.960629921,50.377,9.774,15.427,1.774,-4.889,145.246063,1.4811,13.901,2.438,2388.54,-24.012,443.1164859,80.80443825,-22.1908546,5.768111405,0.227124295,1.430580081,0.084694,233.8013127,-27.20881669,33.69198756,64.5859675,5.935725,262.548089,-35.22161329,-111.1863558
Driver,79.99731568,-2.938,2.748,2.598425197,64.544,1.348,20.813,9.259,6.511,97.77916965,1.2223,17.34,8.232,3500.0,11.776,245.5905604,51.43493762,44.65334242,5.838736466,0.852533006,1.814406644,0.130298,134.708021,28.87931281,33.89542657,53.618235,4.569694,155.5528868,34.62708048,29.22744087
Driver,99.06272369,1.9,2.3,-2.716535433,45.004,4.153,13.957,-0.353,-2.653,146.2618558,1.4765,12.015,0.204,2885.92,-12.333,461.0635853,87.32134468,-26.92645395,6.05408452,0.009311293,1.303989114,0.08779,231.7948138,-22.67829974,38.47188469,59.80359714,6.419198,252.5894618,-26.67745269,-70.49848094
Driver,89.17993916,-5.296,4.366,6.417322835,53.227,0.394,12.501,3.56,-0.806,125.7733089,1.4103,10.709,3.644,2241.56,-1.81,329.5166787,42.26547249,19.05984299,5.845389999,0.370008028,1.102050128,0.097925,181.3630701,9.884000896,23.67767908,64.52871803,4.513014,219.2796581,11.59520015,-4.937195617
Driver,42.97378311,-1.7,-4.1,1.496062992,64.065,-5.009,49.743,-0.99,3.175,40.63103973,0.9455,41.798,-1.743,3203.03,2.226,57.92362483,25.78611693,-1.357813698,3.610479263,-0.106227776,2.995293387,0.250668,32.96503378,-0.789406597,47.97089893,34.73957949,2.667195,39.70073521,-0.931543222,0.640046005
Driver,101.7761274,-1.309,5.542,1.692913386,45.718,4.265,12.296,1.329,-4.213,152.9335183,1.5027,10.719,1.831,2510.0,-16.969,476.8194364,73.6902905,-18.20349636,6.154932505,0.182203506,1.178431946,0.0847664,246.0464259,-20.96063135,31.74646116,63.82325417,5.9924,265.1501618,-24.90408221,-86.34873777
Driver,90.20221904,-2.199,-2.91,2.598425197,51.43,-4.665,6.615,-6.22,-3.31,132.6948372,1.4711,5.565,-5.822,1480.0,-13.669,232.8285708,13.74101875,-28.11730076,6.253089959,-0.64297141,0.599315178,0.0977848,135.8742521,-18.55482272,9.862990748,84.88545353,2.67518,196.7823123,-29.11552223,-14.41613806
Driver,84.87831067,3.1,6.3,-3.976377953,64.072,7.814,5.357,-0.18,-6.48,102.3071761,1.2053,5.047,0.52,1000.0,-55.382,76.11339174,3.520914261,-0.958165616,5.759090525,0.025235919,0.458971151,0.116679,49.04763218,-1.648353453,5.901747762,86.78106896,1.071009,115.6539013,-6.830850087,-6.279510591
Driver,92.25125268,-3.7,-2.3,3.622047244,57.742,-4.742,18.303,-3.447,-1.147,136.658912,1.4814,15.052,-3.134,5790.0,-2.274,403.2617354,117.693048,-28.49990042,5.700845789,-0.32890775,1.573972837,0.09005,194.9895548,-15.9329362,50.837361,60.04137573,6.818686,201.9229111,-16.60368023,-15.85324043
Driver,89.50653185,1.072,2.282,-1.299212598,49.408,3.201,13.052,-4.211,-6.493,127.8102631,1.4279,10.984,-3.057,2990.0,-16.358,358.9157295,52.77311951,-41.49012469,5.859915224,-0.328426881,1.142447637,0.096825,189.3842452,-30.22532167,28.82394115,59.27858561,5.087806,218.1828017,-37.93546316,-60.63605616
Driver,86.76181102,-3.7,4.375,4.606299213,54.746,1.755,14.996,-10.031,-14.406,113.5634395,1.3089,11.962,-7.578,4350.0,-26.089,287.2912089,46.46659864,-67.68791818,5.584097223,-0.768007881,1.190790988,0.104472283,152.316142,-46.81587457,30.38455498,54.30068471,4.617675763,174.4262507,-57.33637584,-81.8775647
Driver,92.79930208,-2.522,-2.964,4.015748031,42.516,-5.718,25.573,8.137,11.101,123.2332677,1.328,19.886,5.637,7497.11,13.507,338.4148856,113.0355504,61.60325647,6.225554515,0.639998736,2.304369583,0.112715455,167.0815083,39.65717499,51.85132388,59.15181587,6.401393765,170.7468103,40.80218675,70.56812848
Driver,90.87553686,1.204,-1.431,-1.417322835,50.659,-0.444,14.293,3.003,4.434,127.7192198,1.4054,12.666,2.433,2180.0,12.138,351.3573724,53.41054175,27.60358901,6.390875963,0.282333675,1.433239796,0.106223,192.74551,20.5159854,27.24714259,64.25202789,4.90344,225.0040459,26.04063206,37.08514587
Driver,105.9614352,0.1,6.9,-0.196850394,50.434,7.042,9.077,0.099,-6.801,153.9099409,1.4525,8.097,0.923,1890.0,-21.166,411.2902964,42.41985353,-17.52863999,5.84821093,0.080858209,0.833674342,0.079321,222.1988672,-18.77773945,20.63356019,73.07356225,4.622251,269.7138074,-27.97500461,-67.02549582
Driver,98.08070866,5.727,10.487,-6.968503937,52.007,14.98,11.6,7.636,-2.851,143.4034986,1.4621,10.501,8.178,1740.0,-19.935,382.8115538,47.923496,34.33160451,5.97613455,0.8367573,1.104637871,0.087644526,210.8968082,11.04356686,22.94541489,71.71626593,4.64727233,255.6959849,9.116006821,-57.08223285
Driver,100.8142448,2.1,4.3,-2.716535433,46.031,6.273,11.365,-1.522,-5.822,148.197253,1.47,10.167,-0.789,2080.0,-24.186,413.919559,55.04567722,-38.50501068,5.817353248,-0.097557285,1.046429997,0.082532,220.4212626,-33.09305507,26.38284385,66.13021419,5.115961,256.5508387,-43.8417659,-90.26721893
Driver,128.4336972,0.822,0.811,-1.062992126,47.705,1.559,13.535,3.868,3.057,178.2388601,1.3878,11.854,3.452,3060.0,1.316,628.1961857,144.1749006,41.97900415,5.989117099,0.361677835,1.277753338,0.071102684,300.6834167,22.01004803,46.78302021,66.71961752,8.078327414,315.9720498,23.28973193,11.74150858
Driver,86.64996421,-4.963,6.337,5.275590551,62.404,3.736,8.18,0.369,-5.968,133.9980762,1.5464,6.96,0.931,1785.0,-16.359,284.2585246,22.18499672,-4.455318639,5.618699962,0.082207434,0.68089171,0.0871936,161.3829757,-6.511557708,13.93291235,76.82734075,3.37918,213.564002,-11.77294995,-27.39228545
Driver,101.9483715,4.486,5.325,-6.062992126,49.787,9.129,14.661,2.719,-2.607,150.2858805,1.4742,13.149,3.118,2330.0,-9.167,484.0491387,89.1857809,7.464278356,4.975189294,0.265536512,1.16767484,0.070248223,251.1416304,-2.400406968,35.66174599,64.92344413,6.360185342,278.2290667,-4.32290896,-48.16935933
Driver,106.6258053,-6.728,-1.661,9.488188976,44.092,-8.655,9.988,-0.54,1.12,157.9556639,1.4814,7.848,-0.686,3364.41,1.212,487.7995068,73.29272377,1.519608035,235.2539769,3.601768653,0.926689997,5.94773,236.3216735,3.65699481,36.06543704,60.7109616,5.99225,257.8317425,4.750956169,19.4573878
Driver,93.64039012,2.054,-4.314,-2.559055118,50.292,-2.607,6.784,-6.518,-2.204,138.5468862,1.4796,6.073,-6.184,1080.0,-15.845,248.9076199,15.88290378,-31.98151905,5.918098927,-0.646037989,0.619126583,0.088685,146.0921784,-21.24614751,10.51596201,88.76833134,2.758249,215.4650583,-34.02674926,-16.65757589
Driver,83.2654796,-5.479,5.951,5.669291339,56.128,2.26,20.827,1.123,-4.828,109.6989084,1.3174,17.434,1.797,3760.0,-8.012,305.8593229,71.48862821,-1.756930972,6.103230823,0.179211309,1.925400003,0.12153,161.2054573,-4.59536991,39.34853461,55.48127908,5.412168,178.4157025,-5.90926578,-28.93861446
Driver,90.69658196,-2.464,-0.21,2.795275591,59.027,-1.69,2.321,-10.032,-9.822,122.3483357,1.349,1.753,-8.862,1579.37,-53.112,50.86057142,0.816972966,-8.56434003,6.230574171,-0.990822439,0.160381114,0.105217826,33.04576779,-6.038128423,2.031748193,109.5116437,0.58412425,106.5391164,-21.67104206,-2.882646927
Driver,100.7650322,-0.3,8.3,0.433070866,51.503,8.103,10.23,5.573,-2.727,149.1141732,1.4798,8.977,6.066,1920.0,-11.197,415.9908345,48.01421875,29.9881441,5.941403695,0.620206714,0.940947325,0.083408,223.9080096,11.08089104,22.99514091,70.3801747,4.887593,267.3338477,10.64316153,-37.84024663
Driver,92.87312097,-0.421,-0.948,0.511811024,47.994,-1.328,9.742,-1.32,-0.372,137.3073998,1.4785,8.35,-1.269,1900.0,-7.223,342.4723818,34.22602385,-13.68953146,5.846826762,-0.134420437,0.856072227,0.088987,188.9169312,-10.06913798,18.82270588,71.39481471,4.153739,236.9601114,-14.2207853,-17.66634646
Driver,99.90604868,0.2,0.2,0.0,43.441,0.017,24.849,11.422,11.132,134.9176807,1.3504,20.203,9.074,6854.94,28.704,366.4375415,124.2965983,126.3556497,5.922820213,0.985319732,2.21949596,0.097865,177.8372207,84.26484584,52.32667087,59.29455129,6.737376,182.1776866,87.09215275,175.5358369
Driver,95.4388869,-1.923,1.326,2.125984252,56.118,0.034,13.082,-0.241,-1.567,142.5331067,1.4935,11.827,-0.106,1787.0,-3.825,412.0457517,60.27291648,-5.417998473,5.284011704,-0.011748599,1.107650996,0.0781824,223.9638878,-4.771195284,27.15262736,68.93167516,5.20073,260.6497896,-6.2710978,-13.07081166
Driver,91.07462419,-4.683,3.637,6.102362205,51.144,-0.147,5.755,0.753,-2.883,131.0213851,1.4386,4.515,1.098,1674.15,-3.722,217.2626535,10.5469819,2.996331325,5.91413767,0.110846725,0.45945879,0.093552,126.2105944,1.205936317,8.31575507,85.10388727,2.484192,192.9929071,1.164691092,-3.638071671
Driver,101.2213672,-2.832,-0.607,3.818897638,48.168,-3.144,14.675,1.732,2.339,147.2570687,1.4548,12.782,1.469,2792.93,7.468,477.870781,91.73463409,29.01157148,5.905784142,0.15824414,1.359369739,0.0851766,242.8510496,20.46185772,37.91603747,61.99780326,6.52813,256.358619,22.32826634,42.75456801
Driver,95.90864352,-0.877,-0.853,1.102362205,49.753,-1.596,17.002,0.883,1.737,136.5126163,1.4234,14.822,0.661,2970.0,5.392,433.8502258,93.22543706,16.1904489,6.210604028,0.077605296,1.663628401,0.0976424,222.0326863,12.11321125,39.91439768,60.85330022,6.42105,233.7193377,13.18243789,28.66430572
Driver,83.93656049,3.144,-0.317,-3.543307087,60.92,1.433,17.23,-1.164,-0.846,124.1461614,1.479,15.57,-1.059,2050.0,-2.154,355.5397725,65.90295249,-8.832691862,6.044549174,-0.11363851,1.677428746,0.104751798,195.408699,-5.890871101,31.59666498,63.90181113,5.248876969,226.0171416,-7.152866564,-6.839897519
Driver,85.56057623,-2.563,6.119,3.346456693,47.231,3.746,33.149,-4.963,-11.082,103.736131,1.2124,27.81,-2.951,5775.05,-10.18,275.8985054,108.740639,-29.42545655,5.731402211,-0.317038517,3.059324732,0.130924,139.259108,-20.36591597,53.30675914,58.84562208,6.01774,143.9582483,-21.25252767,-39.74000266
Driver,101.6105941,-0.071,3.85,0.078740157,46.791,3.784,14.972,2.807,-1.043,149.0470651,1.4668,13.365,2.923,2384.48,-3.877,483.5837657,91.4304647,16.21743821,6.222485298,0.313753363,1.494419128,0.0888792,249.9279063,5.832231792,36.44713733,64.31428637,6.43761,265.5337348,5.791414824,-20.75001338
Driver,92.43468146,0.284,-1.771,-0.354330709,48.871,-1.522,10.061,-3.555,-1.785,137.5988726,1.4886,8.686,-3.3,1910.0,-11.672,346.0651308,35.91053924,-29.94145811,5.910257354,-0.348440727,0.900598155,0.089855933,190.9396487,-20.70987593,19.45878408,71.07996394,4.219016,238.3461622,-28.42386883,-29.24736917
Driver,89.53784896,-0.216,-0.941,0.31496063,46.662,-1.145,19.432,6.455,7.396,125.3856478,1.4004,15.306,4.808,5492.53,13.221,359.1399556,92.37653045,57.65151785,5.094842232,0.442438266,1.419575971,0.087631678,179.4210206,37.38689874,45.41216463,56.51964148,6.131885492,189.7946607,40.4585506,67.64077172
Driver,100.5704188,-8.158,-4.302,10.23622047,44.612,-12.657,9.998,-3.182,1.12,143.3305744,1.4252,7.789,-3.32,3150.0,2.277,436.6828638,56.53408806,-20.52719156,5.585919072,-0.321649717,0.779429768,0.0813568,219.8541823,-9.031439309,29.55431644,59.0654382,5.61101,245.6610238,-9.646080994,11.1158361
Driver,95.74758411,-3.657,-6.643,5.433070866,46.446,-10.127,14.31,1.776,8.419,138.9352183,1.451,12.175,0.734,3260.0,16.652,427.7621792,78.47572849,39.78211471,6.316798737,0.099974158,1.377593607,0.096558022,217.8658734,31.67205976,36.53513865,59.25898904,6.079239163,239.5162897,37.528081,86.72450425
Driver,96.50814245,-4.04,2.6,4.645669291,52.621,-0.494,16.577,13.607,11.008,136.1444166,1.4107,10.419,10.19,9439.26,26.352,368.7072864,73.33392041,122.5566799,142.1985998,52.20517171,21.98412544,3.76747,183.636707,73.28788891,40.19932248,53.72022849,5.70732,191.2651444,77.01364786,127.0306194
Driver,94.33607731,0.5,2.9,-0.590551181,58.33,3.233,12.956,-3.716,-6.59,120.0892538,1.273,11.508,-2.92,1961.73,-9.029,294.4550051,38.41856094,-21.41811773,5.897678813,-0.307733196,1.190819631,0.103785,165.8668868,-15.00078557,22.63746058,65.40275166,4.16423,205.4766443,-20.19190764,-19.69925322
Driver,107.0843772,0.3,8.3,-0.236220472,51.429,8.382,5.484,-0.299,-8.599,155.7580977,1.4545,4.959,0.49,1550.0,-30.4,306.2540089,17.43748663,-13.61725155,5.957485332,0.033575551,0.513918239,0.079285,172.6488298,-14.56829089,10.55763327,89.12256298,3.078048,241.4718589,-27.24315616,-48.11696002
Driver,120.2800644,1.777,1.338,-2.519685039,42.817,3.257,14.744,2.223,0.885,171.2555923,1.4238,12.706,2.079,3472.81,-0.703,591.4082364,149.0390364,17.97119361,5.792919921,0.209537733,1.328873635,0.071849425,280.960193,8.118022191,49.22339811,66.38691096,8.059740846,293.3649781,8.408910946,-6.226741699
Driver,101.2795276,0.1,6.1,-0.118110236,51.649,6.107,13.834,8.283,2.183,142.3539281,1.4056,12.727,8.266,1587.49,0.221,412.5426635,65.42252892,58.82882116,5.802193502,0.834279903,1.310420504,0.086458,223.5909315,32.39519733,29.21170475,68.08172658,5.315401,259.9710925,37.70636518,0.757199807
Driver,101.474141,5.88,6.599,-7.440944882,46.222,12.263,12.598,3.439,-3.161,154.0197745,1.5178,11.823,3.811,1310.0,-24.533,429.9235907,60.22375952,2.018940465,6.398029862,0.409509228,1.337025752,0.0876932,237.5209472,-9.384301744,25.1518759,75.91372997,4.98669,269.0081965,-14.05176767,-75.41449154
Driver,97.44318182,1.2,-4.4,-1.732283465,43.27,-3.526,18.813,0.609,5.016,138.5222799,1.4216,16.427,-0.108,3420.0,10.42,441.6418701,113.3514194,25.3498695,5.779993259,0.000957238,1.721950174,0.090341,220.5740511,20.7139848,45.69423407,61.50537588,6.88258,235.2974286,23.15303782,63.38364792
Driver,91.04554402,1.978,2.154,-2.401574803,47.655,3.958,13.36,-0.834,-2.988,125.7261095,1.3809,11.92,-0.445,1860.0,-9.479,322.2015461,43.76123011,-10.04406344,6.117652913,-0.054635395,1.283234807,0.102868,180.9830387,-8.926951477,23.51622912,67.59573753,4.39559,219.0620501,-12.42223048,-22.56829079
Driver,98.04044381,1.5,3.3,-2.086614173,45.882,4.67,12.126,-1.901,-5.201,146.4054671,1.4933,10.747,-1.066,2230.0,-23.629,418.0691937,59.81615425,-42.55328419,6.076371914,-0.132602833,1.157913655,0.087506,220.9810195,-35.69974446,28.39735611,64.21780962,5.324618,253.8237695,-46.037995,-94.90922288
Driver,79.77585898,-0.556,6.505,0.669291339,58.107,6.159,7.354,-2.033,-8.537,114.9695777,1.4411,6.399,-0.987,1610.0,-41.718,146.1432424,9.003828176,-8.100976707,6.125809023,-0.133682833,0.655628582,0.110840826,89.88070473,-8.08146884,8.683866566,84.20830722,1.896517508,156.0357797,-19.1461966,-19.61488928
Driver,84.47566213,1.4,9.8,-1.023622047,68.677,10.002,0.13,-10.038,-19.838,96.96805655,1.1479,0.275,-8.086,2050.0,-75.012,4.659461302,0.012542668,-0.662792923,4.865983559,-0.721776556,-0.026674984,0.103726,2.873268293,-0.414522324,0.384402899,95.83762141,0.060909,55.8349622,-8.320836207,-0.031431637
Driver,83.05073372,-1.279,-6.47,1.141732283,64.771,-7.073,27.149,2.172,8.643,86.54594667,1.0421,19.677,-0.345,6702.42,12.544,195.2506864,47.32154801,8.061131801,6.010966821,-0.009603888,2.143925582,0.154823,107.2621995,7.754951063,37.31119368,49.04576089,4.220215,118.4252429,9.232812614,25.19695035
Driver,101.1520222,1.649,0.299,-1.929133858,51.523,1.609,13.08,0.612,0.314,147.5447387,1.4586,11.709,0.573,2010.0,1.001,449.5677297,69.33263503,5.995902968,6.414435577,0.065037184,1.336780562,0.0918791,238.868474,3.787243097,29.84576637,66.95132044,5.66161,271.4508621,4.494633167,4.195599308
Driver,113.1800286,4.5,2.9,-5.196850394,51.158,6.419,16.812,-2.946,-5.846,161.5524338,1.4274,15.439,-2.33,3270.0,-14.008,544.0986814,144.8880753,-68.55569906,5.9634473,-0.25270856,1.667930353,0.079441,263.8717108,-47.5703501,48.64763244,66.00247593,7.790326,276.8293838,-51.23357085,-110.9372779
Driver,111.7304939,7.795,2.145,-10.07874016,47.103,9.452,14.104,1.545,-0.6,166.7137169,1.4921,12.61,1.689,2484.49,2.107,573.5012865,115.7223321,22.57780665,5.967467492,0.17753546,1.348729677,0.075928,286.5785883,13.35737168,40.5863516,66.09531326,7.264761,308.8508115,14.74137459,14.74209975
Driver,96.23523622,-0.5,-3.1,0.62992126,54.945,-3.645,21.97,2.556,5.833,119.9024696,1.2459,19.701,1.913,2795.4,1.567,362.8056944,94.83121914,14.26782079,5.439974925,0.183133588,1.952045564,0.100065,189.8395825,8.599088746,42.76867107,60.0407656,6.148953,207.7133676,9.571726694,6.790758632
Driver,91.56451324,-2.291,3.876,3.11023622,47.083,1.744,9.436,0.436,-3.44,140.5726557,1.5352,8.104,0.834,1940.0,-16.229,349.7562759,34.14389175,-9.18059397,6.249472247,0.079281687,0.88881155,0.0928211,192.6239137,-10.85369434,18.612213,72.0248789,4.16696,227.275625,-15.44540777,-40.95550101
Driver,109.5584288,1.8,2.2,-1.850393701,49.279,3.228,12.93,-0.732,-2.857,163.2070956,1.4897,10.848,-0.116,3480.0,-8.134,543.0936939,117.3788531,-29.6181622,6.067079667,-0.027529707,1.187216825,0.078501,260.7777834,-21.80007356,45.09593341,62.05461754,7.361063,275.9112161,-24.06750387,-63.82173388
Driver,93.78355404,-2.27,-6.845,3.188976378,49.153,-8.809,14.286,-10.908,-4.063,126.2652112,1.3463,12.149,-10.365,2760.0,-8.9,360.7805758,57.18287046,-75.90549869,6.041621163,-1.095778063,1.304015404,0.101505314,191.7674691,-45.15870635,30.08669578,59.90453678,5.207045406,220.419376,-53.47575784,-32.6688218
Driver,113.168844,6.1,2.5,-7.125984252,49.804,7.728,16.19,-3.343,-5.843,164.355315,1.4523,15.288,-2.838,3411.37,-17.781,549.4087199,147.677455,-88.46544283,5.441238567,-0.282860596,1.505430699,0.071112,265.1497815,-61.36435077,49.04512448,66.11553276,7.843818,277.5071037,-65.86322494,-145.552077
Driver,99.31326056,4.678,2.832,-6.102362205,47.632,7.112,13.985,-5.325,-8.157,144.18665,1.4518,12.556,-4.029,2730.0,-30.627,365.7872157,43.69872758,-36.57853859,5.808788621,-0.416285589,1.269916542,0.084768,228.1473188,-29.33629635,15.95538062,108.878563,3.883657,341.1989246,-50.63085262,-40.10076813
Driver,99.91052255,5.164,5.864,-6.732283465,44.506,11.14,13.31,1.209,-4.655,148.0616947,1.4819,11.667,2.171,2783.46,-28.953,439.2644427,70.33267396,-35.03273267,6.066885031,0.204573333,1.262466342,0.0866107,228.64439,-37.37630886,31.51349586,62.72413087,5.72381,246.2646025,-44.10743872,-137.6834521
Driver,94.95347173,5.672,7.622,-6.850393701,53.892,11.776,8.447,-0.482,-8.104,141.6839656,1.4922,8.091,0.586,1570.0,-59.671,225.1140965,18.05844233,-13.37702956,6.013156687,0.029466416,0.832642266,0.088555,135.6124755,-16.36167712,12.16129657,90.66760753,2.516869,203.8936044,-34.2037487,-53.2129789
Driver,86.68799213,-2.3,8.1,2.874015748,57.225,6.509,10.598,1.61,-6.49,117.9883232,1.3611,8.269,2.777,3050.0,-2.988,298.7437861,33.51590004,11.19128307,5.893583599,0.282247587,0.862964132,0.104748,158.2376109,4.832098709,23.26853563,57.04376129,4.310977,189.8947526,5.211313314,-8.509277651
Driver,95.67823908,-1.166,-2.997,1.771653543,48.748,-4.02,15.614,-2.47,0.527,133.1088941,1.3912,11.371,-2.608,5608.44,17.061,375.0582818,88.4680967,32.64940633,181.0790202,31.16257022,0.868260384,6.15854,181.8965092,31.46296098,44.61408541,53.07279063,6.20365,191.300672,35.05278231,118.7470676
Driver,91.96939871,-5.163,3.115,6.692913386,52.81,-0.817,19.763,-4.058,-7.173,116.1455351,1.2629,15.676,-2.8,4910.0,-10.249,325.2141807,77.54907532,-33.17553496,5.580034883,-0.28685007,1.588086658,0.103948333,166.4097353,-22.61081048,41.95415535,54.86834536,5.668009589,179.6481177,-25.28044361,-43.59038224
Driver,98.95535075,-2.3,-1.5,2.716535433,52.241,-3.398,16.035,-2.494,-0.994,146.6146206,1.4816,14.074,-1.926,4420.0,-2.853,460.5191649,126.0119293,-27.3617456,5.832468392,-0.243848579,1.495108717,0.085283,221.0539118,-15.87205886,50.07492167,61.75590739,7.219525,230.8151085,-16.77111801,-25.35879257
Driver,80.19192913,-1.5,-0.7,1.417322835,64.264,-1.61,24.707,-1.884,-0.998,100.9151306,1.2584,20.135,-1.692,4581.49,-1.642,266.4544263,72.38296138,-9.63808525,5.365827515,-0.16084513,1.978553766,0.11819,140.4753066,-5.920156261,42.92268413,53.60142453,5.268602,152.9888783,-6.55760859,-5.320472428
Driver,95.17492842,-2.6,-2.8,4.05511811,41.12,-6.568,17.454,2.888,5.702,136.4560218,1.4337,15.089,2.175,3332.99,8.278,428.4358588,100.6344647,35.07390613,5.907839041,0.234273065,1.610544123,0.093137,215.3168042,23.78648646,43.33351427,60.06248269,6.578373,231.6678612,26.53185689,46.94312297
Driver,115.8196135,0.06,3.22,-0.078740157,49.987,3.27,10.078,-2.164,-5.384,166.933384,1.4413,8.194,-1.134,3550.45,-11.815,519.1111627,86.53334114,-51.98142406,231.1262929,-29.85079071,14.89697666,5.33992,255.4304304,-34.96608212,36.41112688,65.68007326,6.25603,278.8626371,-39.76730657,-89.85499413
Driver,109.0059055,5.59,0.206,-6.732283465,44.836,5.855,16.192,0.743,0.537,160.2521027,1.4701,14.332,0.645,2964.49,2.787,551.7358354,131.5037979,14.88198593,6.110529688,0.071967798,1.59281218,0.081634,270.2029739,9.995737894,46.17032078,65.98183404,7.57454,278.9555983,10.49629895,20.86642487
Driver,101.5412491,-7.161,-2.56,9.606299213,46.606,-9.382,13.352,7.643,10.204,138.3341535,1.3623,8.948,5.39,6762.67,17.667,390.5048771,77.64319334,80.36546917,6.182894132,0.612006209,1.031082061,0.0941153,189.8837352,50.57792699,41.32135858,54.29341013,5.96322,199.5612205,54.49968259,99.48609817
Driver,96.96671439,0.9,2.9,-0.866141732,58.423,3.356,17.422,0.792,-2.05,134.0671976,1.3826,15.012,1.105,3234.58,-5.101,419.6722426,95.69312249,-3.357707039,5.494695806,0.101066311,1.487308173,0.088033,212.2123187,-5.159267969,42.23816249,59.50807416,6.464566,229.7006523,-6.206453558,-27.74864472
Driver,89.42600215,-1.365,-3.705,1.535433071,58.57,-4.539,45.478,-25.433,-21.728,85.48832319,0.956,37.039,-19.789,7980.0,-19.611,199.3119372,95.24761898,-78.23671648,4.001969452,-1.383620464,3.024817538,0.122834,101.0470832,-49.75224458,55.99082826,55.70043814,5.32154,101.3871233,-49.93458491,-51.11401416
Driver,78.06460272,-0.546,1.04,0.472440945,64.862,0.784,24.331,1.952,0.912,98.18964746,1.2578,18.808,1.732,5381.91,-14.658,240.5741083,64.55040746,-9.029103815,128.8313863,-11.67681037,-3.703519402,5.23942,124.8899182,-10.70460906,42.50036526,48.20893215,5.00942,134.5912435,-13.05330189,-43.3816872
Driver,91.30950251,-4.011,-1.993,5.236220472,45.842,-5.897,31.121,-10.668,-8.675,112.5592788,1.2327,26.588,-9.333,5227.62,-12.63,313.0466732,122.4712981,-70.85613068,5.950438328,-0.99092663,3.018723316,0.123679,155.8389179,-44.40402087,54.0143238,61.41537586,6.43523,158.218845,-45.21193,-58.7733654
Driver,104.4022906,4.1,4.7,-5.31496063,48.813,8.248,17.225,1.723,-2.977,153.9752595,1.4748,15.254,2.265,3090.0,-14.484,514.4987832,124.7459927,-21.932142,5.89867177,0.21971749,1.624583539,0.082331,255.442616,-23.71789056,44.91579327,64.33494533,7.319309,271.8267402,-26.99464297,-101.2536053
Driver,90.53999642,-3.049,-4.438,4.094488189,43.581,-7.646,10.029,-9.649,-5.212,131.1538117,1.4486,8.212,-8.911,2550.0,-14.404,336.7251799,35.0542296,-66.4288421,6.372074666,-1.000277439,0.921885166,0.101628,181.7884996,-41.65939153,20.74916623,64.57813399,4.35209,218.9253607,-53.12229537,-41.24068053
Driver,93.39209019,0.8,6.6,-0.669291339,60.516,6.708,42.621,2.431,-4.146,85.85428597,0.9193,33.211,3.786,8030.0,-6.471,203.896883,88.53732746,5.458168663,4.31572427,0.27453322,2.834168146,0.126177,104.8913942,1.405077354,53.89086407,54.54162486,5.250388,106.3556163,1.394454214,-16.57006729
Driver,101.3108447,-3.1,2.7,3.700787402,52.932,0.349,7.567,1.244,-1.456,146.8837241,1.4498,6.481,1.455,1600.0,-5.671,343.8632194,26.76238313,4.485102447,5.774924326,0.143304266,0.655008862,0.08173,190.5401603,0.801566226,14.95303069,78.8543168,3.781882,248.0785579,-0.246160442,-12.1104276
Driver,24.98657838,-6.8,-1.2,5.236220472,67.886,-4.68,42.886,-1.616,-0.249,27.67940229,1.1078,29.159,-1.617,3740.0,-0.202,23.44290885,6.567235003,-0.603006844,5.809389749,-0.155508916,2.072312733,0.508802,14.6935328,-0.395145841,31.82133703,25.20104434,1.337608,20.76281847,-0.559408141,0.058461029
Driver,101.6419112,-3.635,3.336,4.960629921,42.772,-0.601,10.759,2.301,-1.035,151.4676539,1.4902,8.739,2.449,3046.38,-4.076,484.44813,72.10899771,10.81495849,5.18852589,0.218873517,0.813974187,0.0716217,241.6382117,2.561346844,33.41834072,60.03115718,6.17588,257.1001264,2.230418115,-23.2969119
Driver,88.24266285,3.069,-2.871,-3.976377953,53.182,-0.57,18.424,-2.462,0.409,131.0365963,1.485,15.958,-2.531,3210.62,0.95,410.8339345,95.62340112,-15.6760182,6.203706337,-0.272795938,1.788535805,0.102335229,209.6456522,-7.613062593,41.8499059,60.02834121,6.396396422,227.8319253,-8.158036848,4.938578145
Driver,97.66240157,-2.485,0.263,2.755905512,56.822,-1.363,12.516,-4.246,-4.509,142.8127237,1.4623,10.762,-3.703,2600.0,-10.906,433.765121,65.56067687,-46.53279502,5.349503923,-0.352940535,1.023040895,0.07886482,225.8367666,-31.05314508,30.7644261,62.38075777,5.690710693,255.446557,-37.31623089,-49.62386388
Driver,80.45588762,-2.682,-5.856,3.700787402,47.423,-8.322,16.552,1.961,7.817,110.7185039,1.3761,12.684,0.316,4596.64,14.435,290.2455718,52.18652125,20.2937526,6.330857945,0.058174021,1.443778065,0.12207,152.3118523,16.8674814,33.56040939,53.07680552,4.86928,169.6695507,20.41466925,48.09707885
Driver,79.14727989,-4.719,-0.349,4.960629921,58.051,-3.299,31.118,7.106,7.454,88.66141732,1.1202,23.4,5.243,6930.0,7.016,211.1434436,63.34402767,24.78506457,5.058950135,0.473716899,2.19370478,0.13022,113.2369969,15.90951703,43.64848171,50.6862454,4.734323557,120.9299044,17.23316839,16.79399602
Driver,66.85531496,0.445,-3.206,-0.472440945,54.39,-2.887,27.054,1.651,4.857,88.50192377,1.3238,21.823,0.584,4670.0,6.247,213.5585925,57.3166699,7.304679892,5.884690324,0.071968051,2.34855377,0.150018133,116.6091986,5.919411694,40.10290118,51.14760754,4.59849435,129.9359945,6.985331693,14.19627568
Driver,83.58983536,-5.272,-0.386,7.519685039,47.308,-5.269,5.714,0.925,1.311,118.4451056,1.417,3.899,0.707,2150.0,4.42,171.74508,7.053790797,3.165516066,5.842025681,0.075537795,0.388758244,0.102224019,100.7233595,2.362297119,6.872968202,80.76553952,2.130061011,163.1394656,4.568502537,3.358851065
Driver,96.07193987,0.3,6.9,-0.31496063,50.551,7.182,22.461,10.385,3.485,134.4660433,1.3996,19.079,9.83,4570.0,3.612,413.6367858,133.4261325,76.67509135,5.76515794,0.989181448,2.026132796,0.09451,201.6948677,41.9495116,52.11982353,63.31431072,7.109951,209.7305754,43.79106401,22.95661199
Driver,74.74946314,-6.337,6.214,6.25984252,58.647,2.335,25.36,12.172,5.958,74.13945061,0.9918,20.002,11.05,4012.39,8.046,147.4627047,32.05570212,30.57134099,6.10318338,1.185512543,2.160400786,0.183468,85.25060846,19.34849447,31.04994836,47.98718325,3.412897,104.4275605,24.2692397,9.229715365
Driver,91.4571403,1.292,-5.997,-1.771653543,49.14,-4.879,19.556,-5.848,0.149,130.1758232,1.4233,17.343,-5.867,2860.96,0.292,410.3234559,98.36126825,-40.16184118,6.271224886,-0.640730061,1.975539041,0.104801,212.2093276,-21.21051601,41.63375618,61.37364407,6.41415,230.0487425,-22.96091736,1.451752692
Driver,108.1178418,-1.3,-0.5,1.692913386,47.463,-1.754,15.428,3.452,3.952,155.6223157,1.4394,13.592,3.048,4150.0,6.329,505.5259845,136.1268685,47.71145186,5.536345852,0.295442844,1.365167265,0.075949,241.0858154,29.06720175,50.22460226,63.64188454,7.555524,251.2904905,30.77159036,48.90134718
Driver,95.55073372,1.6,-6.4,-2.401574803,41.979,-5.13,17.687,0.721,7.229,137.9679671,1.4439,15.667,-0.28,3039.95,16.749,433.7015928,98.4394212,34.28211465,5.629472663,-0.007927228,1.589435699,0.087885,221.426195,29.70656307,41.25682553,61.02315852,6.50741,240.4105356,34.50796418,92.33554237
Driver,91.69649248,2.7,-8.5,-2.755905512,55.939,-6.736,10.35,-5.007,3.493,127.967296,1.3956,9.386,-5.403,1350.0,17.221,275.9249379,28.05945196,-17.26972719,5.61475264,-0.518567638,0.917054617,0.091914,159.1157084,-6.123877371,17.1120478,74.55120278,3.508628,210.6275802,-5.130447952,26.62390682
Driver,90.73460988,-1.9,4.5,2.007874016,59.617,3.238,16.142,-4.033,-8.467,118.1285791,1.3019,13.958,-2.963,2833.7,-19.137,321.3029146,56.14047349,-38.7869089,5.761834886,-0.317252293,1.43111737,0.104296,173.1742699,-29.83295629,31.31685352,58.07100916,5.005013,199.1457076,-37.36887849,-62.9260258
Driver,107.726378,2.738,3.016,-3.42519685,46.735,5.595,15.279,4.442,1.427,156.3262795,1.4511,13.48,4.23,2810.0,0.345,529.0007904,113.8681109,39.06603343,6.017950187,0.444236592,1.457981361,0.082034,263.690451,20.22842867,42.09856499,64.02718569,7.160752,283.4103726,21.79132255,2.342198559
Driver,97.86596278,-1.1,4.5,1.496062992,50.58,3.516,3.115,-12.864,-17.364,124.4738726,1.2719,2.643,-10.634,2490.0,-13.315,200.4783736,6.515095425,-41.78245287,5.840942171,-1.089171771,0.269856778,0.097223,110.9068038,-25.05983467,6.461008013,77.62315876,2.334373,168.42823,-40.65229404,-14.07783092
Driver,103.7155512,-1.085,1.838,1.417322835,44.871,0.748,16.575,5.447,3.609,147.8975036,1.426,14.012,4.898,3843.32,11.247,478.2984576,117.8501586,72.85471226,5.890325138,0.515751621,1.504120264,0.0851551,233.6708357,45.64891545,46.28319474,61.69255666,7.12539,240.5994325,47.5717165,77.74594183
Driver,84.69935576,2.203,-2.636,-2.834645669,50.327,-0.807,21.322,4.006,6.641,119.8060576,1.4145,18.292,2.873,3820.0,11.61,353.9265109,92.93447994,38.45486441,5.815002474,0.306944064,1.937848263,0.106414,181.581367,26.92389429,43.93494963,58.0527395,6.101483,196.4194127,30.19220448,53.66814323
Driver,96.68038654,-1.632,3.22,2.165354331,43.365,1.492,10.815,-1.158,-4.378,135.8417591,1.405,7.889,-0.11,4185.59,-19.18,391.3839596,54.98016341,-38.84962213,6.122706655,-0.034602639,0.871882187,0.0943772,195.3960546,-30.60718347,31.51565098,55.57694517,5.40388,209.0577035,-34.84670358,-90.70987392
Driver,47.51028991,-3.847,0.66,3.779527559,64.367,-1.19,25.044,35.359,34.7,44.66915712,0.9402,17.865,25.35,5178.16,38.133,43.14873162,7.24617889,19.32750393,4.895880075,2.140795998,1.344472252,0.240274,27.41130538,13.08923019,20.6367588,37.609541,1.46262,41.97422099,20.7244812,4.551785655
Driver,98.10307802,0.2,0.8,-0.039370079,54.915,0.38,14.906,-0.337,-1.117,143.7461972,1.4653,12.282,-0.022,3760.0,-1.582,457.1398037,101.1249832,-5.480286955,5.752399675,-0.015969702,1.27560629,0.085013,223.9125916,-3.929306691,43.99388985,59.16817835,6.769363,239.0579951,-4.37783248,-11.53003014
Driver,28.00867931,-0.9,-3.3,0.905511811,68.456,-3.759,39.471,-1.376,1.924,27.84560666,0.9942,27.836,-2.045,3200.0,1.972,23.03925556,6.118390321,-0.773917528,5.880751133,-0.206199214,1.949210041,0.504637,14.52073263,-0.492824876,30.30564789,25.42780226,1.291524,21.65087609,-0.723229725,0.076062582
Driver,25.23935218,-2.3,-5.5,2.165354331,65.78,-6.689,38.93,-4.941,0.559,27.7740247,1.1004,27.549,-5.195,3119.88,0.637,22.63880464,5.926928306,-1.968161198,2.03205549,-0.183504573,0.929308972,0.170607,14.31685063,-1.286065046,29.80096785,25.58564363,1.264288,21.7668147,-1.951920792,0.03091746
Driver,98.0829456,-1.4,-4.8,2.047244094,41.737,-7.248,16.426,-0.396,4.584,140.3961614,1.4314,14.301,-0.837,3060.0,24.165,427.8930904,88.04958322,42.25236673,5.613954712,-0.0731609,1.440283401,0.085552,219.0133222,38.69281692,38.60214186,60.36931648,6.207509,239.5963334,46.06804459,125.5130577
Driver,114.1419112,-0.634,-4.279,0.748031496,52.191,-4.771,8.393,-4.409,-0.13,160.0478704,1.4022,7.261,-4.393,1800.0,-0.533,452.9878411,45.44935986,-35.24410201,6.227725097,-0.477347993,0.800652252,0.0810294,239.7518643,-19.00265197,21.29287742,72.85605009,4.91722,283.6053656,-22.60256562,-1.920820511
Driver,103.7804223,3.888,5.173,-5.31496063,50.678,8.364,9.377,-1.023,-6.195,144.3081156,1.3905,8.689,-0.233,1490.0,-35.764,313.2468196,29.64140211,-21.64198837,5.020825986,-0.035350396,0.760461937,0.072606073,179.3492752,-21.63280267,16.10623143,81.01196228,3.561376744,237.70785,-35.98180293,-62.72581777
Driver,87.53131711,0.142,-1.871,-0.196850394,46.94,-1.738,11.602,-11.954,-10.083,117.2760827,1.3398,10.122,-10.611,2310.0,-40.795,229.2550956,24.275594,-59.15838298,6.183233076,-1.171595308,1.082889103,0.110851,133.8077409,-43.16697432,17.00155365,69.73274537,3.18719,167.8079547,-59.23199519,-57.32047866
Driver,109.3526306,2.669,-2.006,-2.952755906,54.848,-0.125,14.074,-2.264,-0.258,156.545723,1.4316,12.678,-2.232,2170.0,-0.823,513.1587331,92.70962066,-21.38966105,6.354089596,-0.248149204,1.445842739,0.0861414,265.2578073,-11.82561432,35.47709211,66.27777942,6.49217,291.6224191,-13.14312098,-4.488631891
Driver,96.32471367,-4.1,3.9,5.590551181,48.417,0.076,16.458,9.959,6.059,135.4417949,1.4061,13.714,9.111,3850.0,5.371,423.2561307,95.34669595,78.00217867,5.759992987,0.918057557,1.426267479,0.090907,211.2874345,43.55111433,42.87053922,58.87149058,6.493125,227.0762919,47.40406856,30.78968961
Driver,96.58196135,-2.697,3.194,3.582677165,49.849,0.917,5.911,-3.803,-6.998,135.8647996,1.4067,4.06,-2.289,3222.08,-1.839,319.1839303,20.48960353,-15.83838451,185.8968863,-11.18408944,-7.171071438,4.39676,164.7269404,-9.418696095,15.00687119,66.72342334,3.69676,206.9691569,-12.78509914,-8.528270108
Driver,97.52594846,2.094,4.289,-2.716535433,48.489,6.144,15.543,3.873,-0.415,138.8826503,1.424,13.449,3.94,2890.0,-3.438,440.3406178,86.2916672,22.60520121,5.90814502,0.402756974,1.423801774,0.090687,225.7449843,9.516819094,37.83739726,60.90470016,6.292277,248.20583,9.922887726,-18.00967588
Driver,101.1072835,-1.89,4.473,2.559055118,46.023,2.648,12.347,-7.3,-11.773,130.0516732,1.2863,10.443,-5.67,3210.0,-39.076,317.7109165,40.60230309,-70.92076962,6.514909378,-0.686108988,1.198945097,0.105631,171.8698516,-54.72450127,24.08954138,62.15249801,4.3266,202.7821547,-72.14043813,-115.0800007
Driver,106.1359162,1.3,8.5,-1.496062992,52.438,9.374,11.092,-0.995,-9.495,151.4506532,1.427,9.964,0.248,2360.0,-26.054,435.7218805,60.16653725,-40.38461745,5.707541654,0.005741011,1.008661593,0.079192,227.4950662,-36.62669343,28.39322792,63.85660632,5.414108,259.7835389,-47.68530209,-112.7945844
Driver,102.3666786,-4.549,3.957,5.984251969,44.973,-0.611,17.737,5.309,1.352,139.6669202,1.3644,15.399,5.158,3248.49,3.381,451.7900662,107.4578986,47.69051422,6.25927952,0.566847537,1.752144983,0.0965174,226.8176354,27.09588743,43.62742334,61.45388635,6.80942,235.8976177,28.3921807,20.22213005
Driver,94.47924123,1.615,-1.482,-2.086614173,54.629,-0.335,11.392,-14.063,-12.582,123.2838225,1.3049,9.469,-11.507,3874.16,-19.177,324.7100099,42.94290276,-85.48071678,78.4941361,-20.11152459,12.54189754,1.67298,168.7909472,-46.92662337,28.41494993,56.14533967,4.75196,193.5205831,-54.33653367,-40.91749523
Driver,112.0459019,2.83,-3.544,-3.307086614,51.57,-1.296,9.241,-5.618,-2.074,162.6885737,1.452,8.056,-5.23,2013.12,-16.713,435.8524413,48.58952732,-71.94899961,232.4972259,-48.76608837,-1.47993032,4.77917,229.1548157,-47.68692729,23.27441128,75.31215399,4.67917,272.9776193,-61.75269555,-81.17193215
Driver,78.11381532,-5.199,-8.135,4.763779528,60.007,-11.145,20.313,1.392,9.527,103.6052702,1.3263,17.062,0.079,3580.0,13.171,272.495415,58.43446074,14.53531065,5.986700598,0.027379646,1.836048433,0.125907603,147.0454466,13.11250619,35.59093565,54.44285267,4.901468923,166.8265864,16.36425046,38.73166127
Driver,92.64495347,0.134,-1.209,-0.157480315,47.321,-1.085,16.706,-2.707,-1.498,134.3356299,1.45,14.721,-2.518,2660.0,-5.017,418.9236458,84.02568581,-27.02486622,6.179136049,-0.276619693,1.636592793,0.0986084,218.6272079,-17.49399935,36.93757692,61.46518435,6.10563,232.8981818,-19.10212335,-23.70871317
Driver,109.8783107,-0.97,-0.732,1.299212598,43.799,-1.743,18.964,-2.223,-1.492,150.7122405,1.3716,16.452,-2.024,3770.0,-2.687,497.2053888,143.9469842,-25.65037432,6.341361134,-0.227690532,1.91367852,0.091167,239.9620013,-15.19501109,50.80829004,65.61691452,7.62885,249.6767429,-15.98525227,-20.1826004
Driver,21.13457409,-2.513,4.636,3.188976378,51.985,2.67,5.108,4.783,0.147,31.86068361,1.5075,2.927,4.741,690.0,0.773,3.892970993,0.10698722,0.321736213,2.719818156,0.224943544,-0.006262794,0.175722,2.463410363,0.203723894,2.811492517,31.56211006,0.159074,16.57825647,1.37185072,0.000357993
Driver,93.33392985,-3.251,3.26,3.858267717,54.107,0.904,17.517,4.273,1.014,130.1720204,1.3947,14.264,4.106,4210.0,1.362,396.2711524,93.27421925,30.68968691,5.819005201,0.418394955,1.503715505,0.095915,197.8830695,16.6270839,43.64578462,57.78850362,6.336143,212.3217222,17.97695724,7.397129234
Driver,72.65345383,-2.843,-6.292,4.724409449,42.409,-9.409,18.846,-5.728,0.563,101.0667949,1.3911,14.283,-5.853,4577.45,17.41,219.7668621,37.58896409,-9.480742458,132.4532416,-0.140557481,-4.56487761,4.06758,124.2152643,-0.85019714,27.06899203,60.01266993,3.74758,150.0990122,1.211440966,35.46294482
Driver,99.16338583,-3.418,-3.069,5.354330709,47.541,-6.203,16.189,-3.248,-0.178,132.9254653,1.3405,13.442,-3.221,3626.6,4.861,382.386931,76.31019283,-9.577941753,208.1497707,-1.460298611,-2.964994107,5.56943,203.7251018,-1.628039692,34.05379736,68.54062261,5.40943,230.0781972,-0.625059386,29.46288137
Driver,105.8853794,0.125,-5.662,-0.157480315,53.297,-5.569,12.475,-2.076,3.586,159.4510558,1.5059,10.86,-2.558,2663.82,10.516,525.8187722,90.58173983,3.168528896,6.262865654,-0.269446477,1.224132319,0.0828285,264.5742087,9.902510873,36.20491319,63.20534558,6.63782,288.1945965,12.67976934,65.07749994
Driver,105.8741947,-3.011,1.546,3.937007874,45.702,-1.396,14.906,1.436,-0.11,156.9723067,1.4826,12.959,1.449,3034.65,-0.344,531.4375409,115.579589,12.09422819,5.444792413,0.137360598,1.280172272,0.0736912,262.1163886,5.817125516,43.09707594,63.24481179,7.24987,271.9654643,6.010256842,-2.433816247
Driver,88.97190408,-2.251,0.402,2.874015748,55.118,-1.168,6.371,0.664,0.262,134.0063529,1.5062,5.364,0.633,1340.0,1.127,232.6783358,13.23772186,2.929390129,4.686227868,0.052223917,0.434272786,0.072394116,136.026719,1.883665305,9.527262915,86.62132681,2.634098842,204.0208477,3.023223586,1.142732334
Driver,92.65166428,1.281,-1.346,-1.653543307,51.311,-0.32,19.567,0.188,1.535,136.308384,1.4712,16.762,-0.062,3810.0,1.061,432.2777395,117.6300874,2.316999294,6.207020466,-0.005227034,1.895541557,0.098964,214.1135169,1.949245587,47.60191563,61.60137904,6.938338877,226.6752732,2.152011942,6.542783765
Driver,104.4045276,2.2,0.0,-2.125984252,55.537,0.975,8.335,-7.729,-7.633,144.3009574,1.3821,7.309,-6.626,2370.0,-10.391,397.0010762,40.67633904,-57.95172047,5.736326223,-0.649448232,0.741904724,0.082912,208.5629328,-35.47448101,22.14013871,65.25910745,4.780464,247.0000172,-44.4315554,-34.56767716
Driver,81.46250895,-6.022,5.135,6.181102362,57.654,1.304,21.033,0.899,-4.236,109.1320687,1.3396,17.606,1.48,3760.0,-6.852,303.9344778,71.60596615,-1.776002136,6.193603347,0.149208964,1.974394985,0.124138,160.4794455,-4.064496826,39.60645282,55.50896942,5.416924,177.3531525,-5.175301141,-24.6200235
Driver,92.55994989,-5.8,1.4,5.039370079,55.987,-3.047,22.06,0.203,-1.18,129.4723067,1.3988,17.546,0.458,5804.98,-1.322,375.4441569,117.4075793,-0.854131081,5.891756076,0.039862636,1.906283882,0.099697,183.2949397,-1.259027177,51.48635743,60.03594433,6.683014,189.7503576,-1.355449929,-8.172374027
Driver,105.5453651,1.465,3.852,-1.88976378,46.97,5.219,9.217,-2.939,-6.791,151.5103794,1.4355,8.275,-2.099,1890.0,-40.817,341.5237136,32.0525135,-42.29212687,6.265755269,-0.255264214,0.905714191,0.0863365,191.6649139,-36.87413858,16.98273269,78.74748924,3.79328,231.2779399,-51.34626598,-89.88170461
Driver,106.5475125,2.468,3.827,-3.070866142,54.056,5.618,14.527,6.204,2.377,153.8318719,1.4438,12.826,5.858,2650.0,7.113,509.9624474,99.53356971,68.31572116,6.299937916,0.650126823,1.457745774,0.0870476,258.0952498,40.72764875,38.69055205,63.47846456,6.77537,279.5486049,45.2085293,43.50881682
Driver,108.3974588,6.1,1.9,-7.401574803,50.667,7.046,14.626,-2.893,-4.862,157.0022817,1.4484,13.13,-2.01,2688.37,-7.358,525.795043,108.7786839,-37.65754016,5.742732031,-0.207180674,1.352751939,0.077778,263.4662991,-25.33099865,40.94064506,63.86651768,7.037881,284.2542105,-28.46104753,-48.35227789
Driver,105.1673228,-5.676,-5.864,6.968503937,49.695,-10.7,12.1,-0.417,5.447,148.3920902,1.411,9.706,-1.171,3692.8,11.136,473.1012079,84.4292845,20.29353083,6.390212524,-0.116983998,1.125145854,0.0906368,232.3077754,18.41846306,38.60065538,58.37647336,6.46628,249.8365272,21.40720895,69.44160569
Driver,83.54062276,-0.448,4.17,0.433070866,60.374,3.916,20.054,2.27,-1.901,107.397772,1.2856,17.3,2.543,2950.0,-4.062,294.0262522,62.51404587,8.292768291,5.927277972,0.257976431,1.840931087,0.120186,159.4211273,2.944610141,35.21196218,56.71418217,5.083788,181.7447392,2.853123902,-12.39138983
Driver,97.5281854,-0.711,-9.183,0.905511811,48.232,-9.818,19.92,8.33,17.513,128.4332498,1.3169,16.798,5.437,5300.0,27.726,359.9562607,94.28539756,90.17103429,6.108144612,0.623433751,1.87180746,0.1036488,181.7994944,63.91292987,44.56857501,57.24936105,6.097864334,192.8735046,69.9517373,142.4977333
Driver,92.92009664,4.21,3.854,-5.590551181,50.522,7.33,18.733,1.717,-2.137,138.1370795,1.4866,16.389,2.08,3250.0,-12.011,441.9704748,108.85482,-12.85326766,5.850384687,0.1997292,1.735413958,0.091642,223.0803895,-15.39250578,44.00086371,61.68185171,6.776187,239.5399052,-17.89586,-70.37922559
Driver,98.35361489,3.759,-5.649,-4.960629921,47.374,-2.182,20.563,-0.129,5.52,128.9719041,1.3113,17.701,-1.131,3860.0,11.978,395.1567803,106.7634494,19.34360403,5.89232228,-0.100774366,1.901049023,0.099783,198.8034318,17.87107905,46.01164612,59.94001797,6.55583,212.3773322,20.152754,65.32731157
Driver,102.7469578,3.1,10.5,-3.700787402,54.603,12.816,4.708,-1.81,-12.31,148.9528901,1.4497,4.572,-0.409,1720.0,-59.968,175.8177074,7.908890677,-11.42465253,5.850194116,-0.073712594,0.45232843,0.0814,106.7343641,-12.38273965,6.802988695,101.860003,1.793466,181.5707164,-29.74851698,-34.8769895
Driver,65.58026127,-2.01,-3.316,2.125984252,54.89,-4.729,22.311,0.88,4.196,89.0519864,1.3579,17.819,0.041,4030.41,6.097,207.4640629,43.77211461,4.438993049,5.721824908,0.013713712,1.825389581,0.14082613,115.1688088,4.131334909,33.19691456,51.08700451,4.163397014,134.4831704,5.396429214,12.14692149
Driver,110.7305834,1.6,0.0,-1.417322835,47.765,0.903,12.583,-2.309,-2.36,163.0728794,1.4727,11.147,-2.044,2379.37,6.436,539.3196967,94.84800778,-2.392509184,5.816703666,-0.197680325,1.158304714,0.075237,272.0240004,3.846814331,36.80638686,64.51274381,6.725768,297.2032405,5.397391652,40.63699982
Driver,79.21886185,-4.727,-6.159,4.330708661,59.126,-8.993,25.957,3.839,9.998,94.95928776,1.1987,20.885,1.98,5040.0,13.579,237.1477392,63.48920299,21.69748667,5.9856627,0.233076429,2.287826154,0.141281,127.3179883,16.61341179,40.97061786,52.15160661,4.867089,139.9727471,19.14331836,36.72655663
Driver,99.44076593,3.035,3.436,-4.330708661,47.333,6.237,13.794,2.416,-1.02,148.6607462,1.495,12.332,2.559,2168.64,-9.485,463.7317708,77.04485538,4.027840642,5.876790356,0.255367854,1.289911542,0.083737,244.1673897,-3.721728895,32.2159845,65.94541846,5.94548,275.6400741,-6.077101097,-43.8551038
Driver,103.1921081,-2.025,-0.546,2.677165354,46.046,-2.499,13.801,2.929,3.475,146.7329545,1.4219,11.865,2.489,2890.0,7.985,471.7844365,85.60814381,38.13666138,6.456938522,0.289189664,1.379022842,0.0932379,239.1649956,25.36166335,36.76584121,61.17605276,6.39267,261.108502,28.97912271,45.02982413
Driver,107.7800644,2.2,-0.2,-2.755905512,43.835,1.623,14.726,0.062,0.394,160.0304223,1.4848,13.072,0.02,2630.0,1.872,540.1181299,113.9975022,5.338731895,5.839980846,0.002362191,1.370608981,0.077597,268.9904541,4.306849429,41.94518584,64.2454445,7.193893,289.0030754,4.905745227,12.63889747
Driver,88.12410523,-5.795,0.123,7.204724409,56.818,-3.683,9.637,-0.827,-0.95,127.0875089,1.4422,7.77,-0.71,2360.0,-2.274,306.7068916,28.8738965,-5.647335772,6.145411478,-0.078223447,0.836955343,0.101064584,168.6059759,-3.871251643,18.19126796,66.62763351,3.971964793,212.8566399,-5.387837227,-5.34666236
Driver,87.80422334,-1.524,0.193,2.244094488,45.379,1.697,17.568,-0.393,-0.586,124.8523622,1.4219,14.023,-0.279,4396.01,-8.71,344.9895313,71.36927244,-16.452716,176.9519192,-12.04480456,4.487092379,5.03921,183.5241466,-12.74908025,35.46783839,62.88221331,5.29992,205.2854884,-15.12032469,-35.57227947
Driver,61.42850752,-7.723,-9.301,9.448818898,50.919,-15.624,15.288,2.574,11.875,80.06285791,1.3034,12.291,0.955,2690.0,26.82,125.4664569,15.27002646,7.263282168,6.093235562,0.135883964,1.264687289,0.161848,76.19528445,7.195250067,17.32045131,56.20817415,2.44492,101.4214722,11.57543023,17.78990836
Driver,98.21716178,-1.213,-3.425,1.57480315,54.036,-4.305,8.329,-8.243,-4.818,147.4456424,1.5012,7.215,-7.672,1830.0,-18.058,362.8027158,32.05486115,-64.02494014,6.069032116,-0.822546609,0.767974731,0.085776551,198.73201,-41.41244939,17.14650438,75.11669171,4.080802843,251.0871393,-56.53592942,-45.27924594
Driver,78.35764137,-1.7,3.7,1.732283465,66.125,2.837,24.944,-4.538,-8.238,92.72615426,1.1834,20.3,-2.956,6050.0,-11.358,223.1815168,59.25846642,-22.21327099,5.754453399,-0.319411252,2.138331545,0.138741,119.5638148,-15.881941,41.1994569,50.44777562,4.718155,129.8481809,-17.84213099,-29.24896457
Driver,69.7364889,-4.269,6.179,3.503937008,73.01,4.872,18.679,-8.444,-14.623,54.97069613,0.7883,12.703,-4.415,3880.0,-25.256,55.00075698,6.58185192,-5.446435987,6.107899733,-0.516090197,1.18522097,0.237996,34.58477143,-4.148903822,15.19885458,44.78881593,1.481595,59.05775508,-8.131038482,-4.48044447
Driver,94.90425913,3.604,2.413,-3.976377953,54.704,4.969,15.46,1.385,-1.028,141.7884306,1.494,13.52,1.559,2742.65,-1.038,446.0240662,90.10402654,3.998141156,232.4297656,-0.99686081,-2.988357945,6.2912,228.6691291,-0.855169082,37.87002454,65.2578872,6.1412,251.521924,-1.730779365,-21.22816745
Driver,109.6121152,6.3,3.5,-7.086614173,52.843,8.317,13.084,-0.184,-3.684,161.6716625,1.4749,12.177,0.339,1970.0,-16.217,514.9545444,88.10473156,-29.45625784,5.891293553,0.022096254,1.278542467,0.077125,267.7060498,-26.71021446,33.84080256,67.60299931,6.289843,298.2291862,-32.97230393,-84.85728423
Driver,83.84931997,-6.162,-5.491,8.346456693,47.846,-11.1,9.761,3.529,9.02,117.7239173,1.404,6.308,1.544,4642.53,25.967,258.8766453,25.50964897,36.33096021,132.9171727,27.8757668,0.793267038,3.64837,134.9081779,28.63222204,20.81543099,54.76849371,3.72872,161.8709781,38.70288441,75.20876345
Driver,23.50572656,-2.07,1.638,2.007874016,66.918,0.755,23.571,3.183,1.545,31.06008411,1.3214,16.728,2.739,2110.0,2.61,19.52890336,2.993269508,0.938966781,5.814625848,0.282432423,0.988312734,0.408314,12.5714163,0.621623291,17.62829549,28.89876589,0.901602,25.49320788,1.281387508,0.062717245
Driver,89.16875447,1.732,-9.902,-1.614173228,61.625,-8.966,11.279,-3.208,6.694,105.9506979,1.1882,9.882,-4.212,1800.0,26.172,186.8961489,18.53523564,-6.647620961,6.119189649,-0.427897442,1.033519021,0.121364,112.2551547,-0.346047359,14.87320643,70.43665618,2.763085759,163.3236782,3.331879719,23.69898178
Driver,96.10102004,-1.064,1.234,1.417322835,46.968,0.241,13.302,0.759,-0.475,142.3367037,1.4811,11.153,0.832,3039.53,-5.392,448.710374,77.21546907,-5.115084238,5.805073594,0.079455264,1.157266493,0.086136,227.4545311,-6.257388069,35.48031044,59.93432203,6.138761,251.0257405,-7.850476428,-28.67478351
Driver,110.5359699,0.1,6.5,-0.118110236,52.095,6.558,10.54,-2.367,-8.867,158.8206872,1.4368,9.394,-1.232,3180.0,-23.609,498.6744978,79.24518903,-71.0199301,5.908686759,-0.161301584,0.992382482,0.07811,247.5992502,-54.01535343,34.97428565,60.43651143,6.319349,270.9837875,-63.84002207,-146.4225289
Driver,91.49293128,0.101,8.123,-0.118110236,58.483,8.185,0.276,-6.969,-15.092,131.5278275,1.4376,0.256,-5.14,2390.0,-61.1,10.90678487,0.02715243,-1.015052719,6.142425739,-0.589626148,0.0049182,0.09649197,6.658726798,-0.643185258,0.238281604,128.4994905,0.104701444,73.98137999,-7.820586208,-0.140506184
Driver,103.8654259,0.3,7.9,-0.31496063,51.344,8.178,5.626,-1.862,-9.762,150.4567824,1.4486,5.11,-0.977,1620.0,-33.506,277.8867036,15.70589575,-19.74386345,5.826681005,-0.118100903,0.51592916,0.080289,158.913977,-17.98432578,10.06077597,89.225141,2.873539,228.031156,-32.93898592,-45.86841119
Driver,97.83911954,-2.793,-3.911,3.267716535,52.481,-6.058,11.617,-6.981,-3.07,141.3039102,1.4443,9.876,-6.601,2500.0,-7.795,416.7237119,56.56316738,-59.4126992,6.28437638,-0.729316658,1.103090904,0.0934479,218.7702709,-35.71674266,27.77011518,63.12843127,5.36409,249.4535854,-42.25857601,-32.0062987
Driver,103.5030422,0.558,3.226,-0.708661417,47.388,3.739,16.022,2.554,-0.672,149.6168128,1.4455,14.159,2.638,2770.0,-1.574,497.6437286,107.0821166,18.44569574,6.504722066,0.297597552,1.66821347,0.0930338,251.1546033,8.309396452,41.13444672,63.28461506,6.91571,270.1443775,8.725534839,-9.757807123
Driver,109.7530422,3.5,2.5,-4.251968504,49.54,5.543,18.104,-3.344,-5.844,157.2022638,1.4323,16.505,-2.486,3600.0,-12.876,520.2659347,151.2326587,-67.39667108,5.680704146,-0.275789167,1.705898288,0.07821,250.4030065,-45.50071076,50.94910225,66.36048353,7.812723,260.9408691,-48.35504259,-104.3322183
Driver,102.0825877,2.911,7.041,-3.700787402,50.986,9.403,15.53,2.237,-4.804,149.3374195,1.4629,13.76,2.937,2810.0,-19.613,478.9528634,96.2186363,-20.29863004,6.038744232,0.291625295,1.489546873,0.086291,244.4817834,-25.49249944,38.51703472,62.79682123,6.569009,266.9041912,-31.13515885,-113.7523693
Driver,71.02943808,0.6,1.4,-0.236220472,39.25,1.396,17.251,2.105,0.733,105.1089388,1.4798,14.639,2.084,2730.0,0.125,267.6074711,46.35371519,9.239068977,5.871898828,0.203580638,1.524557887,0.119948,147.7150235,5.220883015,29.61703871,56.62420347,4.497593,174.1536481,6.17271616,-0.452453725
Driver,100.2438261,-4.247,-10.957,6.141732283,45.229,-15.182,6.618,-4.657,6.3,137.0850483,1.3675,3.363,-6.554,5121.75,20.901,333.4934004,27.02816008,-2.785398327,178.7449088,10.83656298,-5.720048056,4.60298,165.7454681,7.865685719,20.41554969,59.28386341,4.10298,195.6491099,14.32715744,80.13325498
Driver,90.41920186,-2.729,3.798,3.700787402,48.09,1.345,13.166,5.083,1.285,130.4440319,1.4427,10.742,4.881,3150.0,-0.538,385.8126993,60.19410912,31.52670444,5.838076233,0.49624373,1.118032094,0.094455374,199.2249626,16.18550262,31.77803052,58.21729867,5.478985546,224.8739339,18.17313185,-2.305549695
Driver,99.71590909,0.1,-6.7,-0.157480315,49.424,-6.728,24.478,-0.079,6.621,131.9595562,1.3234,22.251,-0.814,5510.0,7.925,384.8374234,147.4317207,17.52159379,5.360989232,-0.061666419,2.231894815,0.091631,184.2341709,14.23806898,56.4232903,65.30697463,7.169088,187.9749381,14.68227074,50.53838243
Driver,94.45016106,-5.3,-8.826,5.94488189,50.044,-13.283,13.509,-1.037,7.789,133.5001342,1.4134,11.314,-1.979,3154.43,14.851,396.628117,64.64687582,12.43435569,6.308900819,-0.201365338,1.277185289,0.0999489,204.8763677,15.21915198,32.69928726,58.70714474,5.61268,227.9213233,19.39738703,66.79668926
Driver,106.7823908,-1.088,0.735,1.417322835,46.755,-0.288,15.641,3.989,3.253,152.3136632,1.4264,14.368,3.73,1962.05,-7.714,475.2705792,96.98676445,5.564287693,238.1192489,-6.382682077,0.355987468,6.34703,238.5067024,-6.433702737,40.9829804,62.76212937,6.36384,259.0135811,-9.112137085,-65.79130651
Driver,93.43906586,-5.503,4.676,7.480314961,50.359,0.098,16.102,-3.715,-8.391,113.072432,1.2101,12.346,-2.189,4530.0,6.035,305.6910407,55.70341993,-2.836460616,5.738067726,-0.210899961,1.273234974,0.108105806,158.8529276,1.182538751,34.82652776,53.37516581,5.065006289,177.1009709,2.043763166,21.74714503
Driver,100.3265927,1.2,-9.6,-1.692913386,44.51,-8.996,20.707,2.669,12.421,132.8420276,1.3241,17.966,0.649,4310.0,18.888,399.295101,114.6010222,51.28713812,5.798506987,0.102087273,1.905514915,0.095538,198.4908682,39.5023803,48.1098423,60.40634218,6.710977,209.5885683,43.10468988,111.889573
Driver,83.6166786,-1.858,-1.105,2.874015748,36.955,-3.576,22.019,11.497,12.602,118.7808697,1.4205,17.547,8.926,5991.68,18.051,326.7559542,89.81284555,82.39238123,6.477004753,1.042251709,2.09659339,0.119502,165.5683616,52.63906087,45.67940157,55.92712353,5.91393,173.8423983,56.17675773,82.93535208
Driver,109.0372226,4.549,1.909,-5.669291339,45.282,6.428,15.867,3.816,1.906,162.3872584,1.4893,13.86,3.466,3283.25,9.229,554.8971281,135.8642798,64.10781926,6.271170275,0.390494827,1.584638058,0.0825582,268.1650308,40.4208071,47.85417891,66.06455948,7.68441,275.7013772,42.07103648,72.95956314
Driver,105.2635111,3.242,-0.764,-4.05511811,43.659,2.639,18.565,-0.65,0.114,150.1049123,1.426,16.693,-0.665,2790.0,0.265,507.6048443,128.7813427,-4.978722741,6.453444071,-0.074549366,1.966931254,0.0931992,254.2469544,-2.361192987,45.37955241,65.3678038,7.34955,269.8239845,-2.478099799,1.769023327
Driver,77.1452219,-7.3,9.3,5.984251969,69.592,6.566,23.343,2.004,-7.296,102.950519,1.3345,19.303,2.874,7070.0,-10.261,261.1193319,73.15379284,-0.623918133,2.341980878,0.122076107,0.825258702,0.049799,135.4529577,-4.355017958,44.74673758,52.35073817,5.26176,142.7369022,-5.00399261,-33.41281156
Driver,81.82265569,-1.332,3.818,1.220472441,66.001,3.225,24.385,-1.602,-5.42,105.5648264,1.2902,20.606,-0.721,4050.0,-8.962,290.6439373,80.31578902,-15.89704425,5.845215205,-0.087787926,2.207883909,0.123463,152.6054509,-12.57851259,43.36522106,55.56838207,5.537994,166.3966037,-14.39319105,-31.99122465
Driver,105.478257,2.948,3.74,-3.464566929,54.473,5.847,16.325,4.46,0.72,155.9876074,1.4788,13.801,4.319,3915.93,1.939,518.0741858,136.0440284,44.4354997,6.634378114,0.502550422,1.674457375,0.0910269,247.4033025,23.66179932,50.14768261,65.24280044,7.58481,258.0766156,24.83306007,15.14465879
Driver,100.8612205,5.3,-3.3,-6.614173228,50.439,0.919,17.35,-5.131,-1.642,149.6302344,1.4835,16.059,-4.947,1935.71,0.505,490.0851713,105.3797235,-40.30835342,5.332410892,-0.459570184,1.539161904,0.076692,257.038464,-21.310979,38.58646652,67.71038154,6.603872,282.551246,-23.35053438,2.572796602
Driver,102.6753758,1.243,-2.663,-1.456692913,52.026,-1.692,14.609,-0.288,2.374,151.7374284,1.4778,12.313,-0.71,3515.13,6.43,500.5212218,109.2769294,13.05737306,6.647283745,-0.073621261,1.49038514,0.0931294,244.9676081,11.80629864,43.6170821,61.22649697,7.06196,260.1250383,13.29066521,44.5121575
Driver,99.75393701,-1.982,1.019,2.598425197,44.1,-1.027,21.927,4.198,3.179,144.8129921,1.4517,18.216,3.663,5384.16,7.23,441.1002532,152.5124272,50.58141885,6.251865557,0.413507692,2.127839298,0.0946153,208.9250677,30.9664524,55.74662265,67.01737621,7.49291,210.7600495,31.31078156,53.10852947
Driver,79.38886901,-6.446,-7.222,6.181102362,64.698,-10.284,19.268,5.118,12.34,107.5118558,1.3542,14.063,2.458,6177.89,16.799,272.1169239,55.61924082,33.02250247,5.556157584,0.2637936,1.411587211,0.111142883,142.2746544,24.26403179,36.64406058,51.63543124,4.860289693,155.867685,28.02092381,54.68807609
Driver,87.85343593,0.775,2.541,-0.826771654,54.771,3.089,10.886,-3.002,-5.543,127.4977631,1.4512,9.669,-2.319,1760.0,-19.36,289.5784253,30.77717984,-23.11746849,5.504279054,-0.233479592,0.929521245,0.0904192,165.5427873,-18.4510903,18.14669052,72.29461445,3.73667,211.1884376,-26.94829178,-35.33800773
Driver,74.43852899,-5.609,4.512,5.590551181,57.771,0.962,26.5,-0.024,-4.536,96.25671081,1.2931,21.525,0.769,4800.0,-6.035,247.1059764,69.30835488,-3.494744225,5.781249899,0.066704617,2.287289918,0.135086,131.7840462,-4.062945229,42.78092176,53.08512116,5.082058,143.8485937,-4.801061439,-17.49130734
Driver,104.2278096,1.7,10.7,-1.968503937,55.523,11.837,6.719,0.455,-10.245,151.1502326,1.4502,6.241,1.43,1640.0,-40.761,292.921617,20.38856393,-14.13102888,5.718021696,0.119687332,0.619830956,0.078629,166.316243,-17.52272152,12.52468802,84.08942219,3.12271,227.7739722,-32.74617126,-64.93406544
Driver,90.42814961,0.573,4.827,-0.748031496,50.569,5.298,20.601,0.503,-4.324,121.866947,1.3477,17.331,1.259,4050.0,-3.239,363.2661114,94.88086078,1.244555394,5.873676227,0.124538778,1.853915047,0.1051336,184.3300061,-1.208254751,44.71653737,57.97701131,6.205151994,198.2097368,-1.583412845,-15.77388449
Driver,79.56782391,-3.8,7.8,3.818897638,55.177,4.701,11.786,3.953,-3.839,107.5738189,1.352,8.798,4.856,3287.42,-6.454,246.0056966,26.3964123,15.93199567,6.236442629,0.519523695,0.962953592,0.121865,135.0586593,6.927422241,20.36174679,57.96603757,3.750906,169.5186807,7.515575253,-13.5460412
Driver,91.40569077,0.838,-4.057,-1.102362205,48.628,-3.319,13.775,4.134,8.191,124.6763153,1.364,12.107,3.038,2451.94,6.649,343.7757367,51.36039257,25.48012309,5.992493046,0.323722235,1.283953408,0.101878,186.6968819,16.91154699,27.60462368,61.86895142,4.910597,219.0662159,21.06872092,21.10154125
Driver,89.13072656,-0.692,-0.645,0.94488189,48.78,-1.251,11.579,-3.73,-3.085,131.9899785,1.4808,9.663,-3.238,2590.0,-9.161,365.3365358,46.16168908,-31.91103567,5.251397356,-0.302883879,0.896908537,0.083470305,194.9183562,-21.41896616,25.25793289,62.40795319,4.874061804,229.3951058,-27.13080786,-31.32521445
Driver,106.178418,-1.835,1.755,2.047244094,54.323,0.437,14.269,-4.142,-5.898,151.7376521,1.4291,12.44,-3.446,2938.74,-19.748,486.2130032,91.84250279,-75.02369908,5.376211674,-0.338219199,1.202921778,0.0750531,246.0135166,-53.66211907,37.57691643,61.8990012,6.52862,259.4306438,-58.61767408,-117.4015045
Driver,101.8186292,-2.372,-0.851,3.031496063,51.038,-2.771,10.947,-0.067,0.784,144.2295991,1.4165,9.105,-0.178,2643.21,-4.147,415.6656591,53.84019642,-10.15165689,217.5369423,-8.978163408,-0.015583177,5.07228,217.4117176,-8.967751927,26.60034334,67.32002871,5.06802,252.0048622,-11.8527122,-24.87856382
Driver,85.47109878,1.3,-3.1,-1.614173228,51.044,-2.105,17.203,-4.47,-1.297,123.2314782,1.4418,14.564,-4.245,3240.0,-3.507,366.6588641,74.15851814,-32.38036773,6.067055859,-0.453243683,1.586084151,0.105683,191.0424217,-19.15057935,37.21096201,57.96446746,5.749812,211.7239008,-21.69799519,-15.08409584
Driver,97.24633142,0.956,0.209,-1.102362205,49.237,1.033,18.411,2.822,2.614,137.2512527,1.4114,16.264,2.482,2960.0,5.356,442.0610863,104.4420423,30.43603815,6.246638434,0.276706679,1.844748465,0.0984118,225.2950658,19.69719648,42.38917746,61.9227364,6.67567,242.4918444,21.81567914,29.87866983
Driver,101.2907122,2.198,1.273,-2.716535433,47.99,3.255,14.358,-1.235,-2.508,146.1607462,1.443,12.225,-0.781,3161.96,-7.448,473.3732929,92.73420336,-24.685285,5.775747176,-0.085824884,1.274533329,0.0837626,237.0903187,-18.14014381,39.3998036,60.50903966,6.5964,256.0995819,-20.66247983,-44.74874542
Driver,97.96215104,-5.021,3.196,6.338582677,50.651,-0.935,21.093,4.636,1.441,131.2488815,1.3398,17.123,4.4,5180.0,4.828,391.3420329,116.703757,41.11766101,5.813454279,0.453187232,1.827133127,0.096634,191.7623737,24.2063472,50.09760125,60.22882103,6.732773,200.2475955,25.53424154,28.62259138
Driver,98.0829456,-9.654,-5.6,10.78740157,53.734,-12.769,8.966,4.462,10.062,145.16352,1.48,6.324,3.019,4331.26,28.143,409.4982898,49.8517882,79.5093922,6.03402534,0.348388441,0.690251826,0.0866608,201.8414847,55.92872943,28.97339824,56.47816143,5.26383,217.0515571,63.77839812,136.9108533
Driver,123.6019148,2.143,0.278,-2.677165354,48.122,2.201,11.488,1.936,1.658,182.2704903,1.4747,10.199,1.703,2370.0,0.647,636.7800054,114.3183364,20.69143651,5.930607366,0.176679885,1.081790185,0.068370898,314.1343241,10.98405783,39.08850704,67.21122144,7.408341947,338.5039499,11.95840723,4.947866003
Driver,93.9781675,0.924,0.813,-1.338582677,50.514,1.575,15.95,-0.56,-1.373,132.2474499,1.4072,12.488,-0.232,4564.42,7.224,384.1235193,83.72606332,13.28735094,198.4027356,10.93145885,-2.752738878,6.03359,195.0249002,10.56063573,39.48011304,59.78995677,5.88359,211.8957582,12.3756479,34.04722844
Driver,98.89495347,-0.714,5.262,0.94488189,49.29,4.648,12.949,0.241,-5.021,141.5092609,1.4309,11.221,0.896,2590.0,-11.021,429.7932803,66.97201015,-12.24281439,6.06972045,0.085088925,1.211610486,0.090594,224.0736586,-13.0628165,31.16307821,62.29171773,5.698271,253.4583939,-16.97579145,-49.67764417
Driver,65.70552971,-1.59,-7.21,1.614173228,59.082,-8.163,7.587,5.774,12.984,84.82350573,1.291,6.364,4.009,1800.0,42.377,71.75585103,4.210508911,6.73051031,5.122639389,0.38330326,0.519443563,0.125539052,45.65903054,5.337472835,7.420008933,70.98128135,1.215290136,99.90296756,14.37718879,6.462392525
Driver,67.72548318,-3.0,3.4,3.267716535,57.085,1.032,15.03,-2.91,-6.309,92.4928418,1.3657,12.823,-1.915,2150.0,-16.834,178.5249535,23.66193942,-11.62521193,5.887111973,-0.214499646,1.303483258,0.135487,105.514766,-9.766345571,20.20210601,59.01572785,3.125381,142.1848956,-15.36935562,-18.75017426
Driver,93.73210451,0.526,4.665,-0.669291339,51.468,5.084,7.866,-2.476,-7.14,136.3426092,1.4546,6.937,-1.559,1760.0,-26.846,275.9741485,21.0098694,-20.8951693,6.150492401,-0.186125732,0.739626349,0.093960456,157.7550918,-18.00011114,13.20562619,79.37591931,3.211778542,216.9398794,-30.30492182,-41.18862626
Driver,75.11855762,-5.278,-0.601,4.881889764,58.141,-3.892,20.828,-1.071,-0.47,100.2386811,1.3344,17.392,-1.004,3420.0,-0.794,260.6537086,55.75936643,-5.239067692,5.877882474,-0.104121634,1.835875076,0.127961,142.0456958,-3.206876382,35.13288541,54.30286922,4.78698,162.2556177,-3.749466667,-2.154192199
Driver,93.63144238,-5.066,-2.284,6.614173228,50.644,-6.453,3.899,6.92,9.204,127.7559055,1.3645,1.451,4.407,4446.59,27.66,234.9270297,8.902732864,39.40500782,134.2091883,30.86456915,-2.975570752,3.0915,120.0885266,25.73751602,9.32524569,70.96974015,2.6615,165.2991405,41.32995028,49.94441507
Driver,93.42564424,-2.307,-4.089,2.874015748,47.015,-6.241,14.021,-4.34,-0.251,133.4468951,1.4284,11.734,-4.304,3031.74,-0.563,405.8703976,68.97304125,-31.03203009,6.352021272,-0.477322159,1.335702429,0.100834,209.2949697,-16.57264584,33.92646659,59.02956449,5.77772,231.8671203,-18.44854416,-2.603963986
Driver,88.29858626,1.722,-4.32,-2.007874016,51.805,-2.965,22.19,1.52,5.841,127.6089388,1.4452,19.081,0.56,4100.0,11.506,387.6361196,114.1524916,30.04381714,5.81720351,0.072443038,2.035770779,0.10045,194.053534,23.10089199,48.3342049,60.71108106,6.666699,205.3986903,25.25754198,63.64997026
Driver,95.00492126,-2.039,-4.986,2.519685039,48.078,-6.818,20.583,6.077,11.063,128.2258858,1.3497,17.119,4.244,4930.0,10.117,379.9152124,108.0996812,50.91017462,5.94674011,0.45562363,1.864710149,0.101191,188.5460405,32.63097688,48.28375514,59.1696546,6.535732,198.4160896,34.97290968,56.39663917
Driver,75.55028633,-5.661,3.625,5.669291339,56.251,-0.172,31.901,2.711,-0.914,94.1642806,1.2464,23.926,2.938,7438.03,-1.011,233.3614269,75.35581578,10.1677369,5.97713693,0.30399848,2.673136505,0.146145,122.6419424,5.31497826,46.90195199,52.70726525,5.149354,128.1740134,5.529111027,-2.916456548
Driver,70.00939513,-2.7,-6.7,2.322834646,63.855,-8.11,49.122,-0.884,5.816,62.49038117,0.8926,41.687,-2.04,7440.0,3.853,123.0718457,60.88047216,-2.299655874,3.026867621,-0.109928967,2.666434479,0.13599,64.63393897,-0.946943601,54.70569996,47.14298607,4.170437,65.82690991,-0.955805504,4.062589533
Driver,112.1264316,2.533,-3.813,-3.700787402,39.364,-0.722,15.251,0.75,4.564,155.7171618,1.3888,13.114,-0.044,3512.54,12.76,516.0413327,119.4390125,39.5498198,6.198693739,0.010421476,1.480569673,0.0848083,251.6881166,30.85911982,45.07840677,62.50914029,7.28382,265.8623785,33.9996784,93.15280502
Driver,99.82551897,0.962,5.296,-1.299212598,47.705,6.172,13.413,-0.065,-5.361,145.7735326,1.4603,11.522,0.775,2984.98,-17.883,454.7661308,78.4441602,-31.63790848,5.962937107,0.06422953,1.226989597,0.086515,231.8850335,-28.81623581,35.08825015,60.82826371,6.137426,255.9387539,-35.08226834,-95.77721645
Driver,87.98765211,-5.459,3.929,6.811023622,57.677,0.462,6.496,-6.399,-10.328,116.379966,1.3227,5.216,-5.283,1957.75,-29.207,157.8807205,8.2018325,-19.81773267,5.966284147,-0.570873494,0.525235505,0.106450734,95.40680923,-14.78783262,7.931162542,81.89464861,2.02632316,159.0096884,-28.89529853,-18.13974662
Driver,118.8059234,4.1,4.7,-4.645669291,49.264,8.254,19.317,2.045,-2.655,167.1673676,1.4071,17.597,2.407,3820.0,-7.266,557.5963018,187.7652824,-9.051244206,5.308377983,0.208935083,1.707673626,0.069083,260.4065722,-11.65470037,55.94635208,71.70266395,8.455033,266.4820733,-12.21175409,-67.70982243
Driver,74.00232641,-4.687,-4.335,4.488188976,58.158,-7.254,28.718,3.776,8.111,96.22002505,1.3002,22.387,2.018,6223.47,10.104,241.9509537,72.50396617,19.74103342,5.839005928,0.226133579,2.420830617,0.137697,127.8782128,14.43220264,44.85649383,52.75805507,5.126389,136.3442713,15.80793293,29.84696128
Driver,84.10880458,-3.828,0.494,4.842519685,50.771,-2.637,15.301,14.852,14.358,119.9181281,1.4258,12.247,12.443,4578.65,25.485,319.9491226,57.04210347,104.4430785,6.272727181,1.390079238,1.37893721,0.111491122,166.1112792,66.76266827,34.01377612,54.43542449,5.084263686,185.0659372,77.6206171,97.26249827
Driver,102.8118289,-0.549,-2.815,0.826771654,45.188,-3.36,10.553,-6.349,-3.534,145.5968146,1.4161,8.333,-5.63,3370.04,2.789,436.2630469,68.20696256,-29.55578367,219.5287848,-9.873077342,-0.375235751,5.68344,218.7073651,-9.889708431,32.93851512,63.21332842,5.65166,244.6281864,-9.451423993,34.77634444
Driver,92.18190766,-4.1,0.7,3.74015748,58.138,-1.865,20.262,2.427,1.727,127.4935129,1.3831,16.702,2.209,6770.0,2.725,359.4126664,109.1768687,19.5041139,5.849884161,0.223826042,1.801978219,0.10016,176.0349599,11.62498132,50.70206943,58.43958943,6.464335,181.4474938,12.07330746,14.53777919
Driver,99.2662849,2.3,-5.1,-3.070866142,47.851,-2.979,16.772,0.466,5.6,142.6008858,1.4366,15.19,-0.18,2406.93,9.561,456.1485831,95.18347101,17.28833559,5.108296205,-0.009958644,1.392151537,0.076785,237.1494077,15.64016313,38.32249256,63.73653091,6.42649,260.8985595,18.6942804,49.15046866
Driver,98.3357194,1.015,-0.022,-1.102362205,54.136,0.712,13.021,0.778,0.801,148.4701593,1.5098,11.628,0.683,2060.0,2.435,455.9702635,70.7469936,9.296394449,6.449861007,0.078923688,1.335812279,0.0917967,241.1965346,6.389364768,30.28595359,66.57531625,5.7386,273.0621572,7.698777012,10.54434226
Driver,103.6193629,-2.857,0.033,3.700787402,50.251,-2.345,10.148,0.656,0.622,146.709243,1.4158,8.352,0.568,2619.84,-8.244,381.8394318,41.83489857,-9.59374068,214.5344451,-10.52098838,-4.045983295,4.65396,204.7542671,-9.505564164,21.51009712,75.20844959,4.36396,249.9899876,-14.08119849,-34.59810196
Driver,99.47208304,1.719,2.854,-2.637795276,44.192,4.623,15.688,2.395,-0.459,145.3250268,1.461,14.68,2.43,1456.05,-4.937,441.4983935,78.90073252,12.07569436,6.023678334,0.252044387,1.575544085,0.088635,240.6769404,4.290533845,31.31441374,71.23117713,5.638627,277.1264187,4.089314489,-17.74833953
Driver,109.3213135,3.3,3.9,-3.897637795,52.626,6.464,12.936,-0.697,-4.562,160.9491321,1.4723,11.175,0.166,3120.82,-10.335,538.1739859,106.977449,-29.9407392,5.335281046,0.008003362,1.068900734,0.069921,263.527438,-23.93317241,41.67704286,62.10894438,7.124529,282.428807,-27.23496663,-74.08025894
Driver,103.0355225,3.3,0.7,-4.133858268,48.375,3.757,13.771,3.845,3.145,150.3469488,1.4592,12.249,3.385,2370.0,6.322,481.6508356,83.56389987,40.54681881,5.858713281,0.350718569,1.27987716,0.082537,249.5810188,25.61305238,34.37897939,64.57611161,6.244106,277.8307905,29.71042093,32.72895663
Driver,99.85012527,0.632,0.591,-0.708661417,56.114,1.015,12.258,-0.729,-1.32,143.9551271,1.4417,9.806,-0.445,3527.96,3.318,445.593486,75.68604596,6.543110338,220.9661119,6.207032365,1.638473845,5.81012,223.3164216,6.352579856,35.08796424,62.9350127,5.90323,246.9240972,7.819245775,24.2583119
Driver,101.791786,0.3,8.3,-0.472440945,54.29,8.497,0.264,-1.288,-9.588,145.2151933,1.4266,0.278,-0.417,1440.0,-39.553,23.05947889,0.060221968,-0.2683912,5.916506312,-0.062186224,0.018979569,0.084021,15.13342911,-0.247088354,0.332635619,138.4706436,0.218082,84.98183282,-2.084197872,-0.410868057
Driver,100.9328024,2.038,1.207,-2.480314961,45.711,3.197,16.664,5.324,4.117,146.9832677,1.4562,14.917,4.809,2650.0,10.036,482.1895489,104.1364275,62.24187983,6.29038331,0.537884514,1.697030717,0.0918394,246.3365985,39.98530946,40.24652948,63.57874287,6.75653,266.3442228,44.60863574,58.40085348
Driver,106.6862026,-1.033,3.568,1.299212598,46.019,2.572,18.489,1.188,-2.381,148.9517717,1.3962,16.233,1.48,3362.27,-4.382,496.1032317,132.6840039,-0.801615382,6.437949947,0.160375397,1.912319498,0.0935348,243.1418861,-4.021913226,48.26764475,64.88718215,7.42278,255.7950841,-4.612995857,-30.89874321
Driver,92.5174481,-0.111,-4.613,0.118110236,46.548,-4.718,15.722,-1.574,3.038,125.9632248,1.3615,14.34,-1.852,1762.33,10.593,342.6602882,56.27306753,-1.435309599,6.231689895,-0.193021953,1.583851573,0.105678,191.7686849,3.178112531,27.63895389,66.98473659,4.82015,216.7146132,4.795480547,28.11946975
Driver,107.8807266,0.002,2.989,0.0,47.915,2.991,11.298,-1.493,-4.482,161.6403454,1.4983,9.979,-0.958,2280.0,-14.273,512.6929095,75.58239878,-37.85156213,6.345329595,-0.118100458,1.13139345,0.0824681,263.6681089,-29.55673955,31.05218186,65.99289738,6.09949,294.0187767,-35.96174894,-75.51600375
Driver,76.61730494,-4.47,1.279,4.133858268,62.627,-1.041,39.216,1.914,0.635,94.06742126,1.2277,31.293,1.766,7380.0,0.567,234.7621768,100.9266226,7.279933615,4.813328749,0.149367609,2.948485391,0.12587,118.4909335,4.2539227,54.75456223,56.94906372,5.651055,120.6266668,4.334855418,1.807937692
Driver,22.81675018,-6.44,6.223,7.598425197,64.445,3.129,19.657,-9.937,-16.16,23.53189871,1.0313,14.592,-6.569,1400.0,-24.651,9.614955096,1.276620562,-1.124813204,6.17590126,-0.749920447,0.042494812,0.565422,6.22676035,-0.756451808,14.88488222,22.72614387,0.570158,14.79704859,-1.859738031,-0.133266792
Driver,89.51995347,-5.2,4.8,4.488188976,59.773,1.187,21.565,1.908,-2.906,124.065408,1.3859,16.262,2.536,6560.0,-3.752,347.6289314,99.72612704,6.143874962,5.899904941,0.252565126,1.765274211,0.103567,171.9630796,1.06791526,48.79688562,56.97189012,6.242636,178.7137442,0.950819819,-19.62555409
Driver,70.34269864,-4.2,0.8,4.05511811,57.726,-2.307,13.05,-1.882,-2.679,98.12432892,1.395,11.174,-1.458,1850.0,-5.423,185.0082242,21.20882438,-6.379486633,5.862837062,-0.154069493,1.12715721,0.126222,109.8361458,-4.663421928,17.61295149,63.43917755,3.00044,152.2018692,-7.201526584,-5.609233162
Driver,101.6530959,1.869,-0.14,-2.204724409,46.06,1.661,17.752,-2.563,-2.422,146.2180118,1.4384,15.191,-2.153,3761.86,-5.459,476.0748696,124.870971,-33.53391275,6.599826319,-0.255911296,1.834180026,0.097236,232.5852342,-21.31346281,47.71733618,62.7105929,7.2423,244.3346384,-22.84043513,-37.79219142
Driver,88.52899069,3.34,-5.369,-4.251968504,50.214,-2.583,19.62,1.058,6.427,128.8895848,1.4559,17.042,-0.023,3550.0,13.718,395.5001781,99.08920427,28.5101608,4.880421665,0.009336971,1.506705995,0.082098761,201.1607463,23.75815542,43.54410912,59.58259063,6.395975412,217.1491249,27.11241383,71.51501828
Driver,72.37159986,3.539,4.497,-4.645669291,49.001,7.578,18.359,9.305,4.808,106.2435129,1.468,15.809,8.435,2830.0,8.801,278.772269,52.43750036,48.2987818,5.886090822,0.873511986,1.657432082,0.11962,153.5309466,30.29231701,31.54635935,56.99926901,4.724001,178.9158144,36.48508295,23.65893695
Driver,90.78382248,-7.674,-4.447,8.543307087,50.636,-10.794,17.08,8.774,13.221,122.2550555,1.3467,13.984,7.02,4280.0,18.709,347.5596711,72.58517328,74.01138581,5.657589315,0.713193933,1.429187784,0.0990208,178.449208,48.82372209,38.54747972,55.59356791,5.63596,193.875005,55.02177665,82.44171344
Driver,83.0127058,-5.352,4.801,5.433070866,56.356,1.226,23.894,2.479,-2.322,112.242976,1.3521,17.887,2.999,6707.17,-3.45,302.9019564,84.52116102,9.254932895,6.140553464,0.314369609,2.020794251,0.12044,154.205587,3.298304787,46.08073974,54.78975426,5.719184,161.7708986,3.307606391,-14.31652763
Driver,98.76073729,-2.905,-5.296,4.094488189,45.662,-8.139,17.008,3.399,8.696,137.823461,1.3955,13.035,1.578,5942.67,15.438,402.3845803,101.884892,52.3168272,6.108230186,0.192975381,1.456311902,0.094861475,196.2498754,36.67571606,46.85217166,57.72339931,6.503856829,205.4875381,39.44001343,94.0581789
Driver,98.28203293,-2.7,5.3,3.385826772,52.504,3.262,20.6,6.698,1.398,136.1849052,1.3857,17.225,6.551,4570.0,2.485,421.0980233,125.6550476,52.72591556,5.763188535,0.660789972,1.818038852,0.092231,205.6561882,28.71111439,50.50619015,62.08500439,7.025663,214.816092,30.13394414,15.87182942
Driver,91.78149606,0.733,0.434,-0.984251969,52.193,1.003,11.461,-5.354,-5.788,127.0807981,1.3846,9.125,-4.067,3353.29,13.961,317.2061199,40.89006016,-3.376255559,178.8347057,4.604277812,-4.431102761,4.54542,169.6711549,3.655265276,24.50732892,67.27104795,4.23542,204.6593601,7.216957212,47.03053879
Driver,105.8003758,-1.118,3.795,1.456692913,44.629,2.663,12.056,3.123,-0.672,151.2215909,1.4293,9.018,3.281,4566.78,-2.882,480.5260005,97.87545901,17.7103846,6.418412224,0.363278652,1.066739404,0.0892206,230.0461223,6.432042296,43.64243412,58.20033886,6.8122,237.3171432,6.463250116,-20.2187226
Driver,100.8634574,1.9,0.1,-2.283464567,49.309,1.652,19.231,3.72,3.62,140.240918,1.3904,16.61,3.303,3730.0,5.204,451.0608683,122.8171752,39.24653365,5.733633983,0.336106352,1.732121688,0.088622,222.5619724,24.01436338,47.88971446,62.51048427,7.100033,235.134216,25.80939147,33.67841378
Driver,107.2074087,5.24,0.299,-6.496062992,47.532,5.114,7.101,-2.988,-3.287,145.6502774,1.3586,6.863,-2.563,700.0,-48.377,225.8468738,15.28188053,-20.50717323,6.084474236,-0.292347879,0.71466185,0.0867638,136.9932648,-17.83291201,10.07765137,98.60058896,2.38848,204.4947452,-32.53740478,-35.22345288
Driver,97.67134932,-1.319,3.293,1.850393701,45.575,2.0,9.83,5.124,1.831,139.6226288,1.4295,8.279,4.864,2180.83,4.423,369.4290752,43.29773113,39.54818354,199.6893288,25.40485646,-4.008025314,4.93712,191.9128178,24.00348955,25.68364098,61.94831477,4.64712,224.1504644,29.72711306,23.31711829
Driver,92.63376879,-3.704,-4.921,4.724409449,47.711,-8.296,11.273,16.228,21.149,116.8993826,1.2619,9.186,13.148,4270.0,2.081,313.1119786,44.22587542,73.34213874,6.059940884,1.381309587,0.998411882,0.109204,161.4615942,39.07278385,29.41367732,53.84931499,4.773759,184.7430708,45.02694279,7.238772264
Driver,116.2625268,0.252,-3.503,-0.354330709,44.077,-3.242,12.2,1.078,4.581,165.5981568,1.4243,10.332,0.344,3292.6,3.327,564.3246868,112.8900737,14.59747979,5.747136762,0.037254844,1.067068842,0.073049783,272.6462391,10.2310059,42.96510119,62.52180788,7.36048508,290.2719303,11.37690342,25.78510377
Driver,97.46555118,-4.648,-3.127,5.787401575,45.311,-7.74,13.961,1.918,5.046,141.285791,1.4496,11.741,1.294,3230.0,9.84,445.3105876,81.86497522,31.78638879,5.504491254,0.132754193,1.162466187,0.0823808,224.7939431,23.07858202,37.25790233,59.3486264,6.25425,244.4926442,26.55440112,54.06923971
Driver,94.42331782,0.9,2.045,-1.062992126,47.046,2.882,11.769,-4.151,-6.195,136.4786149,1.4454,10.412,-3.357,2122.41,-20.019,362.7660706,45.66680695,-41.66375141,6.285500496,-0.383926582,1.153590275,0.0968729,198.7110083,-31.34809301,23.47267131,67.46932192,4.64627,236.1810659,-41.2051759,-59.41215044
Driver,27.43826056,-2.479,2.473,2.086614173,73.329,1.73,42.202,-1.05,-3.524,27.67291518,1.0085,30.109,0.163,3310.0,-2.957,23.73433801,6.860271909,0.028347563,5.808655614,0.009221089,2.157289728,0.511431,14.87975086,0.000885661,32.51098743,25.52618619,1.355481,21.605894,-0.012658239,-0.12433647
Driver,88.96743021,-2.881,-2.917,3.976377953,43.577,-5.949,22.668,10.349,13.266,115.9285523,1.3031,16.636,6.947,7846.08,28.414,282.9819026,70.94576001,80.02305273,133.7507781,50.33818631,9.90782648,4.52776,146.257074,57.59387936,41.20562161,52.43416334,5.18186,154.2531682,62.08420763,122.7311817
Driver,99.74275233,2.627,-0.789,-3.622047244,43.454,1.987,16.291,2.728,3.517,149.5134664,1.499,14.336,2.204,2998.99,13.979,491.1569911,108.4867418,54.19064893,6.139318013,0.25106191,1.594929921,0.0878902,246.6385736,38.97124464,41.88689743,62.67172828,6.92741,257.1903104,41.71980823,88.72935195
Driver,99.94183966,-3.3,3.9,4.68503937,45.13,0.406,6.961,0.145,-3.755,143.8647548,1.4395,5.926,0.588,1570.0,-6.585,311.7961083,21.52402625,-0.801373108,5.603794743,0.053861379,0.579265107,0.080857,174.8566695,-2.106553815,12.91061298,81.16973325,3.424263,235.9895692,-4.285860162,-11.70226208
Driver,87.81764495,4.98,1.385,-5.236220472,53.059,5.142,15.584,-1.086,-2.472,119.3427881,1.359,14.22,-0.758,1660.0,-8.316,304.749181,47.79796137,-9.778216049,6.314966626,-0.090191746,1.584124287,0.112986,173.723058,-8.197463763,25.49739088,67.2691365,4.39887,210.2651203,-11.14786267,-17.70326299
Driver,106.7980494,-6.05,-6.018,7.204724409,51.338,-10.882,10.967,-4.462,1.556,152.5704635,1.4286,7.43,-4.791,5379.15,3.369,472.6818916,94.99477356,-27.40627111,6.389812082,-0.528348799,0.891933882,0.0876862,223.7314429,-10.70572974,44.31229699,57.3052964,6.72453,234.2848511,-10.91252951,23.98984457
Driver,103.2256621,1.5,8.3,-1.850393701,53.685,9.392,7.633,4.606,-3.694,154.150859,1.4933,6.899,5.307,1310.0,-22.688,357.7080424,29.62745604,15.72349497,5.695806112,0.514426282,0.688086589,0.076879,198.0192202,1.861742802,15.85606241,80.19682503,3.827504,254.7882424,-2.602555111,-49.38200693
Driver,102.037849,2.1,7.1,-2.480314961,52.334,8.69,9.673,4.273,-2.827,149.8639943,1.4687,8.653,4.66,1620.0,-15.136,396.8582253,43.48491104,15.7658762,5.723635011,0.455663541,0.872499731,0.079862,214.9892601,2.40383389,21.62725764,71.71310863,4.599386,260.277562,-0.442772078,-45.20798834
Driver,85.05950251,-3.307,-4.93,3.031496063,63.294,-6.596,15.105,-0.246,4.684,111.3665444,1.3093,12.671,-0.892,2780.0,11.079,284.0385537,42.85886439,5.569533746,6.1535968,-0.082990218,1.376546049,0.117586541,156.3308192,7.100718959,26.65453246,58.58671093,4.43776997,187.2120825,10.38821572,28.59317775
Driver,100.9618826,2.449,3.758,-2.795275591,56.928,5.354,14.207,-6.028,-9.786,144.3899875,1.4301,12.789,-4.797,2660.0,-27.712,429.2803987,73.06566158,-81.68622183,5.660001715,-0.494280598,1.292092827,0.0831488,225.492504,-60.74786508,32.31124405,63.01080916,5.74225,251.4860038,-72.79676917,-127.1258871
Driver,98.29545455,0.57,3.671,-0.748031496,48.807,4.17,23.801,2.4,-1.271,129.9914996,1.3224,20.102,2.621,4780.0,1.819,392.1591641,130.7417326,21.65161513,5.743523725,0.265357476,2.135827264,0.098119,191.8906121,12.41776141,52.50222711,62.81972017,6.969232,199.3060569,12.97478199,10.94452105
Driver,89.03006442,-0.935,-0.726,1.062992126,58.327,-1.303,18.456,9.874,10.599,111.7584556,1.2553,15.368,8.076,3920.82,29.655,274.1026941,53.61527501,72.61961635,134.6032549,44.92298901,8.376007091,3.92043,150.2173721,52.64481594,31.6123763,58.23376355,4.56111,172.6174313,63.67714883,97.07284312
Driver,97.63779528,0.817,3.23,-1.023622047,51.224,3.887,12.192,3.088,-0.142,143.5475573,1.4702,10.32,3.112,2670.0,-5.32,441.0195038,65.98699106,13.94863894,5.866810744,0.314064082,1.077324745,0.086021,227.5863511,4.006958076,31.02800707,61.80927851,5.756392,256.7543713,3.436143935,-25.05669321
Driver,85.27648533,4.91,4.197,-5.708661417,47.741,8.674,12.216,2.696,-1.501,121.7846278,1.4281,9.864,3.186,2903.27,-7.428,323.4816223,41.19314353,9.50601845,6.269863881,0.340549924,1.094059281,0.108321,173.3356099,2.034250992,24.99633591,59.54687051,4.60847,203.3701608,1.032760275,-22.80538872
Driver,108.0104689,-1.427,0.11,1.811023622,47.424,-1.202,15.58,2.265,2.155,151.9541875,1.4068,13.98,2.053,2434.21,0.514,503.8228373,102.2911699,18.84459756,5.968303521,0.214206651,1.496034082,0.0838344,257.9380855,10.23768053,38.87442819,64.87170286,6.752421404,281.7169095,11.26504231,2.994093417
Driver,115.9672513,0.0,-2.0,0.31496063,40.852,-2.648,13.883,0.922,3.039,166.8785791,1.439,11.764,0.407,3600.0,-2.805,560.4244342,135.7402783,-6.394079541,3.69548953,0.027567616,0.779668956,0.046666,266.3107765,-5.763298181,48.44198873,64.06466365,7.748129,278.7933954,-6.309296408,-22.96328934
Driver,105.7511632,4.816,5.529,-5.31496063,54.766,8.941,16.966,1.204,-4.325,155.8726288,1.4739,14.452,2.134,4129.33,-12.51,508.1088149,138.9312721,-25.61559204,6.4595043,0.222279196,1.710385957,0.0889162,242.7963484,-23.65269765,50.38519534,64.91559356,7.57315,252.6192872,-25.50840475,-97.90268957
Driver,79.26807445,-2.2,3.2,2.125984252,64.125,1.55,20.466,-3.771,-6.906,96.15537759,1.213,15.663,-2.176,4790.0,-13.832,230.1381579,45.70655344,-21.11077503,5.818328596,-0.247099181,1.63319693,0.131207,124.5623488,-16.12788975,33.85264433,50.03916168,4.40633,141.3050068,-19.6345063,-34.27960142
Driver,94.67832856,-2.977,-7.967,3.582677165,52.238,-10.276,21.89,3.879,11.846,120.5587867,1.2734,17.94,1.824,5260.0,7.489,345.6661645,99.06595162,26.08068919,6.149568384,0.209110335,2.026828319,0.112045106,173.5070471,17.80348613,47.57979795,57.5419486,6.209741793,183.233495,19.2443651,36.9029558
Driver,90.95382963,2.624,4.54,-3.307086614,53.684,6.47,19.587,0.737,-3.803,130.1984162,1.4315,16.863,1.384,3610.0,-11.133,402.7504057,102.1308434,-14.9878535,5.843334043,0.127923162,1.788381993,0.097479,203.8292985,-15.14289017,44.39411487,59.90102108,6.508082,218.9646809,-17.39421773,-60.14387529
Driver,110.9721725,2.9,2.5,-3.267716535,54.486,4.582,5.194,-11.809,-14.309,147.9332946,1.3331,4.939,-10.186,3150.0,-51.302,264.8894993,15.18577277,-75.38049354,6.036349358,-1.099996822,0.518096243,0.084789,146.7775052,-54.05207769,11.11208923,79.07064284,2.863194,203.4985603,-87.16034334,-87.20264813
Driver,110.359252,3.6,2.4,-4.330708661,43.868,5.876,16.778,-0.209,-2.697,161.0050555,1.4589,15.316,-0.02,2387.18,-4.35,545.0166617,130.4322406,-11.5582328,5.700602013,0.004914019,1.574837706,0.076043,271.9217923,-9.676717505,44.682834,66.20646718,7.4591,289.9970243,-10.86839824,-28.74557528
Driver,104.4828203,2.6,2.4,-2.322834646,55.336,3.676,9.416,-6.359,-8.728,151.7278096,1.4522,8.619,-5.284,1960.0,-26.005,401.6613397,43.9706938,-66.66178229,5.853447431,-0.559647844,0.888696376,0.080686,216.6480183,-47.59964827,21.76490632,70.79697201,4.647688,259.592525,-62.97502547,-83.79966245
Driver,100.5100215,3.661,3.934,-4.842519685,50.241,6.986,16.569,3.569,-0.365,145.3995168,1.4466,14.711,3.624,2683.32,-3.591,476.8297991,102.3045408,21.29294943,5.861776708,0.367355254,1.549768319,0.086379,243.2097118,8.492036123,40.22395895,63.2149284,6.714056,264.7159642,8.709933965,-20.66552516
Driver,100.2706693,-0.8,-3.8,0.826771654,43.9,-5.039,16.801,1.092,4.894,140.9381711,1.4056,14.441,0.423,3430.0,11.913,448.3079285,103.3292175,32.91045592,5.730731891,0.053889789,1.493015709,0.087133,223.8424926,25.63648344,43.33348234,60.39614497,6.725408,240.2875699,28.951969,71.98230679
Driver,117.1483536,4.3,2.9,-5.118110236,50.222,6.484,18.094,-2.022,-4.922,167.9216625,1.4334,16.564,-1.449,3640.0,-11.417,564.5650829,175.4829099,-59.42814752,5.986738284,-0.162648811,1.807869893,0.077218,266.4380414,-40.85691846,53.6964546,69.80520534,8.321735,274.6411996,-42.75380427,-102.5582616
Driver,106.3148712,-1.161,-0.645,1.496062992,46.85,-1.734,21.086,-1.839,-1.194,144.3286954,1.3576,18.265,-1.675,4050.0,-1.911,463.9069364,146.7034878,-18.87482328,6.284539007,-0.186603336,2.1226855,0.0953398,223.9504655,-11.108509,52.46081753,65.85940772,7.52985,232.0168673,-11.60458117,-13.69717713
Driver,87.12195777,-6.321,-6.459,6.692913386,53.911,-11.09,12.126,-1.74,4.718,126.072611,1.4471,9.922,-2.319,2850.0,9.332,344.6987232,44.98683869,-2.31954617,5.571628837,-0.217999623,0.979120105,0.0928256,183.4697435,2.981967648,25.93020376,60.06290508,4.80894,213.1106571,5.197964495,31.20691808
Driver,96.87723694,-3.2,-4.4,5.039370079,41.843,-8.632,15.945,-5.026,-0.476,131.706335,1.3595,13.226,-4.877,3557.07,12.877,396.3576089,81.28299265,-7.173523903,6.057897916,-0.507556161,1.442088842,0.098195,200.9955695,4.297195938,39.4469341,57.52605972,6.050545,218.847943,6.347114373,64.09729195
Driver,78.67752326,-1.3,-0.9,1.299212598,65.825,-1.67,28.084,-1.812,-0.791,92.72794381,1.1786,22.328,-1.638,5295.19,-1.132,230.7620512,67.09398318,-7.482350576,5.586809835,-0.161806021,2.302111401,0.136442,123.1303663,-4.537278766,43.55779541,51.92714413,4.952818,133.5764692,-4.979088733,-3.054549007
Driver,109.9946314,-0.2,0.0,0.472440945,39.291,-0.842,14.517,2.592,2.609,163.0610236,1.4825,12.487,2.257,3340.0,3.724,553.1764093,129.2892835,33.85684507,6.067386648,0.239879282,1.366754923,0.079035,266.7036228,20.21477104,46.5456632,63.88810676,7.611852,281.2754598,21.74242224,29.17802592
Driver,101.8723157,-0.65,3.846,0.787401575,47.359,3.247,17.127,3.657,-0.189,147.8371063,1.4512,15.558,3.674,2304.01,-0.592,487.909292,105.4872176,29.27473466,6.234080736,0.398924267,1.752931725,0.090714,252.4597024,15.09271744,39.49952916,65.47918385,6.72221,265.9298317,15.84704532,-3.260544658
Driver,84.20946671,-5.0,-0.4,3.74015748,61.677,-3.839,27.644,2.168,2.767,110.8970115,1.3169,20.996,1.62,7330.0,3.859,293.3693182,96.56268281,14.34256686,4.884176578,0.136218064,1.905020227,0.098604,147.4918988,9.396612756,50.40836453,56.05297594,5.910894,152.0042471,9.776082851,15.69494445
Driver,79.2591267,1.084,1.279,-1.535433071,48.503,2.238,15.314,-0.274,-1.553,114.0052344,1.4384,12.668,0.025,3012.53,-7.549,285.6662079,49.46357181,-7.424391567,158.9710844,-5.835747884,-2.902823536,4.63257,154.1067025,-5.535832317,30.29531556,61.02641395,4.44257,180.8374159,-7.085264729,-16.80909037
Driver,106.8763422,5.06,5.431,-6.417322835,50.393,9.633,12.817,10.995,5.564,143.5021475,1.3427,11.749,10.21,1873.52,12.44,414.6469547,60.6312453,88.0450787,5.950735057,1.063526578,1.237623731,0.087623,224.4900166,54.04629452,27.25122075,68.5128256,5.219773,263.3401277,65.90664559,43.705669
Driver,94.69398712,-0.706,0.351,1.023622047,46.898,-0.309,22.192,2.744,2.393,122.7619452,1.2964,17.158,2.179,6164.95,3.695,347.7743354,101.229001,20.80047975,6.158998082,0.241086639,1.94586342,0.109839023,172.7095859,12.85228984,48.63308202,57.43013763,6.255751976,180.3336109,13.59213217,18.8835495
Driver,107.7711167,-2.842,-3.439,3.346456693,47.457,-6.05,8.987,1.369,4.808,159.1372137,1.4766,7.587,0.791,2390.0,21.981,461.6500574,50.92150886,42.6638273,6.343846557,0.105093612,0.855234205,0.0831605,239.4790387,34.90740944,24.15757522,67.17025338,5.24197,265.8695263,42.62355485,94.90007255
Driver,105.9144596,2.176,3.281,-2.637795276,49.566,5.136,17.461,9.388,6.107,150.2735773,1.4188,15.591,8.6,3010.0,14.043,498.1785371,119.8094855,109.4319894,6.354152948,0.966642048,1.802551379,0.0911158,249.1501873,67.61776225,44.09846385,63.79059322,7.16258,265.1598637,73.53137029,92.99711662
Driver,107.6928239,6.1,9.7,-7.322834646,49.612,14.978,14.989,6.456,-3.244,161.5490784,1.5001,14.048,6.817,2300.0,-14.2,538.383544,112.4368218,27.12393577,5.892248775,0.68844018,1.485131554,0.077849,273.5490928,2.481766384,40.13336974,66.13626852,7.017909,296.2602539,0.388919222,-90.01299586
Driver,101.1296528,1.716,6.121,-2.165354331,47.752,7.681,13.054,3.425,-2.697,146.0211614,1.4439,10.989,3.928,3078.8,-10.476,464.1088851,80.51762973,7.530433943,5.960045015,0.398478898,1.171556643,0.086175,234.0923941,-3.578881501,36.17533254,60.24426619,6.278089,256.9006869,-5.76036544,-58.81378433
Driver,91.43477094,5.153,-1.866,-6.102362205,53.884,1.906,12.06,0.172,2.038,122.2968862,1.3375,10.85,-0.191,1531.45,10.6,277.027846,32.26764658,4.623346465,6.109803512,-0.013236562,1.156114815,0.105145,160.2949592,5.235813321,19.07937283,72.1254516,3.71318,205.5082215,8.379478417,17.30956199
Driver,87.82435576,-1.984,-1.719,3.188976378,48.346,-3.485,23.16,-11.442,-9.724,109.3506174,1.2451,18.326,-9.4,5637.89,9.964,282.1777874,73.66750196,-28.51067654,155.292683,-9.608592111,-3.702413853,5.3442,150.9113823,-9.81784344,39.69521655,58.61849297,5.1442,164.9879341,-9.19882941,44.72856198
Driver,83.79339656,-2.829,5.8,3.700787402,51.275,3.529,12.097,4.588,-1.212,119.1271475,1.4217,9.527,4.802,3050.0,-2.449,312.0181316,38.77795424,23.24177695,5.912121792,0.492329876,0.995858505,0.104367,166.921405,11.54955708,24.67638772,58.60844935,4.508931,198.8264754,13.28415789,-7.292769351
Driver,90.88448461,1.19,3.499,-1.535433071,50.384,4.484,12.288,2.117,-1.383,135.3075787,1.4888,10.331,2.366,2650.0,-10.044,391.6167212,54.68044283,1.335526353,5.899400133,0.234779266,1.080895589,0.091796,206.4940191,-4.580520727,28.11579151,61.7087442,5.247118,237.9734234,-7.339767008,-39.29748085
Driver,88.7817645,-4.902,-6.213,5.393700787,52.065,-10.046,20.132,4.884,11.097,124.6300107,1.4038,15.627,2.74,6115.0,15.518,349.8892396,92.37244109,49.36418077,5.442651372,0.282715488,1.56378004,0.0943104,174.8963738,34.35017361,45.82988008,56.25532453,6.08732,182.9908681,36.76618673,78.33909437
Driver,88.59833572,-0.138,-0.215,0.196850394,43.422,-0.069,15.41,-3.463,-3.248,128.0209825,1.445,12.474,-2.827,3812.65,-9.171,366.1664077,68.26738275,-39.00795837,194.4827273,-28.42806504,-1.282046416,5.32794,192.3510477,-27.90555786,33.43953442,65.77855105,5.24794,218.1389549,-34.16546673,-55.45537405
Driver,100.8477989,-1.688,4.878,2.362204724,42.368,3.027,12.937,3.415,-1.463,152.8165265,1.5153,11.064,3.608,2856.96,-5.628,500.2976465,88.42170864,17.18365638,6.206421335,0.384956317,1.237026036,0.0857366,251.285456,4.500446259,36.91326215,61.69621741,6.56178,265.4165461,4.150351783,-33.95789558
Driver,98.77863278,-1.884,4.475,2.480314961,43.164,2.465,14.322,2.759,-1.716,144.0692108,1.4585,11.823,3.033,3594.89,-5.932,462.1210874,93.82178835,8.463648965,6.262648994,0.324187042,1.342358661,0.0921631,228.6751078,-0.099641433,41.07430473,59.28573219,6.61855,238.6411125,-0.557649266,-36.59686818
Driver,74.27299571,-1.709,3.503,1.57480315,58.996,2.476,24.342,1.415,-2.089,97.45459019,1.3121,20.417,1.762,3810.0,-3.453,254.6941452,65.4790084,3.942002089,5.796827565,0.17279306,2.156009418,0.132456,137.1555411,0.963868755,39.93453657,53.71233951,5.010133,153.1353797,0.791490026,-9.761164354
Driver,109.8939692,1.012,0.785,-1.181102362,46.825,1.735,12.519,1.657,0.871,161.5090372,1.4697,10.933,1.533,2551.49,2.769,539.3407226,93.88741064,21.27382876,5.207049477,0.141189867,1.023460724,0.0678551,271.2980773,13.06773754,36.59142605,63.98325659,6.74243,295.1054606,14.70491576,17.44058211
Driver,84.16920186,-2.074,8.963,2.598425197,54.989,7.509,13.703,2.92,-6.043,120.7068719,1.4341,11.797,3.676,2450.0,-13.746,314.5293739,44.14262351,7.024894533,5.631064746,0.349740884,1.171525108,0.098693724,173.0252525,-1.396129062,25.21339309,62.14644795,4.531886494,207.7256811,-4.268801155,-37.45886354
Driver,24.78078024,-4.4,2.0,3.858267717,69.283,-0.157,48.656,-4.499,-6.492,27.13806371,1.0951,37.059,-2.487,3130.0,-3.26,25.40107631,9.355946549,-1.079857079,5.966049825,-0.269903091,2.926519141,0.585313,15.42314092,-0.727850797,39.97345784,25.04203178,1.573791,20.79132756,-0.993309788,-0.17597705
Driver,66.62491052,-3.855,0.988,3.74015748,62.21,-1.047,26.489,-3.355,-4.343,67.8793844,1.0188,20.757,-2.438,3899.42,-4.975,124.6415411,27.25332952,-6.543402677,4.96701967,-0.218060325,1.822360074,0.1632696,73.2762171,-4.539537407,30.05056327,46.37902689,3.088600375,92.35425773,-6.033763727,-4.273112473
Driver,93.19971367,-2.5,-4.7,3.031496063,52.602,-6.942,8.297,-7.675,-2.776,129.1817287,1.3861,6.62,-7.246,2220.0,-8.314,288.0362763,22.48987035,-41.73906311,6.079643538,-0.773593054,0.702552916,0.098043,160.2183138,-25.5875861,14.83659662,70.96403568,3.567751,210.8140671,-35.49960037,-16.30297048
Driver,117.1147996,-0.904,4.695,1.181102362,50.039,3.938,9.829,0.826,-3.869,168.6041518,1.4396,7.968,1.508,3313.42,-8.426,541.3744268,92.33443038,-18.27746451,264.6890559,-15.09066185,-1.350430042,6.51156,262.8576207,-14.8821086,37.41304352,67.61945992,6.44156,286.1193112,-17.60277779,-65.3500745
Driver,92.27138511,-2.4,0.4,2.283464567,56.635,-1.757,18.567,-0.142,-0.559,133.1073282,1.4426,15.213,0.046,4433.23,-1.047,403.7467826,106.3806228,-2.974219034,6.043442116,-0.006513358,1.677000819,0.098024,199.0150085,-2.222052844,47.31162667,58.38717831,6.666721,210.2656382,-2.428792158,-7.145464922
Driver,44.37410523,-1.1,-5.1,0.94488189,67.13,-5.589,48.888,-2.548,2.566,41.72915175,0.9404,39.77,-3.239,3769.28,1.87,60.18148007,25.40113135,-2.883785174,3.902251164,-0.217111901,3.012046825,0.256351,34.53559421,-1.756226702,46.40505236,35.03395902,2.666885,41.09657626,-2.072042179,0.586060577
Driver,85.90506442,-6.432,-7.744,6.968503937,52.961,-12.624,15.139,1.087,8.831,120.7442287,1.4056,12.512,-0.038,3410.0,14.635,339.1078388,58.0000408,20.76208237,5.216997339,0.008916215,1.165878824,0.091648,178.1397032,18.29404799,32.49922618,56.64935092,5.21268,199.804602,22.64369734,55.23469807
Driver,43.72763064,1.7,3.5,-2.007874016,59.929,4.577,21.546,-2.899,-6.399,54.23362563,1.2402,16.636,-1.084,2780.0,-12.013,66.37913036,10.60300471,-2.133977382,5.778945981,-0.129979248,1.5469189,0.232364,41.46782197,-1.837567944,20.57943795,43.0197441,1.880288,64.46229267,-3.406917785,-3.160534423
Driver,94.02514316,1.501,-1.271,-1.732283465,47.185,0.12,19.962,7.197,8.468,127.8098157,1.3593,17.347,5.911,3661.68,15.87,388.3538284,98.83975773,71.1328496,6.433031098,0.685029845,2.034262438,0.109692,197.7900077,47.3548646,43.78086448,59.42358233,6.36513,212.0297143,52.24017483,81.97915939
Driver,104.5208482,-0.914,2.66,1.220472441,44.972,1.745,11.905,0.717,-1.942,146.0269775,1.3971,8.606,1.227,4837.2,-8.5,450.7020264,86.68410241,-15.34511733,6.328596794,0.123333797,1.003638851,0.0910074,217.2560719,-13.62386048,41.65912784,56.58068398,6.46208,224.6154881,-14.60107176,-54.79141446
Driver,90.78158554,-0.952,4.129,1.141732283,54.748,3.455,0.524,9.475,5.347,125.2447208,1.3796,-0.181,6.921,3295.59,20.198,0.0,0.0,0.0,106.1654218,22.22971409,-1.83826022,2.21521,78.73052601,14.67461957,1.882623487,88.23243566,1.53521,129.3275899,27.38517635,15.74058029
Driver,103.8743737,1.7,8.1,-1.968503937,52.809,9.388,10.229,2.719,-5.381,152.5814245,1.4689,9.17,3.535,1900.0,-23.334,418.5454551,50.19108228,-4.406563098,5.751695066,0.339266481,0.931519137,0.078971,223.5610549,-13.67466339,24.12895577,68.79859937,4.929942,263.8753847,-21.52502319,-82.22165447
Driver,101.8656049,-1.618,-1.347,2.283464567,47.361,-2.837,16.485,-0.372,0.975,150.9410791,1.4818,14.335,-0.493,3227.68,6.935,472.1168959,117.8063887,18.32642747,178.443112,8.723205478,34.60003339,4.73569,223.0307069,12.85651552,49.44803419,61.05415123,6.96748,235.1235153,13.82537667,44.31565985
Driver,25.26619542,-1.3,-3.3,1.25984252,68.945,-4.059,33.982,-5.418,-2.118,27.63309771,1.0937,27.823,-4.811,2770.0,-2.197,22.55496703,5.965301012,-1.923615101,2.043850405,-0.179183138,0.943975603,0.172894,14.25712163,-1.272971434,30.04519649,25.50982584,1.267153,22.10952313,-1.986110347,-0.232588586
Driver,86.81549749,-4.3,1.5,4.921259843,55.07,-1.585,15.843,3.755,2.255,111.5148533,1.2845,13.287,3.491,2849.04,17.229,286.0029977,45.95867133,33.25010352,5.847406326,0.367333694,1.375991811,0.111857,156.5129841,24.95685252,28.46902026,57.36685516,4.55933,184.4745642,32.17513192,46.50639543
Driver,95.2107194,-1.566,-3.682,1.968503937,46.871,-5.149,30.78,1.116,4.797,119.5709556,1.2559,25.069,0.13,6850.0,10.67,328.7094096,131.8507353,24.98308918,5.798020694,0.034785086,2.760907378,0.112378,159.8906689,18.94007921,55.97502791,62.5573872,6.645348,162.185027,19.32597485,55.73941379
Driver,93.51959556,2.747,2.933,-3.582677165,50.516,5.199,13.555,0.855,-2.079,138.8600573,1.4848,11.578,1.245,2776.5,-12.312,422.0867908,68.79002513,-12.7131921,5.890923761,0.116985354,1.214976827,0.089724,219.2625871,-14.20943445,32.55877197,61.00906162,5.765813,246.1578426,-18.2661423,-56.88037172
Driver,94.71635648,-2.473,5.303,3.307086614,52.373,3.396,24.678,-1.81,-7.114,125.9612115,1.3299,21.203,-0.794,4500.0,-9.939,376.6514435,125.3262159,-28.56261454,5.990418597,-0.099060843,2.355474005,0.106483046,186.3445471,-21.15372842,51.46999561,61.95549122,6.794158293,195.0038661,-22.62160713,-55.75837644
Driver,29.0801718,-7.4,-1.4,5.905511811,75.472,-3.953,35.327,0.615,2.194,35.01565855,1.2041,30.64,0.466,1630.96,0.547,38.59975207,11.45685748,0.314605184,5.976681406,0.04983741,2.772185371,0.416378,23.98775029,0.211882082,33.6100716,31.51619486,1.771114,36.47728521,0.328647344,0.050360526
Driver,102.4360236,-0.9,2.7,1.141732283,50.43,1.937,7.096,-3.662,-6.362,148.5965462,1.4506,6.291,-2.927,1520.0,-19.288,327.0647094,23.89353977,-28.9737307,5.799664341,-0.30713466,0.636521783,0.081091,183.4311201,-21.4104608,13.60383397,82.24845359,3.524146,244.7523936,-32.83381999,-36.23971688
Driver,99.72709377,5.234,7.934,-6.811023622,45.299,13.135,12.652,3.473,-4.461,150.5180744,1.5093,11.793,4.002,1500.0,-30.253,405.8441152,55.82246993,-2.19604589,6.131646251,0.409638766,1.276337366,0.0859666,225.2705638,-13.82385236,24.43239848,74.78415155,4.79754,256.7483739,-20.1265743,-88.44731615
Driver,101.2661059,0.7,-5.9,-0.905511811,46.472,-5.448,12.422,-3.13,2.77,143.8318719,1.4203,11.105,-3.328,2700.0,9.465,446.0096985,72.4876735,-8.383475672,5.87625291,-0.348220497,1.163332922,0.086246,229.3511428,1.760622225,33.31374835,61.2532316,5.957553,255.8019075,3.758747743,45.21459237
Driver,101.9729778,-1.559,6.475,1.88976378,47.661,5.054,20.5,1.383,-5.092,135.7690587,1.3314,17.655,2.09,3940.0,-12.48,424.6960037,120.0651221,-17.35821199,6.225892048,0.20969791,2.015422763,0.10005,210.5426946,-17.89866606,48.06636958,61.83076519,6.92948,216.4546182,-18.88782723,-76.61191893
Driver,99.93960272,6.614,8.298,-8.661417323,46.049,14.716,16.032,5.541,-2.757,146.7072298,1.4679,13.845,6.2,3318.11,-15.658,473.6012236,104.2716129,9.517555245,5.617872124,0.592047277,1.408338173,0.0817115,236.467489,-7.387486045,42.11586299,61.24638368,6.81082,246.3187781,-8.872495609,-98.61044117
Driver,103.4359341,-2.3,9.1,2.992125984,52.67,7.155,7.093,-1.041,-10.141,142.770893,1.3803,6.185,-0.127,1880.0,-8.293,332.8298584,25.11159022,-7.087777493,5.820581641,-0.018303891,0.630498628,0.084742,183.2975301,-6.450065458,14.78017385,75.88701241,3.758103,238.3131503,-10.33685342,-18.13203031
Driver,99.45418754,-3.923,-3.198,5.94488189,41.802,-7.597,17.533,11.632,14.831,131.084243,1.318,12.783,8.161,7555.1,27.085,343.0242363,85.54818651,114.9456601,135.910535,53.74114076,22.44555244,4.23545,161.6534727,69.43200935,49.56532343,62.32791572,5.54527,167.0932702,72.69136253,144.017495
Driver,112.5111847,3.276,-4.283,-3.858267717,50.71,-1.599,12.094,-2.014,2.269,162.605136,1.4452,10.072,-2.544,3371.86,7.369,544.6394973,97.65106143,4.118935679,265.2696369,9.919599338,0.037616836,6.82635,265.0845002,9.897693707,38.70162913,63.16232101,6.81864,285.9821215,12.33292226,64.93779252
Driver,100.7762169,-0.7,8.7,1.062992126,52.192,8.132,9.963,-1.714,-10.414,136.4488636,1.354,8.642,-0.312,2510.0,-10.143,374.4739372,42.75383711,-14.62601546,5.889830182,-0.04041991,0.899059632,0.090375,199.4829753,-12.51833676,23.35504073,64.17766501,4.774877,237.0324237,-17.16863216,-34.30208248
Driver,108.4175913,2.079,-1.952,-2.677165354,45.421,0.099,10.141,1.568,3.52,160.8838135,1.4839,9.08,1.098,1850.0,7.407,484.2455306,60.86733315,21.07442924,5.991869196,0.119701188,0.963695424,0.077974198,255.0207696,15.33893401,26.13380172,70.47607119,5.48158291,296.2296482,19.57618543,31.37435684
Driver,89.15085898,1.839,4.139,-2.362204724,52.531,5.549,23.639,5.054,0.916,122.497092,1.374,20.18,4.896,4210.0,1.512,367.1164275,113.0964721,33.08092717,5.787571749,0.496136393,2.152076022,0.104929,184.1358585,18.33254781,49.20382703,60.38637868,6.565657,194.6283754,19.46845463,7.884684458
Driver,107.2767538,1.647,-0.255,-2.165354331,46.032,1.334,14.742,1.834,2.089,158.5395043,1.4779,13.394,1.611,2150.88,1.419,527.6764597,101.395743,17.71883615,5.920567577,0.167437351,1.418583505,0.079445,271.9331897,10.35854653,37.28485658,67.04673907,6.718339,298.3945533,11.61353292,8.144980496
Driver,85.87598425,-3.9,-3.5,3.897637795,56.657,-6.297,19.988,-4.251,-0.751,122.4326682,1.4257,16.429,-4.06,4327.25,-1.218,360.8134913,93.01148828,-27.70859739,5.633528836,-0.409037476,1.684537123,0.099867,182.0000895,-15.16363239,45.04599602,57.24349872,6.181308,194.8692405,-16.33670475,-6.853732873
Driver,91.43029707,-0.147,-9.066,0.196850394,50.271,-9.188,22.695,1.33,10.397,125.4831782,1.3724,19.9,-0.071,3843.61,15.614,379.2632095,111.0074967,32.80336335,6.355722449,0.015889648,2.327391349,0.112149,191.9665785,27.15621156,47.22951929,60.63143611,6.55409,203.5739049,29.91440592,82.17504078
Driver,23.77639585,-5.4,-2.4,3.858267717,68.052,-5.167,45.214,-0.241,2.19,25.76436113,1.0836,31.094,-1.18,3580.67,1.688,21.0515001,6.319219758,-0.345979716,5.843835151,-0.10135597,2.07081674,0.561418,13.14210577,-0.216726711,33.62253137,23.74252252,1.302947,18.37461626,-0.296364626,0.161770416
Driver,105.4245705,-0.1,4.9,0.31496063,51.242,4.771,13.838,5.308,0.408,151.7222173,1.4392,12.054,5.302,2690.0,-2.766,491.9153749,94.9663432,37.76378268,5.774135973,0.531178624,1.247357348,0.080637,246.3606848,17.18157331,39.40845958,61.32075082,6.683091,267.7807861,18.23069218,-16.80465538
Driver,79.30386543,-2.973,-8.588,2.677165354,61.737,-10.188,29.659,2.861,11.449,96.11824445,1.212,22.084,-0.178,7662.85,14.187,235.9367981,70.25349333,15.3273498,5.691313873,0.010702834,2.326888611,0.134138,124.4953287,13.27131898,44.59274435,51.92783533,5.026049,130.9697462,14.42171278,40.96745511
Driver,91.29608089,-1.391,2.653,1.57480315,49.658,1.472,13.757,2.797,0.144,132.2105404,1.4482,11.717,2.777,2677.39,0.536,391.0035411,61.69565786,19.5223407,6.216006557,0.301717741,1.298074567,0.0994889,205.9396316,10.70201936,30.79006712,60.73124083,5.45976,224.0174331,11.70416328,2.176203299
Driver,101.0155691,-0.812,0.18,0.984251969,46.781,-0.583,10.275,-2.655,-2.835,149.7226199,1.4822,8.99,-2.32,1973.21,-9.343,425.0652584,50.10228532,-29.31029204,6.402707756,-0.266380071,1.01828698,0.0895268,227.2590216,-20.29490041,23.74826067,69.36703227,5.01355,266.2466327,-25.78179347,-33.34633863
Driver,106.0419649,0.246,-0.477,-0.31496063,43.64,-0.219,18.288,0.011,0.489,152.1675913,1.435,15.903,-0.057,3604.25,-0.671,506.4827626,140.7413269,-2.674465226,5.937116949,-0.006630245,1.71592981,0.08423577,245.3228085,-1.922167587,49.67378941,65.07095389,7.611418299,257.0380414,-2.068390514,-5.034353386
Driver,111.0124374,6.3,-0.3,-7.677165354,50.095,4.925,15.994,-1.083,-0.783,165.058384,1.4869,14.955,-0.988,2390.0,-4.178,563.039254,134.6386565,-22.05330347,5.790457506,-0.104696028,1.561384456,0.075218,279.3786981,-14.99184896,45.10383012,66.7094203,7.594038,297.1147176,-16.46756064,-30.53770349
Driver,71.12115247,-5.1,3.7,4.566929134,64.043,1.105,39.828,-1.343,-5.043,86.80319435,1.2205,30.489,0.198,9240.0,-4.32,203.9278836,82.4127652,-4.564080977,5.16312316,-0.012571229,3.056848937,0.145668,105.555697,-3.754217879,52.29233914,52.98149782,5.138267,106.2341411,-3.78878133,-12.35621476
Driver,87.08616679,2.3,4.3,-2.834645669,49.564,6.258,15.152,-5.237,-9.537,125.4245705,1.4402,13.04,-3.526,3290.0,-27.847,342.9855136,60.69006901,-61.24465793,5.850147247,-0.390851074,1.36162514,0.099444,179.6423559,-47.05167016,33.27806702,56.54592384,5.233163,202.1180353,-57.44549272,-108.9000809
Driver,103.2793486,4.748,8.763,-6.062992126,50.478,12.693,13.037,1.557,-7.207,152.6275054,1.4778,11.766,2.695,2559.58,-38.891,424.3182385,63.32794454,-36.93953401,5.148837884,0.219993684,1.072922975,0.071212,225.7914118,-42.73848432,28.46863431,66.50408934,5.259227,258.98096,-58.17033999,-159.347534
Driver,83.05744452,-4.571,0.541,5.787401575,47.553,-3.652,14.549,12.282,11.741,124.8877058,1.5037,11.785,10.51,4038.96,31.036,331.8480744,54.2737052,102.8518651,6.171541483,1.163663946,1.298917238,0.104825,173.3928421,69.17952443,31.35426874,56.23988791,4.98825,194.2322488,81.9866298,117.0514893
Driver,77.89012169,-2.353,0.925,2.283464567,59.057,-0.487,30.124,10.095,9.17,98.4023801,1.2634,21.855,7.438,8380.59,17.582,243.0863518,74.5421948,51.7289213,128.01221,36.44578211,-0.360165164,5.19618,127.6437876,36.2963103,45.57629312,52.95736583,5.17568,133.0298019,38.44647628,60.44735637
Driver,85.15569077,-5.037,3.858,7.204724409,46.817,-0.887,11.709,9.462,5.604,122.325519,1.4365,8.874,8.491,3633.68,15.634,328.7289086,45.01790336,75.61159436,165.6163713,47.16029518,-0.114065709,4.85393,165.4233274,47.08167821,30.57998524,53.53633301,4.84529,187.2181843,55.8740064,69.45111234
Driver,89.6944345,-3.8,-1.0,3.464566929,54.117,-4.276,20.82,-0.855,0.184,126.1934055,1.4069,17.422,-0.831,4256.78,0.166,379.469038,105.5704436,-5.225334867,5.665149665,-0.086856208,1.802907491,0.097956,189.5326421,-2.614694465,47.42230495,59.06776778,6.50245,201.1207524,-2.762340825,0.402433573
Driver,88.97637795,-1.139,6.796,1.456692913,52.246,5.914,12.837,2.504,-4.292,124.6161417,1.4005,10.42,3.267,3130.0,-7.013,349.5445402,50.09272888,9.989402658,6.00386099,0.334559609,1.111727202,0.101627689,183.6900257,1.920180852,28.8067177,58.06280019,5.038189305,211.5346525,0.918783627,-25.65204379
Driver,70.83258769,-5.5,-2.3,5.590551181,59.138,-5.825,16.703,0.088,2.388,101.9591088,1.4394,14.044,-0.11,2710.0,5.116,248.2314623,40.76741777,3.471508352,5.869668447,-0.005166056,1.457224964,0.123338,137.9092111,3.562199637,28.01732692,55.51568081,4.24788,165.4129378,5.006985851,11.48061374
Driver,120.0720293,4.6,-2.527,-5.94488189,44.165,2.225,11.726,2.312,4.839,173.677747,1.4464,10.274,1.307,3027.45,17.412,588.654796,110.7212478,70.54783388,6.027495937,0.15182298,1.110189247,0.073030144,286.5143281,51.46554524,40.61387696,63.55154318,7.301667488,307.0051832,58.20235575,135.0696313
Driver,78.41580172,-5.3,9.7,4.566929134,63.535,7.084,25.094,1.575,-8.125,104.6713941,1.3348,20.659,3.216,7040.0,-11.399,268.8801883,81.45081414,-3.811054453,5.885902424,0.275271479,2.252646414,0.12615,138.3671839,-6.736826272,46.98861711,53.61743287,5.478056,144.680369,-7.433457606,-43.43836202
Driver,98.9150859,-4.616,-3.903,7.283464567,45.69,-8.423,14.855,-0.333,3.57,138.6025859,1.4012,11.409,-0.988,4823.05,24.047,390.2999497,76.9721355,50.26443048,164.8121188,27.45579633,20.14808896,4.12122,204.4912443,39.02709574,35.30600533,64.37177904,5.6148,225.8548496,45.14905709,127.4475735
Driver,103.7781854,3.909,0.932,-4.566929134,48.255,4.428,14.889,0.368,-0.564,147.8639495,1.4248,13.536,0.44,1990.0,-1.854,466.2199346,83.25710162,0.386688605,6.309720346,0.046905553,1.528019933,0.0908542,246.7883372,-0.916528158,33.45003483,66.89093074,6.04958,275.737021,-1.340879937,-8.435003438
Driver,102.2973336,-0.1,6.9,0.157480315,54.262,6.802,5.558,2.295,-4.605,150.943316,1.4755,4.916,2.889,1240.0,-19.748,295.864741,16.90579038,4.861093253,5.808891314,0.281784638,0.497353467,0.079776,166.4052482,-1.401444853,10.67325456,87.06551581,3.049417,232.3512427,-6.041963994,-29.35917073
Driver,83.66365426,-3.69,-8.872,5.472440945,46.629,-12.366,11.879,-2.504,6.368,119.4336077,1.4276,8.275,-4.011,4620.5,21.414,284.8104041,35.09284942,8.924150065,151.2765585,15.02058791,-0.682386267,4.17023,149.6575116,14.61402154,24.56096807,58.53937708,4.10714,176.8549858,21.37054735,74.98931824
Driver,114.2112563,1.703,1.661,-2.362204724,42.148,3.544,14.79,0.717,-0.944,162.7174302,1.4247,12.982,0.852,2930.0,-4.161,558.3641973,123.0230622,-4.949241605,6.039250892,0.086113888,1.410021266,0.078924,274.4630983,-6.251159411,43.7667639,64.64155299,7.458337321,292.5105423,-7.235907599,-30.99174538
Driver,99.00232641,-0.8,-1.8,1.653543307,43.175,-3.346,19.572,8.97,10.778,141.3063708,1.4273,16.521,7.198,4850.0,10.052,430.0127004,130.7900322,81.68194816,5.902345685,0.759235835,1.788691493,0.090787,207.1022526,48.6834874,51.80884634,61.53592487,7.198111,214.9041005,51.02857474,69.2320242
Driver,67.79930208,-4.8,-7.4,4.566929134,53.691,-11.517,14.509,-7.08,0.443,100.7375179,1.4858,11.721,-7.005,2790.0,4.476,226.0888968,29.88192834,-25.19092862,5.671413645,-0.700844345,1.163382562,0.119313,127.8049456,-13.20721864,22.57228593,57.53828785,3.732219,161.0045335,-15.93536356,7.183481649
Driver,69.77004295,-6.406,1.22,8.11023622,52.74,-3.679,13.135,-0.212,-1.432,101.7208751,1.458,11.115,-0.059,2045.75,-4.137,203.3282953,23.47653646,-1.757565078,6.260804663,-0.010446273,1.201899313,0.129953,119.7313095,-1.799693387,18.03740082,64.36192742,3.19885,150.5182514,-2.705371235,-5.029241264
Driver,78.2547423,-1.7,-4.7,1.88976378,56.006,-6.001,24.638,3.254,8.014,98.3741947,1.2571,18.293,1.154,6473.3,12.148,242.7139432,60.65125251,18.3703049,5.315380083,0.126276038,1.772153297,0.118958,128.6306329,14.29010451,40.59476668,51.06520209,4.857472,138.8376411,16.10715264,35.13796474
Driver,102.2414102,-0.3,8.3,0.551181102,50.633,7.88,8.659,1.056,-7.244,146.8054313,1.4359,7.676,1.906,1830.0,-17.443,368.1088996,34.52014562,-3.750832915,5.762262385,0.180778725,0.776199233,0.081841,202.0220257,-8.423520085,18.19521778,74.31348392,4.201839,252.7286902,-14.62477678,-45.39670973
Driver,98.86139943,1.341,5.423,-1.771653543,46.138,6.712,15.455,1.747,-3.676,145.1662044,1.4684,13.516,2.272,2890.0,-14.182,465.6738121,92.83482398,-13.46302887,5.688210221,0.21361239,1.377659362,0.083486,237.241331,-17.30177144,38.43123267,61.86945061,6.486828,259.5830353,-21.25580889,-80.00460009
Driver,70.29572298,-6.0,0.0,5.511811024,56.956,-4.505,30.278,2.821,2.942,82.98966535,1.1806,23.955,2.315,5220.0,6.158,192.161933,55.54172686,11.862743,5.769055752,0.245632658,2.546821272,0.159636,105.6328461,8.317356072,41.29637272,50.01063081,4.429641,116.9508078,9.503686217,12.17084255
Driver,88.99874732,-3.9,-0.3,3.74015748,57.346,-2.894,18.758,0.498,0.798,123.4538296,1.3872,15.716,0.392,5860.0,1.555,348.5920924,95.68881042,5.694645151,5.868539415,0.041942062,1.691853595,0.103152,172.8639144,3.808894069,47.68761481,56.37376583,6.183068,181.3162465,4.079645253,7.879259551
Driver,85.26977452,0.602,2.834,-0.708661417,56.676,3.23,20.53,-1.688,-4.522,117.9326235,1.3831,17.309,-0.906,3870.0,-8.018,344.7044803,85.61508469,-19.34114677,6.006181718,-0.106446721,1.888185126,0.111103728,177.4947214,-14.57609241,42.47194231,57.051454,5.919564325,192.7201484,-16.59189396,-35.33159669
Driver,86.28758053,-5.314,-0.456,7.047244094,48.771,-5.131,9.062,1.621,2.076,127.3883769,1.4763,7.06,1.327,2560.0,5.328,308.9195161,27.39787353,11.79610456,6.246477252,0.149879829,0.774682324,0.102362836,167.7842421,8.252364339,17.81342121,65.45874675,3.975688467,211.1363254,11.60107078,13.10769321
Driver,91.26700072,-1.19,-0.316,1.732283465,47.373,-1.411,7.935,2.145,2.461,126.3063708,1.3839,4.491,1.21,4472.29,15.3,309.0191889,28.53343378,30.4840559,162.9225282,23.77661399,-3.870225432,4.41352,154.4736505,21.48708095,22.49132761,56.50760962,4.07352,182.2170172,28.6891162,54.75598291
Driver,97.89727989,-1.525,5.938,2.125984252,44.752,4.4,11.998,2.059,-3.879,142.129116,1.4518,10.358,2.542,2410.0,-9.347,420.5387846,58.96619205,4.145925034,5.988005852,0.257902196,1.100030529,0.088672,221.4229378,-2.942123867,28.18031853,63.85199838,5.402296,254.8369655,-5.386218042,-38.27654726
Driver,104.6595383,0.1,8.7,-0.039370079,54.251,8.779,6.541,8.991,0.291,150.096412,1.4341,5.756,9.062,1170.0,-1.258,326.2297563,22.37901057,50.48921098,5.881153568,0.925625108,0.591599843,0.081351,181.7602642,27.88905653,13.07046297,83.08985614,3.45056,243.2305226,37.06118413,-2.243551516
Driver,107.8673049,3.7,6.7,-4.133858268,51.59,9.586,18.868,4.719,-1.981,160.0127505,1.4834,17.173,5.297,2716.47,-5.622,549.069352,150.7766538,28.144686,5.811369077,0.500027242,1.812324702,0.078805,270.0849691,9.279935011,48.50925276,67.84576984,7.861769,284.1930261,9.22777963,-47.03639517
Driver,90.625,-1.202,2.885,1.535433071,47.91,1.799,13.361,2.585,-0.299,133.3211793,1.4711,11.164,2.632,2910.0,-4.445,398.4176706,62.86585033,10.64165041,5.952053416,0.269004492,1.183456652,0.094335,207.1271109,3.076215453,31.78864367,59.64743041,5.569469,233.8056203,2.658093397,-19.31233911
Driver,85.7865068,-1.318,4.993,1.771653543,48.334,3.82,13.223,0.919,-4.073,121.2215909,1.4131,11.902,1.302,1653.69,-7.033,290.9367479,37.87127147,2.235469715,5.736785626,0.125571434,1.19573826,0.100027,166.474787,-0.634870838,21.4969248,69.37845827,4.006482,211.0957494,-2.012484184,-13.25207403
Driver,95.37848962,2.354,2.781,-3.070866142,48.518,4.865,14.746,7.179,4.397,141.2567108,1.481,12.946,6.518,2680.0,7.681,444.915401,81.66285626,64.4319418,5.948105265,0.681988231,1.376215989,0.089536,229.8172392,38.82780385,35.61445728,61.84793833,6.145233,255.2529698,44.45857022,38.59221519
Driver,99.21036149,-1.3,5.7,1.732283465,51.54,4.647,12.917,4.249,-1.451,138.1574356,1.3926,10.982,4.577,2670.0,-3.211,416.6960278,67.02076469,27.03382534,5.927646874,0.469990777,1.161035102,0.090614,214.4171622,12.17178866,33.05669564,59.38464092,5.750414,240.0720874,13.04631193,-14.84899631
Driver,106.739889,6.163,-1.417,-7.992125984,47.525,4.257,13.74,-2.348,-0.931,157.792815,1.4783,12.366,-2.176,2170.0,-0.318,517.3808321,91.90142854,-20.00831232,5.826131378,-0.221430518,1.285696836,0.078202,266.89613,-10.71449141,35.19529634,66.48877645,6.480012,295.608679,-11.92749785,-1.743277342
Driver,82.43781317,-4.592,1.856,5.826771654,50.37,-1.958,13.967,4.373,2.517,115.3921349,1.3997,12.921,4.225,1209.83,4.96,257.706905,34.60569772,20.89446831,5.80692636,0.430950998,1.308631904,0.106734085,151.8843637,13.41095656,20.66374223,72.04659598,3.651270605,199.8424012,18.33800081,6.685160346
Driver,92.83732999,-1.7,-5.7,2.204724409,52.581,-7.166,14.56,3.968,9.713,126.5779349,1.3634,10.447,1.45,6017.5,4.488,357.4154571,71.29850523,18.38801881,5.887579218,0.155916411,1.122256557,0.098544,177.6524968,11.78299773,40.32777287,53.78090832,5.716447,189.8299667,12.99013016,21.88110912
Driver,108.7799749,0.377,1.52,-0.472440945,46.025,1.884,13.491,2.19,0.669,157.6234789,1.449,11.312,2.075,3414.32,1.864,528.66753,110.5794555,24.61103915,6.299944816,0.23035711,1.298160793,0.0845573,257.0319703,13.83187477,43.24680229,61.64023086,7.19467,272.7914492,14.91286746,13.58928781
Driver,109.6344846,-0.1,5.3,0.196850394,51.761,5.166,1.436,-0.527,-5.827,157.6046886,1.4375,1.182,0.424,1900.0,-47.969,111.5388445,1.313272668,-2.561251547,5.89573453,0.014646092,0.115583869,0.077243,67.81529431,-3.320165989,1.797338037,125.1631152,0.989073,145.6085969,-11.71190229,-11.46394547
Driver,94.77004295,-7.996,0.725,15.31496063,34.453,-11.09,8.48,1.795,1.069,133.4111042,1.4077,5.36,1.59,4140.52,5.809,378.5939104,55.12058677,35.95158875,176.007444,26.14721247,-1.474118258,5.61516,174.1621213,25.49801301,39.7977729,45.94945959,5.50516,186.2916685,29.71304944,62.12327925
Driver,87.24498926,-0.909,-0.729,1.181102362,44.729,-1.647,5.431,-1.629,-0.9,125.840417,1.4424,4.187,-1.452,1570.0,-9.946,174.7218079,7.459438319,-6.372701427,5.90518736,-0.155967692,0.42013967,0.097196,104.31192,-4.783595045,6.778340857,88.44348816,2.044585,173.5724058,-9.45355643,-6.424893818
Driver,101.2526843,1.438,5.526,-1.88976378,49.501,6.754,15.956,2.276,-3.25,146.7593504,1.4495,14.444,2.629,2259.58,-11.256,469.8960612,91.9067539,-0.17440643,5.856450714,0.259948875,1.513999228,0.085321,245.6312047,-7.601117725,36.29137312,65.23370401,6.328315,272.4439777,-10.37816858,-56.56344803
Driver,91.96492484,3.106,-0.488,-3.937007874,59.153,1.369,9.158,-6.053,-5.564,130.1684413,1.4154,7.549,-4.554,2828.3,15.749,322.5388114,32.94985679,-3.381401626,180.1536841,7.038759115,-3.845115681,4.3577,170.6988723,5.565599554,20.63058295,68.09573389,4.0477,209.961264,11.41155918,57.28223952
