Club,Club Speed,Attack Angle,Club Path,Low Point,Swing Plane,Swing Direction,Dyn. Loft,Face Angle,Face To Path,Ball Speed,Smash Factor,Launch Angle,Launch Direction,Spin Rate,Spin Axis,Max Height - Dist.,Max Height - Height,Max Height - Side,Last data Point - Length,Last data Point - Side,Last data Point - Height,Last data Point - Time,Carry Flat - Length,Carry Flat - Side,Carry Flat - Land. Angle,Carry Flat - Ball Speed,Carry Flat - Time,Total,Side Total,Curve
Driver,90.69210809,2.765,-6.86,-3.858267717,47.128,-4.29,14.193,4.217,11.077,128.384932,1.4156,11.48,1.489,4842.1,31.374,344.261635,60.37949253,61.74483429,6.226935198,0.205747418,1.286571564,0.102873,176.1388711,48.87697544,34.22870808,55.01790736,5.22757,193.0203302,57.7132299,133.3897316
Driver,88.11292054,-5.584,0.264,7.322834646,53.643,-3.863,22.584,0.001,-0.263,114.5150322,1.2996,18.907,0.038,4180.0,-0.333,330.3534841,90.28739799,-0.369507701,6.13528305,0.003545346,2.122609347,0.1181896,169.5293733,-0.367601344,44.85830525,57.00474734,5.957086396,182.4655829,-0.421062406,-1.440111385
Driver,100.2057981,1.534,7.256,-1.88976378,52.746,8.423,9.073,-3.074,-10.329,145.0820956,1.4479,8.173,-1.809,2220.0,-41.263,321.6293165,29.90445223,-40.09199782,5.531566042,-0.196910508,0.790052419,0.0795136,179.996035,-35.7504676,16.93789679,75.30578819,3.7221,227.4150789,-54.09734511,-90.49134723
Driver,93.14826414,-6.126,-4.807,7.086614173,57.643,-8.706,21.532,-9.31,-4.503,116.4318629,1.25,17.032,-8.518,5270.0,-5.81,327.5210713,86.83124007,-57.40341563,5.851209056,-0.87597952,1.822023556,0.109716,166.1906389,-33.12770647,45.00267362,55.70013948,5.88117442,176.9989237,-35.662836,-25.92037842
Driver,82.99257337,-3.801,5.414,5.039370079,50.538,2.278,16.932,2.781,-2.633,115.4632695,1.3912,13.601,3.225,3850.0,-0.332,324.4517669,62.61841534,17.41376939,5.823179144,0.327133633,1.421642136,0.107899,169.2229151,9.097920844,35.95903434,55.05295762,5.318982,188.5261227,10.09408242,-1.268154299
Driver,103.9795097,3.625,4.226,-4.409448819,50.85,7.182,13.436,2.082,-2.144,151.7103615,1.459,11.964,2.411,2270.0,-10.765,479.8801052,79.87192614,-0.408859983,6.004421566,0.244290175,1.279518734,0.083743,250.1851881,-7.322382303,32.95907792,65.454574,6.102027,280.4451551,-10.36261839,-53.5081491
Driver,90.73460988,-2.581,-2.268,3.188976378,48.808,-4.529,25.496,10.282,12.55,108.2209646,1.1927,21.028,8.036,5283.16,7.003,295.6228932,89.9057681,50.50817832,6.025577899,0.855663731,2.3439997,0.124897,151.7174421,30.32258971,47.0973877,55.90861921,5.774641,161.1012899,32.54650724,27.73012012
Driver,95.40085898,-1.945,1.288,2.401574803,52.614,-0.199,21.406,-9.547,-10.835,106.8828293,1.1204,17.145,-7.407,5000.0,-16.05,281.8612477,67.07073224,-56.54726537,5.489941766,-0.730646713,1.7078344,0.1120712,148.1108413,-37.25726468,40.02970471,53.42904038,5.200828786,161.8038679,-41.997386,-55.3991377
Driver,108.3639048,-0.7,4.1,1.062992126,52.46,3.475,9.045,-0.057,-4.157,159.6575251,1.4734,7.974,0.503,2630.0,-10.44,503.7289717,66.56840053,-19.76727208,5.974931472,0.033719747,0.850045309,0.078209,253.4308476,-17.3247494,30.29505351,62.7480538,6.003583,283.5874413,-21.7873242,-58.63115853
Driver,100.317645,0.7,-3.7,-0.94488189,47.87,-3.11,16.117,-6.879,-3.179,139.3971457,1.3895,14.363,-6.333,3440.0,-4.323,442.9303067,103.5691845,-59.57052978,5.501139112,-0.627118788,1.426147475,0.084516,220.2743004,-33.55296958,44.0610501,59.99650372,6.733673,236.0495821,-36.4415408,-28.00201944
Driver,87.49552613,-5.4,-2.0,4.448818898,56.462,-6.172,22.886,0.658,2.741,119.7928597,1.3691,17.262,0.041,6710.0,4.163,324.775866,97.45008433,9.21810372,5.805965909,0.014714487,1.850671455,0.10628,160.6990103,6.960657891,49.7063282,55.95501014,6.102925,166.5917339,7.364445475,20.53731073
Driver,93.73881532,-3.9,2.5,5.078740157,48.755,-1.182,12.455,3.328,0.828,133.6236131,1.4255,10.619,3.225,3450.0,1.835,402.2188512,70.90103763,26.12073388,5.929416058,0.335879138,1.131220938,0.093755,201.6130868,14.42682375,36.97667632,56.02006752,5.901809,221.2456874,16.10504264,9.272621083
Driver,113.3097709,4.7,2.9,-5.472440945,49.834,6.931,16.41,-4.229,-7.129,164.7783196,1.4542,15.138,-3.248,3300.0,-18.187,552.5824279,144.8869577,-94.24060771,5.586416473,-0.347482752,1.529251342,0.072779,267.7247263,-64.72611701,48.24721195,65.95829084,7.80335,280.9217186,-69.72194474,-149.7101743
Driver,112.5425018,1.8,2.8,-1.535433071,47.792,3.882,15.301,-0.954,-3.774,164.723291,1.4637,13.292,-0.332,3410.0,-7.046,554.3876508,140.2156651,-29.02159925,5.507523501,-0.041615029,1.321691012,0.071184,265.4859306,-20.93136887,48.71576859,65.02155073,7.773917,278.0717703,-22.59620673,-58.19237502
Driver,67.00071582,-6.2,0.8,5.511811024,58.19,-3.636,22.839,8.101,7.349,89.61278633,1.3375,15.477,6.195,6744.65,14.784,196.3217553,37.64952976,31.06225469,5.788151388,0.65117036,1.601430335,0.140225,108.0713063,21.07924071,31.79090043,49.12703568,3.925761,122.6707145,25.01140121,28.55364747
Driver,93.61802076,-0.623,1.492,0.866141732,45.79,0.886,16.389,2.997,1.505,139.4463583,1.4895,14.404,2.813,2760.0,4.922,445.5798192,91.53593357,31.48797022,6.222874584,0.310567909,1.616402254,0.0955429,229.2210167,19.87592085,38.56167026,61.73404098,6.39644,242.2527922,21.44181878,25.93500327
Driver,51.24597351,5.693,3.303,-4.881889764,72.65,5.087,22.954,2.348,-0.955,53.13014495,1.0368,19.167,2.572,2000.0,-2.357,68.28577187,12.47324305,2.857000219,4.745952806,0.210633197,1.507600127,0.196396,42.70121309,1.732512875,22.53848549,43.59828462,1.969322093,67.16146591,2.627305423,-0.551588117
Driver,25.20132427,-1.5,-2.7,1.456692913,64.86,-3.459,31.624,-5.255,-2.555,28.00778454,1.1114,26.204,-4.757,2620.0,-3.134,22.28025376,5.515356152,-1.819737181,2.493517754,-0.207840062,1.036525811,0.205477,14.15693383,-1.210320577,28.3091575,25.85512105,1.220989,22.70334059,-1.959665654,-0.109247818
Driver,110.5583393,7.5,4.7,-8.937007874,50.279,10.976,19.099,2.753,-1.947,164.5846009,1.4887,17.672,2.946,2363.99,-6.111,566.4710298,156.9360701,9.428288475,5.715275695,0.294449237,1.835671801,0.075521,279.8609404,-0.760045064,48.51392054,69.28414469,7.95587,294.5511038,-1.390936447,-45.42710934
Driver,104.7512527,-2.888,-1.977,4.330708661,43.296,-5.046,16.989,2.57,4.547,154.3049839,1.4731,14.684,2.014,3625.5,8.792,484.0966973,134.4954464,57.29630829,211.3800743,35.22251785,14.07101788,6.80532,221.3131213,38.32792206,58.2733697,64.98357784,7.40227,227.2738012,40.20394429,91.93203452
Driver,96.64459556,-11.037,-5.272,12.75590551,53.323,-13.624,9.505,5.048,10.319,140.852049,1.4574,7.084,3.817,3790.0,26.389,393.6121282,46.37336499,72.8376274,6.230125068,0.443502721,0.791366971,0.0923719,198.2503516,51.38053877,26.98738113,57.93775416,5.08049,216.2091287,59.75503716,115.5599537
Driver,109.3503937,3.1,2.5,-3.661417323,50.856,5.018,16.313,0.138,-2.362,159.5799034,1.4593,14.883,0.479,3050.0,-5.239,543.6836203,137.0037656,-13.49172718,5.758454046,0.033425102,1.548400928,0.077388,265.6721704,-11.56211214,47.14288965,65.49403594,7.668202,280.337952,-12.7603472,-41.34189306
Driver,97.94201861,-0.95,-2.534,1.220472441,49.584,-3.343,13.903,3.664,6.198,145.0463046,1.4809,12.164,2.911,2720.0,22.238,442.0374572,74.67004429,62.85835905,6.213920979,0.336372744,1.351355404,0.0907723,229.6460205,47.55905817,33.063724,62.23719036,5.90452,246.1806458,53.61827596,108.2640852
Driver,104.8787581,-3.567,0.833,4.015748031,53.005,-1.859,17.596,2.518,1.684,153.2393074,1.4611,14.492,2.257,4737.94,4.429,488.4334875,143.2470039,34.33615116,6.254240339,0.253273042,1.668613298,0.0875735,231.0747144,20.65905801,52.66723849,65.35455595,7.57242,234.6779285,21.08979225,34.73794105
Driver,89.22244094,-0.023,1.062,0.039370079,54.064,1.045,16.656,-6.042,-7.104,123.0149427,1.3788,13.904,-4.813,3660.0,-15.035,356.9043778,71.0477069,-54.558107,5.080036354,-0.439708683,1.266854481,0.088212,184.7997979,-36.97426257,37.11041845,56.67829138,5.638025123,204.2018329,-42.84092398,-64.9559196
Driver,120.3494094,3.676,7.433,-4.173228346,49.678,10.558,15.539,4.757,-2.676,175.2476288,1.4561,14.115,5.09,2540.0,-8.078,619.3018335,145.0098676,26.05060334,6.421328084,0.560197236,1.656416017,0.0783926,304.6134867,5.150884864,45.36674043,68.6342194,7.94245,321.181979,4.454731406,-65.67302998
Driver,111.72602,-1.189,-0.355,1.57480315,49.785,-1.36,12.352,2.037,2.392,157.2975573,1.4079,10.168,1.642,3465.22,1.916,510.7119202,107.3257037,20.66591757,236.9672178,12.66142086,1.376448138,7.11797,238.0812472,12.77376907,50.83987307,58.56876128,7.17981,248.1184088,13.77471557,17.86883617
Driver,76.74033644,-7.3,9.3,5.669291339,69.926,6.559,20.436,3.02,-6.28,102.9241231,1.3412,17.165,3.731,6450.0,-9.803,260.2664817,64.45126684,4.07058634,3.302760308,0.21390766,1.028624321,0.06961,135.8982453,-1.580864895,41.50507691,51.44911659,5.059391,145.7426728,-2.258270761,-31.26035077
Driver,108.4578561,-1.1,3.1,1.338582677,51.395,2.219,17.473,8.438,5.338,154.2611399,1.4223,15.522,7.806,4670.0,10.605,486.4602577,150.0498667,101.0156458,5.949519605,0.826378833,1.689088275,0.083278,230.2422279,59.06309901,53.35501184,65.46785598,7.667215,237.3243044,61.37955911,84.87262979
Driver,91.95597709,-0.028,9.278,0.039370079,54.858,9.258,43.041,-5.97,-15.248,97.67738905,1.0622,34.799,-2.012,8500.0,-2.507,243.1614693,120.4888785,-11.32158721,4.083962595,-0.147135506,2.865116408,0.1068744,117.7510033,-7.167468288,59.47724527,60.92827322,6.031915945,116.4675878,-7.079571782,-9.109853809
Driver,87.43289191,-0.631,-0.879,0.905511811,48.498,-1.437,19.761,2.631,3.51,119.8098604,1.3703,15.911,1.927,4647.57,36.624,300.6014236,63.09469021,56.40039325,165.2909795,48.85168232,-2.857913776,4.94246,161.3396876,46.65161841,35.02744657,60.67167458,4.77246,180.8516216,57.33078227,124.2952519
Driver,66.37213672,-0.702,-2.429,0.669291339,64.996,-2.756,24.078,9.838,12.267,67.03852004,1.01,18.655,6.889,4040.0,16.787,113.6105205,21.82710017,17.08155702,5.147735085,0.640910887,1.668131057,0.1690808,67.64042327,12.07717481,26.43877897,46.46945358,2.775952556,88.58989301,16.91898912,12.02141952
Driver,99.71814603,0.038,1.835,-0.039370079,52.511,1.864,13.053,1.157,-0.678,146.4714567,1.4688,12.071,1.21,1430.9,-1.906,420.6589326,61.28873723,6.647270592,6.308020805,0.131870175,1.348240101,0.0910284,231.0117652,2.862746026,26.4251925,72.63812834,5.12339,271.2478359,3.014451482,-6.047320115
Driver,70.64468504,-3.3,4.7,3.307086614,57.464,2.497,18.918,0.693,-4.007,100.6654885,1.4249,16.025,1.446,5060.0,-7.507,253.7051524,55.60021698,-3.093913075,5.662603957,0.112492538,1.640322531,0.122203,134.4983336,-4.411460516,37.59903512,51.26566484,4.801122,148.9931651,-5.520695547,-23.40679705
Driver,109.9498926,-0.653,-2.641,0.826771654,47.645,-3.236,11.397,-0.801,1.84,159.9599588,1.4549,9.163,-1.149,3590.62,5.182,517.5574495,92.69277165,8.902560009,249.3063535,10.34200136,2.427883466,6.46691,252.469049,10.68764822,37.97285062,62.98391667,6.59671,273.3951473,12.98612682,47.23078144
Driver,91.93137079,-0.293,6.191,0.354330709,56.315,5.996,11.877,4.633,-1.558,135.9204993,1.4785,10.106,4.865,2410.0,-9.383,383.5095133,50.35563903,20.13193663,5.872443424,0.49040961,1.049607045,0.090851376,204.960208,6.301240828,25.96947333,63.8269448,5.022097066,240.1399816,5.392575526,-33.28669706
Driver,87.77066929,-1.061,3.398,1.220472441,57.653,2.726,6.053,3.989,0.591,126.6477273,1.4429,3.814,3.802,2825.9,9.137,241.1904673,12.58531923,23.61103582,154.8866321,20.4655178,-5.804397606,3.55206,131.5851298,15.95974585,10.48476794,73.66229571,2.86206,181.8428311,25.0845688,21.79138132
Driver,100.0782928,0.6,-8.4,-1.141732283,45.792,-8.293,22.638,-3.694,4.849,133.9188887,1.3381,19.156,-4.593,4743.16,2.847,405.6196638,133.9062739,-22.17918374,3.99099874,-0.31170156,1.403400045,0.065386,196.8132187,-9.464899859,52.91581607,63.10465768,7.086079,204.0462273,-9.690731024,18.92250146
Driver,103.8296349,-0.143,-4.184,0.196850394,49.819,-4.305,9.673,-6.647,-2.463,145.5012974,1.4014,7.448,-6.081,3315.15,1.341,422.1965259,53.70012908,-39.90686074,222.1952191,-19.08740542,-3.752437082,5.40628,215.3633169,-18.68307726,28.15448615,64.20807746,5.15628,245.4766286,-20.48931977,12.45122513
Driver,37.77514316,-6.0,4.0,4.409448819,72.824,1.722,37.855,-0.821,-4.917,41.44371868,1.0971,27.461,0.611,4283.71,-2.209,51.17551548,13.8376105,0.403494701,3.159127372,0.032251223,1.519980384,0.178713,31.47680366,0.199094506,32.19239219,34.5910372,2.007618,41.98823817,0.230183419,-0.409713501
Driver,105.0845562,-4.161,-2.125,4.606299213,53.353,-5.227,18.56,0.063,2.187,146.1692466,1.391,15.599,-0.24,4317.13,5.339,466.390845,133.3792302,15.08760719,6.012494639,-0.017937793,1.722282363,0.0886838,225.0006914,11.81424433,50.36185922,63.34585382,7.34372,229.5389158,12.21721635,38.26595548
Driver,104.9033644,1.838,-0.885,-2.244094488,44.495,0.987,17.377,-0.963,-0.078,149.8288744,1.4283,15.482,-0.953,2820.0,-0.181,503.2465276,119.1439731,-8.613008321,6.389952449,-0.106523944,1.799385412,0.0918446,252.5622397,-4.594744647,43.70289351,64.22740951,7.17058,269.3821123,-4.921962283,-1.182399997
Driver,100.8724052,3.407,2.119,-4.566929134,48.842,5.102,10.949,-2.973,-5.092,143.8587151,1.4261,9.848,-2.215,1900.0,-16.677,389.8696199,47.11666355,-32.98195523,5.852041601,-0.237402473,1.015200971,0.08537,212.8686479,-25.26656956,22.99726981,70.30990777,4.73189,256.1984496,-34.0674313,-51.23581084
Driver,22.92412312,-6.8,-3.2,4.803149606,70.87,-6.193,40.742,-0.01,3.284,25.56303686,1.1151,27.698,-1.263,3290.0,2.842,19.30096174,5.079124594,-0.343073478,5.790740033,-0.10719896,1.6851185,0.540424,12.21184052,-0.211245053,29.8896836,23.64991346,1.170304,18.25955419,-0.303589334,0.173808008
Driver,97.03382248,1.109,3.556,-1.417322835,50.969,4.455,7.763,-1.451,-5.007,138.0748926,1.423,6.436,-0.441,2280.0,-15.994,330.324198,26.6206809,-16.37183154,5.983191577,-0.058517614,0.675817695,0.090211,179.5003333,-14.34026373,16.10525868,70.67459689,3.903761,228.8113845,-22.19765214,-38.88801625
Driver,68.2198461,-5.321,0.026,5.748031496,52.006,-4.146,32.92,25.075,25.049,80.22682534,1.176,24.697,18.518,7949.02,24.084,172.5415858,50.28923499,66.20158135,6.384584718,2.089586137,2.901831389,0.18485,95.82525548,43.25550778,40.60500356,48.38582184,4.136765,102.9230781,47.12241891,41.57603006
Driver,99.57050823,1.008,4.152,-1.377952756,46.963,5.093,15.965,1.247,-2.904,144.5969041,1.4522,13.901,1.665,3020.0,-9.889,468.9990066,99.40261646,-10.27592185,6.013269378,0.165002245,1.502455386,0.088853,236.9013965,-12.68234632,40.69252614,61.68350289,6.68626,256.7413527,-15.17569624,-58.65133019
Driver,95.92653901,-2.301,4.332,3.149606299,49.798,2.386,17.87,6.201,1.869,134.0226825,1.3972,15.506,5.969,3160.91,3.628,424.1990417,96.89143499,50.68481479,5.970446937,0.624773958,1.670079197,0.095984497,216.0930886,28.93010983,41.73707911,60.5057757,6.482529195,234.4374121,31.83496711,19.51186466
Driver,96.31129205,1.474,5.606,-1.88976378,51.172,6.792,11.473,0.308,-5.297,141.5895669,1.4701,9.676,1.281,2862.37,-21.37,410.4400745,55.86658006,-25.57072807,5.995683423,0.114838358,1.02983025,0.088989,213.3524571,-25.6359543,28.16288919,61.51122542,5.328175,244.22955,-34.06579857,-91.09396836
Driver,99.7472262,-1.1,-3.7,1.57480315,46.591,-4.808,17.292,3.482,7.182,138.9112831,1.3926,14.577,2.522,3410.0,15.504,432.7970289,98.81839883,53.68631943,5.580283888,0.244907928,1.46682587,0.086126,217.3081308,38.52045581,42.62015902,59.8477225,6.54343,233.9951661,43.34520728,87.21710096
Driver,101.8029707,-0.984,2.833,1.141732283,53.861,2.114,23.673,17.108,14.275,126.4676539,1.2423,20.16,14.841,5139.02,8.939,371.3923677,122.5697989,110.6448637,6.189424142,1.60095544,2.31291648,0.108999,182.77901,62.87073271,51.7144442,61.19102858,6.726662,190.2436949,65.79934415,50.44068207
Driver,98.46769864,-4.89,-3.14,5.787401575,49.166,-7.38,14.959,-0.237,2.903,135.6697387,1.3778,12.457,-0.618,3407.0,5.333,422.7253271,82.13395202,7.043054433,5.400782781,-0.053525214,1.211873106,0.0844288,213.7078191,7.125438179,38.4237765,58.49922821,6.19407,231.8951186,8.440591958,28.28633623
Driver,101.9081067,-0.685,-1.101,0.866141732,53.875,-1.601,7.768,-5.907,-4.807,147.0398622,1.4429,6.271,-5.047,2516.58,-2.202,386.8205153,33.34505982,-37.58599013,219.381764,-23.36332239,-5.410567799,4.84262,205.3572727,-21.54768382,18.81258985,69.22656242,4.39262,247.6837458,-26.9418066,-10.49397883
Driver,92.03203293,0.321,1.116,-0.393700787,47.869,1.407,20.019,2.057,0.941,127.7109431,1.3877,16.198,1.863,4849.37,1.704,380.5141499,103.5600912,15.92007721,6.519242238,0.215029741,1.94141365,0.110784,188.9092157,9.264010944,47.20549426,58.54592207,6.46795,198.706848,9.852824108,9.375332884
Driver,103.4560666,1.7,0.9,-2.086614173,47.021,2.467,14.053,2.095,1.195,151.2640927,1.4621,12.363,2.03,2550.0,-1.229,494.1927292,90.36448941,14.47636723,5.912342026,0.208388529,1.306412076,0.082857,252.7297007,6.636160546,36.57533168,63.65604117,6.505358,278.0754469,7.081819474,-6.951911751
Driver,84.35263064,-0.249,-0.653,0.354330709,47.824,-0.879,22.842,4.141,4.795,113.5209377,1.3458,19.117,3.299,4290.0,7.279,324.068545,89.07934261,30.31875008,4.999560656,0.295852488,1.747112009,0.0969416,166.6289111,19.85770546,44.8035377,56.71321364,5.897952746,179.3425089,21.91415416,30.91261703
Driver,106.3886901,-0.068,-0.008,0.078740157,48.8,-0.067,17.989,-2.53,-2.522,148.222083,1.3932,15.742,-2.198,3340.0,-5.017,491.9642851,127.0644053,-32.84126986,6.522872715,-0.257004405,1.876732942,0.095007,242.2921246,-20.83144951,46.86444885,63.70013666,7.32278,255.5117253,-22.42996063,-34.67375851
Driver,82.06424481,-2.646,-2.604,2.795275591,58.975,-4.197,38.916,-0.985,1.619,88.53279349,1.0788,31.271,-1.365,6709.01,1.233,216.1655276,89.05259788,-3.339412554,4.97788235,-0.116174422,3.038692551,0.138055,111.5983957,-1.536825894,52.69668592,54.86833682,5.33419,115.0742237,-1.569847859,3.365394832
Driver,110.7462419,2.2,-0.4,-2.165354331,51.27,0.784,17.423,-2.371,-1.913,163.8685576,1.4797,15.034,-2.019,3920.0,-3.793,540.3608287,162.1499576,-33.44019153,5.85082566,-0.214136641,1.601590797,0.076769,254.5172874,-20.06531733,53.31576662,67.27508843,8.079359,262.7551835,-20.93241721,-33.34168603
Driver,111.2853436,-1.878,-2.809,2.165354331,52.584,-4.246,12.613,-4.12,-1.311,152.6979689,1.3721,11.001,-3.97,2455.38,-3.318,489.6356177,79.4031559,-40.33376787,6.274875925,-0.437391988,1.235982738,0.0866675,251.3718988,-23.26570673,33.38918627,63.745862,6.21311,278.2290504,-26.37128328,-17.64319488
Driver,77.49418397,-2.834,4.247,2.598425197,63.411,2.827,27.764,5.088,0.84,102.0051897,1.3163,21.59,4.897,6247.03,1.166,266.1620163,81.32096828,23.24833435,5.833753338,0.500265088,2.334696835,0.128967,138.0918013,13.12406895,46.63929424,54.15622132,5.459571,145.8074827,13.9031074,4.024045795
Driver,101.122942,4.862,2.07,-6.535433071,49.171,6.285,16.489,-0.062,-2.132,145.6800286,1.4406,14.578,0.301,2810.0,-6.396,478.2120512,103.4925226,-12.58642931,6.080375741,0.025816576,1.594073623,0.08943,242.6902547,-11.31418414,40.75295939,62.87534833,6.762577,263.3723535,-13.20997085,-37.76278454
Driver,100.6576593,5.005,8.133,-6.377952756,51.351,12.149,16.462,2.041,-6.092,146.5956067,1.4564,14.896,2.909,2584.92,-26.547,454.5158226,90.96795238,-27.85001733,5.843764004,0.274902934,1.559195273,0.085446,237.358643,-33.54425853,36.5714277,63.92064825,6.245494,262.2775461,-41.8577443,-136.2781284
Driver,86.88260558,1.242,9.956,-1.614173228,47.399,11.098,19.416,8.513,-1.443,127.1631174,1.4636,17.261,8.695,2730.0,-4.353,393.4346347,90.49477274,50.47766015,6.112968319,0.919461337,1.911105353,0.104465,206.1583915,24.62617001,39.73369535,61.05063127,6.15727,218.2711945,25.74957123,-19.79882697
Driver,100.3780422,3.76,2.811,-5.196850394,48.28,6.171,15.087,5.245,2.434,144.8268611,1.4428,13.313,4.851,2610.0,4.418,466.1551548,88.93107534,47.81891623,5.880117488,0.501033801,1.400662673,0.086429,240.0702261,28.12722433,36.9651961,62.88789645,6.383882,264.608356,31.74507608,23.59440361
Driver,93.55986042,-1.481,3.468,1.929133858,49.826,2.217,7.378,-7.169,-10.638,127.1396296,1.3589,6.133,-5.65,2470.0,-37.783,224.7859674,14.82459901,-37.30372585,5.733522618,-0.592121616,0.60635368,0.093812516,129.3102277,-28.61951533,11.26828097,76.35068279,2.758660514,186.0809241,-48.87741404,-48.19628966
Driver,106.4200072,1.241,-1.503,-1.456692913,48.317,-0.397,13.601,-0.649,0.854,160.768835,1.5107,12.17,-0.751,2290.0,2.518,535.7843434,97.35745012,-0.961990622,6.411738493,-0.081618094,1.403572438,0.0844989,273.4183883,1.429875214,36.56840636,65.81575596,6.71263,298.3290313,1.994961404,15.04023344
Driver,92.62034717,1.792,0.974,-2.244094488,44.276,2.813,20.194,-1.435,-2.409,126.2406049,1.363,17.853,-1.108,2960.0,-7.119,390.6549869,95.27754696,-20.32335517,6.065759459,-0.125364437,1.968419915,0.104812,202.8349004,-15.17902376,41.66390824,60.57880312,6.27533,213.325716,-16.42975585,-33.79486942
Driver,98.88376879,-6.875,-3.302,8.622047244,47.604,-9.621,11.956,0.284,3.585,140.2697745,1.4185,9.717,-0.153,3175.0,6.977,431.2349555,65.9919765,12.95813254,5.410082819,-0.008953006,0.941452391,0.0809472,218.545162,11.05140788,32.78331699,58.81823039,5.82744,241.6737639,13.43177149,34.90264212
Driver,93.69183966,-4.3,-1.3,4.173228346,57.93,-4.166,16.579,-2.176,-0.876,139.3322745,1.4871,13.619,-1.956,5620.0,-1.706,415.6478371,113.9419467,-19.45108078,5.782332221,-0.2115306,1.441502019,0.088958,200.5815588,-10.93950387,49.72185119,59.49785988,6.816032,208.49514,-11.46503924,-12.29120333
Driver,87.04813887,0.229,5.038,-0.275590551,54.726,5.2,21.522,4.337,-0.701,109.7810039,1.2611,18.579,4.441,3210.0,-1.795,311.6271752,74.63705316,21.05637407,6.344184531,0.48870011,2.138842376,0.126905,165.8652969,10.72554579,39.36030818,56.89516781,5.4995,182.9729669,11.65703108,-6.36941553
Driver,63.65425913,-5.4,-0.4,4.68503937,63.663,-3.646,31.531,1.978,2.445,82.28547781,1.2927,25.232,1.577,5150.0,2.617,191.4738482,58.41390885,6.924298468,5.779995025,0.164556305,2.70636229,0.163092,104.9094671,4.618605289,42.73275338,50.26406788,4.502203,115.5198271,5.199209801,5.197524438
Driver,104.6819077,1.5,7.9,-1.850393701,49.873,9.231,12.014,2.23,-5.67,147.6221367,1.4102,10.645,3.199,2290.0,-14.225,442.6476086,66.53887856,-0.125799727,5.816303767,0.313458975,1.100832147,0.083008,230.2303603,-8.65166739,30.75761511,62.93289219,5.688066,260.3089249,-12.68941662,-64.43071333
Driver,103.2860594,2.889,2.786,-3.858267717,48.305,5.363,12.381,0.154,-2.632,153.1370795,1.4826,10.708,0.629,2641.98,-10.012,491.2726335,79.96992991,-16.66638818,4.951383739,0.04865465,0.944089796,0.067991553,249.9666788,-15.73902521,34.01318086,62.82419585,6.263964644,277.4550318,-19.49950278,-55.4302235
Driver,99.61524696,0.3,8.5,-0.393700787,53.63,8.734,7.463,-2.834,-11.334,142.5123031,1.4306,6.766,-1.652,1870.0,-31.952,296.3404017,22.46534232,-26.80895557,5.649711114,-0.181522922,0.664793107,0.082468,168.0677637,-23.35090855,13.62638213,79.81215534,3.34694,226.7596917,-38.54342636,-55.62898935
Driver,115.3811739,6.9,-0.3,-8.385826772,50.717,5.359,12.392,-5.549,-5.249,168.7296439,1.4624,11.519,-4.644,2530.0,-25.894,541.3394337,95.8460613,-107.7983901,5.928550927,-0.505154486,1.219317515,0.074228,273.200296,-76.51678197,36.38374002,64.65031235,6.662985,298.0911375,-88.58710744,-165.0940656
Driver,88.97861489,-1.547,4.88,1.811023622,56.205,3.845,4.036,11.012,6.132,124.0522101,1.3942,1.938,8.701,3841.6,22.448,225.8856215,7.637039584,50.16323167,123.2778174,33.36133297,-1.160085695,2.81475,115.9876001,30.51791937,8.202012739,70.25465935,2.59475,162.2014794,48.15660648,39.7156948
Driver,95.3896743,-1.592,-1.973,2.244094488,42.716,-3.698,20.113,3.762,5.735,134.7581872,1.4127,16.485,2.737,5024.98,9.369,406.3185995,118.1614762,43.83152263,6.478567269,0.326407651,1.970867357,0.104432,198.7190172,28.7375945,49.60520902,60.61639202,6.82927,206.8925347,30.4163989,57.94629099
Driver,91.93137079,-3.862,-3.23,5.669291339,49.731,-6.508,18.444,-2.071,1.158,123.6441929,1.345,15.589,-2.229,3510.0,2.067,372.2105752,83.95695448,-10.28309513,6.476955176,-0.248853841,1.82376115,0.1132232,191.2105799,-4.23413422,40.55494941,57.82808077,6.006901006,208.8152464,-4.384102501,9.612327828
Driver,108.6860236,1.0,2.0,-0.708661417,50.206,2.39,13.139,0.704,-1.379,157.5662133,1.4497,11.478,0.867,2620.0,-2.121,520.6122611,95.94886249,2.595224088,5.908387801,0.090837254,1.213745906,0.079245,261.029869,-0.348173388,38.29527984,62.86993399,6.76612,283.8516694,-0.743250256,-12.89365337
Driver,106.3640838,-5.496,-4.661,6.25984252,54.577,-8.584,11.79,-1.642,3.019,150.9292233,1.419,9.787,-2.001,3048.56,6.407,486.4998064,79.19049006,-1.245261217,6.195733599,-0.20982056,1.09209654,0.0862993,243.0675115,4.054014919,35.33874568,60.27591595,6.34313,265.0763175,5.524388849,37.61260762
Driver,102.2883858,-3.9,2.7,4.803149606,51.425,-0.534,8.583,2.429,-0.271,150.7487026,1.4738,7.335,2.437,1870.0,-2.917,403.3048384,38.55015156,13.80644002,5.772932617,0.243585511,0.74592741,0.079786,216.9976015,6.249127375,19.57542423,72.68080305,4.538435,265.3679859,6.935004543,-8.938860326
Driver,99.4452398,1.607,-1.44,-1.811023622,54.57,-0.296,10.152,3.631,5.07,139.139898,1.3991,7.302,1.918,4578.29,29.505,337.6481164,40.15260591,56.09708513,177.9509992,42.76302405,-0.932229616,4.39315,175.7008554,41.87098879,24.13269992,63.4807728,4.31255,205.8577582,53.90387649,108.409175
Driver,102.4472083,2.5,2.1,-3.307086614,48.014,4.338,13.085,2.118,0.018,151.822432,1.482,11.593,2.188,2250.0,-4.404,481.31337,78.26606578,9.808696498,5.689011177,0.214101536,1.173898536,0.079123,250.6295322,2.301871825,32.56486794,65.47492576,6.079983,281.4098581,1.69740418,-21.8042046
Driver,96.73854689,-8.115,-1.12,9.803149606,46.994,-8.762,9.855,-3.445,-2.325,142.5243826,1.4733,7.49,-3.134,3375.0,-4.767,434.3420314,56.89373888,-33.48761972,5.356753109,-0.296610382,0.720297046,0.0783872,216.8877772,-19.79446959,30.34250541,57.97697718,5.64157,241.0931933,-22.90008078,-23.87041484
Driver,87.03471725,-1.658,4.77,1.968503937,59.729,3.802,0.426,-5.179,-9.949,129.4696224,1.4876,0.18,-4.007,1540.0,-52.028,7.597091473,0.013860873,-0.542935862,6.259250751,-0.469454593,-0.007240992,0.099885514,5.123241416,-0.377282419,0.233392572,127.3227574,0.081539548,68.55347401,-5.353039533,-0.057985695
Driver,112.0995884,-0.4,-0.8,0.511811024,42.647,-1.82,12.283,0.25,1.155,166.6425823,1.4866,10.432,0.307,3080.0,3.175,567.4670562,111.4461936,11.32445575,5.922039979,0.01179395,1.109620107,0.074843,275.3826268,8.488736454,42.24755047,62.73127746,7.326141,294.0605724,9.55158439,21.04133536
Driver,79.59243021,3.108,0.778,-3.700787402,51.975,3.212,12.37,1.477,0.698,107.7556818,1.3538,11.563,1.414,866.51,-25.11,170.1476881,17.36390476,-1.950947528,112.0898837,-5.0830637,-1.07416827,2.64639,107.7965768,-4.563342356,13.59490475,75.96427232,2.52639,161.1046636,-10.7557061,-21.65881533
Driver,100.1275054,-1.227,-1.853,1.771653543,47.855,-2.964,13.398,-5.478,-3.625,148.9622853,1.4877,11.409,-4.969,3033.35,7.209,465.7198188,91.37506243,-17.4852744,199.1852826,-3.674505813,16.48533837,5.59364,218.707049,-2.65706287,45.61008003,55.01579965,6.60996,232.0584495,-2.043906991,48.88564794
Driver,101.1699177,4.3,1.9,-5.669291339,50.099,5.394,14.129,-0.694,-2.53,145.9102094,1.4422,12.545,-0.277,2370.0,-8.619,458.3402318,79.03320068,-17.90044874,5.915317419,-0.035465859,1.322727964,0.08599,239.5340871,-15.01587809,33.56820388,64.21644857,6.048834,268.4239814,-18.46428909,-41.57982709
Driver,86.86918397,1.772,-2.175,-2.598425197,47.485,-0.549,16.213,1.919,4.094,123.5571761,1.4223,14.67,1.461,1970.0,10.127,340.1612359,58.02125811,18.30773931,5.155726488,0.13773808,1.343061825,0.08919236,189.0425914,14.37943562,28.97390554,64.82299516,4.933892833,222.8327915,18.62523297,28.70640287
Driver,82.56084467,-2.318,3.988,2.952755906,54.815,2.353,37.729,-20.26,-24.249,89.9684592,1.0897,29.937,-14.148,8270.0,-18.943,214.9365393,83.77798641,-67.66328557,5.336889404,-1.344597091,3.08364721,0.1441992,112.4001936,-43.76710121,50.81947326,53.79427136,5.196497385,114.9149604,-44.91892605,-51.40266482
Driver,70.27335361,1.4,1.2,-1.141732283,48.992,1.925,11.161,-1.677,-2.943,100.1802971,1.4256,8.996,-0.852,2250.0,-10.33,180.7266896,16.87119494,-6.510265436,5.756922587,-0.111450246,0.888588904,0.12055,106.5513873,-5.495876095,14.87961071,64.29043171,2.824635,150.0925378,-9.287449957,-11.73898458
Driver,91.59135648,-0.4,-8.4,0.039370079,61.354,-9.144,15.661,-1.154,7.35,121.2437366,1.3237,13.483,-2.057,2890.0,17.815,336.7088849,59.5941546,12.04636432,5.522492071,-0.181172446,1.327573545,0.097172,178.4827769,15.24360138,32.78839406,57.16323938,5.207666,202.6137609,20.15206897,64.85033987
Driver,97.76530064,-3.4,-3.8,6.181102362,36.381,-9.376,15.13,-3.749,0.245,135.7390838,1.3884,11.824,-3.688,4450.0,11.115,407.1833393,87.33307734,0.836328418,5.797043074,-0.369501464,1.242357322,0.090724,201.1915063,7.819654099,42.50044468,56.10483241,6.301932,214.9518429,9.535169229,62.2049534
Driver,43.64486399,-3.452,0.952,3.149606299,67.319,-0.493,35.736,1.197,0.245,45.0035791,1.0311,30.404,1.155,2380.0,0.251,63.85475319,19.37754176,1.246313436,5.820985129,0.117923914,3.033267125,0.315231,38.81131698,0.803883935,35.52687893,37.60141309,2.367413,52.79271743,1.098995928,0.064684319
Driver,93.00062634,-1.969,-5.762,2.677165354,44.885,-7.74,14.093,-6.291,-0.529,133.3372853,1.4337,12.129,-6.224,2602.52,-1.204,397.8099222,64.61406922,-44.39803957,6.287093534,-0.682765195,1.360039461,0.0999368,209.7505244,-24.38295257,31.38343083,61.25693929,5.54499,236.2094825,-27.66231314,-4.959412072
Driver,103.3330351,-0.153,-1.0,0.196850394,46.962,-1.142,15.116,1.56,2.56,147.3787581,1.4262,13.354,1.253,2615.46,1.209,480.3457786,93.8213293,12.96467048,5.937789044,0.130869104,1.420077151,0.085789334,245.6060035,7.627826936,37.91375024,63.08582056,6.539288019,269.4525533,8.570033025,6.773610658
Driver,27.00205798,-6.581,3.527,5.551181102,66.169,0.606,37.828,-2.439,-5.966,29.33473515,1.0864,26.154,-0.526,3410.0,-5.315,24.43533088,6.048839115,-0.28245216,5.762771822,-0.064720782,1.863727997,0.460206,15.49302266,-0.21893547,28.42152526,26.85405138,1.282594,23.55176554,-0.365332548,-0.230129415
Driver,85.07292412,-4.8,-1.0,4.05511811,59.299,-4.567,23.991,-1.728,-0.536,117.4248389,1.3803,18.324,-1.704,6600.0,-0.399,317.26304,98.19882514,-9.528439048,5.834754029,-0.169246244,1.978572749,0.109682,157.4427225,-5.175230205,50.1268253,56.10777637,6.079658,163.2501184,-5.379632545,-1.481251826
Driver,72.8860952,-1.162,-0.088,1.181102362,56.538,-0.856,21.63,-2.816,-2.728,91.50501074,1.2555,16.787,-2.195,4428.05,-5.205,215.5482425,44.088365,-12.09782931,5.674046885,-0.225439153,1.705702641,0.135137,118.5213368,-8.249943127,33.15609543,51.00330627,4.228345,137.1667661,-10.04044272,-11.14638373
Driver,109.7105404,0.9,4.7,-1.141732283,50.349,5.385,6.868,-4.948,-9.648,162.4147727,1.4804,6.235,-3.905,3010.0,-32.223,456.8314239,46.12909792,-90.08181327,5.775509876,-0.418160943,0.640907253,0.074009,230.4737906,-64.93068922,23.93010062,63.94301812,5.132982,265.3957968,-83.47398606,-149.1596977
Driver,97.12329993,1.914,1.501,-2.086614173,48.631,3.188,20.257,2.413,0.912,125.7920991,1.2952,17.802,2.283,3070.0,2.714,389.5076491,96.25473972,20.12070777,6.107253128,0.24646091,1.977905537,0.105913,201.2838836,12.37099183,42.30958357,60.28872434,6.30852,211.2135115,13.14948114,13.07436608
Driver,69.19515032,-1.647,-4.131,1.456692913,60.932,-5.047,38.375,9.342,13.473,84.08039549,1.2151,31.712,6.45,5890.0,12.698,200.1533859,79.91939592,32.08642604,4.693134068,0.548853831,2.896796995,0.137695,105.4502842,21.68441774,50.63302277,53.15805898,5.035709,111.2558682,23.12986809,29.86335112
Driver,80.66615963,-7.431,4.385,7.007874016,59.463,-0.028,22.036,2.948,-1.437,112.4698014,1.3943,16.939,3.217,5694.04,-2.144,308.2836331,79.96265629,13.089556,6.200840842,0.343874919,1.92170204,0.12056,157.6097208,5.920411492,43.97301976,54.5068434,5.644561,168.1386136,6.179416695,-8.782134313
Driver,73.34466714,0.315,1.787,-0.433070866,43.35,2.121,21.197,12.42,10.633,103.5184771,1.4114,17.856,10.577,3870.0,17.452,271.2644993,61.65780279,67.5402249,5.557283494,1.042789066,1.791063766,0.117426239,145.9371661,43.96930857,37.27949133,54.1835234,4.984745878,163.6874526,51.03584398,53.03769064
Driver,90.79277022,-1.902,4.583,2.440944882,50.875,3.035,10.169,-1.757,-6.34,130.1064782,1.433,8.383,-0.8,2610.0,-18.681,329.2403384,34.597091,-23.15177252,5.60553594,-0.092813298,0.826633791,0.090119178,178.0495482,-19.85047078,20.65938491,64.38824818,4.28463444,218.0887815,-28.55979158,-52.13422224
Driver,93.4726199,4.0,-3.0,-4.094488189,61.075,-1.157,25.964,6.743,9.744,109.3848425,1.1702,23.289,5.377,3190.96,12.564,311.5634968,96.35736763,46.69107823,5.624373797,0.544310673,2.426893925,0.116705,162.2552767,31.57340121,46.54617171,58.10450211,5.973101,175.9571583,35.14286456,49.56116656
Driver,73.86363636,-1.831,-7.582,1.653543307,65.12,-8.432,13.741,14.884,22.466,75.08164817,1.0165,11.217,11.006,3390.0,42.346,95.51190329,10.37648278,23.1787549,5.145405149,1.025320947,0.960054371,0.1450424,58.67632682,17.05397136,14.88226275,55.14975437,1.937395426,93.61844941,30.77598452,18.06563272
Driver,89.77496421,-6.225,-4.147,6.850393701,52.108,-9.016,14.677,2.649,6.796,121.617976,1.3547,12.027,1.752,3370.0,11.733,343.5207227,57.03107066,27.38510438,5.406886773,0.175787761,1.160959136,0.0941568,180.052931,20.3579379,32.03702536,56.75649421,5.21592,202.211034,24.60184829,44.63667072
Driver,88.43951324,4.978,0.199,-5.433070866,51.609,4.157,18.798,2.75,2.551,125.4198729,1.4182,17.101,2.42,2150.0,6.517,373.5835909,77.9101022,23.77014669,6.208210489,0.268344996,1.909436725,0.107354,202.7352029,16.40683893,35.06386382,63.3653608,5.64631,228.2634851,19.370936,23.57973025
Driver,96.2218146,3.72,2.918,-5.433070866,48.448,6.222,15.045,-1.588,-4.507,144.7930834,1.5048,13.717,-1.04,2057.7,-14.642,429.2364446,78.96599346,-43.37448461,197.368104,-28.1923625,14.80870557,4.82436,223.5688218,-35.22828295,34.91157564,64.19701839,5.81101,250.5107953,-42.51720821,-93.64590968
Driver,80.74668933,-3.64,2.917,4.881889764,49.74,-0.171,17.973,6.085,3.168,114.3128132,1.4157,14.574,5.559,3900.0,5.292,321.0086772,65.8590039,38.2757131,5.634208465,0.552313366,1.476766166,0.105888691,167.4038945,22.89350844,37.15624325,55.03163734,5.369093079,185.862934,26.03939897,20.16499454
Driver,84.37276306,-3.395,1.554,5.393700787,40.247,-2.465,17.594,5.791,4.238,117.0705082,1.3876,15.592,5.362,2376.63,11.11,324.0199102,60.02588137,41.31191036,6.134939462,0.584196904,1.70641814,0.112799,178.0979566,27.75736386,31.35231106,60.85568099,5.04389,196.1147409,31.63537038,33.58913424
Driver,81.09788833,0.625,1.379,-0.826771654,51.79,1.871,16.512,-3.186,-4.565,114.4175018,1.4109,13.236,-2.205,3873.94,3.898,296.8203928,56.27043418,-6.446333246,162.3384219,-2.411147829,-3.613218702,5.0503,156.9291533,-2.416338013,33.53413676,58.01361889,4.8203,178.2544135,-2.414289285,10.86775876
Driver,91.27594846,-4.9,-0.1,4.68503937,59.483,-3.173,24.047,2.589,2.689,127.1177076,1.3927,19.703,2.117,7540.0,4.219,352.4130974,123.9638508,22.81576696,5.920996172,0.226502841,2.174600485,0.103704,170.8726497,14.26174444,54.19472728,60.89131578,6.66246,173.2180759,14.51214207,23.88588744
Driver,98.08741947,-1.569,-2.228,2.007874016,55.64,-3.301,14.781,3.385,5.613,130.3122763,1.3285,10.81,1.978,5432.9,10.135,360.7342187,83.54025607,45.77559499,171.8060448,32.9113787,1.976314314,5.93217,173.6908767,33.56067769,45.08673999,52.86078668,6.03661,183.3154934,36.903329,82.97575224
Driver,86.53588046,-4.984,2.153,6.299212598,52.736,-1.652,8.762,1.026,-1.126,121.7515211,1.4069,5.918,1.262,3449.16,-3.031,303.4542364,26.38815428,3.36895311,6.109843081,0.130962051,0.643756006,0.104661973,158.4637241,0.666321703,19.40451827,59.01673477,4.078659218,194.183145,0.145031972,-8.471572746
Driver,104.916786,-1.247,-0.209,1.57480315,49.199,-1.286,12.938,1.002,1.211,156.5929223,1.4925,10.875,0.821,3220.06,-1.726,512.7933833,110.2128111,-9.815182876,229.2433647,-13.61176772,7.20904288,6.86861,236.0928731,-14.976427,47.89236851,56.52784192,7.23778,248.1800095,-17.41395519,-55.05291466
Driver,69.03856478,-6.078,-5.713,6.062992126,59.702,-9.28,32.177,6.784,12.498,83.06236578,1.2031,22.697,3.175,8212.61,13.144,184.7507822,51.24955729,18.99542327,5.703945445,0.343509325,2.37610748,0.156462,101.4728695,13.94833801,40.41472225,48.66741006,4.267354,108.4357377,15.30583895,25.08034868
Driver,83.83813529,-3.088,2.711,3.858267717,52.378,0.328,12.365,6.265,3.554,121.3578203,1.4475,9.795,5.658,3180.0,8.395,327.2550688,43.22119542,42.27495089,6.013365933,0.602136629,1.044377915,0.104331011,172.9797587,26.16516315,26.43799763,57.9056948,4.722516656,202.8544932,32.27485578,27.53936896
Driver,107.408733,3.983,4.688,-4.921259843,50.004,8.037,15.428,1.474,-3.215,159.0680923,1.481,13.722,1.97,2800.0,-16.807,531.2580699,113.4760311,-28.01625986,5.732272666,0.183830978,1.412188128,0.076813555,266.1027361,-28.82677032,41.39584677,64.36345487,7.113231553,286.4389571,-33.65085876,-113.7105106
Driver,95.79232283,-1.625,-2.502,2.244094488,51.989,-3.773,19.235,1.09,3.592,132.9883232,1.3883,14.8,0.283,5940.96,11.446,374.1697126,109.3949849,40.82799584,177.9093231,33.73703529,0.631168422,6.57792,178.2277351,33.86579806,53.39917879,58.50686119,6.59703,183.5639434,36.00344096,99.00332896
Driver,64.50429492,-2.5,-5.1,2.755905512,56.572,-6.964,22.509,2.075,7.175,90.67555476,1.4057,19.244,0.979,4360.0,11.454,216.8567537,51.03279605,13.0203103,5.634704215,0.117072687,1.960124111,0.137484,118.9385771,10.684821,36.76174561,50.98971283,4.444063,134.9772804,13.04721498,25.9779012
Driver,106.5094846,-1.677,0.697,1.771653543,55.509,-0.456,17.059,-1.709,-2.406,146.1674571,1.3724,14.372,-1.346,3933.79,-7.119,471.9072878,120.1739666,-32.01448505,6.144346677,-0.153462829,1.610721692,0.0901025,229.8656773,-21.71473896,47.16495528,61.79140138,7.14154,236.4462194,-22.67298852,-49.00006796
Driver,91.23792054,0.937,4.288,-1.141732283,54.439,4.959,23.284,13.714,9.425,121.3911507,1.3305,19.755,12.08,4630.0,9.343,355.6652269,108.377979,90.17181058,6.000220593,1.270688354,2.18443005,0.109639,178.5938103,52.72830968,48.84788199,59.35636178,6.423821,188.533666,56.18606645,47.55359645
Driver,74.36247316,-0.728,-0.756,0.669291339,67.128,-1.063,20.612,6.18,6.936,92.27071403,1.2408,17.399,5.057,3100.0,11.425,218.0143291,43.11922994,26.34882868,5.380005926,0.487355533,1.666956935,0.1270216,122.6740031,18.19602772,30.85932781,53.69299893,4.149855706,146.6066299,23.0400534,22.29449946
Driver,99.95749821,0.5,-1.1,-0.787401575,46.919,-0.683,18.397,3.639,4.739,146.8508411,1.4691,16.489,3.096,4040.0,8.31,470.0885482,138.0456382,50.25653381,5.554115018,0.305646862,1.669874237,0.081933,227.0068933,32.03573532,50.97213936,64.04947023,7.430902,236.7842151,33.96037917,59.55371794
Driver,106.8562097,-6.045,-1.701,8.779527559,44.033,-7.989,10.275,-0.807,0.893,156.7262437,1.4667,8.433,-0.91,2871.45,0.508,478.3458159,74.62770941,-6.31985977,224.7666576,-2.611241229,2.736005365,5.92504,228.4126948,-2.626563633,37.66941249,56.96635632,6.08983,247.784274,-2.724175008,3.003417081
Driver,82.36399427,-3.275,4.509,3.188976378,59.596,2.585,29.539,0.054,-4.455,99.78525412,1.2115,23.944,0.931,5590.0,-5.673,261.0993573,85.94862229,-3.637938365,5.956025441,0.084776018,2.66703611,0.137082,135.7026669,-4.177292588,48.03344153,55.02599687,5.522451,143.6877291,-4.639331109,-19.1419017
Driver,81.52066929,0.993,1.918,-1.299212598,48.698,2.791,5.832,-1.134,-3.052,119.126029,1.4613,4.624,-0.368,1690.0,-17.198,158.2203012,7.303023744,-3.939316212,5.951244383,-0.05002741,0.464472721,0.103581,95.17015707,-3.875726508,6.987242326,85.42833792,1.951117,162.6562861,-9.085548312,-9.794693572
Driver,91.04554402,-4.1,8.1,4.960629921,58.031,5.384,8.044,-4.426,-12.526,121.7434681,1.3372,6.461,-2.577,2740.0,-35.099,232.3356388,17.07768521,-28.78919741,6.023012793,-0.30482785,0.675274015,0.103203,130.5118097,-24.29696469,13.55366836,68.02508724,3.04517,177.2956969,-40.33738705,-55.52072843
Driver,99.50340014,1.068,4.479,-1.377952756,47.138,5.47,6.727,15.937,11.458,135.8527201,1.3653,6.068,14.575,2030.54,13.518,296.9148341,21.27084549,82.98681186,6.077836282,1.539356259,0.643676689,0.09305,165.3260934,49.82678359,13.64295988,74.95021684,3.477106,220.2045737,69.29818127,25.66185464
Driver,85.93190766,-1.085,6.211,1.299212598,55.076,5.453,17.948,-11.577,-17.787,112.1778812,1.3054,14.95,-8.557,4640.0,-17.902,301.2778315,63.77832704,-68.90810472,6.079006885,-0.932900902,1.639987037,0.1169608,157.3183026,-44.72335861,37.55988703,53.82886936,5.201143214,173.6118299,-51.19433273,-65.35029416
Driver,90.37893701,-4.5,1.9,5.787401575,50.048,-2.065,7.033,0.346,-1.554,126.9331603,1.4044,5.711,0.471,2320.0,-6.787,277.5368478,19.66066024,-2.202085458,5.929954763,0.047780253,0.593490021,0.097214,151.8610231,-3.077108355,14.19851527,67.98687968,3.476504,199.3766352,-5.559581403,-12.97532305
Driver,87.90712241,1.252,5.732,-1.653543307,48.929,6.824,16.301,0.195,-5.537,123.177568,1.4012,14.485,0.894,2369.42,-10.968,348.5598777,61.45230615,-7.393340635,5.978766855,0.083118104,1.540656292,0.10393,189.8576012,-9.130753304,30.99962357,61.8275055,5.181531,219.3008336,-12.37185932,-36.26546492
Driver,109.8693629,3.697,1.124,-4.212598425,57.333,3.499,15.872,-9.063,-10.187,156.3669918,1.4232,14.399,-7.767,3000.0,-27.607,500.6412696,107.2401046,-133.9034688,5.696068145,-0.794066203,1.482150029,0.0778752,252.740455,-91.61178327,40.22164436,63.30596522,6.82142,271.6825497,-102.5240823,-176.8127625
Driver,97.86819971,0.0,-4.4,0.118110236,45.62,-4.992,15.793,-3.114,1.399,144.0074714,1.4714,14.027,-3.16,2540.0,3.721,462.0505005,93.26088311,-18.07067699,5.714045458,-0.323641355,1.436861115,0.084731,237.2711268,-6.893564831,38.5069988,62.49832868,6.469747,259.8664855,-6.973373759,18.57250637
Driver,77.93038654,-5.57,5.209,5.551181102,60.129,1.999,31.771,0.381,-4.828,96.23971009,1.235,22.878,1.712,8540.49,-5.353,238.0892986,75.00765839,0.381945514,5.989689945,0.166599423,2.553759322,0.142177,124.6849398,-1.603638989,46.63840916,52.55186652,5.166239,128.862073,-1.763964453,-15.98295388
Driver,99.93065497,2.388,0.584,-3.070866142,45.087,2.967,17.209,3.572,2.988,146.2265122,1.4633,15.251,3.158,2901.54,11.003,480.4459519,109.7983663,52.68718921,6.050794825,0.344830734,1.67368488,0.0889398,242.7311321,35.76574938,42.27740986,62.99299603,6.90714,253.19927,38.11461362,67.45630058
Driver,88.67215462,-5.849,-2.045,7.480314961,49.855,-7.001,16.113,-1.649,0.396,120.4142806,1.358,13.252,-1.703,3420.4,0.657,347.8823434,64.55918511,-9.140697638,5.805944859,-0.171803689,1.377286847,0.102871094,181.5184911,-4.517166045,35.09118597,56.6015776,5.454487791,202.9789087,-4.957925843,2.632891513
Driver,97.85925197,-0.818,-1.562,1.299212598,46.549,-2.337,11.452,-3.095,-1.533,139.096054,1.4214,8.506,-2.72,4099.93,4.879,388.0393912,55.27816769,-6.19920411,201.4490716,0.791005731,-1.854984757,5.15546,198.2093426,0.60044622,29.79513136,64.0174194,5.03546,225.3657047,2.185240848,30.01732783
Driver,100.176718,2.295,1.207,-2.716535433,50.076,3.129,13.017,-1.183,-2.39,150.8914191,1.5062,11.519,-0.84,2299.22,-12.307,471.378837,75.45173379,-29.3967535,5.083236527,-0.081462511,1.044440738,0.0709891,245.8550259,-23.44052728,31.89339538,64.97958428,5.97232,265.5256545,-26.91701385,-59.55040133
Driver,95.45007158,3.29,3.551,-4.37007874,49.263,6.388,10.003,-0.426,-3.977,138.755816,1.4537,8.936,0.215,1710.0,-18.274,336.460529,34.66994392,-12.61682274,5.994214232,0.010165399,0.937317864,0.090416,188.1771549,-12.92370254,18.60366908,73.99386308,4.038767,238.6880244,-20.27859637,-40.88420844
Driver,102.3845741,-2.507,-4.821,3.582677165,47.053,-7.157,17.435,0.581,5.403,139.2486131,1.3601,14.792,-0.175,3790.0,9.713,441.1536189,107.5781518,23.86869903,6.271159714,-0.00640058,1.680894149,0.096862652,218.8743367,19.27840808,45.05818651,60.41673139,6.790781074,233.3160063,21.55436243,59.83269753
Driver,81.53856478,-6.2,-0.8,4.409448819,69.829,-3.745,32.837,-1.568,-0.693,101.7322835,1.2477,28.401,-1.384,4479.63,-0.362,274.5463904,108.1885014,-7.040604763,3.963237103,-0.10214416,2.154435682,0.092222,139.04475,-4.027181131,53.18351826,58.85173614,6.019405,146.2374274,-4.246248792,-2.007198755
Driver,105.7668218,5.5,8.1,-6.614173228,50.864,12.681,15.49,2.605,-5.495,144.3425644,1.3647,13.829,3.548,2730.0,-11.005,464.1505865,92.50973449,4.664716363,5.582436623,0.336779004,1.382934379,0.082478,238.2386984,-5.379086436,38.12786928,62.53154856,6.464743,261.2505939,-7.688775948,-60.32505438
Driver,99.53919112,4.057,5.61,-5.275590551,50.182,9.0,15.353,-1.412,-7.023,144.9747226,1.4564,13.791,-0.402,2654.1,-27.128,439.86328,81.29085758,-51.59647673,5.909901509,-0.064329324,1.455219032,0.086958,230.3073036,-45.51823745,34.52888952,63.17946428,5.984795,256.7961679,-55.93523123,-131.7993506
Driver,76.11846815,-5.479,3.512,5.551181102,55.006,-0.338,26.776,0.128,-3.384,96.05896564,1.262,21.632,0.737,4930.0,-4.487,246.1222651,69.65279137,-1.946304804,5.94818189,0.067867281,2.367534141,0.139514,131.0913908,-2.649269767,43.07843529,53.00995189,5.087005,142.7348048,-3.145686915,-13.00469498
Driver,28.0511811,-6.4,-2.4,5.0,67.341,-5.644,41.872,-2.816,-0.402,31.18490515,1.1117,28.434,-2.592,4124.74,-0.338,29.4398229,8.085956778,-1.328368007,5.861451903,-0.274497474,2.288075587,0.452713,18.37540256,-0.865998677,31.63201306,27.69204277,1.500984,25.33035981,-1.196279873,-0.105107766
Driver,107.2163565,-1.3,8.1,1.692913386,53.79,7.12,10.781,4.298,-3.802,156.5864352,1.4605,9.402,4.812,2250.0,-9.756,483.1108334,68.94825486,20.89943108,5.956255043,0.492120831,0.997044618,0.079818,247.3734077,4.462276946,30.80952178,63.67247192,5.901743,277.9530492,2.920198217,-48.90412686
Driver,83.14468504,5.015,7.947,-6.141732283,57.134,11.197,16.816,4.138,-3.809,114.3371958,1.3752,14.587,4.885,2660.0,-7.562,311.6344842,55.11873624,18.1160907,5.912156916,0.495608761,1.533559327,0.110875,170.1780977,6.906711667,30.82921318,58.96130287,4.926957,197.6207316,6.851322398,-22.79440628
Driver,101.6329635,-0.1,8.7,0.275590551,49.338,8.44,5.953,1.928,-6.772,148.7676718,1.4638,5.313,2.567,1400.0,-23.186,288.441275,17.1333699,1.981984699,5.648682027,0.241120023,0.521041028,0.078709,164.4831887,-3.619247106,10.64969811,88.24524405,3.012736,232.9234003,-9.96730788,-32.94192427
Driver,98.28874374,0.624,1.089,-0.787401575,45.004,1.713,17.475,7.643,6.554,143.5160165,1.4601,15.468,6.819,3075.24,20.579,456.6715271,103.3258481,99.41085958,6.235805463,0.763161798,1.747209456,0.0935373,232.1321934,66.95243313,41.27257786,61.94742731,6.66421,242.8290864,71.60825227,120.2649424
Driver,105.8070866,-0.7,5.1,0.866141732,50.353,4.449,15.498,8.529,3.429,154.0092609,1.4556,13.485,8.096,3150.0,2.813,507.123852,119.9757563,77.8718164,5.976393476,0.844478398,1.454927487,0.082814,247.2434104,41.40548725,45.95532474,62.22311479,7.286205,262.3756332,44.25679114,19.99425655
Driver,104.5722978,4.1,8.3,-5.118110236,49.938,11.813,13.608,5.272,-3.028,147.134932,1.407,12.11,5.752,2300.0,-9.476,458.5736693,75.82246795,28.64330577,5.807174335,0.574985576,1.251794025,0.083539,240.4045186,9.292043699,32.3906113,64.82469754,5.945907,270.9126685,8.595457947,-44.49224801
Driver,104.5230852,-0.1,5.9,0.31496063,50.489,5.758,12.728,5.946,0.046,149.63784,1.4316,11.093,5.987,2430.0,-3.238,470.4039867,78.55745644,41.69835941,5.638017548,0.585601476,1.115794961,0.079492,240.1923912,19.41440529,34.6083692,61.83848777,6.169998,266.0790949,20.90981161,-16.98677496
Driver,107.6659807,6.5,-0.5,-7.952755906,49.503,5.03,16.374,-1.339,-0.839,160.2337598,1.4882,15.14,-1.245,1970.67,-4.39,534.7541749,117.4823269,-21.6106769,5.751386572,-0.126766772,1.565864625,0.076981,273.5134027,-14.69032866,41.0330249,67.46157374,7.036525,296.1397374,-16.54403898,-26.25791406
Driver,92.26914817,6.361,9.969,-7.913385827,56.042,14.274,18.861,1.761,-8.208,137.9362026,1.4949,17.419,2.766,2370.0,-23.031,427.7693881,95.57092237,-18.87821792,5.955335445,0.267172362,1.869344816,0.093797197,226.5154871,-24.98273023,38.07525375,64.42486429,6.219748515,250.7890456,-31.25793205,-107.4537248
Driver,98.55941303,-4.968,2.311,5.905511811,53.972,-1.313,12.156,0.072,-2.239,143.7039191,1.4581,9.954,0.368,3169.69,-4.802,451.7937708,72.80460501,-7.724412357,6.167389693,0.034641598,1.098651574,0.090355502,227.1807107,-7.162526676,34.55385704,59.25838318,6.071777471,251.0383942,-8.791886593,-25.86234735
Driver,112.1980136,-1.449,1.428,1.692913386,50.922,0.252,16.18,5.986,4.558,157.4020222,1.4029,14.001,5.396,3520.0,9.305,528.0076675,132.0252096,78.85020788,6.46691493,0.620538295,1.653843794,0.0879446,255.4086613,47.544419,47.7440535,64.51356727,7.53931,268.2036887,50.80144754,71.20563265
Driver,106.3685576,-3.042,-6.945,4.566929134,38.011,-10.844,10.998,-0.647,6.298,158.6786417,1.4918,9.535,-1.32,2530.0,5.831,512.1201543,76.68225718,1.474987444,6.21890693,-0.13831489,1.057464358,0.082285529,259.664898,4.961110002,32.56682984,63.76480152,6.248502702,289.29248,6.800036966,32.82126667
Driver,94.25331067,4.703,7.169,-6.023622047,54.126,10.58,14.882,-0.689,-7.858,129.5409807,1.3744,13.6,0.34,2090.0,-26.429,346.7520266,54.74499885,-23.66690448,5.9546056,0.014345911,1.432412448,0.097927,192.2425728,-24.26404644,27.11499646,65.99023501,4.793817,228.2744272,-33.81814419,-76.18583957
Driver,101.5121689,3.68,7.077,-4.803149606,48.812,10.304,13.795,-0.008,-7.086,149.1759127,1.4695,12.411,0.994,2510.0,-31.317,437.0053609,70.83200853,-43.00194368,5.907952206,0.078200882,1.302802099,0.083952,230.9960701,-42.55227063,30.86667531,64.94521241,5.622769,262.0824679,-55.14741841,-139.453621
Driver,105.4491768,2.9,7.5,-3.74015748,49.054,9.932,13.786,4.686,-2.814,146.6938082,1.3911,12.162,5.142,2440.0,-6.785,463.3386867,79.04555441,28.08300575,5.781561191,0.512973554,1.253296144,0.083454,240.7999976,10.37634161,33.73776311,63.76438339,6.095549,269.2065076,10.30294758,-33.68078391
Driver,51.44058697,-1.6,1.6,1.692913386,56.111,0.164,31.389,8.084,6.43,63.52831961,1.235,25.38,6.981,3860.0,12.525,117.2015798,31.40565176,16.94183211,5.900523527,0.743869035,2.6787476,0.215852,68.8800791,11.69611533,34.94047076,45.08431758,3.205738,84.35029702,14.89251876,10.07784919
Driver,94.5821403,-3.149,0.353,3.385826772,58.214,-1.601,17.787,-1.133,-1.486,135.9437634,1.4373,15.742,-0.979,2769.0,-2.567,433.6306054,95.79588281,-12.38504914,5.115495157,-0.089274554,1.455232661,0.080896,223.6733006,-8.253773342,40.02290063,61.80442736,6.4417,243.1875073,-9.304280822,-13.30050692
Driver,81.50501074,-1.232,2.042,1.417322835,55.529,1.196,27.696,1.579,-0.464,109.2953651,1.341,23.604,1.653,4440.0,-0.848,308.6984689,103.4998022,6.941664352,5.668496008,0.162203037,2.501267101,0.118021,157.5598315,3.358069453,49.54358998,58.63138669,6.1064,162.1710658,3.436716091,-3.561936771
Driver,95.23756263,-0.6,-3.2,0.826771654,57.938,-4.189,41.331,-4.452,-1.21,105.0697924,1.1032,33.074,-4.05,8590.0,-1.152,259.8957753,133.7219931,-18.39506913,4.59813157,-0.334342275,3.040774375,0.110011,120.071359,-10.39735097,62.44178885,62.63462577,6.39251,117.6709188,-10.17974933,-5.768887252
Driver,101.3265032,2.171,4.81,-2.992125984,46.623,6.863,14.469,7.037,2.227,146.3168844,1.444,12.708,6.708,2600.0,1.379,471.1954612,86.67646609,56.9556441,5.984137448,0.700141336,1.359410859,0.086854,242.2792162,30.74272842,36.2636677,62.91394415,6.353974,267.5484262,34.18941289,7.381619745
Driver,102.1318003,-1.9,-7.5,2.440944882,49.681,-9.298,15.854,-4.464,3.036,145.5453651,1.4251,13.369,-4.87,3650.99,6.059,469.5096854,109.235621,-22.15940054,5.641602508,-0.478654845,1.361536895,0.082658,230.4949153,-6.501773406,44.91880563,60.65122895,6.951864,245.3702232,-6.246629727,39.24549075
Driver,25.39146385,-5.0,-1.2,3.818897638,76.024,-2.959,44.803,-2.18,-0.954,27.67246779,1.0898,31.113,-1.73,3727.91,-0.75,24.32306451,7.336902921,-0.754988504,5.887110473,-0.191005404,2.299510105,0.527078,15.12888635,-0.498211032,33.95013312,25.18418054,1.410859,20.85846041,-0.690582771,-0.124489535
Driver,105.5565497,-1.8,0.0,2.362204724,55.93,-1.785,10.021,1.68,1.718,154.734252,1.4659,7.814,1.523,3430.0,-11.288,492.1912646,76.27096767,-19.21907259,6.135284619,0.133755261,0.863852898,0.082982,239.6973423,-17.84874476,36.19923341,58.42175497,6.337663,260.7496569,-21.42636684,-72.58645406
Driver,115.5221009,-0.632,4.644,0.826771654,52.265,4.155,13.186,3.12,-1.525,164.6351557,1.4251,10.692,3.402,4101.58,0.904,546.8720464,117.2452817,43.82927294,265.8943348,29.57759684,0.96478072,7.20226,266.9586213,29.79105441,41.74671808,64.35212273,7.24777,283.7810307,33.06619146,41.98756412
Driver,87.91159628,2.466,7.528,-2.677165354,62.28,8.824,22.973,1.203,-6.324,102.007874,1.1604,19.618,2.328,3560.0,-7.644,274.445316,68.22157909,2.068838592,5.723180232,0.221737401,2.039299492,0.1241032,147.4358713,-1.871945777,39.55936499,54.92184874,5.177285305,164.4195363,-2.790716437,-23.57632757
Driver,85.81782391,-2.209,0.793,3.779527559,39.007,-1.937,21.066,6.973,6.18,110.4952577,1.2875,14.549,5.137,7388.81,27.241,262.3795837,54.11789833,55.38390064,140.4677086,41.16561828,0.225171319,4.59086,140.7665506,41.29653003,34.39139646,54.78815428,4.60453,154.4889737,47.45864199,87.24406807
Driver,93.77013243,-2.3,4.1,2.322834646,55.589,2.457,12.85,1.74,-2.36,133.7365784,1.4262,11.168,2.183,3970.0,-5.158,404.8885386,78.65014317,1.92411777,5.722204777,0.190746338,1.152164944,0.090575,201.3747506,-2.2974117,39.75172464,56.19365911,6.094684,218.1417773,-3.146333552,-29.89762579
Driver,100.5816034,-4.274,7.078,5.433070866,48.801,3.327,2.178,6.429,-0.649,146.3960719,1.4555,1.391,6.508,1150.0,1.96,133.0883296,1.915132078,15.26447404,5.954058463,0.675868402,0.139636072,0.083937,78.8003433,9.125616548,2.263235221,114.9803976,1.245026,156.1727345,18.28666679,0.586560197
Driver,86.35692555,-2.9,2.7,2.677165354,62.166,1.085,21.667,1.126,-1.574,121.4828651,1.4068,18.126,1.38,6400.0,-3.229,337.5255404,104.5126635,0.529642613,5.607123998,0.128570037,1.876323642,0.101534,166.908655,-1.486977457,50.37347226,57.58845047,6.283141,172.9805326,-1.657135154,-16.51825103
Driver,77.65971725,-3.728,1.564,3.897637795,54.312,-1.119,24.338,9.868,8.305,94.23228346,1.2134,18.124,7.855,6062.39,12.48,225.9902504,53.13753083,41.62851249,5.907492323,0.830933411,1.941415174,0.138132,121.6784965,26.86473289,37.80418027,50.46266612,4.549998,134.2168165,30.44716753,31.18095703
Driver,113.3545097,7.7,2.3,-9.094488189,51.192,8.612,19.388,-0.813,-3.113,168.678418,1.4881,17.755,-0.288,2910.0,-10.692,581.8276893,174.999963,-42.85047964,5.664548067,-0.043783972,1.832152803,0.073085,280.0568613,-32.23696235,51.82438005,70.71794573,8.323355,290.7979132,-34.23833739,-92.51459671
Driver,98.91955977,-0.211,4.521,0.275590551,50.197,4.345,15.286,7.645,3.124,147.6172155,1.4923,13.321,7.233,2940.0,2.6,485.3017311,100.409601,66.15802371,5.880382551,0.742696927,1.406307548,0.084847,244.0318037,35.95675116,40.43605766,62.05579513,6.762261,264.5783649,39.37069444,15.84371838
Driver,109.4734252,6.5,3.7,-7.716535433,51.646,8.866,14.863,-0.172,-3.872,160.9916339,1.4706,13.44,0.576,2503.53,-13.903,532.3048589,112.703119,-32.8277023,5.739431745,0.040416698,1.384776622,0.075918,266.2746955,-28.4951381,41.56261345,64.11007326,7.096385,286.680634,-32.81118128,-93.46549969
Driver,74.08509306,-4.525,2.901,4.094488189,57.733,0.037,29.242,4.32,1.42,95.87240515,1.2941,23.778,4.056,5200.0,1.444,246.8565693,77.91546709,18.26656209,6.217528919,0.442888294,2.75786262,0.148588,130.0766337,10.65006459,46.09714856,53.86748225,5.27801,138.7689819,11.42064871,4.36131672
Driver,88.32990336,-2.9,7.3,4.015748031,48.664,4.733,10.59,2.975,-4.325,129.2953651,1.4638,8.583,3.648,2710.0,-7.557,349.7805057,41.51169255,12.43412698,6.175974251,0.384985319,0.939865921,0.100203,183.8471215,3.157818033,24.92441263,59.43595979,4.747364,216.2373233,2.129525732,-25.63326729
Driver,110.6321582,4.3,-2.5,-5.551181102,49.787,1.212,15.161,-1.157,1.345,161.3119631,1.4581,13.403,-1.383,2838.19,1.752,548.0567051,124.0863998,-7.47931167,5.487384134,-0.131123551,1.322601907,0.0724,269.2148846,-2.226790134,44.55662651,64.5395979,7.435502,286.2760537,-2.14416972,12.81386454
Driver,91.4817466,0.361,-0.761,-0.433070866,49.768,-0.455,21.252,6.128,6.888,115.2639585,1.26,15.698,4.18,6689.89,11.524,310.362518,77.9862888,42.04985303,6.301794587,0.482958332,1.821746379,0.118687,157.8300867,27.58575588,43.57845904,53.90028827,5.61141,165.9683548,29.59447498,48.55564145
Driver,82.99704724,-2.413,6.146,3.11023622,54.778,4.442,6.454,-8.732,-14.879,115.1181102,1.387,5.354,-6.853,2480.0,-39.273,157.3699666,8.468874712,-26.80236305,5.775173908,-0.719706022,0.523164215,0.104248971,94.36024455,-20.29653533,8.383539234,78.61126468,2.060544709,154.0839816,-39.2847569,-27.46734509
Driver,97.30449177,0.819,2.654,-1.062992126,48.042,3.391,14.267,7.144,4.49,145.0621868,1.4908,12.209,6.433,3128.04,6.431,467.9352467,90.52926261,66.72173352,5.94737468,0.672540589,1.302111559,0.086971,235.1843503,38.82646679,39.00855606,60.5574743,6.528065,256.0488668,43.26588872,37.77961713
Driver,98.78310666,0.4,-1.6,-0.472440945,47.624,-1.821,19.687,0.935,2.699,133.2990336,1.3494,16.822,0.624,3830.0,3.798,413.7107769,113.0552634,12.85276403,5.591841638,0.051616112,1.713004414,0.091105,204.9995274,9.212244442,47.64798325,60.43197175,6.79033,217.3400498,10.07657281,20.9441328
Driver,108.1044202,4.3,2.1,-5.039370079,50.124,5.705,19.419,-0.477,-2.577,158.8904796,1.4698,17.797,-0.139,3510.0,-6.141,532.9699279,167.6890006,-24.27053938,5.484504632,-0.026112655,1.782549056,0.0752,254.4080372,-17.86891382,53.18528211,68.91449349,8.103141,263.2869051,-18.8476538,-51.7595708
Driver,108.0708661,0.6,0.2,-0.748031496,62.225,0.135,8.652,-6.13,-6.254,160.5158375,1.4853,7.599,-5.175,2140.0,-15.26,470.4071906,52.17397186,-67.91436819,5.841611458,-0.548059574,0.786871267,0.075909,244.5440271,-44.02801924,24.32937958,68.28551729,5.284738,284.5758793,-55.04127959,-66.45480688
Driver,100.9350394,-2.074,-10.649,2.677165354,48.972,-12.455,16.992,7.133,17.782,142.0027291,1.4069,13.785,3.936,6267.99,30.365,396.352853,98.31363233,103.0211234,5.927481259,0.451875749,1.48834733,0.089578122,195.0279239,73.04985041,44.8650425,57.3457866,6.299887281,204.8269563,79.06910203,181.3949093
Driver,95.91311739,-2.425,-2.223,3.74015748,38.677,-5.255,17.494,3.414,5.637,135.5178508,1.4129,14.7,2.579,3911.94,10.133,422.1750995,101.2233956,43.15630319,6.413259207,0.30282432,1.716280027,0.101706,210.4013084,29.11376426,44.16839298,59.37661968,6.59312,223.9996356,31.96938289,59.12386515
Driver,98.63994273,3.445,5.481,-4.724409449,47.431,8.651,13.708,-3.65,-9.131,139.3376432,1.4126,12.206,-2.263,2796.42,-25.666,407.124667,66.41162062,-56.87505306,5.986134959,-0.25964808,1.299526798,0.09109,213.8082373,-45.37293267,31.32290738,61.70172988,5.539301,241.987408,-56.44479973,-111.2618793
Driver,37.64316392,0.1,1.3,0.078740157,58.107,1.298,22.336,7.544,6.244,52.48434145,1.3942,17.212,6.122,2770.0,10.311,63.23109149,10.43340721,7.354260107,6.20177711,0.682105886,1.691993072,0.258996,39.56384886,5.048371747,21.07980118,42.03040939,1.850758,61.59907587,8.291292717,2.504252266
Driver,105.0867931,1.9,9.9,-2.047244094,56.567,11.157,7.622,2.433,-7.467,155.3415802,1.4782,6.999,3.407,1580.0,-37.46,337.8960717,27.47030746,-6.117067749,5.843796179,0.325339605,0.714138292,0.078328,188.5978748,-14.43606046,15.19739719,80.86252827,3.607581,245.5648764,-27.29420241,-76.7571615
Driver,99.07167144,0.617,6.217,-0.826771654,47.167,6.789,12.22,1.857,-4.359,145.2498658,1.4661,10.729,2.433,2300.0,-15.862,428.659384,61.12816203,-5.99564458,6.02229918,0.243010239,1.145482458,0.087354,226.7664379,-12.03472718,28.18746931,65.20165318,5.422736,261.1015763,-17.30307522,-64.91039095
Driver,91.52648533,0.989,2.659,-1.25984252,51.409,3.448,12.358,7.918,5.259,133.4498031,1.458,10.395,6.986,2870.0,7.173,391.3164014,56.95091644,58.2743744,5.882205043,0.722060153,1.086805488,0.092863,204.241549,34.59922929,29.69836487,60.0008898,5.369319,232.9498683,40.84078547,29.58044411
Driver,102.6977452,-2.937,-1.002,4.133858268,47.005,-3.744,17.155,4.14,5.142,148.7902649,1.4488,15.076,3.577,3173.28,8.02,472.1797733,125.960599,68.7761739,177.5582767,30.96873211,35.60311634,5.00674,212.3959699,41.86536664,56.54189297,69.96936771,6.81345,219.7967005,44.16602037,86.37726262
Driver,89.57587688,-3.266,5.77,4.173228346,52.768,3.285,7.676,1.375,-4.395,127.1315766,1.4193,6.03,2.043,2240.0,-6.821,268.8810894,18.91469983,5.528550045,6.070443292,0.210737645,0.637691643,0.099361113,149.9863385,1.398737875,13.16483815,71.95503437,3.318632272,202.7291741,0.379360403,-11.8465796
Driver,81.38197924,-7.821,3.229,7.637795276,56.866,-1.915,21.663,3.749,0.52,113.5285433,1.395,16.301,3.647,6038.62,0.777,310.1623215,79.23330463,20.41269917,6.146696897,0.39243552,1.832957459,0.117994,158.223529,11.13918321,43.99232228,54.3568334,5.649989,168.029761,11.87618441,3.231384315
Driver,85.6321582,-6.2,-1.4,4.842519685,61.318,-5.511,29.183,-2.177,-0.641,116.3182266,1.3583,22.374,-2.069,7850.36,-0.736,306.8131725,114.3792825,-11.55614082,5.640951026,-0.199610835,2.374351133,0.110185,150.004851,-6.450612955,54.66179309,58.8468978,6.294717,151.7226252,-6.530817424,-3.107369964
Driver,100.1342162,0.8,-5.6,-1.141732283,47.112,-5.346,21.304,2.928,8.592,135.7303597,1.3555,18.148,1.545,4620.0,7.711,411.3385809,130.2679929,31.96112109,5.575263891,0.157237,1.859506863,0.090022,199.6074033,21.70903631,52.0870676,62.36386197,7.058819,207.599521,22.96031107,49.05371866
Driver,86.01691124,-2.781,7.193,3.622047244,50.887,4.929,3.647,3.641,-3.551,128.8334377,1.4978,2.778,4.122,1270.0,-8.985,129.546969,3.527039331,8.450625385,5.946792367,0.422316333,0.275252837,0.095397,78.86455301,4.696326026,3.968894519,100.1781622,1.426042,152.768141,8.137622698,-2.923739964
Driver,110.7305834,6.1,1.9,-7.755905512,49.565,7.097,17.468,-0.185,-2.085,161.6425823,1.4598,15.669,0.212,2934.55,-7.624,544.6070073,146.3013558,-24.12811456,5.731727443,0.008631125,1.627046949,0.076366,264.1209035,-19.17593637,49.039122,66.13867916,7.823681,277.3582999,-20.85931342,-60.45149104
Driver,115.2089298,-0.279,4.222,0.354330709,50.026,3.989,13.535,4.313,0.09,161.6832946,1.4034,11.464,4.299,3325.64,-6.967,537.0147084,112.4041057,16.80418437,258.9588285,4.753337071,3.276702191,6.78153,262.747402,4.725938031,41.38799371,66.49723288,6.93625,281.5586799,4.571962892,-44.94019559
Driver,88.74373658,-0.528,0.644,0.62992126,51.85,0.229,23.904,7.711,7.067,119.667815,1.3485,20.093,6.497,4720.0,8.532,347.8106051,107.1510365,54.9170503,5.796057512,0.669119157,2.148348103,0.107637,174.7435854,33.70379181,48.88174048,58.98871589,6.355516,184.6106105,36.08552802,42.25847191
Driver,99.14772727,0.828,5.29,-1.062992126,48.523,6.022,16.497,3.326,-1.964,146.1437455,1.474,14.355,3.607,3133.2,-9.339,478.5338474,107.6749569,5.359688624,5.887769047,0.361373827,1.522387387,0.086246,239.4037225,-4.473645813,42.61173897,62.02833944,6.890652,257.5746009,-6.055723616,-58.57088648
Driver,93.26458482,-1.471,5.185,1.88976378,50.942,3.991,49.011,-40.104,-45.29,68.59050644,0.7354,41.915,-28.784,7200.0,-23.985,141.3525934,70.41673952,-70.67905173,2.783247271,-1.360077972,2.477939065,0.1138632,73.86852798,-45.57822969,54.77170993,49.85556913,4.465768491,75.63128725,-46.73750278,-35.86847977
Driver,82.34386185,-2.5,-3.1,2.322834646,70.082,-4.199,20.981,-1.789,1.46,100.6263422,1.222,17.5,-2.021,3484.21,2.718,262.6179022,57.47691702,-6.248078013,5.335233348,-0.184937398,1.680326449,0.11563,142.2071116,-2.470288715,36.10601565,53.86243484,4.856772,161.3548754,-2.517445055,7.636612011
Driver,96.05404438,0.967,1.262,-1.299212598,52.97,1.991,8.642,-5.462,-6.724,121.3432802,1.2633,6.814,-3.839,2934.08,2.291,266.4331251,22.41116628,-15.62700376,161.7434519,-8.272375732,-5.54092858,4.02063,145.7203054,-7.716249112,16.33927345,66.31793682,3.49063,187.1905923,-9.24050007,6.131395835
Driver,90.78158554,-6.2,-0.6,5.354330709,53.804,-5.78,20.297,2.834,3.504,124.7657928,1.3744,15.313,2.207,6220.0,6.188,351.8563618,95.33984934,26.41098129,6.073590796,0.235678993,1.707105751,0.105495,174.4272203,17.10059412,47.41363085,56.41727253,6.18235,182.4995476,18.2162884,31.20928513
Driver,84.3996063,-3.241,5.144,4.05511811,52.769,2.678,27.621,-17.022,-22.166,101.620213,1.204,22.106,-12.408,6970.0,-12.537,260.1299136,80.79198269,-69.6226937,5.867286035,-1.285991283,2.409608434,0.1308104,135.0482329,-42.66702308,46.67404634,53.79036314,5.392470825,141.744794,-45.19282345,-42.41608881
Driver,102.1318003,0.827,6.342,-1.062992126,52.031,6.987,13.635,3.086,-3.256,144.4192913,1.414,11.191,3.724,3617.03,12.32,456.155792,92.31328893,71.15295858,220.6553632,47.26075752,0.858214664,6.47632,221.5775873,47.57904452,41.88817732,57.71365435,6.52059,236.8126238,52.91430784,100.2682472
Driver,107.9120437,0.3,-0.1,-0.31496063,51.094,0.072,10.762,2.995,3.095,158.1880816,1.4659,8.611,2.348,3527.3,7.714,516.198326,91.59856583,44.56082978,5.51290799,0.231772975,0.854637979,0.072996,248.9526857,28.11207964,40.22997052,58.99521395,6.806736,267.0810301,31.35411777,53.86321449
Driver,67.93128132,-0.894,-5.612,0.984251969,53.337,-6.278,23.914,-1.322,4.29,85.54737831,1.2593,18.924,-2.263,4300.0,6.049,194.4122039,43.18594328,-3.563360016,5.65397609,-0.213370326,1.920893106,0.14594,108.3848012,-0.568333568,34.05410262,50.13996905,4.074693957,126.1888516,-0.1615008,11.13537247
Driver,97.91741231,1.455,3.854,-1.850393701,50.986,5.033,15.335,1.427,-2.427,142.8751342,1.4591,13.661,1.731,2410.87,-9.879,449.6947361,83.62550685,-4.693049308,6.072094589,0.17478809,1.482261596,0.090621,235.234542,-8.862503065,35.20500232,63.70437341,6.136184,262.1342474,-11.62182213,-47.8774692
Driver,107.4266285,1.349,-1.597,-1.692913386,48.397,-0.398,15.004,3.01,4.606,154.8664549,1.4416,12.699,2.204,3742.71,1.535,490.9410752,134.877227,23.97394205,204.9419623,10.86803695,20.07674689,6.53319,218.6963087,11.6811921,60.5884594,65.68023966,7.39574,223.3780259,11.89283112,9.822083684
Driver,107.0016106,1.251,1.995,-1.692913386,45.571,3.222,9.256,2.843,0.848,159.6215104,1.4918,8.228,2.732,1640.0,-3.142,454.3346495,49.72461455,17.39672624,6.044430697,0.286107553,0.878137459,0.079078155,242.7823313,7.867151668,22.44317448,73.8078471,4.987072282,289.7451908,8.641316447,-11.12330942
Driver,101.7112563,-1.1,-1.1,1.338582677,52.871,-2.189,16.498,-2.266,-1.166,146.2036954,1.4375,14.553,-2.058,4260.0,-2.558,461.9381121,127.2200915,-24.73364434,5.84921933,-0.222531609,1.549938634,0.085943,222.2902361,-14.3753638,50.01697107,62.06507502,7.244191,232.3762955,-15.20952211,-19.2003079
Driver,109.3011811,3.004,3.099,-3.385826772,50.275,5.598,13.623,-0.966,-4.066,161.2911596,1.4756,12.365,-0.47,2160.0,-13.641,527.0195508,93.29604476,-33.74181341,6.428675734,-0.06489064,1.425904699,0.0844792,272.0021527,-27.69330558,35.03538983,66.90123888,6.51043,298.969283,-32.91497849,-76.41824001
Driver,91.36989979,0.718,4.116,-0.826771654,59.469,4.54,2.782,-6.821,-10.937,134.6590909,1.4738,2.541,-5.518,1770.0,-61.402,82.19867241,1.933902306,-10.06848931,6.184720982,-0.629382401,0.248808798,0.09495857,52.00958585,-7.664416338,3.012855698,112.8880399,0.864482841,130.5530923,-23.53312194,-8.047020412
Driver,62.76619542,-0.4,3.2,0.62992126,60.787,2.538,22.454,-0.021,-3.245,74.39065855,1.1852,18.016,0.805,3310.0,0.567,143.2896286,27.67494694,2.171750682,5.769429021,0.082007925,1.822565933,0.170386,83.50876824,1.376280643,28.28142158,48.1763992,3.242628,105.4958174,1.785951379,0.60915861
Driver,35.35701503,0.0,7.6,0.236220472,69.612,7.3,25.041,-1.114,-8.713,42.86887079,1.2125,18.09,1.624,3130.0,-4.907,42.08099811,7.176320068,1.011812643,6.006673512,0.159938714,1.593441465,0.309166,26.70600807,0.560091287,20.9710029,36.42240165,1.482682,43.5807763,0.799142822,-0.590474653
Driver,97.76530064,-0.532,3.756,0.708661417,45.475,3.233,13.264,-1.321,-5.077,140.8211793,1.4404,11.271,-0.565,2972.53,-12.288,434.8848999,72.57697268,-28.37320553,5.952123905,-0.07024129,1.1973906,0.089328,222.6117102,-22.645204,33.96201514,60.14879209,5.940552,247.6612955,-27.44799289,-61.38098175
Driver,112.5738189,8.9,4.3,-10.07874016,52.39,11.084,16.931,0.089,-4.114,166.7072298,1.4809,16.062,0.547,1611.95,-14.798,562.1314362,122.9311848,-26.91676104,5.023890662,0.04095635,1.450704982,0.064762,293.2235338,-25.27187957,39.47474434,72.24632487,6.994285,319.1747595,-29.7313296,-84.17897934
Driver,101.1788654,0.263,3.031,-0.354330709,46.942,3.277,13.941,-0.151,-3.182,148.1889764,1.4646,12.188,0.271,2650.0,-11.336,473.4178979,84.27009008,-21.66575568,5.857405556,0.018348258,1.274894188,0.083745,242.641497,-19.22082359,35.48744659,62.63954518,6.292238,268.562686,-23.38463401,-61.09396168
Driver,101.4942734,4.255,6.339,-4.68503937,62.114,8.595,10.226,-0.351,-6.69,148.8003311,1.4661,9.268,0.744,2133.39,-18.58,383.4050096,41.03838801,-25.159199,203.2510561,-25.10882396,2.362942815,4.27746,210.001163,-26.92509011,19.93252784,72.40263667,4.48006,253.8067928,-38.65417924,-88.88146534
Driver,97.28212241,3.9,2.3,-5.039370079,45.616,6.141,17.376,0.62,-1.68,141.280646,1.4523,15.199,0.947,3080.0,-7.047,450.738171,108.0314509,-10.32888903,5.622991072,0.08616629,1.543821562,0.085581,224.8762619,-10.49754246,44.40268674,60.7999035,6.832012,241.1124708,-12.070327,-42.62610819
Driver,103.160791,1.715,4.15,-1.968503937,57.457,5.245,15.624,2.074,-2.076,137.2642269,1.3306,13.367,2.424,3110.0,-5.388,433.1163722,86.52616413,6.515178059,6.658919126,0.274694704,1.606095929,0.10355,220.5598349,-0.222322329,38.58429375,59.85682746,6.29863,239.5890374,-0.972222656,-28.65153589
Driver,91.6293844,0.162,-0.007,-0.196850394,50.962,0.125,13.338,0.438,0.444,130.7442287,1.4269,10.262,0.332,3995.7,9.034,378.9414133,66.24085776,21.74224129,151.8428188,10.54738283,18.66920842,4.00661,189.2627228,15.13441093,36.82649043,55.58272217,5.64101,206.9820564,17.25029387,42.12298011
Driver,91.97610952,0.708,0.125,-0.905511811,50.864,0.701,13.908,-0.25,-0.375,132.4673407,1.4402,10.835,-0.161,4042.2,11.761,380.0400912,72.71430909,20.32611665,140.1458635,8.331634385,23.20336026,3.50394,193.8342333,13.64518062,36.86136955,58.70220827,5.69494,212.6132617,15.43019499,42.56533533
Driver,84.08196135,2.128,-1.237,-3.070866142,47.022,0.747,15.98,11.423,12.661,119.2240068,1.4179,13.767,9.29,3580.0,29.782,315.7774107,56.02190885,86.61210223,5.885696297,0.98456527,1.444237243,0.105588634,168.2749948,60.27679272,31.84832692,56.87295153,4.939922573,191.8249922,73.28359382,102.3716137
Driver,97.331335,2.616,6.174,-3.228346457,52.683,8.17,11.734,0.737,-5.437,144.269864,1.4823,10.483,1.501,2090.0,-26.684,389.8309472,50.01096182,-20.06747089,5.963207771,0.136949805,1.102061258,0.086964,212.3592623,-23.26161609,24.19999729,68.91050847,4.80922,252.9200691,-33.69513048,-86.34835123
Driver,69.83938797,-4.657,1.022,5.866141732,52.663,-2.541,8.138,-2.475,-3.497,101.9311471,1.4595,5.985,-1.88,2260.0,-10.021,145.4995623,8.732419588,-6.712055972,6.225306906,-0.214358681,0.626848101,0.127221855,87.57096597,-5.063309932,9.239394579,71.5370296,2.133613281,141.3662624,-9.598092349,-6.577533232
Driver,109.3257874,5.1,3.9,-5.590551181,52.282,7.758,19.242,-0.76,-4.66,157.2176986,1.4381,17.777,-0.308,2405.81,-10.127,530.5860925,142.8026776,-30.72574374,5.638555957,-0.033299184,1.820701733,0.078053,265.0000377,-24.6123155,47.02016517,67.38989031,7.609351,280.912753,-27.15495879,-69.5807585
Driver,102.6418218,0.1,7.9,0.039370079,48.281,7.896,0.811,-12.038,-19.938,132.2655691,1.2886,0.73,-9.795,2650.0,-30.741,99.29194538,0.786558117,-19.24155772,5.87049444,-1.021780704,0.07219719,0.091745,57.93113238,-12.31945341,1.358487792,105.6725158,1.002966,124.8700736,-29.57050771,-7.529539701
Driver,60.26530064,-3.274,-4.191,2.952755906,63.681,-5.813,35.249,3.356,7.547,77.26176628,1.282,29.033,1.852,4860.0,7.803,175.2251277,60.27578007,10.33055472,5.550243694,0.196242183,3.047931735,0.172767,96.00425396,7.662283932,45.04776722,49.89324336,4.438887,105.6953489,8.704549477,13.69657853
Driver,98.41401217,1.42,0.3,-1.929133858,42.744,1.837,16.219,1.126,0.826,143.5475573,1.4586,15.067,1.059,1645.18,-1.261,442.5828789,82.59684714,6.277424002,5.921616632,0.108530971,1.593026668,0.088391,239.3830471,2.798955158,32.85470513,69.33086842,5.808321,272.8033798,2.975975034,-4.876482701
Driver,108.4869363,0.3,1.9,-0.236220472,52.983,2.049,10.64,-0.011,-1.911,157.8876611,1.4553,9.498,0.315,2830.0,-6.797,515.3701562,82.98552239,-15.57261012,5.746377949,0.014639002,0.975566562,0.076382,256.6565083,-13.09102865,35.58918395,61.5211197,6.505996,280.9798629,-15.63985245,-43.5000896
Driver,94.66714388,-3.192,1.088,3.543307087,54.614,-1.183,16.688,1.397,0.309,135.7446761,1.4339,14.947,1.368,2348.0,0.565,421.9455168,82.72349766,10.8110701,5.260609909,0.126005326,1.411650543,0.082944,223.0915994,6.163661876,35.55360745,63.2556234,6.00871,247.8434914,6.933332811,2.513658177
Driver,103.6417323,-1.049,-2.582,1.25984252,49.019,-3.494,12.361,0.803,3.386,154.5785612,1.4915,10.721,0.377,2598.26,-2.957,475.3952327,81.21065994,-10.82563509,231.7245406,-11.22963663,1.781807079,5.97029,233.8674838,-11.48840575,37.71428312,61.74171662,6.06007,256.1265805,-14.21499561,-39.07533232
Driver,96.10102004,-3.659,4.967,4.960629921,48.244,1.694,16.165,0.393,-4.574,127.4776306,1.3265,12.964,1.165,4160.0,-8.34,379.2153006,79.04809074,-9.562007808,5.956800655,0.110188398,1.393757832,0.099714733,191.5048203,-9.894400638,40.13560793,56.3907171,5.966895632,207.7047185,-11.69799971,-41.34231194
Driver,69.67161775,-1.961,2.515,2.362204724,52.776,1.024,26.671,4.747,2.232,90.36752863,1.297,21.926,4.331,4268.47,2.701,223.6409826,60.51054413,18.64585994,5.741584867,0.43836375,2.304274196,0.143242155,121.7290427,11.35457105,40.52312556,52.00963065,4.735215376,135.7281996,12.83849505,6.508387529
Driver,97.53042233,-0.5,-3.9,0.708661417,47.119,-4.519,15.88,2.339,6.239,140.329277,1.4388,13.522,1.381,3550.0,11.248,439.8622288,98.11982712,38.2008264,5.884938925,0.154332639,1.435534431,0.089567,218.9790488,27.4793637,42.83664267,59.37777593,6.590121,235.2015681,30.85756639,66.70668071
Driver,93.03641732,-8.144,-2.979,11.88976378,41.98,-12.131,14.817,2.362,5.341,127.7326414,1.3729,11.654,1.598,4120.0,8.452,377.1501576,71.28112482,27.06843771,6.336046797,0.188416188,1.335262673,0.105261,190.5832855,18.80882177,37.65654539,55.74688454,5.78292,207.0850683,21.45193812,40.53811507
Driver,101.6352004,4.9,4.9,-6.417322835,51.051,8.811,8.777,-4.82,-9.702,142.9529796,1.4065,8.302,-3.609,1830.0,-35.717,314.5303251,29.06499497,-42.35054363,5.787997447,-0.385881951,0.837260037,0.084554,178.4616087,-34.23829666,16.3333929,77.84204476,3.638581,233.1521942,-52.40623883,-69.43620579
Driver,95.74758411,-1.962,2.303,2.362204724,55.186,0.938,12.78,8.345,6.042,132.1188261,1.3799,8.757,6.657,5704.79,25.513,332.4765984,47.50381136,85.91157926,146.1355643,46.04999213,10.92679115,3.77646,172.0379887,58.9574469,28.81352547,55.5081417,4.83102,192.8646438,69.23664329,119.4722261
Driver,80.39996421,-7.116,4.215,6.850393701,57.649,-0.321,18.275,2.201,-2.014,112.3197029,1.397,15.174,2.462,3470.0,-3.528,313.5478152,63.16213386,8.497001878,6.213769132,0.261946577,1.691813582,0.119303,165.9941086,2.991896226,35.66150675,55.7706752,5.241999,186.6541171,2.916116123,-12.42084064
Driver,85.55386543,-1.336,1.404,1.57480315,50.33,0.295,16.72,10.61,9.206,124.5036238,1.4553,13.954,9.125,3850.0,12.249,366.4115095,76.3623639,79.04020099,5.956685927,0.96010367,1.496896011,0.102499,187.7399144,48.21713467,38.98990358,56.6505157,5.825055,205.3839383,54.20795881,56.49649869
Driver,84.30565497,-4.6,-3.2,3.503937008,60.426,-6.303,23.433,-1.167,2.037,116.5255906,1.3822,17.971,-1.621,6330.0,1.862,315.3675059,94.62326047,-4.696928271,5.778460795,-0.15803294,1.917267025,0.109166,157.1777136,-1.517155411,49.17769439,55.57884382,6.00558,163.6607679,-1.508235578,8.788469455
Driver,109.4600036,0.0,0.8,0.472440945,48.001,0.075,13.387,-3.152,-3.934,159.1475036,1.4539,11.33,-2.457,3390.0,5.031,528.3688122,113.7636996,-6.55297092,5.775594945,-0.250895049,1.178380897,0.076718,255.5983748,1.067085948,44.46533822,61.82661804,7.238334,271.3824724,1.765179418,36.07022701
Driver,99.95526127,-0.763,4.837,0.905511811,54.716,4.297,17.554,-5.129,-9.967,134.6441034,1.347,15.301,-3.827,3444.39,-8.807,423.7235562,99.09963742,-47.41484651,5.942987113,-0.406614494,1.642782486,0.095047,213.7103663,-30.55007802,42.76461593,59.95303968,6.530123,230.6819388,-34.01056203,-49.09363007
Driver,82.81138153,8.436,3.719,-12.44094488,46.867,11.706,5.995,-6.033,-9.752,109.3512885,1.3205,6.503,-4.078,2180.87,-39.106,128.1796228,7.141678872,-15.04948195,91.46981656,-15.27339356,-1.926174379,2.10229,79.61940062,-12.2810886,7.799641916,78.65749774,1.78229,135.4619323,-25.7976143,-19.96700258
Driver,85.99454188,-4.4,0.0,3.464566929,61.97,-3.038,23.768,-2.132,-2.001,115.3764764,1.3417,18.135,-1.82,6460.0,-2.962,310.182246,93.10285207,-14.62221403,5.83113785,-0.180478562,1.953535924,0.111422,154.9418038,-9.11540012,49.01856682,55.29373138,5.949436,161.2837708,-9.598811479,-12.59528215
Driver,91.6047781,-4.1,-2.7,3.937007874,58.212,-5.289,18.267,-3.357,-0.657,133.7533554,1.4601,15.043,-3.144,5840.0,-1.268,391.5335437,111.8928639,-24.7745077,5.865569403,-0.335780942,1.619180039,0.094736,190.4271673,-13.39300078,49.98110376,59.10980249,6.669099,197.7713041,-13.97102679,-8.863828351
Driver,77.71787759,-3.429,-9.085,3.267716535,51.901,-11.778,24.325,1.709,10.794,89.81299213,1.1556,17.575,-1.161,6461.53,13.412,204.2791412,44.92397634,6.367473623,5.035620241,-0.083158777,1.595302039,0.122772,111.780619,7.189130436,35.34080126,49.38044289,4.201729116,124.69872,8.902651569,28.34355495
Driver,95.71403006,-2.368,-1.119,2.913385827,48.313,-3.229,17.266,4.783,5.901,136.206156,1.4231,14.652,3.953,3696.34,11.563,426.2841092,99.27600175,55.99287593,5.829053936,0.414867407,1.54302074,0.09187,213.3671839,36.76454714,43.17664666,59.50324861,6.552546,229.4383814,40.85469237,66.5638295
Driver,101.615068,3.307,3.068,-4.488188976,47.962,6.054,16.772,3.142,0.074,137.3660075,1.3518,13.797,3.125,4057.69,1.546,430.7263792,102.1409148,26.80393225,5.779642031,0.316885356,1.443524284,0.09001,212.6764469,14.70064383,44.70880361,59.19977265,6.656559,226.8934651,15.8411942,9.337690429
Driver,100.3333035,1.41,4.356,-1.850393701,49.464,5.563,18.73,1.187,-3.17,140.6350662,1.4017,16.881,1.546,2626.37,-6.208,459.1325074,108.8952942,-1.377054873,4.941658518,0.129319551,1.505958305,0.075975,235.8239778,-5.131928202,41.93845351,63.78734206,6.75812,255.8931257,-6.381455513,-34.47291064
Driver,102.1787759,1.569,-0.176,-2.244094488,44.227,1.437,6.397,-2.527,-2.351,138.9231389,1.3596,5.7,-2.186,1070.0,-6.791,248.2135653,14.97169261,-11.69940411,5.895891719,-0.228508348,0.579163359,0.088047,145.2739837,-7.899637968,10.04413124,89.28030836,2.726913,215.406284,-12.88592094,-7.082426774
Driver,112.5067108,3.3,3.5,-3.779527559,50.459,6.185,20.996,1.104,-2.396,159.4112384,1.4169,19.03,1.351,4130.0,-6.091,517.320708,185.6701556,-12.31159212,5.850452433,0.1358215,2.051341709,0.080733,241.3342694,-11.70745248,57.10490671,71.49613834,8.264088,246.1529124,-12.11885663,-52.16246506
Driver,81.80699714,1.802,3.666,-2.125984252,46.201,5.395,13.25,4.327,0.662,121.2399338,1.482,11.825,4.243,1718.58,2.107,294.253482,38.36119317,22.93748011,6.272644217,0.465693956,1.299998776,0.109359,167.9504107,13.80475633,21.8183736,68.66050176,4.07211,208.3377092,17.46128937,4.148637076
Driver,84.46224052,3.1,1.9,-4.212598425,49.888,4.582,14.964,-8.704,-10.604,118.2598873,1.4001,12.963,-6.773,3180.0,-24.443,313.1397127,52.84683326,-66.11752272,5.680778153,-0.696227084,1.310657691,0.102358,166.6044308,-46.59785955,31.25441494,56.04050888,4.906002,190.7212379,-57.19880224,-82.22453116
Driver,115.2290623,-0.973,3.3,1.220472441,48.72,2.446,12.224,4.352,1.052,170.5744452,1.4803,10.605,4.219,2751.59,4.493,587.3352211,109.7863843,56.51385967,6.090158182,0.452526862,1.171396942,0.0752387,288.3029577,32.29557135,40.10129911,64.16618781,7.2753,300.8958712,34.15279424,33.39424643
Driver,92.23335719,-0.582,-0.94,0.748031496,44.691,-1.529,16.306,-3.068,-2.128,134.7586346,1.4611,13.624,-2.715,3617.4,-6.993,420.4723028,90.76910377,-35.30658719,6.098454289,-0.297235716,1.504624218,0.0966626,211.4112941,-22.83960465,41.2143848,58.71435533,6.37703,221.153555,-24.38070161,-38.57537027
Driver,101.8499463,-1.5,4.7,2.125984252,44.387,3.052,13.284,0.034,-4.666,148.9452845,1.4624,11.543,0.715,2700.0,-11.516,474.6366486,81.08444605,-18.54446285,5.691799117,0.062052977,1.172049332,0.080736,242.9612122,-17.71582409,34.79393552,62.45622143,6.244246,269.2248667,-21.83295029,-62.21470097
Driver,97.71832498,-2.4,0.8,2.125984252,55.824,-1.425,15.42,0.893,0.168,144.5816929,1.4796,12.355,1.065,4400.0,2.578,451.7797535,109.9585511,14.34085586,5.603547015,0.087013441,1.256405976,0.082416,218.208451,9.071665651,47.14918739,59.45366625,6.918183,229.9168677,9.785217113,15.05349884
Driver,76.72915175,-0.676,0.671,0.787401575,48.734,0.078,13.108,6.786,6.114,114.2264674,1.4887,11.499,6.048,2000.0,15.815,259.6356049,32.36056545,35.94243228,6.324807664,0.680271694,1.26918623,0.116998,149.3317028,24.88636268,20.53062796,66.26666488,3.76815,188.598735,33.9196966,27.70212721
Driver,110.9028275,1.783,-1.479,-2.913385827,38.259,0.783,10.431,-3.18,-1.701,147.8874374,1.3335,8.039,-2.703,3580.0,-7.187,467.0886543,70.9237642,-39.7917668,6.244161804,-0.30245827,0.909410814,0.0883829,229.572476,-24.79799185,34.84841108,57.73775648,6.14591,249.9537321,-28.19852331,-42.02218813
Driver,101.4920365,3.233,7.359,-4.212598425,51.779,9.908,11.183,-0.945,-8.304,150.0556997,1.4785,10.0,0.323,2560.98,-39.755,390.1072875,48.3445912,-45.74540939,5.765862058,0.00448387,1.016036718,0.080717,209.7092799,-44.27059688,23.88854531,68.09416804,4.691441,248.6238893,-62.33721227,-136.2763864
Driver,40.81737652,-3.3,-2.7,2.992125984,63.579,-4.468,37.702,-3.46,-0.76,39.25286328,0.9617,32.218,-3.255,5440.0,-0.702,49.52340927,16.01160959,-2.766652713,3.256474212,-0.19008529,1.889019135,0.204616,29.98129265,-1.7871483,37.24210632,33.27766784,2.125844,36.54522961,-2.184694214,-0.254870976
Driver,84.84028275,-0.367,-3.945,0.472440945,48.71,-4.268,17.089,5.616,9.562,122.5129742,1.4441,14.419,4.073,3716.99,19.021,351.77769,71.65973462,55.74939038,4.783841671,0.355079752,1.237711029,0.083546958,182.4592253,39.77562949,37.2222627,56.61576837,5.601092358,201.7472131,46.49170776,81.08175763
Driver,90.168665,-2.7,-5.9,3.346456693,50.425,-8.393,11.728,0.562,6.66,127.3170186,1.412,9.489,-0.493,3120.0,1.428,359.3192764,48.06219858,-1.017324876,6.115777779,-0.051029814,1.031357721,0.101024,187.7531247,0.161653884,27.73836585,58.51344031,5.02766,216.8598632,0.464697588,5.331432296
Driver,96.73407301,4.183,-5.678,-5.236220472,52.428,-2.453,14.454,-2.072,3.607,133.0095741,1.375,12.525,-2.768,2700.0,12.485,395.1827622,66.21042733,0.658408618,6.443269224,-0.29795812,1.440751226,0.102888,208.1845254,7.366085459,32.04698336,60.84733549,5.57274,233.637774,10.36924796,52.21448173
Driver,96.01154259,-0.5,-4.7,0.748031496,48.737,-5.279,16.13,-0.736,4.043,136.4927076,1.4216,14.281,-1.205,2580.0,4.483,425.136446,84.22751491,-0.485186787,5.461486932,-0.111291244,1.396992851,0.085524,220.8168354,2.567085404,37.16584658,61.29519805,6.141481,244.4898694,3.549350036,21.6297253
Driver,88.11515748,2.7,-4.1,-3.228346457,48.781,-1.847,19.924,2.877,6.977,124.1859789,1.4094,17.148,1.674,3700.0,12.902,373.0856277,92.88141549,35.50461692,5.901536004,0.188817064,1.836438898,0.103448,191.1055672,26.46155971,43.04363649,58.58912157,6.190734,206.837153,29.96067563,62.76402673
Driver,104.0600394,-0.9,5.5,1.102362205,52.479,4.787,18.089,7.544,2.044,147.9585719,1.4219,15.619,7.353,3650.0,1.097,474.7975968,133.1156796,61.74616475,5.836910723,0.748262997,1.658729934,0.085129,229.0105624,31.90203614,50.23128022,63.08444244,7.395563,239.9913768,33.51469217,7.848644824
Driver,90.96725125,-2.047,8.536,2.401574803,55.978,7.153,12.196,2.282,-6.254,128.7643164,1.4155,9.979,3.282,3100.0,-15.719,360.0235686,49.48525162,-1.796816552,5.536046976,0.303171134,0.98028412,0.090430585,188.6652873,-8.759724154,27.82536132,58.94904062,5.020048179,217.9638371,-13.26073301,-58.60460654
Driver,107.619005,1.6,1.6,-1.771653543,44.229,2.739,16.977,-1.873,-3.447,152.7981836,1.4198,15.205,-1.527,2760.0,-6.052,506.2504766,122.8008119,-29.43224235,5.89329419,-0.156462011,1.618365439,0.082902,251.1477586,-20.03688853,45.22761047,63.70510727,7.27234,267.7516526,-22.07931246,-40.07554545
Driver,103.9124016,4.958,2.79,-5.905511811,53.354,6.49,13.183,-0.778,-3.568,151.8336167,1.4612,11.875,-0.197,2150.0,-15.328,469.5682576,75.27390906,-28.07160239,5.121876916,-0.025983323,1.080921368,0.07121582,246.8662039,-24.45816981,31.28231605,66.45751068,5.880446546,279.7050579,-30.91348562,-70.84020978
Driver,96.12786328,0.846,4.79,-1.141732283,48.344,5.543,17.534,3.15,-1.64,140.8225215,1.4649,15.708,3.339,2566.13,-7.643,454.3189802,99.10589858,10.28193482,6.005359836,0.342731042,1.697097448,0.091847,235.098468,0.189660359,39.65195917,63.40614966,6.538421,257.2111623,-0.908520352,-40.51088896
Driver,98.57283465,-1.739,0.075,2.401574803,44.136,-1.718,17.939,-2.02,-2.094,129.9210361,1.318,14.127,-1.593,4943.9,-3.838,387.0439404,95.73352614,-19.58856256,6.43695947,-0.185535345,1.667184057,0.106381,191.7470535,-12.40602921,45.27651903,57.4038766,6.35514,202.5187401,-13.38763041,-21.24578521
Driver,111.9072119,2.8,2.2,-2.913385827,49.54,4.027,17.979,0.457,-1.649,165.9124463,1.4826,15.997,0.733,3284.57,-2.298,564.5680365,164.9118699,-2.26200043,5.928660385,0.068580669,1.723763037,0.077127,269.1612832,-3.336245717,51.98867883,68.63909188,8.168311,279.3278122,-3.623370403,-20.33719635
Driver,108.1581067,5.1,0.1,-6.299212598,49.396,4.439,14.368,-1.348,-1.448,160.752058,1.4863,13.377,-1.139,2280.0,-7.101,533.7018791,109.784531,-28.97989846,5.737119464,-0.12501618,1.376393235,0.075956,269.2766393,-20.6358881,40.44008945,64.98735379,7.000061,291.4356549,-23.4520545,-45.88461908
Driver,98.98443092,0.392,2.378,-0.551181102,46.054,2.756,15.158,-3.029,-5.407,140.0765032,1.4151,13.184,-2.276,2927.73,-10.888,441.5944117,84.95107908,-39.62748492,5.12785432,-0.211375476,1.209434406,0.077809,226.0618112,-27.98615981,37.2681921,60.77929147,6.247358,249.0443259,-32.61640454,-57.16648582
Driver,93.40774875,-3.1,-6.1,3.464566929,51.226,-8.714,8.271,-1.822,4.392,133.0006263,1.4239,6.789,-2.402,2100.0,14.857,297.2053918,23.61461724,-2.432672048,5.836681354,-0.233932661,0.69162164,0.091385,165.794788,2.849757788,14.94897966,72.79763157,3.596017,217.8766909,7.083035154,29.38432426
Driver,102.4651038,1.1,8.3,-1.456692913,49.474,9.293,11.982,-2.381,-10.681,143.8043576,1.4035,10.696,-1.021,2600.0,-24.262,416.0597193,59.37094245,-44.37684793,5.684494707,-0.11946612,1.077718306,0.08325,219.5186423,-37.45431037,28.36409305,63.66905862,5.358946,251.80553,-48.2637582,-100.7824376
Driver,89.67653901,-2.265,5.028,2.913385827,52.863,3.312,18.569,-2.114,-7.142,121.7504026,1.3577,15.248,-0.905,4250.0,-12.163,354.0354451,81.79042876,-28.24748199,5.556581589,-0.102700511,1.53296551,0.098370916,180.5567513,-21.56772456,41.4820335,56.28911188,5.886305916,195.6627965,-24.60783344,-56.20090854
Driver,101.7984968,3.375,7.011,-3.74015748,61.962,8.81,10.722,5.168,-1.843,150.6992663,1.4804,9.679,5.433,1609.45,-32.25,327.8468725,31.28092415,1.748823019,187.9813065,-12.86998309,-1.088443196,3.70977,184.2405402,-11.96639197,16.73467475,81.60950204,3.60977,238.1259301,-24.73375308,-87.96002637
Driver,110.7484789,4.7,2.1,-5.118110236,51.602,5.733,19.48,0.129,-1.971,161.9257785,1.4621,17.868,0.44,3650.0,-4.806,529.5552231,178.3422982,-15.73626386,5.667051936,0.030041756,1.855111707,0.076379,247.9277399,-12.29074114,55.80657847,70.01694049,8.241107,254.6245715,-12.82811861,-42.57590223
Driver,94.72083035,-4.2,-2.8,3.385826772,56.681,-6.165,14.119,-0.164,2.762,140.2979599,1.4812,10.967,-0.537,4440.0,8.371,429.045109,91.56815167,17.78859101,5.800230097,-0.056028031,1.153403654,0.087512,209.249964,14.70042384,43.40219049,57.01976157,6.474249,222.7876077,16.53723246,49.9682461
Driver,65.76369005,-2.239,0.207,1.929133858,69.033,-0.651,32.737,3.294,3.087,82.62236042,1.2563,26.402,2.631,5210.0,3.612,193.9209991,62.50859082,11.19226838,4.928649268,0.23195599,2.436477305,0.139436,105.5131843,7.325925077,44.41247429,50.71957195,4.620993046,115.1662591,8.13526968,7.459407515
Driver,95.90640659,-1.009,4.194,1.338582677,45.881,3.215,13.119,-3.113,-7.308,135.108044,1.4087,11.351,-2.168,2676.03,-12.07,397.7214883,60.94066818,-33.36557765,6.02855212,-0.239227348,1.215948615,0.094314,209.1333847,-24.36402059,30.1215614,61.31675726,5.432368,238.7320521,-30.16948097,-49.46699134
Driver,100.384753,-4.3,4.1,5.433070866,51.912,0.681,10.69,3.49,-0.61,141.8045365,1.4126,9.029,3.529,2340.0,-1.128,408.7086925,52.13407435,23.25141438,6.061764085,0.372138519,0.971466441,0.089668,213.476618,11.65248799,26.93103816,62.36528702,5.220935,246.5963415,13.2185868,-4.470901585
Driver,76.23702577,-3.4,4.0,3.188976378,66.466,2.058,8.816,17.508,13.479,90.96993558,1.1933,7.158,15.874,2230.0,50.617,91.63185055,6.138314116,28.46179315,5.812837583,1.629929206,0.673539056,0.133319,57.90003572,20.09034056,8.943815237,71.62088996,1.48813,111.7783512,42.90011148,13.41347508
Driver,106.4468504,0.403,5.453,-0.472440945,43.236,5.881,12.169,1.008,-4.444,153.927389,1.446,10.175,1.78,3260.6,-13.578,499.2133614,87.70200449,-20.87307157,6.477223248,0.185515049,1.191828863,0.088657,246.9433847,-21.13106426,37.71974859,60.15223952,6.58552,266.4953647,-24.97335526,-86.28976477
Driver,97.76753758,-2.969,3.723,3.937007874,48.969,1.136,16.747,1.654,-2.069,129.6385111,1.326,13.885,1.969,3705.35,0.928,396.8932184,85.65904966,15.26474899,5.979372919,0.206591208,1.497041208,0.098738,200.688236,8.480526156,40.75526264,57.81676143,6.169002,217.8313905,9.316432384,4.758832145
Driver,70.06531854,-3.98,-3.726,3.661417323,67.715,-5.359,27.915,-9.491,-5.765,82.63779528,1.1794,21.249,-8.133,5551.66,-6.223,185.3436247,47.04560009,-29.39830016,6.459495979,-0.928490952,2.494439078,0.176174,102.7583289,-18.27693988,37.641576,48.95632405,4.15701,114.3852902,-20.66022542,-11.36263574
Driver,95.42993916,4.006,6.937,-4.330708661,54.213,9.831,15.054,7.338,0.401,137.7706693,1.4437,12.792,7.253,3096.41,1.309,434.3970492,83.58423496,56.56266017,6.140226962,0.776644931,1.414671804,0.0947759,221.114796,30.20218316,37.77045755,59.70008474,6.24325,240.783376,33.07146104,6.91863258
Driver,98.93074445,3.711,7.628,-4.763779528,51.472,10.588,16.26,0.681,-6.947,143.5231747,1.4508,14.415,1.747,3010.0,-25.828,442.9422213,90.1065655,-39.77966645,5.788619622,0.153415188,1.49610692,0.086318,227.9227555,-39.45311993,37.88554692,61.5587598,6.282381,249.9677099,-47.62413895,-138.8351528
Driver,65.94711883,1.342,-7.57,-1.377952756,57.867,-6.726,22.139,-7.806,-0.236,86.92443629,1.3181,18.204,-7.758,3395.61,-0.401,198.9730074,41.18040361,-26.51745005,5.750609294,-0.776847288,1.866145649,0.1451704,112.1896166,-15.37862341,31.71892603,51.78681509,4.014392409,134.0076216,-18.40876654,-0.709276406
Driver,103.6439692,-0.1,1.7,0.31496063,46.31,1.468,16.438,8.877,7.177,147.0183876,1.4185,14.322,8.072,3370.0,7.527,472.7330546,116.3983376,85.63467938,5.718734578,0.810545812,1.481171995,0.083333,231.3486622,49.06925307,46.41569966,61.22259302,7.096411,245.5543076,52.85427011,50.51049491
Driver,73.74731568,-0.645,4.996,0.62992126,62.158,4.656,21.779,1.062,-3.934,95.22346994,1.2912,17.734,1.826,3882.51,-7.577,236.1853041,51.34623203,0.674924994,5.743872043,0.171702414,1.831160178,0.132039,129.0736563,-2.033875158,35.0062156,52.45312419,4.540406,147.9429803,-3.080682621,-18.43552708
Driver,96.00483178,-2.998,-4.404,3.543307087,51.159,-6.821,9.009,-8.193,-3.788,135.6404349,1.4128,7.523,-7.717,2100.0,-11.514,329.1185885,29.95284415,-53.48793507,6.389154834,-0.867050602,0.842910201,0.098267,181.1212579,-33.38177352,17.52432821,70.54237869,4.00463,225.6635169,-43.98145643,-27.52528142
Driver,90.976199,-0.433,-2.553,0.551181102,45.696,-2.976,14.061,-1.775,0.778,119.2568898,1.3109,12.13,-1.882,2290.0,1.959,310.4246195,44.14004621,-8.348967321,6.132827541,-0.199640268,1.312184553,0.108933,172.0948246,-3.955113677,25.18934984,62.73159319,4.50911,204.8049704,-4.380096453,5.0919776
Driver,111.6343057,6.7,1.7,-8.228346457,49.869,7.42,15.837,-1.672,-3.372,166.048452,1.4874,14.869,-1.29,2430.0,-13.393,561.03819,132.3922028,-51.97833409,5.799238687,-0.142408593,1.553905081,0.074853,278.7893828,-38.63741397,44.55423951,66.38627523,7.532503,296.87133,-42.90377342,-97.23554071
Driver,80.76458482,-2.927,5.064,2.952755906,55.378,3.041,30.13,-0.755,-5.819,103.3419828,1.2796,24.803,0.337,5550.0,-7.291,275.8578053,96.37203593,-9.545496411,5.829429544,0.019487842,2.7204694,0.130375,141.4602593,-8.246069072,50.13229488,56.78248644,5.802094,148.7149192,-8.9176973,-27.22962614
Driver,93.06102362,-1.7,-7.1,2.165354331,50.962,-8.576,13.106,2.075,9.209,131.4634037,1.4127,10.977,0.711,3280.0,6.844,392.673122,63.9414723,17.01539444,5.705054442,0.077440843,1.117897791,0.091647,201.8445104,12.80799954,33.23480343,58.00854588,5.622175,225.782539,15.49639783,30.92213421
Driver,98.91061203,-0.47,0.083,0.669291339,41.865,-0.442,23.703,4.853,4.77,141.111981,1.4267,19.408,3.926,6133.78,10.534,414.6876548,150.6943668,59.83720763,6.11291308,0.441855467,2.234289485,0.0957469,196.6698134,37.90304847,56.07166473,65.73730566,7.32978,197.9951579,38.2272985,73.8028487
Driver,111.8826056,0.5,-0.1,-0.62992126,47.892,0.282,11.722,0.073,0.173,165.8102183,1.482,10.513,0.325,3030.0,0.397,564.1192839,109.8659103,1.75532393,5.86605781,0.005370818,1.107010405,0.074516,274.5927311,1.227329696,41.83332882,62.74037388,7.278286,293.7420976,1.374850207,-0.990731992
Driver,101.9282391,4.823,4.794,-6.023622047,53.079,8.429,13.434,0.875,-3.919,151.4557981,1.4859,12.096,1.499,2210.0,-16.033,470.6794258,77.28723124,-16.31096518,5.110136218,0.124826195,1.09932363,0.071294883,247.0979541,-18.91880851,32.08477013,65.97996099,5.961566381,278.5344858,-24.60501679,-76.07195838
Driver,79.14280601,-4.411,-5.427,4.015748031,66.462,-7.353,14.927,-10.918,-5.491,96.2605136,1.2163,12.181,-10.107,2730.0,-10.267,203.5389297,26.90208913,-40.29624696,5.194980078,-0.920621465,1.103873131,0.1144264,116.9706272,-25.56449158,21.38148161,57.83111433,3.458927324,151.6216568,-34.63703301,-15.41157891
Driver,87.89817466,1.016,-5.995,-1.181102362,50.944,-5.171,18.461,-0.649,5.346,127.4617484,1.4501,15.714,-1.539,3640.0,9.538,388.1528058,91.00914893,9.262685939,5.842804003,-0.145540002,1.660066885,0.098971,197.6984304,10.75525399,42.19252819,58.51878212,6.232271,214.2384063,12.72402153,48.15952359
Driver,67.43244452,-4.539,-2.869,4.05511811,63.22,-5.165,23.358,6.914,9.783,87.67157301,1.3001,15.812,4.057,6954.26,14.721,188.6840255,36.44844381,22.67560494,5.749434757,0.433319176,1.623657846,0.142642,104.2141507,16.208516,31.45635073,48.73777084,3.831071,118.612804,19.49261194,26.65377168
Driver,88.10173586,-3.35,-0.447,3.661417323,53.064,-2.969,18.139,-1.878,-1.431,121.5803955,1.38,15.453,-1.689,3250.0,-2.408,361.5751292,77.14447545,-14.39313421,5.452268565,-0.162961808,1.519514316,0.0964608,188.433709,-8.991391618,38.29945788,57.85973053,5.79761,206.6796688,-10.14492266,-10.31955614
Driver,94.57990336,-0.4,5.2,0.748031496,54.042,4.4,16.215,3.737,-1.551,140.3185397,1.4836,13.139,4.188,4300.0,-3.212,435.2855933,106.4654269,20.68573771,5.586872234,0.38924584,1.331506212,0.084948,212.0777478,8.088539459,46.57048139,59.04846133,6.782843,224.2906879,8.266420951,-22.22905013
Driver,111.4173228,-2.84,-3.118,3.622047244,51.992,-5.339,18.487,-3.463,-0.345,152.4516822,1.3683,15.832,-3.417,4020.0,-0.584,500.1107664,145.999419,-30.52821691,6.336547778,-0.378561972,1.845119296,0.0897736,239.0897785,-15.75333308,51.92745076,66.26247933,7.66318,248.0726025,-16.38106985,-4.517794263
Driver,75.64871152,-2.794,5.497,3.267716535,56.087,3.617,10.664,-0.844,-6.341,107.2745168,1.4181,8.264,0.31,2830.0,-16.866,218.0384839,20.12217988,-7.465490851,5.763947395,0.01443059,0.826704593,0.112536553,123.8191653,-8.0919331,16.28217615,62.53906208,3.242234282,165.4147034,-13.92990699,-26.28091619
Driver,106.7913386,2.831,3.22,-3.188976378,49.011,5.683,10.256,-2.224,-5.444,155.8925376,1.4598,9.091,-1.354,2240.21,-25.112,446.3039108,54.58890593,-47.9824223,5.495559362,-0.144354114,0.884764702,0.0737084,235.7300116,-39.39333103,25.07538929,68.15478387,5.20878,271.9682892,-51.16826852,-101.6713928
Driver,92.87535791,-3.1,-1.5,3.031496063,58.243,-3.618,18.324,-1.84,-0.34,136.71148,1.472,15.074,-1.647,5650.0,-0.477,405.2683562,117.7707093,-13.51967036,5.792398801,-0.182336468,1.601357389,0.09148,196.061232,-7.157939339,50.7157467,60.10409501,6.830631,203.3002699,-7.445165846,-4.570867985
Driver,79.11819971,4.9,7.7,-7.401574803,49.531,11.993,9.331,5.124,-2.576,105.8943271,1.3384,8.044,5.999,1580.0,-0.175,173.1173573,14.01050391,17.99343327,5.87323505,0.613694888,0.804426067,0.115911,103.9916692,10.82363119,12.36917011,71.83486082,2.5081,156.7948008,16.29581888,-0.134693975
Driver,92.30270222,-5.105,-2.36,7.204724409,54.647,-5.994,34.353,6.599,8.96,97.43154975,1.0556,28.289,4.907,6021.22,9.131,250.7599257,97.07408487,32.13005492,5.673773026,0.505323427,3.077371564,0.1391048,128.5727828,21.14997532,52.06210988,56.65631403,5.675800182,133.9168744,22.22616977,30.67300779
Driver,89.27612742,0.008,-2.656,0.0,49.468,-2.649,14.397,-4.13,-1.474,122.6120705,1.3734,11.857,-3.861,3110.0,-3.73,348.9286818,56.10489966,-28.4497103,4.950833227,-0.336188617,1.044139168,0.085409262,183.5648004,-16.98557611,31.07873418,57.73716768,5.195334243,209.5279269,-20.0184999,-13.91851094
Driver,98.68244452,0.862,-0.432,-1.181102362,42.911,0.495,12.556,-2.422,-1.99,140.8477989,1.4273,10.928,-2.137,2310.0,-6.867,416.264146,60.25266249,-25.46463697,6.039358014,-0.230921584,1.17042246,0.090422,220.864691,-17.35197245,28.56200864,64.3721289,5.405418,254.2471959,-21.38341029,-27.388586
Driver,100.2192198,-0.141,-1.06,0.196850394,50.075,-1.178,13.834,1.823,2.883,148.9956156,1.4867,11.552,1.338,3448.23,11.434,483.1699061,95.43002939,41.88628147,6.109863208,0.155233203,1.273883568,0.0867894,238.4270402,29.87724772,40.85107235,60.29206937,6.70651,249.00769,32.15223716,73.03686787
Driver,75.95293486,-2.982,-1.749,2.716535433,61.094,-3.397,26.079,5.055,6.804,93.55247853,1.2317,18.904,3.204,6835.16,12.919,215.4108733,52.81410563,24.2184253,119.5872505,18.52502145,-1.792245059,4.4643,117.15619,17.92444958,37.40351368,52.52753826,4.3443,128.83026,20.80294074,34.27656353
Driver,79.80493916,0.868,2.306,-1.181102362,50.029,3.033,15.73,-4.472,-6.778,111.7882069,1.4008,12.935,-3.145,3415.07,-1.548,283.669299,50.61100351,-18.58265978,158.0850715,-12.190855,-4.033243768,4.84196,151.8233344,-11.54831279,31.52311272,58.21324538,4.58196,175.5173878,-13.95262266,-9.676681381
Driver,102.1385111,1.9,2.1,-2.559055118,47.982,3.82,12.904,3.024,0.924,150.3990694,1.4725,11.404,2.968,2250.0,-1.78,472.7263964,75.12003909,20.92081953,5.725815383,0.295247133,1.1615449,0.080341,246.7551261,9.932118449,31.86232705,65.35426582,5.977141,278.224198,10.83626748,-8.542165889
Driver,92.4928418,-1.1,-6.5,1.57480315,53.643,-7.526,13.325,4.467,11.07,124.8150054,1.3494,10.94,2.588,3730.0,4.606,361.5602608,60.01573569,23.92350028,5.820025238,0.268106443,1.139891041,0.098602,185.5998623,14.89188224,33.6898951,55.97495657,5.424385,207.3232419,17.34000211,19.56954317
Driver,84.27433787,-2.281,6.655,2.125984252,61.921,5.437,21.796,9.103,2.448,99.55261274,1.1813,20.591,8.968,1197.51,4.434,243.0547879,52.08127552,38.88875195,5.983434159,0.936235827,2.201137739,0.133012,143.0555935,24.29897892,30.15784839,64.80920972,4.19269,177.033021,30.49269072,6.078225265
Driver,94.32041875,-0.7,5.5,0.94488189,47.671,4.859,15.272,0.246,-5.254,136.2685666,1.4447,13.0,1.08,3240.0,-12.082,417.7205644,85.01199282,-18.58485323,5.808517701,0.096745019,1.357173116,0.090818,210.4055368,-17.60082276,39.86194907,57.94027574,6.24112,228.8057908,-20.80258529,-64.64883618
Driver,96.15023264,-2.4,-3.556,2.992125984,48.56,-5.676,17.938,4.69,8.246,135.8755369,1.4132,15.149,3.49,4070.0,15.207,418.7102831,103.3902853,61.91402798,5.803689264,0.371473125,1.593693478,0.091975,208.5898386,42.32987369,44.87028275,59.47706438,6.606056,222.4674697,46.63987434,89.45343601
Driver,92.93799213,-2.199,-1.787,3.149606299,40.086,-4.403,15.812,0.262,2.049,135.3652917,1.4565,12.931,-0.079,3897.74,4.134,421.0226805,90.9274206,9.293141071,6.38590174,-0.003231489,1.499238538,0.100574,209.8489073,7.518092528,41.87474825,58.16940162,6.40124,224.5091413,8.486763946,23.42172401
Driver,96.17036507,-2.883,1.906,3.503937008,52.442,-0.313,7.603,-7.887,-9.793,133.6274159,1.3895,6.385,-6.732,2220.0,-31.114,266.7816543,19.07311056,-47.6537702,5.532859267,-0.668352932,0.613563967,0.086105173,150.8897591,-34.29283046,12.80161239,76.04775296,3.166997589,206.9093573,-53.79934132,-50.49344532
Driver,81.36408375,-4.1,-3.1,4.133858268,58.312,-5.789,30.507,1.782,5.029,111.3448461,1.3685,19.919,0.054,11768.15,6.043,284.7514566,91.17230317,10.80248324,5.432720297,0.01620053,2.011214325,0.108906,143.32516,8.384890859,49.81991191,54.86277315,5.749547,142.756836,8.333198519,24.7501132
Driver,100.0492126,-7.3,9.1,7.874015748,61.99,5.204,10.234,1.315,-7.785,135.8625626,1.358,7.988,2.566,3320.0,-19.019,383.5852565,49.25972583,-15.9235965,6.127573582,0.252789463,0.875569518,0.094524,194.3043791,-18.55881543,28.79309534,56.64324539,5.18538,220.6425218,-24.96384157,-81.59843166
Driver,103.1317108,1.3,9.5,-1.653543307,53.543,10.492,14.188,0.537,-8.963,145.9193808,1.4149,12.559,1.826,2890.0,-21.624,453.349937,81.82181401,-29.80956535,5.949956398,0.170225429,1.334796001,0.086567,233.0749984,-30.73714013,35.43107487,61.72046887,6.15723,257.2747933,-37.87937535,-114.2503298
Driver,84.63224767,-2.281,-8.879,2.125984252,64.03,-9.991,17.24,-7.375,1.504,113.3200608,1.339,14.715,-7.58,2850.0,1.433,311.9679448,57.00048345,-38.84677575,6.064991446,-0.798354377,1.590400719,0.1149384,168.8993796,-20.78340489,32.13834904,57.82888289,5.021240851,194.4796323,-23.72001289,4.525409619
Driver,83.15139585,-6.909,-2.654,7.440944882,53.688,-7.763,17.052,5.625,8.279,118.606165,1.4264,14.192,4.58,3570.0,12.369,338.0683589,66.39957944,45.18356769,5.18210208,0.424829089,1.321099085,0.0933888,176.8070573,30.30691535,35.98315038,56.21511166,5.44174,195.5099868,35.02473712,48.90264516
Driver,93.52630637,1.779,-2.782,-2.362204724,44.427,-0.967,11.238,-8.79,-6.008,140.3203293,1.5003,10.138,-8.075,1820.0,-31.946,340.3130729,39.11690458,-71.9697492,6.174317476,-0.888284078,1.097251631,0.09238,191.2674478,-51.34102216,20.28907781,73.459017,4.14159,225.1003679,-65.0706508,-74.85239325
Driver,89.92036507,-2.459,5.63,3.307086614,49.93,3.56,13.812,-4.213,-9.843,113.7817645,1.2654,10.943,-2.414,3800.0,-21.102,288.9550827,41.81270269,-35.33997118,5.498330697,-0.254502845,1.067930069,0.102161665,154.1210001,-27.38093601,27.73573474,55.46925575,4.498712536,180.0469585,-35.46895028,-62.90508129
Driver,79.8384932,-4.009,-0.4,5.196850394,52.406,-3.493,7.226,-5.799,-5.399,112.5163296,1.4093,5.324,-4.876,2360.0,-17.277,178.1495412,9.940414154,-19.93205508,6.071407546,-0.531798739,0.551696131,0.112200722,104.1605163,-13.98648158,9.1594984,74.13316814,2.374904529,160.3911326,-24.52871385,-15.48733956
Driver,87.01682176,-2.138,4.534,2.755905512,49.729,2.722,29.557,-8.464,-12.999,107.516777,1.2356,23.78,-5.715,6690.0,-13.65,284.542274,98.79638305,-48.88966511,5.730632273,-0.597608943,2.557966918,0.1222088,144.7516706,-32.44815536,50.50765357,56.92222243,5.881057867,150.1133612,-34.00604565,-54.71787635
Driver,110.7283465,7.3,0.7,-8.385826772,54.647,5.965,17.149,-0.734,-1.434,162.0866142,1.4638,15.742,-0.51,2330.0,-7.893,554.4069245,132.2758542,-26.6918114,5.722126675,-0.057389909,1.624804908,0.075947,278.7927918,-20.62676648,44.01514782,67.48134525,7.473323,297.5606173,-23.02784758,-54.45359629
Driver,79.23228346,-1.232,0.765,1.181102362,59.286,0.033,21.712,10.643,9.878,95.39459556,1.204,18.164,8.982,3670.0,16.986,234.1065444,50.85688158,49.5814646,5.824090634,0.934160537,1.899335779,0.133934,129.1720387,33.28438541,34.47603221,53.06119823,4.492945,148.850688,40.05521126,40.17107448
Driver,117.624821,3.2,1.2,-3.346456693,61.595,2.592,14.961,2.021,0.768,161.9584377,1.3769,13.034,1.903,3110.0,-17.666,536.153548,119.4262628,-37.23968284,3.647379297,0.114385113,0.851109695,0.047671,262.6449092,-34.52266035,44.01771591,63.40798004,7.290186,279.4053309,-39.09317924,-129.4491956
Driver,95.96680387,-1.527,-1.207,1.968503937,53.206,-2.349,13.874,5.098,6.305,130.6795812,1.3617,11.569,4.121,3236.27,12.718,374.6199921,63.54082778,55.46544205,191.5428976,37.96109452,3.445050925,5.00792,197.3207766,39.72805721,30.55271697,65.05330717,5.21819,226.3088685,48.71038339,77.20696167
Driver,87.65211167,6.026,8.528,-7.834645669,56.012,12.609,15.01,1.553,-6.974,112.9113726,1.2882,13.187,3.015,2590.0,-3.128,294.6771537,46.0891538,12.43706376,5.895364281,0.306957735,1.374471688,0.111232,162.3179617,5.778351772,27.37578762,59.47239244,4.566212,193.2798289,6.360180971,-8.285211419
Driver,30.091267,-0.1,5.9,0.275590551,60.978,5.685,25.183,-0.45,-6.35,40.30936829,1.3396,18.038,1.499,2940.0,-10.078,36.5734601,6.175245405,0.691137825,5.854537381,0.133165124,1.494566797,0.320097,23.34008319,0.303575993,20.51984112,34.96414009,1.359408,39.4300154,0.316202907,-0.921123535
Driver,84.92752326,-3.393,4.578,4.488188976,52.103,1.933,12.883,-3.636,-8.214,118.9222441,1.4003,10.212,-2.246,3540.0,-12.064,320.0014119,45.29097316,-27.94006022,6.230839904,-0.259905785,1.132127559,0.110621775,168.0459655,-20.10255441,28.24224329,56.17853395,4.777713287,194.7322362,-25.41447478,-40.64601506
Driver,100.3064603,0.227,-2.428,-0.31496063,50.5,-2.241,11.631,1.253,3.681,150.162849,1.4971,9.608,0.586,3171.77,17.643,470.078636,73.517035,45.06738745,5.919239729,0.076735356,1.021159012,0.0827702,235.8130247,35.43028039,33.87107519,59.86920919,6.11678,250.5859783,39.73658336,99.13211536
Driver,80.10916249,-1.0,7.8,1.338582677,63.058,6.941,10.696,-1.426,-9.303,92.90756979,1.1598,9.172,-0.21,1800.0,-39.338,123.2227566,10.83699331,-5.426444649,5.436546812,-0.047788847,0.834418501,0.122644,76.392151,-6.227311627,12.23137774,68.24020155,2.014234,125.8252188,-14.31913166,-17.84463123
Driver,110.6187366,-3.625,0.577,4.448818898,46.416,-2.88,13.404,-2.42,-2.997,157.7037849,1.4257,11.67,-2.104,2758.92,-9.834,523.856556,97.33861171,-44.35979286,5.772819112,-0.220451444,1.214539807,0.0773686,262.691555,-30.52630799,38.20146525,62.97086082,6.80038,276.2011213,-33.1028042,-62.78024164
Driver,26.45400859,-2.9,-0.3,2.637795276,67.875,-1.64,37.955,-3.846,-3.546,31.01512169,1.1724,27.073,-2.647,3344.12,-3.257,28.03827834,7.243534175,-1.353359396,2.700270903,-0.131193894,1.200190981,0.202827,17.66401839,-0.910339938,29.72346136,28.00348663,1.410346,26.29214967,-1.379608738,-0.284056015
Driver,89.03901217,2.331,7.811,-2.834645669,57.197,9.314,0.186,-9.369,-17.18,118.8419381,1.3347,0.47,-7.134,2660.0,-62.759,14.26004206,0.063376575,-1.851504687,6.110964379,-0.804823407,0.019441275,0.106338491,8.939556817,-1.211499235,0.464626967,114.8271578,0.156425348,73.45039231,-10.89170797,-0.306468556
Driver,105.4178597,-0.95,-1.301,1.181102362,48.499,-2.142,11.336,-0.506,0.795,156.8423407,1.4878,9.214,-0.646,3312.32,-6.922,515.6465465,86.06425143,-41.98910902,231.1502202,-30.85788153,7.041729063,6.32611,239.6314831,-33.39576056,41.03697115,55.91143091,6.73414,255.822511,-38.13998087,-92.15477105
Driver,93.6023622,-5.652,-1.011,9.212598425,38.397,-8.186,12.315,4.424,5.435,129.6051807,1.3846,9.109,3.43,4312.09,0.58,386.4891823,73.46727337,41.68525804,162.0955191,22.52114527,14.30454887,4.92817,178.2999748,26.71283202,47.39147416,58.75823749,5.76159,189.45735,29.67236541,48.35359031
Driver,89.6385111,1.122,-1.056,-1.771653543,43.493,0.127,19.573,5.235,6.292,127.1962241,1.419,17.328,4.417,3000.0,10.229,392.2876974,93.26583541,48.01773031,5.953239243,0.469783864,1.865613346,0.101833899,203.5726527,31.84206328,41.13876893,60.37806304,6.236745887,222.7819714,36.09309847,48.78705107
Driver,90.28274875,-2.815,1.25,2.913385827,56.382,-0.624,23.808,5.627,4.378,122.3559413,1.3552,19.958,4.93,4741.0,5.78,359.8865749,112.8255598,42.0859818,5.373497667,0.469297331,1.983151399,0.0971264,179.5442058,25.45549557,49.76217162,59.99427227,6.52529,187.9626158,26.92777227,30.26222825
Driver,102.6709019,1.2,-3.2,-1.299212598,48.001,-2.798,19.879,3.67,7.027,138.3985773,1.348,17.544,2.842,3430.0,13.249,437.0649343,119.6646083,53.44405027,5.746070161,0.288440334,1.835334114,0.090471,217.8297615,37.27186265,47.18764562,62.1100409,6.954773,231.2400791,40.7426152,79.75463863
Driver,102.4360236,1.494,-0.814,-1.811023622,47.799,0.541,11.277,0.512,1.326,150.5174034,1.4694,9.978,0.332,1960.0,-1.072,445.3338663,58.99025393,0.999988714,5.933029162,0.033631254,1.047991066,0.082774258,236.8420317,-0.028647728,26.53683684,68.44519118,5.350396356,275.607159,-0.27056283,-4.203057239
Driver,115.6719757,5.5,7.5,-6.299212598,51.669,11.888,23.131,2.826,-4.674,163.5142269,1.4136,21.22,3.128,4560.0,-9.121,516.1460616,212.5138751,-11.76610877,5.085331112,0.289797495,2.00478365,0.069307,234.6686869,-14.38436223,60.93385882,76.18211727,8.539231,235.6348275,-14.49315918,-81.43190417
Driver,105.2903543,-0.379,5.03,0.472440945,42.206,4.612,10.339,0.252,-4.777,152.2859252,1.4463,9.042,0.842,2150.0,-15.988,441.5430985,53.9730518,-17.10812939,6.448647758,0.081819525,1.033711846,0.0886911,233.4790275,-17.68216937,25.11442791,67.83102014,5.22169,269.8785668,-23.96349761,-63.30424299
Driver,103.3151396,1.215,-2.273,-1.377952756,50.757,-1.28,13.255,3.503,5.776,152.018835,1.4714,12.119,2.939,1905.25,-11.431,434.8330861,73.27753358,-1.687568887,222.2577645,-7.302953831,0.504567345,5.46933,222.971166,-7.376246947,34.63285032,65.49010212,5.49646,250.542336,-10.2305083,-56.37788682
Driver,95.97575161,-0.89,-0.146,1.181102362,49.806,-0.898,12.014,-2.048,-1.902,139.7991231,1.4566,9.022,-1.598,4197.46,0.05,422.5171707,73.86524774,-11.88833088,212.0759788,-4.571863548,-4.205916612,6.17009,206.8295326,-4.653054785,37.92139526,56.98393478,5.93009,224.205978,-4.512905614,3.34529294
Driver,114.1754653,3.1,-3.533,-4.291338583,45.525,-0.485,20.172,4.124,7.658,163.3882874,1.431,17.787,2.979,4250.0,15.394,530.3746321,178.676859,87.05792066,5.609965186,0.307558925,1.828301856,0.074883949,249.1144536,57.98268629,55.34778701,70.15916818,8.209917313,255.0814653,59.96161502,135.9403176
Driver,87.63197924,0.104,-3.101,-0.157480315,42.836,-2.989,14.8,-4.921,-1.82,126.8848425,1.4479,12.335,-4.605,3130.0,-5.996,373.9587278,64.54852366,-39.22477677,6.116047068,-0.497767987,1.346980131,0.102424942,194.6349027,-23.96612449,33.47146409,58.12037392,5.528431843,218.8386688,-27.9249635,-25.14370375
Driver,89.09269864,-2.0,3.6,2.952755906,54.499,1.718,8.869,-13.167,-16.769,81.85419649,0.9187,7.264,-11.133,2400.0,-49.688,75.9722179,5.157020979,-17.52996014,5.693364262,-1.146078179,0.658784104,0.145377,48.10145657,-12.86635677,9.00936645,65.19214289,1.366206,94.61999518,-28.9123524,-11.02465618
Driver,86.92734431,-2.3,2.5,2.480314961,57.632,0.994,18.333,2.654,0.154,116.1840104,1.3366,16.07,2.666,4340.0,-0.676,331.3662562,79.81294724,13.48525535,5.667718745,0.257535508,1.653004826,0.105728,169.7811182,6.772479283,42.3539203,55.44221393,5.769428,183.7058342,7.268069391,-3.377135152
Driver,97.17027559,-0.829,3.287,1.102362205,46.959,2.513,6.302,-3.344,-6.631,141.203248,1.4532,5.562,-2.649,1420.0,-21.054,261.6082089,15.79760724,-20.47318662,5.977820115,-0.28877239,0.574739837,0.087856,150.6762585,-15.57672445,10.34969047,86.85683556,2.84973,218.4404631,-26.681576,-25.90062294
Driver,103.8296349,2.663,6.503,-3.385826772,49.594,8.773,14.751,1.252,-5.252,149.2318361,1.4373,12.927,2.072,2950.64,-17.122,480.0364977,94.0484842,-23.29229591,6.081247306,0.203715279,1.408814135,0.086678,242.8347703,-25.02144871,38.49342633,61.86847782,6.564449,264.951054,-30.19581635,-101.2143932
Driver,114.0345383,1.727,-3.939,-2.322834646,47.326,-2.346,16.548,-0.362,3.578,165.5339567,1.4516,14.532,-0.87,3410.0,6.084,567.4110873,151.7735244,14.35469615,5.827532154,-0.082959777,1.532761798,0.075398276,271.9796611,13.03938458,49.77154852,66.90742548,8.006744652,283.8453153,14.13940467,51.48843683
Driver,97.39396922,-1.7,1.3,2.125984252,52.058,-0.119,6.238,-6.111,-7.411,138.4773175,1.4218,5.421,-5.274,1530.0,-16.57,257.5002505,15.25566447,-30.31128953,5.705173323,-0.533738437,0.535164918,0.085454,148.2961742,-20.48863619,10.33558869,85.10058491,2.86028,214.3863892,-32.84237283,-20.70427843
Driver,85.08858268,-3.672,0.98,4.409448819,57.744,-1.341,13.971,-4.897,-5.877,116.0914012,1.3644,11.735,-4.124,2720.0,-12.019,299.5697782,42.41951598,-32.68651849,6.10068895,-0.451584642,1.263014396,0.1113544,164.2175728,-22.64245812,25.78904585,59.79210288,4.489153929,196.3583134,-29.22025671,-32.66064315
Driver,99.99552613,-3.7,7.7,4.527559055,54.007,4.904,8.276,1.526,-6.174,140.9325787,1.4094,7.043,2.148,1940.0,-3.269,345.7954487,29.93177203,10.10666206,5.793409635,0.214916267,0.71570036,0.085613,189.6334275,4.45385296,16.98420371,72.93565664,4.03329,240.3653398,4.885511082,-7.964837357
Driver,98.94192913,2.9,6.3,-3.937007874,47.649,8.981,13.306,0.41,-5.89,144.001879,1.4554,11.832,1.331,2430.0,-23.018,423.0453711,68.20373595,-28.31619279,5.764429771,0.115470089,1.213265377,0.084714,221.3879082,-28.88925719,31.67247945,62.1184376,5.637673,249.7383163,-37.15774163,-101.9398311
Driver,90.25590551,0.985,2.816,-1.220472441,52.522,3.572,18.164,3.709,0.892,123.7014585,1.3706,15.269,3.55,3560.0,0.579,371.610261,82.70266652,23.50734532,6.050262624,0.375421539,1.66699629,0.105430214,190.9141276,12.72021156,40.42365433,57.67155564,5.991258564,208.331271,13.94743912,2.702262267
Driver,80.28364352,-1.775,1.894,2.401574803,52.844,0.548,16.326,-3.332,-5.226,108.6618647,1.3535,13.435,-2.459,3248.59,13.693,280.816361,50.56412967,5.652466882,152.2407696,10.39912824,-3.174144264,4.94543,147.4956665,9.477573659,33.11163784,53.37937269,4.72543,167.6203909,13.33257697,47.3519772
Driver,90.28722262,3.463,-4.826,-4.330708661,51.481,-2.065,17.379,2.771,7.597,128.8370168,1.427,14.947,1.378,3550.91,16.347,387.9085551,84.68024072,40.78272073,5.970269689,0.163017866,1.607878081,0.099662,198.8342392,31.49655989,39.97582453,58.29944812,6.070407,216.741106,36.38321269,80.29858356
Driver,113.7146564,-2.4,0.055,2.913385827,48.665,-2.058,15.182,5.855,5.801,157.5131979,1.3852,12.987,5.1,3620.0,11.856,523.4749862,124.0763211,83.88301653,6.423353563,0.586410808,1.523191809,0.0868918,253.3650543,52.08364984,46.15385795,62.90042324,7.39081,266.8194447,56.06685913,89.50729537
Driver,101.5994094,-3.85,2.704,5.354330709,42.062,-1.573,15.706,1.875,-0.829,144.9413923,1.4266,13.419,1.977,3294.29,-2.377,472.969696,103.1270575,9.734591985,6.240799798,0.212497534,1.518938277,0.0918567,235.4737087,3.163140296,42.32150255,60.98379898,6.82202,245.2609713,3.123695286,-14.88436566
Driver,84.90068003,4.145,8.8,-5.0,58.733,11.322,8.955,0.718,-8.083,125.5907749,1.4792,8.002,2.351,2339.84,-44.003,227.7203808,19.06811501,-8.21880645,6.471833315,0.225883913,0.890414602,0.10779073,132.9445921,-13.54185691,13.76419448,75.1989009,2.902322333,186.9139679,-27.61111924,-56.86690898
Driver,103.2927702,0.4,0.6,-0.157480315,53.367,0.349,12.054,-1.755,-2.32,152.6659807,1.478,10.446,-1.391,2490.0,5.723,484.0817789,76.80051927,0.192211284,6.010809881,-0.144904926,1.119705127,0.082913,246.9615971,4.043623018,33.47046157,62.66914697,6.165904,273.8229779,5.592498024,30.10996911
Driver,99.58169291,1.625,3.695,-2.204724409,45.825,5.275,16.49,1.392,-2.303,144.7241858,1.4533,14.38,1.734,3070.0,-8.834,472.0056589,104.5165739,-7.883318357,6.077101312,0.174840282,1.573524492,0.089938,237.2814123,-10.73784556,41.89650466,61.882131,6.797961,256.1701835,-12.80199628,-53.7166905
Driver,88.1285791,-2.312,-5.121,3.622047244,43.245,-7.581,13.836,-6.171,-1.05,129.5219667,1.4697,11.651,-6.024,2816.38,-6.071,378.0493649,59.49034367,-48.16628374,6.121457729,-0.648664524,1.268500476,0.100083374,198.8485133,-28.81949363,30.69088476,59.8249985,5.36247575,226.8785571,-33.98756112,-24.03756583
Driver,89.24928418,-5.1,8.1,5.511811024,60.915,5.066,9.295,0.712,-7.388,121.8694077,1.3655,7.443,1.616,2510.0,-21.124,269.825227,23.97560962,-7.320758556,5.947721261,0.147981395,0.774151997,0.101995,148.9658236,-10.252273,17.00430095,64.53794672,3.622332,191.3875265,-17.67862473,-43.31756146
Driver,79.48505727,0.1,-5.1,-0.157480315,48.816,-5.071,16.307,-5.72,-0.552,114.5277827,1.4409,13.574,-5.623,3110.0,-2.232,315.6762862,55.07216553,-33.1499117,6.047060724,-0.595182103,1.462135419,0.112837,169.1201305,-19.0127209,31.80285324,57.00988862,5.019052,193.8979447,-22.13220679,-7.366459403
Driver,70.46573014,-2.412,1.653,2.480314961,57.22,0.099,17.252,25.353,23.7,69.72798855,0.9895,13.645,20.64,4010.0,39.321,94.61572477,12.67137238,37.98627166,5.613309619,2.0308475,1.276716874,0.172614,57.75853871,25.9466566,18.2956047,50.39372611,2.107582,85.90596646,41.27127982,18.27481154
Driver,92.93799213,-0.3,-0.5,0.354330709,53.706,-0.84,12.711,-2.041,-1.541,136.9244363,1.4733,10.888,-1.814,2494.15,-7.858,401.1260305,58.09711757,-24.02930627,5.769618775,-0.188945916,1.114120413,0.088831,212.4489025,-17.04128281,28.65264318,62.83851035,5.341154,244.4897607,-21.2000136,-30.98803891
Driver,98.06281317,-7.637,-5.083,8.543307087,56.134,-10.246,12.533,0.345,5.428,135.356344,1.3803,10.327,-0.266,3072.92,14.881,398.8196906,59.42750246,23.42595876,5.91637686,-0.013583834,1.090065821,0.0920118,206.1995577,20.78085781,30.63988869,59.21929669,5.47451,223.2402862,24.31566503,65.1991609
Driver,101.1274159,3.189,6.529,-4.173228346,49.847,9.222,18.592,3.485,-3.044,146.1828919,1.4455,16.425,3.936,3207.41,-11.501,481.1021099,123.5784374,0.679452408,6.037712923,0.40229447,1.797560503,0.08939,239.5443622,-8.896679712,45.96882221,63.63530541,7.195387,254.7108947,-10.68437806,-75.92156692
Driver,104.9973157,0.7,6.5,-0.826771654,50.918,6.97,7.843,2.546,-3.954,155.8956693,1.4848,7.015,3.091,1460.0,-19.596,385.464045,34.05081865,2.436712172,5.918700209,0.307064815,0.729578794,0.079061,209.8778954,-5.624879147,17.6170554,76.94905881,4.157175,262.6227636,-11.57093395,-50.78897611
Driver,89.37007874,-2.096,6.97,2.519685039,57.417,5.629,5.341,-9.124,-16.094,124.6805655,1.3951,4.426,-7.111,2730.0,-43.324,172.5599584,7.905948044,-31.96492947,6.150743055,-0.799298754,0.462769992,0.102439717,101.2621792,-23.98674297,7.445962666,82.24574002,2.074299375,164.0627559,-46.61686045,-34.87068017
Driver,90.976199,-1.178,-5.648,1.535433071,47.779,-6.717,7.748,-13.827,-8.179,125.7267806,1.382,5.722,-11.948,3438.17,-30.606,275.141323,20.51321976,-81.06665235,6.307339671,-1.3381562,0.635404603,0.104484,147.5140256,-52.57113764,15.52052765,64.05115981,3.52824,186.2184788,-72.64213799,-68.69539806
Driver,99.81657122,-1.8,-5.8,2.874015748,46.139,-8.169,13.65,-1.093,4.876,145.2715641,1.4554,11.443,-1.687,3340.0,8.536,461.3912888,89.62589867,7.167948563,5.808935303,-0.175234306,1.193884799,0.08461,228.9475969,9.796615526,40.01800191,59.29025907,6.498937,247.362576,11.7964526,49.57886248
Driver,107.7576951,-0.4,-0.2,0.748031496,47.456,-1.29,12.902,-1.533,-1.179,160.0492126,1.4853,10.997,-1.295,3039.73,4.933,534.1484791,105.2264203,2.405363651,5.90145582,-0.135706459,1.165290533,0.077831,261.26964,5.36069254,41.67313522,62.0002267,7.067731,280.0650039,6.484413674,33.78839268
Driver,93.79473873,-3.9,-2.5,3.779527559,57.253,-5.176,15.935,-3.92,-1.42,137.7731299,1.4689,13.642,-3.645,5480.0,-2.889,411.217707,110.4354488,-34.20195337,5.727565504,-0.380321222,1.4283369,0.089094,199.2665451,-19.16651385,48.97036997,59.02445308,6.737406,207.8680424,-20.16679925,-19.55471471
Driver,76.76717967,4.365,4.564,-5.393700787,53.462,7.806,21.697,1.132,-3.432,98.05856299,1.2774,18.282,1.854,3390.0,3.383,252.5487034,56.18743361,11.12750104,5.781424443,0.191723432,1.902301622,0.129326,138.1445388,7.407844822,35.75694674,54.02924678,4.754535,157.792536,8.808829574,8.8231218
Driver,80.49838941,-6.509,5.95,5.866141732,64.807,2.873,18.905,1.975,-3.975,108.1945687,1.344,15.678,2.514,3510.0,-6.9,293.5535451,59.50820551,4.346994244,6.053751278,0.255861105,1.702319937,0.120964,157.0985032,-0.524568363,35.19679014,55.19048777,5.056839,177.5665198,-1.431437163,-22.2447456
Driver,89.56021832,-1.195,-0.915,1.850393701,44.286,0.31,14.233,-3.322,-2.406,127.0096636,1.4182,11.425,-2.87,3584.49,-0.973,356.7810009,58.60451102,-23.0996204,188.5301938,-16.00484014,-0.409594699,5.11809,187.7235659,-15.89185239,30.39087219,63.91178222,5.08809,214.8240274,-19.71981405,-19.51902164
Driver,108.249821,1.1,1.3,-1.25984252,49.104,2.276,12.399,-0.945,-2.245,161.7336256,1.4941,11.189,-0.634,2930.0,-7.36,543.7722794,105.4750963,-28.20839376,5.638730464,-0.073783509,1.130790782,0.073571,267.7857308,-20.49203872,40.77383713,62.66779872,7.093977,288.0196414,-23.22594171,-52.60914105
Driver,87.24275233,0.013,0.147,-0.039370079,44.347,0.134,15.298,-1.333,-1.48,128.3059681,1.4707,12.219,-1.024,3940.15,-3.876,375.8511831,70.1566395,-20.77087786,194.7218466,-17.20164937,0.639988647,5.47401,195.6183013,-17.34684628,34.12374866,61.62054042,5.51,218.1262362,-21.11703256,-41.58573208
Driver,90.88672155,7.569,10.775,-9.173228346,60.633,15.063,17.401,-0.087,-10.862,131.2721457,1.4443,16.237,1.277,2280.0,-36.371,359.6358412,68.06030457,-32.19708938,5.845672514,0.101064112,1.692839004,0.0960712,198.1140662,-35.6557914,31.42511169,65.04704377,5.150416828,229.0620046,-47.9658565,-119.970037
Driver,80.61918397,-2.377,-0.788,3.267716535,43.851,-3.264,14.167,7.339,8.127,113.1285791,1.4032,10.456,5.456,4650.3,5.142,298.6781804,47.13791712,34.98481825,6.053239693,0.583311919,1.136915541,0.113293,155.0161092,20.52832055,31.62018271,52.93601568,4.799703,175.3049276,23.90288392,17.4779784
Driver,107.654796,1.627,1.614,-1.968503937,47.123,3.125,13.217,-1.252,-2.866,151.836301,1.4104,11.781,-0.887,2230.0,-8.948,479.401666,78.55466789,-24.02395614,6.286083616,-0.104956639,1.323389202,0.0875331,249.9758224,-18.50717745,32.49871437,65.45081084,6.0633,278.7999491,-22.32138518,-43.93752357
Driver,88.7325519,2.429,-6.123,-3.346456693,44.964,-3.689,20.939,6.582,12.705,125.6156049,1.4157,17.963,4.366,4533.78,22.382,363.9424191,98.71999683,72.46052815,5.911799729,0.482557417,1.9391112,0.103095,184.3014591,51.57662355,45.27129442,58.17940684,6.22809,196.8681343,56.94790866,113.8715101
Driver,72.47226199,-0.407,-2.357,0.433070866,54.821,-2.644,21.508,-5.007,-2.65,94.71948819,1.307,18.309,-4.589,3030.0,-4.285,235.1381397,49.94781638,-21.64754966,5.547377753,-0.449042439,1.819267156,0.12830681,130.942038,-13.62320974,33.22474602,54.23668972,4.452587647,153.4169143,-16.42974477,-9.480116684
Driver,81.78462777,-4.549,6.523,4.409448819,60.147,3.906,25.019,2.294,-4.229,105.9757516,1.2958,20.729,2.978,4560.0,-6.146,290.5758034,83.33746988,5.483783992,5.952136641,0.298435759,2.269916014,0.125523,151.4009065,0.286825402,44.94578897,55.57036178,5.621353,163.1274816,-0.082639815,-22.73761307
Driver,91.80162849,3.307,3.04,-3.779527559,53.563,5.485,17.794,0.289,-2.751,125.1928239,1.3637,15.945,0.657,2340.0,-10.334,368.2131529,72.51484402,-9.32630327,5.996316144,0.059423958,1.714355016,0.103218,198.9626937,-10.32190553,33.98538747,62.1211469,5.53995,216.0205694,-12.21697963,-37.79871844
Driver,103.7535791,-3.756,-3.897,4.645669291,49.578,-7.102,13.352,0.517,4.414,147.0548497,1.4173,11.258,-0.042,3160.0,9.381,472.6880492,86.04137613,22.31400459,6.204841957,0.005510299,1.259685184,0.0891848,236.8111826,18.24026028,37.65312944,60.09149142,6.44835,256.6036745,21.19417582,55.23999397
Driver,88.81755548,-1.2,3.4,1.377952756,56.051,2.117,13.555,0.836,-2.627,117.2006979,1.3196,12.033,1.317,1800.2,-7.295,279.3556123,37.08940078,0.813372572,5.698721933,0.105629258,1.201632144,0.102894,159.3978774,-1.574665735,22.23342731,66.29499522,4.010253,200.2404825,-3.200589322,-15.71299733
Driver,96.24194703,0.172,1.629,-0.196850394,56.351,1.743,12.418,-5.407,-7.036,141.0972173,1.4661,10.893,-4.504,2470.0,-20.152,407.3881915,58.27851762,-60.64861312,6.027724546,-0.490272413,1.163617364,0.090091594,216.0346117,-43.27954163,27.98895234,63.90420897,5.290089089,249.3444467,-54.22957225,-79.57469477
Driver,106.0218325,4.1,8.1,-4.881889764,51.698,11.236,8.576,-0.297,-8.397,156.9264495,1.4801,8.046,0.881,1740.0,-49.299,325.3505987,29.10442333,-26.51488736,5.845567038,0.061322576,0.819135208,0.077761,183.8992404,-29.10931948,16.0181367,81.73954854,3.493343,240.4632911,-49.02232376,-95.6934541
Driver,98.13886901,-0.4,1.6,0.984251969,35.525,0.384,44.905,-6.582,-8.109,107.5952935,1.0964,36.187,-4.283,9440.0,2.988,264.0305416,147.8550692,-10.10823509,3.787259581,-0.278599327,2.808631223,0.091591,119.1038002,-4.291437018,64.76053308,66.42327107,6.5391,114.6754585,-4.175112268,13.8293499
Driver,105.8876163,-5.015,-5.061,5.866141732,52.971,-8.856,15.166,-5.122,-0.062,149.2806013,1.4098,11.994,-5.112,4702.49,-0.112,472.7250447,117.644343,-41.16221319,6.456131538,-0.575450559,1.425371285,0.0918717,226.5403995,-20.45409191,47.97210944,60.70078571,7.12626,236.3759934,-21.35045021,-0.809314515
Driver,104.9190229,4.3,8.7,-5.472440945,49.692,12.38,15.593,3.305,-5.395,146.3665444,1.3951,13.862,4.208,2790.0,-14.254,472.1270584,95.47471173,2.246929958,5.691085468,0.4059824,1.414186618,0.082954,241.305052,-9.33493017,38.71273901,62.61155191,6.555801,263.6329173,-12.50835259,-81.00858055
Driver,83.78444882,-5.788,4.818,5.94488189,57.335,1.092,22.467,1.108,-3.71,110.3339746,1.3169,18.775,1.639,4080.0,-5.725,310.9376262,80.94860255,-0.160732625,5.99736636,0.162485959,2.053395602,0.119754,161.8773136,-2.786050749,42.69822843,55.91847083,5.660332,176.2365568,-3.513125941,-22.2427421
Driver,98.4341446,3.871,1.527,-4.763779528,52.375,4.517,13.396,-2.109,-3.636,144.3933429,1.4669,11.917,-1.53,2270.0,-13.59,436.8635863,69.05055255,-33.11869798,6.167518544,-0.175943269,1.309200024,0.0903402,231.0771797,-25.63405178,30.58073301,64.81764482,5.67331,261.2750966,-31.56193617,-58.47944649
Driver,101.1453114,4.155,-0.783,-4.330708661,52.717,2.388,12.222,-3.308,-2.525,148.1831603,1.4651,10.483,-2.754,2680.17,-11.247,463.2404157,71.80487134,-44.31938782,6.215928478,-0.309019018,1.165586861,0.0883301,237.6551526,-30.44121742,32.26755746,62.10285165,5.97995,263.6488626,-35.86827486,-57.24389667
Driver,80.64155333,-2.0,-7.488,3.188976378,46.888,-9.362,14.797,-3.582,3.906,117.0602183,1.4516,11.756,-4.315,3630.22,14.07,300.2552723,48.57940623,-4.104184838,164.4168508,4.020512226,-3.855641786,4.86113,158.0991238,3.263128223,30.30111385,58.31486768,4.60113,182.1927553,5.974929014,45.44006748
Driver,73.53480673,-2.347,-5.654,4.015748031,44.442,-8.049,17.188,-4.442,1.212,105.5071135,1.4348,13.48,-4.683,3891.71,14.992,244.5204177,40.72415115,-7.451761009,142.4084662,0.212467778,-4.105338188,4.33907,135.1301273,-0.310718417,27.85514332,58.7744165,4.04907,161.0117869,1.456912848,32.16807366
Driver,99.93736578,-1.048,-7.424,1.377952756,50.96,-8.274,20.07,-0.199,7.225,140.9408554,1.4103,17.236,-1.241,4200.0,12.044,443.1992879,129.9186974,25.59132228,6.108208122,-0.115736444,1.925295595,0.0944584,216.3508952,22.16292519,49.92534324,62.83016911,7.166569876,226.7132741,24.05481907,80.4563096
Driver,92.58679313,0.181,1.538,-0.236220472,42.631,1.734,15.273,2.916,1.378,134.0640659,1.448,12.872,2.688,3210.0,3.315,415.9559916,79.96745724,25.81878058,6.389968161,0.303695245,1.481703411,0.101485,212.3336296,15.53323087,37.49432032,58.89412498,6.09904,231.7156315,17.40656798,16.75487801
Driver,88.09949893,6.714,0.901,-7.952755906,47.155,7.169,9.934,4.857,3.957,124.6027201,1.4143,9.091,3.81,1650.0,37.81,232.5356851,21.63588049,28.44391622,6.014233499,0.422844616,0.943174202,0.100986,137.7729775,23.47790726,14.54557432,77.93154986,2.9731,190.2692244,38.23381632,43.21553188
Driver,87.5,-1.296,9.085,1.535433071,58.8,8.299,18.948,-6.988,-16.073,113.072432,1.2923,16.323,-4.73,3810.0,-28.932,298.7070409,62.46624746,-59.50684905,6.169860386,-0.550537163,1.808477883,0.118401265,159.7952455,-45.53528819,35.47397563,55.73723772,5.062620733,179.4779982,-54.81952924,-98.24927632
Driver,83.89182176,-5.769,0.958,6.929133858,55.332,-3.049,5.667,1.883,0.925,121.7510737,1.4513,3.928,1.742,2110.0,3.001,186.1356124,7.838891385,6.467390034,5.905000867,0.181824668,0.397520935,0.100521529,108.2382348,4.145948274,7.218479789,81.1227834,2.255418005,171.0770335,7.085506862,2.568353965
Driver,95.68271296,1.301,3.709,-1.692913386,51.008,4.762,10.148,0.939,-2.77,135.9632248,1.421,8.438,1.483,2420.0,-9.523,365.343169,40.01184199,-1.58969611,5.931596238,0.145702989,0.882806263,0.091288,195.8369346,-5.008175557,22.19887552,65.12462794,4.6255,235.2371038,-8.185847794,-30.21950246
Driver,93.48156764,-5.414,-7.466,8.385826772,41.927,-13.523,13.222,-8.233,-0.767,130.1324266,1.3921,9.406,-8.072,4932.59,12.174,358.8041421,51.61232581,-30.35676973,184.1584235,-11.28605797,0.343644497,4.94696,184.5354441,-11.29005661,29.81214792,59.56248633,4.96189,208.3552439,-11.38465075,44.05573968
Driver,105.370884,-2.669,0.285,2.952755906,53.793,-1.671,18.127,1.969,1.684,148.9750358,1.4138,15.587,1.751,3770.0,4.492,488.7846699,133.6161766,28.5167959,6.250393567,0.196988294,1.784765172,0.0904777,237.3093687,18.08928994,49.04788171,63.9074004,7.43601,242.9956491,18.69886675,32.5521761
Driver,104.9659986,3.308,-0.221,-3.818897638,51.137,2.449,12.958,-0.179,0.042,156.163878,1.4878,11.226,-0.187,2685.97,-6.338,462.901198,100.4543268,-27.89440772,211.3076799,-20.94361382,3.941045317,6.51343,214.8942441,-21.68807259,48.02966499,54.17283979,6.71613,227.0576451,-24.1799787,-62.97052485
Driver,66.8821582,-1.58,5.69,1.377952756,66.183,4.992,29.824,0.561,-5.129,82.01816392,1.2263,24.089,1.64,4730.0,-6.764,189.1394863,54.21713581,0.554325785,5.806641822,0.152469745,2.573658794,0.162682,104.5182104,-1.294389827,40.73405406,49.99136276,4.373756,116.9570174,-1.801402187,-12.85466473
Driver,99.08732999,-4.177,-0.695,5.354330709,49.246,-4.303,13.767,0.307,1.002,142.5897011,1.439,11.733,0.189,2885.73,-0.278,451.8344208,79.57697115,0.888788441,5.940440664,0.01938936,1.245701772,0.088181813,230.5009744,0.273427407,35.7296508,60.76484897,6.18920449,254.4914896,0.253662979,-1.460758028
Driver,105.1852183,3.9,8.1,-5.0,48.883,11.539,12.358,2.711,-5.389,144.9243916,1.3778,11.061,3.539,2220.0,-12.276,431.5334731,65.72921438,6.36260049,5.808687624,0.349066511,1.141970009,0.084562,226.0548689,-3.726298717,30.57142682,63.18541621,5.611387,256.5915932,-6.67941152,-53.01359052
Driver,98.34466714,-1.567,-2.529,1.968503937,50.645,-3.815,15.125,-0.538,1.991,139.6859341,1.4204,12.294,-0.888,3953.67,0.213,440.327802,95.05396503,-6.113498354,6.099025299,-0.094278448,1.35482236,0.092852,217.4339134,-2.941338989,42.77662301,58.66780226,6.573329,233.101329,-3.12827626,1.285427073
Driver,109.9767359,-0.655,-3.14,0.826771654,47.113,-3.748,16.359,-7.357,-4.217,150.0680029,1.3645,14.198,-6.796,3320.0,-8.912,496.6027468,116.843579,-82.4118108,6.254119214,-0.750680721,1.615851829,0.0892214,245.0939338,-49.03522154,44.64254133,62.54187378,7.15878,259.969139,-52.97295886,-60.82189125
Driver,100.6531854,1.3,4.7,-1.732283465,47.484,6.031,15.6,-2.459,-7.159,143.4808966,1.4255,13.678,-1.176,3080.0,-17.729,454.6906379,92.39375588,-48.63318562,5.416595668,-0.125332723,1.328331351,0.080469,231.3048511,-38.08727548,38.99671485,61.1493736,6.456045,252.3062794,-44.31409381,-100.1905124
Driver,112.8981747,-2.655,-3.825,3.11023622,51.299,-5.955,12.732,0.804,4.629,159.4575429,1.4124,10.834,0.216,3140.0,10.912,531.4314835,100.794433,33.85515496,6.283956706,0.035693261,1.239774239,0.0831798,261.2609159,26.16051896,40.23321279,61.81165501,6.96207,280.3202009,29.75059584,75.54106504
Driver,92.91338583,-2.316,7.821,2.677165354,52.941,6.071,18.536,8.486,0.665,124.5841535,1.3409,15.854,8.395,3320.0,1.769,378.1760959,85.21774555,57.00233424,6.469332404,0.946928139,1.857426244,0.112232,195.0832677,31.20106064,40.31456498,58.49221389,6.05624,211.9057412,34.08387535,8.255602883
Driver,84.60764137,8.122,3.305,-8.582677165,53.682,9.327,7.673,-14.179,-17.484,108.5225036,1.2827,7.798,-11.278,3100.0,-81.773,89.75310588,6.455292866,-22.33595707,6.430426011,-1.326701879,0.802453363,0.12391,57.10493296,-17.20985193,9.332199373,84.24689451,1.23797,115.0992852,-41.08702528,-18.68632954
Driver,98.82113457,-4.1,0.7,5.433070866,49.101,-2.937,18.781,-4.572,-5.272,132.1617752,1.3374,16.589,-3.971,4990.0,-8.496,393.9179548,114.153961,-48.35828796,5.481729795,-0.395303354,1.664047012,0.090108,193.2329334,-30.31644759,49.54745496,59.83549438,6.714161,202.2350434,-32.22159642,-51.08310973
Driver,83.99024696,2.423,0.092,-3.937007874,45.036,2.514,17.222,3.773,3.681,125.5930118,1.4953,15.571,3.342,2122.44,-17.035,340.09956,63.0745993,-5.905315439,181.4684602,-13.0205629,1.716269868,4.86954,184.2579757,-13.55719985,31.97451894,63.78219652,4.97534,212.9447704,-19.16955614,-72.73950501
Driver,103.8945061,2.4,-2.0,-2.677165354,46.378,-5.018,12.365,0.201,2.4,155.4655064,1.4964,11.024,-0.082,2130.0,7.136,489.4686621,76.47161387,12.32749554,6.164223048,-0.009060658,1.209268031,0.083623,254.5024701,11.11569926,31.77758833,66.08130169,6.029604,286.5037242,13.99817379,34.43872941
Driver,92.0857194,-2.867,8.029,3.818897638,50.337,5.649,2.888,-7.706,-15.735,122.1964477,1.327,2.222,-5.877,2360.0,-10.074,150.2119024,3.619494257,-17.23894595,6.139758398,-0.637420067,0.232701713,0.104021,87.22135968,-10.87764063,4.176133386,87.07135254,1.738544,152.4856459,-20.57892076,-5.877947228
Driver,85.4353078,-3.445,6.566,4.251968504,48.778,3.543,35.297,-6.092,-12.659,99.21170365,1.1612,29.254,-3.631,6284.84,-10.546,256.2274582,104.063865,-30.15000846,5.330987939,-0.359007282,3.016806729,0.129106,129.8758109,-20.64642254,53.57569301,57.87015388,5.82888,133.6906967,-21.40918668,-37.45342077
Driver,96.86157838,5.138,4.791,-6.850393701,47.616,9.499,11.803,-4.651,-9.442,135.9822387,1.4039,10.753,-3.115,2480.0,-30.118,356.9660287,46.73382525,-51.92542237,5.898331586,-0.344699963,1.117970893,0.091408,194.0384462,-41.79804446,24.41368539,65.35647166,4.658691,231.2246986,-56.39528815,-94.31919791
Driver,83.04625984,-7.308,-4.393,9.37007874,45.45,-11.646,8.316,2.856,7.249,121.1386006,1.4587,6.145,1.838,2880.89,16.677,265.4160227,20.0716451,20.29149957,4.965675957,0.170534409,0.534468131,0.085230154,144.957531,15.78073955,14.92118507,65.24635027,3.478877297,189.8032044,24.42277602,33.45280851
Driver,82.51610594,-6.834,1.908,7.007874016,57.943,-2.396,24.034,2.408,0.5,109.8458751,1.3312,17.149,2.287,7494.97,0.705,289.3586296,77.03645234,12.25881441,5.923929004,0.237715797,1.864607827,0.118213,147.9839066,6.810998658,44.53769945,53.37830177,5.483641,155.1809569,7.172008964,2.719565025
Driver,70.63797423,-1.156,0.836,1.535433071,46.897,-0.246,15.037,-3.862,-4.698,90.01521117,1.2743,11.901,-2.919,2920.0,-10.45,175.3338616,22.20590931,-12.91018022,5.352733938,-0.283317446,1.104114995,0.126093553,101.868274,-9.430183987,19.99278333,56.32370988,3.128840379,136.0429846,-14.02178768,-12.75801411
Driver,84.48460988,-5.0,0.0,3.976377953,59.84,-3.59,28.593,2.592,2.729,111.8278006,1.3236,21.725,2.102,7640.0,3.223,295.7781344,101.6682162,15.50603331,5.648589979,0.199674843,2.294283641,0.114113,147.7911427,9.738332459,51.68068194,56.88888735,6.014534,151.2446806,10.02309815,12.96836849
Driver,106.355136,0.34,-2.218,-0.393700787,52.508,-1.957,19.28,-4.871,-2.653,148.7842251,1.3989,15.791,-4.353,5205.0,-5.001,461.0173784,145.3901792,-50.47964318,5.41144395,-0.41753431,1.583922701,0.0783872,218.3452699,-29.10854436,53.99020446,65.58391224,7.47966,224.0977093,-30.05905826,-37.79957243
Driver,103.5298855,3.044,3.899,-4.094488189,47.937,6.649,13.974,5.677,1.779,149.1403454,1.4406,12.368,5.408,2410.0,1.542,478.9685327,84.26258579,47.52046168,6.03637752,0.570223759,1.332426809,0.085809,247.5659569,25.99141082,34.72174633,64.1475811,6.260903,275.4057685,29.20308774,8.016710988
Driver,88.98756263,2.893,4.124,-3.74015748,56.0,6.077,17.77,0.607,-3.516,132.8923586,1.4934,16.038,1.038,2350.0,-13.829,406.2679371,83.22710959,-14.162698,6.105824176,0.097686151,1.756092324,0.099127949,216.5534298,-15.68976939,35.96898053,63.30332845,5.93168904,242.5664611,-19.76435005,-58.7995923
Driver,108.7844488,0.829,0.279,-1.102362205,44.609,1.12,16.654,1.741,1.462,152.9880995,1.4063,14.518,1.534,3260.0,0.716,514.0780652,125.7159665,15.52030358,6.005088879,0.161501492,1.575156793,0.084116,252.3876046,8.466231067,46.10700741,63.82432083,7.38722199,267.4419484,9.049714542,5.131634023
Driver,89.67653901,1.527,1.907,-1.968503937,51.406,3.126,21.441,3.569,1.662,132.3859162,1.4762,18.438,3.3,3960.0,0.614,413.5304298,121.8757967,24.30021181,6.144445092,0.354585439,2.076114975,0.101908,204.6857395,13.00416709,49.13551528,61.87777478,6.917308783,215.9694873,13.76421814,3.671615064
Driver,104.2658375,2.766,3.449,-3.622047244,48.91,5.863,11.499,0.214,-3.235,152.6836525,1.4644,10.275,0.676,1980.0,-15.302,450.3489417,60.85166352,-17.15672688,6.037322797,0.06034743,1.098102013,0.083123,239.9278931,-17.51359138,26.81556181,68.90868236,5.381891,279.0972731,-23.85255316,-61.00658003
Driver,111.5425913,4.9,0.7,-6.25984252,48.619,5.118,16.354,4.718,4.018,164.2644953,1.4727,14.731,3.871,2980.0,13.91,555.872379,138.761226,84.37324387,5.941740374,0.441335323,1.580699642,0.077539,271.1541309,55.33329386,46.98408574,65.90262855,7.692526,285.9028973,59.85716261,111.8596797
Driver,84.46224052,-7.205,-9.428,11.61417323,40.47,-17.95,15.5,-7.758,1.671,112.8690945,1.3363,10.415,-8.145,5709.21,19.668,270.0132335,41.69374316,-12.66181675,147.9336855,2.133812748,-1.473158988,4.36032,145.1657234,1.659404211,27.72279061,59.06040786,4.25032,168.2782821,5.527757994,66.62465972
Driver,95.39191124,4.0,0.2,-3.582677165,57.173,2.307,12.92,3.338,3.187,129.0392359,1.3527,11.141,2.572,2420.0,15.238,351.6306089,49.22347392,33.94833483,5.408311368,0.264516358,1.0654485,0.088411,189.7328962,25.34255855,26.61397893,62.09777437,4.863856,222.8534724,32.74662677,50.63729014
Driver,102.4852362,2.213,3.445,-2.992125984,46.537,5.543,11.231,0.421,-3.023,149.8434145,1.4621,10.002,0.841,1930.0,-14.021,430.5047063,55.40960376,-12.30179987,6.174687663,0.080259108,1.091453398,0.086569,230.8824064,-13.61422421,25.19303631,69.52493124,5.138834,271.7037721,-19.18362851,-50.98704566
Driver,103.8139764,3.752,-0.264,-5.0,49.167,2.985,11.727,-1.234,-0.971,151.0672423,1.4552,10.49,-1.081,1870.0,-4.435,448.6631659,61.64046495,-14.75564472,5.147623964,-0.09940457,0.955720138,0.07156118,239.5597012,-10.28454741,27.08797421,69.15305287,5.396819357,278.875176,-12.94062442,-17.30213061
Driver,74.68235505,-3.252,-6.49,4.763779528,45.474,-9.693,17.389,-4.596,1.894,103.4889495,1.3857,12.927,-5.024,4602.16,17.658,230.2042643,36.13833903,-6.130061396,136.1941601,2.578133359,-4.252767868,4.11023,128.2524982,1.649003764,26.19568533,59.39902795,3.80023,154.5987168,4.537654805,38.61959601
Driver,111.902738,0.5,3.5,-0.62992126,50.029,3.896,10.114,4.024,0.524,162.3769685,1.451,9.057,4.034,2520.0,3.162,528.6152657,78.8023355,43.68915133,5.768817618,0.400558776,0.932002044,0.074424,265.6384191,24.56153939,33.22515177,63.47492753,6.375651,294.2603491,27.889156,17.68048564
Driver,98.57059771,-0.701,0.079,0.866141732,50.752,-0.494,11.467,-2.614,-2.692,143.1786865,1.4525,8.689,-1.987,4046.05,4.534,443.3399611,77.10597032,-7.460145471,211.8687086,-1.684117378,3.510254235,5.97589,216.3168334,-1.593633224,37.82627026,56.47223509,6.17902,233.8491747,-1.323754098,17.72225713
Driver,97.25751611,-3.456,-1.069,4.606299213,42.977,-4.786,17.723,1.803,2.873,138.3267717,1.4223,14.612,1.358,4312.76,4.901,432.2021965,111.073782,23.27730086,6.319712521,0.156957407,1.68933847,0.0981525,212.046453,15.30902687,46.88885581,60.14004979,6.83298,223.169742,16.49411271,30.87743261
Driver,99.66893343,1.5,1.1,-2.007874016,49.963,2.303,16.421,-2.088,-3.188,142.1512616,1.4262,14.768,-1.707,3320.0,-6.793,458.7853299,108.3082292,-30.77262785,5.855818179,-0.182333806,1.5616716,0.088421,228.6354687,-20.8558503,44.11579479,61.19551706,6.866297,244.8283537,-23.12019263,-42.19293976
Driver,115.4236757,0.528,5.947,-0.62992126,48.524,6.413,10.721,1.421,-4.526,167.9988368,1.4555,9.495,1.977,2240.0,-23.653,520.0430102,72.06028728,-29.61914444,4.477567725,0.144885836,0.756378842,0.0556926,268.1506224,-31.81523782,29.33712849,67.60735553,5.93938,290.8416664,-38.29460906,-122.9451045
Driver,96.69157122,3.471,5.951,-4.606299213,47.406,9.147,18.465,2.675,-3.275,130.6708572,1.3514,15.876,3.269,3440.0,-3.491,407.6371981,97.05341614,15.08251453,5.883364247,0.331529408,1.689224278,0.097249,206.6353453,5.613850693,42.81711241,59.57472725,6.427941,223.4828652,5.675147547,-18.52224146
Driver,111.0773085,7.3,0.1,-8.818897638,50.31,6.208,17.176,-0.875,-0.975,165.1995347,1.4872,16.109,-0.704,2390.0,-6.423,565.8473618,144.697716,-26.92765952,5.736455308,-0.081008062,1.671427222,0.074878,280.1202676,-19.62165443,46.69510415,67.77895888,7.767498,296.4190017,-21.48497121,-48.56052977
Driver,109.2117037,5.3,-1.1,-6.417322835,49.69,3.333,15.245,-2.16,-1.06,160.1339925,1.4663,14.131,-2.064,2430.0,-3.3,537.6554474,119.8752691,-27.71366366,5.622506278,-0.202292664,1.428740523,0.074978,268.5761325,-16.96829301,43.01100408,64.94909077,7.260459,287.9876298,-18.65360605,-21.91086936
Driver,101.1811024,2.73,6.116,-3.582677165,49.089,8.484,18.183,2.949,-3.168,147.0199535,1.453,15.936,3.433,3350.0,-12.195,482.2720505,123.2632017,-6.200235218,6.039501015,0.348551308,1.743876125,0.088698,238.6945642,-13.04583066,46.12904596,63.19751207,7.194802,253.5809395,-15.15811129,-81.88319585
Driver,94.31370795,1.2,-4.8,-1.377952756,51.7,-4.352,13.792,2.522,7.435,130.4082409,1.3827,11.316,1.152,3736.15,26.418,364.816921,61.00920689,51.23586099,5.503781313,0.124845184,1.112671947,0.089295,187.3540128,41.49464213,33.37753434,56.26564121,5.37158,208.9727741,50.67551596,113.4392324
Driver,101.5658554,1.931,4.394,-2.283464567,47.738,6.15,15.278,5.384,0.991,148.9613905,1.4667,12.982,5.208,3404.84,4.131,490.4640879,108.3982638,55.04632416,6.057334196,0.554460584,1.42852884,0.0865575,241.7169051,31.08327814,43.39028224,61.33577358,6.99994,250.7704792,32.5261589,27.58826681
Driver,100.91267,-1.541,-4.967,2.480314961,43.127,-6.613,12.715,-5.901,-0.934,143.0314961,1.4174,10.689,-5.765,2883.72,3.996,435.6149989,72.29067721,-35.59499023,218.2678638,-16.22275854,2.438344893,5.55591,221.8250064,-16.39891924,33.2548353,64.57009568,5.68976,249.1830734,-17.7221321,17.71514618
Driver,116.0746242,-1.455,7.035,1.692913386,50.808,5.849,15.402,6.485,-0.55,164.1651754,1.4143,14.02,6.533,2254.76,-1.827,563.4239277,118.6566201,57.88999009,6.412961099,0.7277743,1.627131929,0.0834448,285.5808971,28.49984678,40.55744857,67.37686859,7.21454,298.4906886,29.62888295,-12.04532799
Driver,76.27729062,-3.29,-6.115,3.031496063,65.395,-7.624,19.785,-4.399,1.717,73.93700787,0.9693,15.109,-4.768,3440.0,2.673,129.1163762,20.18549119,-9.909174397,5.256281824,-0.433506792,1.370832114,0.15326,76.7258062,-5.635704291,22.83478551,49.91537857,2.812233387,103.1544917,-7.337425187,2.232355024
Driver,99.36247316,-4.702,-5.97,6.456692913,46.357,-10.469,11.503,-2.704,3.266,140.4444792,1.4135,8.667,-3.288,4035.53,12.105,410.1981015,63.64224645,4.314287653,212.2418979,9.596063124,-3.604596967,5.70632,206.7264659,8.819322345,32.49697195,61.53159852,5.48632,230.4920412,12.05201422,61.95237711
Driver,77.86104152,-3.6,2.6,3.464566929,54.44,-0.456,25.15,3.273,0.69,102.2613189,1.3134,19.534,3.124,5700.0,1.103,266.3520503,73.4573359,15.51869768,5.925205861,0.327037678,2.125919259,0.128778,138.9493081,8.855761186,44.02842997,53.07057626,5.298879,148.8666691,9.547270313,3.856995484
Driver,95.47020401,-1.47,-5.928,2.125984252,50.454,-7.142,16.295,-3.382,2.546,136.5410254,1.4302,14.142,-3.706,2950.0,5.189,431.1854445,88.22977162,-16.70782867,6.210099532,-0.395754567,1.576764012,0.097349496,221.0162901,-5.323348201,38.63620989,60.60345564,6.294198765,242.6874984,-5.064667102,26.90828141
Driver,103.4560666,0.1,6.7,0.0,52.777,6.622,11.823,6.517,-0.183,153.6998926,1.4856,10.362,6.629,2230.0,-5.183,478.4957005,73.66817559,44.434036,5.848562924,0.671180313,1.079385995,0.080079,245.826275,19.73306185,32.32042692,63.48205278,6.008635,274.9549821,21.03467222,-26.0563624
Driver,103.6573908,-1.5,-0.3,1.771653543,54.884,-1.455,35.632,2.104,2.404,123.9311918,1.1956,26.729,1.376,10750.0,2.596,325.0151857,149.0773742,13.77026817,5.79686593,0.149338635,2.989077667,0.110434,152.2249445,8.63079207,60.60038224,65.85580243,6.867885,148.0086069,8.344907029,14.93622475
Driver,114.745884,2.315,-0.235,-2.795275591,52.371,1.551,15.168,6.956,7.191,147.8201056,1.2882,13.771,6.141,2354.92,19.438,463.3279735,85.95127559,84.189651,5.275272507,0.57667084,1.30157983,0.0759366,242.6994249,57.61559721,34.80092853,64.71842037,6.16534,268.5692272,67.05897309,96.19278939
Driver,95.50599499,3.158,5.086,-4.173228346,48.562,7.878,12.593,1.366,-3.72,138.899651,1.4544,11.096,1.97,2220.0,-15.913,394.0549986,55.26956583,-6.845230511,5.980666036,0.192978881,1.173917775,0.090829,212.2721253,-11.56616285,26.81158248,65.56955507,5.113919,248.1031461,-16.84987269,-56.53679478
Driver,117.1863815,2.886,2.33,-3.937007874,43.447,5.38,11.808,3.265,0.935,171.5797244,1.4642,10.506,3.126,2230.0,-0.713,579.2040086,96.99620734,29.28987216,6.055130702,0.329672145,1.135450652,0.074251682,292.232534,14.41160157,35.67267178,66.97099808,6.822472064,320.5251236,15.66172896,-4.579368421
Driver,95.86837867,2.1,2.5,-3.031496063,44.986,4.581,10.96,-5.672,-8.172,135.0914907,1.4091,9.648,-4.247,2400.0,-20.95,360.8705866,45.03924793,-51.41127853,5.64749215,-0.434532135,0.962556581,0.087797,192.9527059,-37.18130188,24.79735002,62.72578205,4.752211,227.697733,-48.3032996,-69.17295341
Driver,87.41499642,-2.1,1.9,1.929133858,59.544,0.518,24.12,2.338,0.438,120.9788833,1.384,18.543,2.309,6692.41,-2.06,333.8763219,105.7701652,7.564862024,5.459459337,0.205333054,1.871543719,0.099509,164.9143021,2.829428049,50.91483724,57.73142481,6.285774,170.246574,2.857120883,-11.44824462
Driver,96.33366142,2.368,1.854,-2.952755906,47.734,4.008,17.741,4.822,2.968,144.0110505,1.4949,15.051,4.278,3918.38,6.89,463.0763637,120.9209588,53.34105378,6.327809578,0.481466549,1.741139006,0.0945415,226.4761148,32.31901727,47.50185143,61.97004465,7.12456,238.0348673,34.52637369,46.52310762
Driver,82.67492842,-4.677,5.388,5.039370079,52.922,1.844,25.082,1.799,-3.589,113.8647548,1.3772,20.328,2.436,5410.81,-5.191,318.7363041,98.30427175,3.259535162,6.124992709,0.25039581,2.303558379,0.120083,161.3068344,-0.856086583,48.41687948,57.24954452,6.054569,170.1467234,-1.158602555,-23.13392211
Driver,81.73541518,-5.909,3.469,6.062992126,62.854,0.427,4.675,-2.778,-6.247,115.7627953,1.4163,3.371,-2.007,1740.0,-20.93,114.8508728,3.733640145,-5.911065785,5.618280406,-0.208963355,0.314586935,0.100352,70.88131625,-4.698099522,4.664043646,90.17195459,1.42691,131.029984,-10.65937422,-6.654898603
Driver,102.3957588,1.7,0.5,-2.165354331,47.664,2.115,13.304,3.475,2.975,148.6135469,1.4514,11.727,3.133,2400.0,2.937,470.9765417,78.18393113,31.01541789,5.855919972,0.322355669,1.223442898,0.083299,244.3733762,18.24461671,33.2631045,64.12006568,6.096738,273.5239836,20.99485462,14.69597776
Driver,101.0133321,-1.1,6.5,1.338582677,54.152,5.687,22.642,3.893,-2.607,138.5240694,1.3713,19.158,4.423,4820.0,-1.66,413.5357364,145.254567,24.78345849,5.707472959,0.437775477,2.023421392,0.090991,196.6916993,11.41720209,55.45131118,64.52131971,7.297803,202.1994917,11.68329352,-11.27982891
Driver,98.10307802,-5.909,-4.054,7.244094488,46.932,-9.605,10.45,0.806,4.86,144.5611131,1.4735,8.522,0.222,2890.0,10.837,435.3411116,56.80264262,21.6590431,5.180259739,0.027125728,0.78679805,0.0748544,222.5022743,17.6922546,28.66308251,60.81596305,5.53901,250.3871855,22.11234797,50.49821846
Driver,101.1162312,1.627,4.182,-2.165354331,48.26,5.634,13.456,3.863,-0.319,150.0688976,1.4841,11.86,3.907,2380.0,-6.441,477.6280821,80.27836222,19.51627967,6.102871496,0.410478374,1.290191332,0.08605,247.6469366,5.957710076,33.59498595,64.43341033,6.156964,276.621402,5.394812104,-32.77564861
Driver,99.00456335,-3.496,-3.442,4.251968504,51.64,-6.214,10.468,-4.789,-1.347,139.4266732,1.4083,8.736,-4.619,2410.0,-3.557,392.0972379,45.92854473,-36.04503473,6.311536056,-0.511318483,0.976329388,0.0947751,207.9508219,-20.95694854,24.09417178,64.56754424,4.93449,242.6250627,-25.19338778,-12.68391995
Driver,99.68682892,-4.864,-6.192,5.748031496,50.898,-10.158,13.189,-4.664,1.528,141.4748121,1.4192,10.748,-4.877,3441.71,3.106,446.866854,80.09752646,-30.10823446,6.417762907,-0.541860522,1.245697186,0.0958095,223.2240622,-13.15554361,37.49530858,58.44543897,6.26038,242.0903399,-13.81848191,17.51079181
Driver,77.64629563,-3.979,3.629,3.74015748,59.95,1.323,21.925,-2.692,-6.321,102.1644596,1.3158,18.385,-1.75,3700.0,-10.5,270.7135208,63.18158706,-19.70552478,5.999793923,-0.19947384,1.99431649,0.129037,145.4775544,-14.93998112,37.85244064,54.26065531,5.02571,163.3423187,-17.81609527,-31.54150243
Driver,99.77406943,-0.573,3.156,0.787401575,46.604,2.614,11.329,-0.168,-3.324,146.9964656,1.4733,9.669,0.306,2515.92,-12.423,442.2862636,60.64990347,-18.87802697,5.962477012,0.021770343,1.023665323,0.085177,229.8764036,-17.26831709,28.56311499,63.53465591,5.551572,262.5180258,-22.47731758,-55.47689629
Driver,62.64092699,-3.587,3.004,3.070866142,68.121,1.562,33.998,13.073,10.069,74.58840372,1.1907,27.352,10.913,5100.0,10.682,161.9678783,51.18853667,34.72189289,5.746716387,1.11152166,2.926216126,0.18247,90.25487543,22.34526885,42.03390748,48.31270482,4.115762,100.9122885,25.38334316,16.15870537
Driver,88.09502505,-1.24,0.995,1.811023622,44.845,-0.252,20.071,2.728,1.734,126.3958482,1.4348,16.806,2.444,4110.0,1.827,383.1821101,100.9357024,19.7840427,6.060158816,0.261102595,1.855553279,0.1043144,192.6120575,11.434385,45.78470876,58.86154509,6.42645037,205.6303708,12.36084233,9.674792053
Driver,84.70382963,-3.3,2.1,3.267716535,59.618,0.058,19.266,0.007,-2.093,117.4787491,1.3869,16.176,0.619,5570.0,-4.087,326.3271512,86.06395486,-6.051508156,5.629458024,0.026147559,1.665234756,0.104143,164.3732253,-5.263434429,45.63677518,55.04247028,5.885565,174.0375756,-5.822391896,-21.11400808
Driver,99.25062634,0.35,3.393,-0.472440945,48.639,3.702,16.21,0.891,-2.502,146.1218236,1.4722,14.797,1.125,2077.11,3.09,454.3695425,96.47213696,18.12020783,214.788547,11.17773653,10.86400373,5.82612,228.4849506,12.26529384,41.25526606,61.08128692,6.4299,248.0461291,13.79707199,23.3501836
Driver,97.29330709,1.389,4.016,-1.850393701,46.312,5.342,14.626,2.898,-1.117,141.684413,1.4563,13.04,3.037,2240.0,-4.709,437.0693898,75.40720534,15.13981206,5.864363834,0.307053154,1.366031551,0.0878997,231.1288852,5.356121551,32.64663086,64.44869335,5.85193,250.1160247,5.244504436,-20.68053947
Driver,53.48067287,-2.4,-1.6,2.204724409,60.098,-3.546,32.853,0.883,2.614,67.59328024,1.2639,26.32,0.468,4390.0,4.614,134.6415923,38.85823488,2.706978057,5.77412084,0.057212458,2.772533735,0.200287,77.40553824,2.26534625,38.13873246,46.21009871,3.586629,90.63710504,2.849818491,4.899867559
Driver,92.26243737,-4.341,-6.502,7.047244094,46.199,-10.676,12.383,-5.527,0.974,134.6452219,1.4594,10.39,-5.646,2670.0,2.634,393.4189904,55.82554435,-34.38830563,6.279828407,-0.615241645,1.158436606,0.098304595,206.5900993,-16.8541895,28.58640988,61.27872464,5.298599935,237.5952692,-18.8517102,10.45364288
Driver,100.1342162,-4.875,-4.283,5.748031496,50.478,-8.318,14.431,0.711,4.994,145.5637079,1.4537,11.551,-0.062,4302.38,9.387,459.5318992,101.7250211,26.83527895,6.455255102,0.006445191,1.362457551,0.094032,223.5483264,20.45620665,44.21003521,58.99444596,6.77881,236.4381544,22.57704217,62.09124684
Driver,102.0960093,-0.888,-0.529,1.062992126,51.143,-1.245,12.281,-3.521,-2.992,152.5020132,1.4937,10.76,-3.166,2363.4,-1.539,452.9453388,70.19731353,-34.83600371,205.9296757,-19.2060529,13.39499031,4.71739,232.00286,-22.97840715,32.37673421,65.55798827,5.64833,261.6880529,-27.25861023,-30.57914806
Driver,97.8614889,0.3,-5.7,-0.433070866,48.749,-5.54,18.557,2.275,8.112,140.1648622,1.4323,16.65,1.369,2913.29,9.661,453.5119865,110.8949085,32.94146524,5.256671793,0.133247928,1.582287539,0.081104,230.0014662,24.26799373,43.60328561,62.6007403,6.838665,247.5803891,27.27127535,56.390129
Driver,96.01377953,0.6,-0.6,-0.748031496,53.935,-0.526,35.187,-1.716,-1.09,117.3492305,1.2222,29.839,-1.445,6227.94,7.502,313.020541,149.4779555,10.87549247,5.075968902,-0.11417029,2.959173186,0.104724,146.7255348,9.612383727,60.94621604,66.03049908,6.838164,146.9633394,9.634963109,39.90421542
Driver,78.18763422,-1.0,4.4,1.023622047,70.514,3.677,18.269,-2.872,-7.338,73.1918844,0.9361,13.732,-0.995,3530.0,-17.236,118.7450804,16.79470359,-6.016739102,6.015519271,-0.134613088,1.406049462,0.176686,70.72663083,-5.531732883,20.85235804,49.28446533,2.588496,97.29179283,-9.168653324,-12.9194469
Driver,97.0293486,-0.041,5.02,0.039370079,50.94,4.987,11.831,1.942,-3.078,144.1573461,1.4857,9.864,2.463,2909.54,-13.414,440.8367287,65.32023514,-7.112572296,5.887064691,0.241238002,1.034435159,0.085857,225.4082202,-12.19358906,31.34373135,60.66200643,5.76806,253.1338016,-16.45323362,-65.56465018
Driver,100.5748926,-1.739,-0.086,2.283464567,49.24,-1.586,10.252,-0.022,0.064,149.9183518,1.4906,7.948,-0.035,3430.16,0.303,478.6252099,71.60758192,0.482869274,5.914780796,-0.003309991,0.850378342,0.0824875,235.2411508,0.455764743,34.58114389,58.27966808,6.20261,248.9074567,0.51612937,1.798395062
Driver,97.43199714,2.981,2.791,-3.661417323,47.431,5.533,16.792,0.669,-2.122,143.3169291,1.4709,15.154,0.932,2360.0,-5.505,462.2577557,95.59661521,-3.348883496,6.399625443,0.098634052,1.747910974,0.0959042,240.8420196,-5.481848077,37.89440967,64.32273427,6.43999,263.7671477,-6.812931232,-28.19275303
Driver,96.35379384,7.105,2.553,-8.937007874,55.324,7.5,4.535,4.63,2.077,132.2338046,1.3724,6.246,3.25,2881.96,8.826,320.4631054,27.63971278,30.98878041,183.3000227,24.12114132,-4.604150556,4.35732,170.7595175,21.45420677,17.98669691,67.46380945,3.94732,211.8659572,29.88301059,35.44674015
Driver,102.2168039,-4.952,-10.985,6.88976378,40.621,-16.783,11.386,-1.315,9.67,142.2857015,1.392,8.173,-3.26,5283.2,16.642,404.1776131,67.72234775,20.34249323,206.3966682,23.92194648,-3.370437688,5.79097,201.8195851,22.50457974,35.16094056,58.67240168,5.59097,219.9376679,28.00260415,101.6204054
Driver,95.82140301,0.3,-9.3,-0.393700787,49.141,-9.179,18.745,0.23,9.53,130.1697835,1.3585,15.825,-1.442,4280.0,11.382,386.0545221,102.7643075,17.86077585,5.636128226,-0.127036687,1.624864994,0.093688,190.9672201,16.48749748,47.11182149,57.98335577,6.490824,202.5726592,18.39503286,63.81006014
Driver,90.37893701,-3.9,-1.3,3.858267717,57.64,-3.937,17.581,-3.397,-2.097,133.5943092,1.4781,14.741,-3.023,3784.03,-4.15,415.0574852,99.16652208,-31.77624826,5.759541163,-0.318179334,1.536455082,0.092628,207.2084285,-19.11643065,44.19081524,58.99225718,6.538103,222.0659962,-20.91789761,-24.62675184
Driver,89.60719399,-5.987,-6.062,6.57480315,50.947,-10.944,8.998,1.071,7.134,123.9070329,1.3828,7.642,0.415,1849.99,17.084,247.6782561,20.36487343,9.403264789,6.353070349,0.059206828,0.840072783,0.10698,143.2080085,8.99663353,13.89766687,74.58961087,3.16087,193.7002768,15.1537524,23.88354959
Driver,93.76118468,2.581,4.568,-3.267716535,51.314,6.636,21.262,10.242,5.674,135.6583304,1.4469,18.409,9.31,4020.0,8.772,425.24528,127.1355079,88.63681807,5.871105764,0.961054405,1.980093567,0.094919,209.5614388,51.87363432,49.82786794,62.70008848,7.057887,220.1288489,55.05931322,55.03009603
Driver,90.60263064,1.557,-3.333,-2.125984252,48.854,-1.972,20.607,1.244,4.577,126.4651933,1.3958,17.565,0.463,3930.0,7.08,385.0894087,103.4788823,18.40522885,6.497636679,0.063952066,2.082815363,0.112369913,193.9761038,14.02205054,45.86789378,59.34312246,6.46249267,207.4579465,15.60761267,37.37464206
Driver,99.40721188,-1.42,0.949,2.322834646,44.275,-0.509,12.263,-2.802,-3.75,143.05051,1.439,10.12,-2.199,3159.04,9.216,435.3324009,73.91936964,10.32563173,224.3593401,15.60057535,-1.685391282,5.78833,221.5808535,15.05190581,33.02728234,68.4898328,5.68833,249.7623235,20.6145928,70.56996435
Driver,92.17967072,-1.6,-4.2,1.417322835,52.728,-5.956,12.263,-2.602,1.636,131.783733,1.4296,10.345,-2.715,2528.3,4.596,372.236357,51.18179884,-11.99930884,5.723207821,-0.2779306,1.049058652,0.091433,197.4108464,-4.178488701,27.43917164,61.17186294,5.073652,229.1763572,-3.934509952,15.525166
Driver,105.2120616,3.3,7.1,-4.37007874,48.567,10.07,14.263,6.093,-1.007,146.9649248,1.3968,12.577,6.261,2470.0,-3.476,470.0233179,83.80341738,43.56845651,5.83665803,0.633754153,1.310387969,0.084248,243.2991347,20.5834719,35.06686634,63.64920179,6.245512,270.2839727,22.23210722,-17.93346488
Driver,108.4891732,4.9,2.9,-6.338582677,47.836,7.276,19.61,-8.672,-11.517,141.6973873,1.3061,17.969,-7.291,2953.21,-11.758,459.9839558,123.4252072,-85.19563617,5.504247311,-0.708972979,1.797965719,0.084705,231.0727045,-53.19396085,46.27170357,63.60657401,7.096397,246.3738319,-57.88607529,-72.67890607
Driver,87.5246063,0.858,-1.451,-1.299212598,46.232,-2.273,14.349,3.886,5.337,124.7351467,1.4252,11.872,2.873,3302.36,-4.873,354.0928908,62.91810996,9.774370573,189.097821,2.831082548,-1.351227283,5.22791,186.7696669,2.87739362,32.54019336,63.03991176,5.13791,212.5951255,2.270018769,-19.4593113
Driver,90.69658196,1.385,3.149,-1.88976378,42.358,4.668,12.463,4.667,1.518,129.2025322,1.4246,9.641,4.272,3654.98,5.0,378.0970486,57.57371741,36.7626587,6.269059626,0.47309615,1.085225924,0.102129,192.4282629,21.65893681,32.23253026,56.22160119,5.43556,213.7838324,24.83802783,22.0667952
Driver,104.7244094,1.1,-0.1,-1.25984252,48.715,-1.17,9.446,0.284,0.384,151.5694345,1.4473,8.514,0.138,2510.0,0.069,464.944414,60.45343294,1.892097642,5.952333302,0.022805685,0.90167999,0.08219,238.1849234,1.020343033,28.68645293,63.10039106,5.68458,270.2944813,1.173407811,1.339993664
Driver,31.59001432,-6.6,0.0,4.881889764,68.265,-3.227,52.219,-0.127,-0.077,30.74467609,0.9732,40.715,-0.072,3490.0,-0.33,33.5494114,13.99267872,-0.0487631,4.141985895,-0.005845761,2.954267368,0.375086,19.77307698,-0.035419752,44.53169579,27.86879379,1.929809,24.85791577,-0.045882601,-0.031716568
Driver,80.45812455,-8.069,1.001,6.929133858,65.278,-2.741,13.672,11.165,10.164,111.0667949,1.3804,8.84,8.843,5885.0,16.654,270.9319147,37.26152267,60.76605335,5.478665525,0.863228835,0.871576642,0.103731,140.6801804,37.76266807,28.22894526,51.71982066,4.33544,158.9499498,44.6155128,49.44327122
Driver,97.53042233,0.9,-4.9,-1.25984252,47.754,-4.105,17.35,0.002,4.984,142.0177165,1.4562,15.576,-0.567,2617.03,6.796,459.6594062,101.9175117,10.15532334,5.280561879,-0.047336858,1.479810163,0.079916,235.9971446,10.1561619,40.61716763,63.02248263,6.641657,256.9649384,12.0175818,37.46668383
Driver,70.55073372,-0.561,4.273,0.551181102,57.724,3.919,14.336,1.147,-3.126,91.10459914,1.2913,12.324,1.584,1860.0,-7.611,162.8082506,19.98805258,2.638393162,5.874803696,0.155540372,1.238304175,0.136765751,98.19062856,0.652654445,17.66582982,62.66445369,2.80042451,140.811005,0.023179163,-6.185306515
Driver,79.18083393,-1.665,-9.649,1.614173228,53.534,-10.881,19.13,-2.481,7.168,101.8398801,1.2862,16.358,-3.502,2970.0,12.191,259.0040773,49.84070195,-5.090836231,5.350000849,-0.314373963,1.560393282,0.1136584,143.4721716,1.30736125,31.59968038,55.83337741,4.560833278,167.9566311,3.110489938,30.2049643
Driver,81.30592341,0.719,-3.55,-0.905511811,50.062,-2.948,26.523,9.114,12.664,104.582364,1.2863,21.893,6.552,5380.0,14.297,277.8088077,84.62514275,50.53995084,5.856057946,0.694783555,2.374172547,0.126356,144.2469708,33.48205243,46.20794197,55.03530236,5.560857,153.8431428,36.42434825,51.76085806
Driver,114.5132427,0.028,-1.373,-0.039370079,51.629,-1.351,13.914,0.502,1.875,161.6687545,1.4118,12.199,0.263,2780.0,4.917,549.8958698,110.5385379,16.66233774,6.438350318,0.034989449,1.423548804,0.0844854,272.9751054,12.68044328,40.87734081,63.87179548,7.17204,292.3570886,14.30605293,34.28595617
Driver,99.65327487,1.781,4.862,-2.401574803,48.317,6.449,15.511,-2.968,-7.83,139.5463493,1.4003,13.573,-1.814,3100.0,-16.198,436.3785891,87.01677029,-47.53146979,6.064419904,-0.208662425,1.476305299,0.092754,222.7274119,-35.80042855,38.16924666,60.31470377,6.273666,244.3330597,-41.82918093,-86.47118721
Driver,64.41481747,-8.978,-9.753,11.25984252,50.543,-17.224,10.521,-12.503,-2.75,93.42273622,1.4503,8.194,-12.169,2180.0,-7.95,140.198247,11.35274575,-30.92566185,6.233823827,-1.322028543,0.859770474,0.139692,85.06906777,-19.60821931,11.950507,66.04661409,2.2744,120.8117338,-28.57976683,-5.154821029
Driver,79.31281317,-5.097,-6.901,4.330708661,68.552,-8.909,19.241,-5.221,1.68,107.1868289,1.3515,16.158,-5.449,3290.0,2.49,290.5860911,59.43986543,-24.17662644,5.947945193,-0.561532009,1.723089521,0.120190794,156.4723716,-12.28116084,35.00085334,55.54631512,5.031617558,177.6435736,-13.63982148,7.761202238
Driver,74.50116321,4.847,1.336,-7.480314961,42.104,6.721,15.636,-7.761,-9.097,94.30610236,1.2658,13.463,-5.853,2670.0,-27.723,189.5279271,26.80613504,-30.34566615,5.356845973,-0.571850237,1.25485574,0.121104055,110.9185368,-23.3685953,21.79864327,58.315721,3.310094697,145.3639155,-34.44840387,-36.56869162
Driver,101.0826772,0.412,-7.349,-0.551181102,49.0,-6.991,18.496,-1.788,5.561,139.0195508,1.3753,14.201,-3.175,6203.25,10.898,407.758072,114.6730787,9.760674428,5.986871949,-0.314255517,1.559989342,0.092667958,197.1784759,12.39315816,49.84291216,59.50918348,6.760900436,204.2327181,13.36914818,69.82031858
Driver,98.65783822,-1.6,-3.2,1.535433071,54.67,-5.064,15.303,0.265,3.596,143.5070687,1.4546,12.214,-0.382,4500.0,11.419,441.3400485,103.7525725,29.58119683,5.896736798,-0.028197102,1.308511412,0.087421,214.6688858,23.27312526,45.76757986,58.10422478,6.772236,226.8722474,25.67425901,74.08617858
Driver,24.40050107,-6.2,-2.4,4.566929134,69.803,-5.399,44.685,-3.264,-0.705,25.82296886,1.0583,30.9,-2.958,3502.31,-0.545,21.0715404,6.279747384,-1.063657612,5.839089492,-0.308560726,2.056689296,0.558368,13.16519647,-0.699318443,33.41282254,23.79702429,1.299145,18.55121095,-0.987624017,-0.059910712
Driver,68.52406943,-0.6,5.0,0.669291339,76.921,4.361,33.807,7.964,3.019,70.2845383,1.0257,27.029,7.382,4740.0,8.128,145.466822,44.08789848,21.25713862,5.717724443,0.752350994,2.850210628,0.192018,82.55358766,13.92858425,40.1234783,47.05569534,3.819156,94.370046,16.24258948,10.07514432
Driver,107.9791518,3.553,0.495,-3.897637795,60.078,2.543,19.4,-3.884,-4.378,150.1261632,1.3903,17.423,-3.304,3060.0,-9.708,504.4178199,137.3209236,-56.02393978,5.732125175,-0.340440504,1.830746678,0.0829952,249.4266725,-36.87501927,48.31742051,66.58474121,7.49239,262.91147,-39.741243,-67.78890733
Driver,100.5637079,4.341,6.31,-5.511811024,51.074,9.825,19.434,3.453,-2.857,145.9547244,1.4514,17.068,3.926,3490.0,-11.951,476.9673685,131.7378418,-3.071963987,6.049670664,0.40053368,1.879127849,0.090081,234.7755071,-11.25499246,48.15287713,63.97270952,7.321859,247.8009775,-12.95127568,-81.85413724
Driver,85.38385827,-5.428,-5.142,5.708661417,55.597,-8.873,11.248,-5.727,-0.586,119.8825608,1.4041,9.184,-5.653,2460.0,-1.295,290.6170292,31.5846417,-29.48149291,5.295258804,-0.522480099,0.853478963,0.0924672,160.8381632,-16.83505526,20.18928135,63.75075581,4.03315,198.097118,-20.97648847,-2.991276179
Driver,114.9628669,-0.569,0.239,0.787401575,49.266,-0.251,12.184,1.218,0.979,160.2695508,1.3941,9.46,1.005,4348.51,6.187,510.9808013,124.4845104,27.42345285,232.9571648,17.85035321,1.111081938,7.41247,233.8810391,17.9799975,49.772903,57.19921123,7.46378,243.4610403,19.39407832,41.66153341
Driver,110.9363815,3.066,3.541,-4.133858268,47.716,6.333,16.471,6.85,3.308,153.8282928,1.3866,14.507,6.345,3090.0,4.752,518.6344757,123.3721774,69.5651619,5.845071211,0.650229658,1.529587473,0.081365,255.9809635,39.33961218,44.97793319,63.94465651,7.333518,272.4998879,42.44586293,33.43496371
Driver,99.25062634,4.056,1.215,-5.0,53.777,4.193,18.394,2.451,1.235,147.024651,1.4814,16.183,2.251,3240.0,3.066,488.5799678,126.9077639,27.21544074,6.056958908,0.24142812,1.789861594,0.0890312,241.6557517,16.40886654,46.69487855,63.87743168,7.30039,255.1942787,17.61300158,20.77960922
Driver,99.33562992,6.246,8.303,-8.031496063,47.164,14.127,12.19,5.023,-3.28,148.1985952,1.4919,11.113,5.628,1810.0,-28.144,402.4714122,53.66824898,8.415733452,5.976518095,0.567418563,1.171135497,0.084990199,220.9323367,-7.967344047,24.53354687,71.66661957,4.850145793,264.3163748,-15.81682503,-88.74453911
Driver,110.8580888,5.7,4.3,-6.57480315,51.507,8.849,12.574,-0.831,-5.131,159.5177165,1.4389,11.815,-0.085,2080.0,-20.142,496.037751,83.26159331,-41.87679124,5.759479651,-0.040349332,1.212376685,0.076332,256.8430421,-35.74858251,33.5816283,65.64684484,6.159981,286.3561293,-43.91875862,-106.1136534
Driver,100.8612205,-4.442,-10.151,5.62992126,46.461,-14.384,17.898,2.404,12.554,138.6110863,1.3743,13.539,-0.191,6907.63,19.516,393.5533559,104.3784045,51.67765828,6.475514462,0.020827873,1.632651786,0.100193,191.5997524,39.06328556,47.72576436,57.88378572,6.4886,197.9786062,41.25760782,119.0650941
Driver,89.11730494,-0.755,1.155,0.826771654,53.3,0.592,11.376,-7.573,-8.728,122.9158465,1.3792,9.852,-6.446,2300.0,-24.751,284.7409186,31.67803282,-48.72669724,5.285795507,-0.608271854,0.911741336,0.0901632,160.381889,-35.09097962,19.59160796,66.77976402,3.8719,200.1557478,-48.33270475,-51.8995517
Driver,111.9295812,5.3,3.9,-6.062992126,49.73,8.511,16.336,-1.48,-5.38,164.3852899,1.4686,15.031,-0.747,2379.12,-14.686,559.3720384,126.8175281,-47.85491548,5.607710071,-0.089050613,1.516466005,0.073096,282.0611726,-37.61382007,42.54185989,67.2811385,7.36958,302.3968495,-42.44673739,-101.8985031
Driver,91.45937724,-2.268,-5.293,2.559055118,51.359,-7.108,18.63,-0.134,5.159,125.5925644,1.3732,15.942,-0.84,3456.11,8.826,380.9153439,87.64466873,11.36883239,6.372480911,-0.081580908,1.841709376,0.109701,195.6140749,11.27797677,41.0549613,58.4682867,6.12025,211.6232248,13.14061489,42.4192319
Driver,88.52227989,-3.473,0.527,4.409448819,47.552,-2.654,14.664,11.883,11.355,122.560621,1.3845,12.767,10.637,2738.6,7.13,345.5725492,56.30965764,71.76786769,6.005648562,1.115732144,1.362190066,0.104218,185.2797319,42.28565221,30.30223935,59.60403465,5.127123,213.4343923,49.90705189,24.78472706
Driver,93.08562992,-0.214,1.521,0.275590551,54.945,1.371,13.9,-5.944,-7.464,128.0440229,1.3755,11.737,-4.758,3118.88,-7.1,387.486986,60.88002664,-44.3464294,181.4111644,-23.54068555,12.22996907,4.73974,208.1274142,-28.00981559,30.57261457,54.79550993,5.83652,231.4026415,-31.82636126,-32.42017713
Driver,83.10218325,-3.791,5.91,3.858267717,62.029,3.893,23.628,1.747,-4.163,102.7011006,1.2358,19.508,2.435,4250.0,-6.554,275.3633965,71.30438438,3.074949012,6.098860217,0.247615738,2.170281298,0.13163,145.9233342,-0.95981375,41.45775153,54.29058563,5.274573,160.1883259,-1.567502552,-21.47552446
Driver,78.56791339,-4.241,-5.19,4.37007874,56.706,-7.981,21.226,15.954,21.143,84.13676628,1.0709,13.748,9.257,8175.83,27.158,157.0744277,24.74148873,36.73912657,5.260768861,0.885917192,1.271432636,0.13442,89.10885135,25.81233397,25.52133788,48.80268316,3.174588379,104.8302636,32.24335688,35.26923755
Driver,86.60298855,2.387,-3.492,-3.307086614,47.49,-1.302,12.969,6.235,9.727,122.9129384,1.4193,11.307,4.654,2770.0,30.21,305.1232916,40.83317966,52.04551253,5.029903094,0.428461306,1.00169055,0.086326461,167.709522,40.34041765,24.09688825,62.15592837,4.329407225,202.5170501,54.69973835,80.99778504
Driver,111.9765569,5.7,3.3,-7.086614173,48.219,8.338,20.678,1.873,-1.427,163.3061918,1.4584,19.048,2.044,3620.0,-3.4,547.5178416,190.0092754,4.444456059,5.935880151,0.204693161,2.078230729,0.07989,256.9733883,-1.03141466,56.13796878,72.27405788,8.44571,263.1297544,-1.184403332,-30.58843503
Driver,85.20937724,1.348,1.198,-2.125984252,47.003,2.455,15.37,-3.041,-4.239,128.6920634,1.5103,13.751,-2.532,2163.3,-6.794,359.4785225,60.91720285,-30.67039635,187.6579853,-23.44398081,1.515073393,4.96863,190.0572006,-23.96468326,31.96844041,62.8173522,5.06085,217.6470794,-30.02220107,-46.83622895
Driver,79.69309234,-1.738,-7.262,2.362204724,45.225,-8.987,20.505,4.522,11.784,103.0742215,1.2934,14.897,1.351,6508.68,18.227,252.5666004,52.34626205,26.48512083,6.255916251,0.18285666,1.688715393,0.131288,133.7217915,20.91689985,36.07824332,50.99663328,4.67094,145.6123812,24.08469673,53.39132243
Driver,100.4473873,-0.9,7.5,1.299212598,53.159,6.713,13.213,-0.06,-7.56,141.557355,1.4093,11.464,1.058,2790.0,-12.013,436.5101011,71.75980883,-14.55394558,5.969093315,0.099329553,1.219761888,0.089149,225.5449702,-15.2716836,33.15702475,61.2705498,5.897681,252.0283234,-19.32663152,-58.27231573
Driver,88.43727631,-5.109,1.78,6.653543307,50.94,-2.381,7.118,-5.703,-7.483,112.4089567,1.271,5.148,-4.487,2580.0,-21.601,179.424411,9.82114331,-20.47750544,6.199750483,-0.506650597,0.545649769,0.114722932,104.133705,-14.95052228,9.182074331,72.88725613,2.396598885,158.8323261,-26.67947069,-20.52725284
Driver,120.995884,4.117,-1.461,-5.039370079,48.255,2.222,10.536,-5.281,-3.821,171.7403364,1.4194,9.558,-4.69,1940.0,-10.437,552.6721384,79.03587828,-66.69464374,5.927255531,-0.491378493,1.007106563,0.072348323,284.2341817,-41.84209391,30.44516454,69.4966521,6.181547151,320.0241804,-49.51820233,-56.14471885
Driver,104.5946671,0.345,-0.266,-0.354330709,49.53,0.028,11.143,-1.8,-1.534,157.1454456,1.5024,10.133,-1.653,1592.49,-5.206,463.6720973,60.93911864,-20.44189148,6.252987942,-0.183865064,1.122692537,0.0835247,248.7430166,-13.67527788,25.78807041,72.51989184,5.31405,289.3225389,-16.98408252,-19.51537718
Driver,81.25223694,-1.791,-0.528,2.047244094,52.639,-1.896,19.345,9.394,9.922,118.6415086,1.4602,16.881,8.149,3220.0,24.284,334.5806893,72.4807087,79.48705941,6.223584081,0.912022006,1.893823097,0.1139,178.1025432,55.43825044,36.73395083,57.95917258,5.47575,190.2739057,61.08474364,92.66100952
Driver,104.7557266,2.5,4.3,-3.11023622,51.182,6.327,11.739,-5.75,-10.05,140.0872405,1.3373,10.655,-4.313,2950.0,-24.793,404.9606023,60.33305248,-72.3835299,5.800969736,-0.480496362,1.098528901,0.087299,210.5411625,-52.44485154,30.18943248,60.48539833,5.434493,238.5308202,-64.42893161,-110.8850566
Driver,85.77755906,-3.072,4.749,3.858267717,52.393,2.38,9.16,-5.722,-10.471,120.086122,1.4,7.192,-4.005,3100.0,-12.228,289.3870396,27.0449778,-31.28795499,5.793484211,-0.416741756,0.734127314,0.100771925,155.1616692,-20.98133756,19.0374778,60.88411373,3.953396906,193.2625052,-28.78845515,-30.57779184
Driver,97.61095204,2.512,3.755,-3.070866142,48.329,5.993,10.759,-3.368,-7.123,142.9529796,1.4645,9.429,-2.193,2502.06,-28.863,382.8075739,45.92312636,-49.71981732,6.291622491,-0.264843536,1.047578358,0.0923153,205.3502848,-40.63475719,23.63508033,66.07643775,4.76059,240.7827489,-53.92421084,-98.70749574
Driver,86.04822835,2.117,5.557,-2.362204724,51.146,7.263,14.259,9.199,3.642,121.0549392,1.4068,10.518,8.05,4692.74,10.764,336.3318956,57.46982681,64.41109245,6.291460772,0.897048834,1.196498646,0.109943,171.2784645,38.52770882,34.62251223,53.68461076,5.26029,188.0522495,43.562783,44.33219628
Driver,100.1498747,2.521,1.304,-3.228346457,46.543,3.695,19.378,2.617,1.313,141.1126521,1.409,16.148,2.352,4538.95,4.259,441.5225232,128.5664966,30.04971094,5.968791058,0.250902649,1.772026694,0.091475,213.9941672,18.3797705,50.3033542,62.55001875,7.1622,218.3210165,18.87168576,28.84414326
Driver,114.7212777,2.3,2.9,-2.677165354,50.013,4.79,17.823,1.58,-1.32,164.7060666,1.4357,16.105,1.727,3720.0,-5.33,552.5741177,169.6390226,-4.972257257,5.828542967,0.17328222,1.70998321,0.076451,260.8032458,-7.599868238,53.56456609,68.94505527,8.211725,269.0702358,-8.142364909,-46.35893019
Driver,68.25340014,1.2,2.8,-0.984251969,43.559,3.58,14.501,-2.211,-5.097,101.437679,1.4862,12.665,-1.317,1980.0,-17.018,210.6325645,27.8784714,-12.32011221,5.832597809,-0.165828396,1.282630137,0.122132,123.6447198,-10.67745094,20.55887859,62.8458148,3.396521,162.4275943,-16.43173646,-23.53020266
Driver,93.80816034,-3.9,0.3,3.818897638,59.371,-2.087,25.548,3.036,2.736,128.6701414,1.3716,20.297,2.487,6731.18,3.948,363.1619581,130.728953,25.007259,5.835318513,0.259415618,2.20881579,0.101243,175.3536329,15.31625631,54.87145367,62.18452751,6.821801,178.4092241,15.64891919,23.16552448
Driver,95.67823908,-1.6,3.0,1.496062992,57.458,1.544,15.475,3.452,0.416,139.6092072,1.4591,12.263,3.249,4450.0,1.158,429.5501308,100.708215,27.75733874,5.61642594,0.331682042,1.249617944,0.085548,209.2097846,14.71824958,45.67741633,58.12069818,6.656825,221.6795966,15.70316795,8.600792188
Driver,92.01861131,-2.1,-3.5,2.716535433,52.431,-5.336,10.419,-4.057,-0.469,127.3930744,1.3844,8.302,-3.978,2680.0,-5.103,331.2068348,35.42826304,-28.22102826,6.109924101,-0.42877235,0.894256701,0.100429,177.9955312,-17.28464264,21.59164511,62.71481258,4.404437,215.966417,-22.08756869,-14.85959182
Driver,112.2315676,8.011,2.623,-10.5511811,46.283,10.358,16.632,4.617,1.993,168.9141911,1.5051,14.97,4.221,2860.0,13.733,585.4032421,145.7449813,87.9099755,5.961325001,0.450273069,1.610964868,0.075689,286.7901283,57.84126534,46.62183433,67.51394647,7.894955,302.34289,62.5528717,111.0279884
Driver,24.00680029,-6.0,-3.0,4.645669291,72.57,-5.435,43.936,-2.907,0.122,26.25492126,1.0936,30.042,-2.853,3590.0,0.097,21.43850477,6.193028633,-1.055373594,5.839497118,-0.300312091,2.017989739,0.544163,13.42715518,-0.689851537,32.55752803,24.12682742,1.29272,19.00183806,-0.975846981,-0.064681036
Driver,108.9410344,2.482,-2.558,-3.346456693,43.86,0.027,12.272,0.57,3.128,161.1556013,1.4793,10.801,0.089,2473.01,6.341,532.3904643,89.57616572,16.13415697,5.77772477,0.013511526,1.113516162,0.075510594,269.5951051,13.17871337,35.43221629,64.57116234,6.594966606,296.5824329,15.75421595,38.28127382
Driver,88.79742305,-1.836,5.046,2.362204724,53.045,3.664,7.119,-7.204,-12.249,118.6721546,1.3364,5.716,-5.253,2820.0,-9.631,250.3248901,17.37580041,-28.90308995,5.790502323,-0.539011186,0.578590166,0.101547,137.8297639,-18.38436621,13.6633442,66.00173781,3.301513,184.0702108,-26.64182824,-17.40323652
Driver,92.32730852,7.167,2.33,-7.992125984,55.284,7.328,19.644,3.839,1.509,123.1847262,1.3342,15.612,3.333,4963.95,4.234,358.6143834,91.59749178,29.07776657,6.30635593,0.373825953,1.804215259,0.110751,179.9834965,17.50125299,45.00902406,56.75190333,6.13928,190.4046657,18.80197038,21.1715188
Driver,101.5009843,-2.677,-1.118,3.700787402,48.83,-3.461,14.983,-1.025,0.094,150.8804581,1.4865,13.195,-1.034,2679.79,2.431,490.8095633,108.4309789,1.641183937,252.1492545,0.959215337,-36.41174207,8.37552,231.0015811,1.863358094,50.74997312,56.89146438,6.90552,242.377185,1.768246129,18.0945301
Driver,100.6487115,1.1,3.9,-1.496062992,46.841,4.983,16.033,1.704,-2.196,147.6284001,1.4668,14.016,1.96,2990.0,-9.423,485.1647625,104.8280977,-7.421255448,5.403986665,0.177491877,1.360744013,0.078125,244.144699,-11.13300818,41.44536443,62.45478358,6.850004,263.5713867,-13.35877902,-58.40397741
Driver,63.45069792,-5.665,0.028,4.803149606,64.757,-2.653,34.249,8.653,8.625,73.61779707,1.1602,27.066,6.767,5370.0,8.71,157.7317371,49.17171503,22.10668467,5.841274744,0.708545932,2.934704901,0.18759,88.28887233,14.58259099,41.70533885,47.90281089,4.046802,98.47729178,16.5782734,12.6618895
Driver,98.7428418,-2.182,1.459,2.874015748,49.288,-0.419,14.317,-0.148,-1.607,144.6550644,1.465,12.356,0.05,2830.0,-5.462,463.9336193,85.71035857,-11.48559253,6.037067544,5.28e-05,1.341491756,0.0885134,236.3853383,-9.778408458,36.82594203,61.32560196,6.35762,250.5159916,-10.91891665,-29.95353978
Driver,120.2755906,3.3,2.5,-3.779527559,48.887,5.473,17.898,0.302,-2.198,169.565587,1.4098,16.256,0.464,3820.0,-5.662,569.0195179,182.4615463,-18.62329245,5.21278551,0.047865889,1.542826923,0.066362,265.7313096,-14.84743315,55.12600661,70.81245557,8.437898,272.5211553,-15.4862156,-50.98662086
Driver,94.96689334,2.538,7.489,-2.913385827,57.743,9.093,0.945,-7.02,-14.51,136.7293754,1.4398,1.096,-5.688,1820.0,-68.116,35.54731842,0.357319791,-3.936092818,6.077827766,-0.636419417,0.090101208,0.091772538,23.37099831,-2.870603613,1.244527119,126.370841,0.363473302,99.6357097,-14.16532756,-1.673033776
Driver,91.28042233,4.07,-6.861,-5.31496063,49.672,-3.398,20.142,4.512,11.374,133.0297065,1.4574,17.715,2.665,3950.0,23.436,401.4500796,106.8600913,70.60853367,6.396392967,0.330993642,2.070430649,0.10498,202.6266868,52.95545573,45.10165134,60.18696552,6.54064,215.4668775,58.39753596,131.4127082
Driver,100.4093593,-0.16,3.489,0.196850394,49.094,3.351,16.431,5.558,2.069,148.8153185,1.4821,14.189,5.266,3339.0,4.508,492.5624717,116.3009573,56.73140054,5.353472408,0.495344239,1.380171042,0.0768512,243.0057929,32.41647648,44.79665023,62.39147125,7.14328,257.7214388,34.85972362,30.52797429
Driver,63.97861489,-6.4,-0.6,5.551181102,57.848,-5.134,32.978,4.187,4.829,77.89280601,1.2175,26.322,3.345,5180.0,10.218,173.8508855,53.77107547,15.87234065,5.74633865,0.357418909,2.809698577,0.172998,96.40263592,11.40252152,42.17158602,49.16994932,4.268764,106.9841798,13.06754008,17.39300795
Driver,116.5220115,1.4,0.6,-1.338582677,45.749,1.388,15.046,1.513,0.89,159.9957498,1.3731,12.927,1.482,3370.0,-15.545,526.8503925,122.1041955,-37.67587738,3.472356133,0.077936707,0.804207417,0.045916,255.9915214,-32.5862432,45.52178954,62.90873887,7.341221,270.984585,-36.34022166,-117.4264974
Driver,84.84028275,-5.26,-1.444,7.007874016,49.674,-5.926,10.154,6.728,8.172,123.8795186,1.4602,7.931,5.526,3100.0,18.863,309.5165012,32.09843304,48.88512389,6.133938374,0.611032998,0.858305267,0.103678627,165.5407047,33.43249743,21.16471292,60.69773935,4.21678059,201.5221079,44.74820722,52.99338677
Driver,87.49776306,2.606,-2.548,-3.582677165,48.1,-0.208,18.288,-3.119,-0.57,126.4549034,1.4452,15.209,-3.001,3868.05,-1.768,383.2233109,89.7462401,-23.16291201,6.453277988,-0.340589859,1.77812762,0.110151819,194.173733,-13.1418827,42.60312437,57.87877245,6.205557882,209.4365684,-14.35656907,-8.944552918
Driver,97.31343951,-0.492,4.002,0.669291339,45.392,3.517,15.738,2.552,-1.45,141.6575698,1.4557,13.571,2.754,3060.0,-5.872,455.6112715,94.11524724,7.950682555,5.854089777,0.275650037,1.426674064,0.088151,230.4218925,-0.07377704,39.87634714,60.87372878,6.532599,250.8845167,-0.949526158,-33.43491109
Driver,106.0263064,1.3,4.7,-1.496062992,52.628,5.673,10.759,1.178,-3.522,157.1564066,1.4822,9.552,1.704,2010.0,-17.353,465.4396738,62.70226172,-15.26531294,5.797922896,0.160424379,0.982558374,0.077394,243.0125694,-18.1979672,28.09906517,66.42591638,5.539351,278.0020265,-24.70337684,-76.18757428
Driver,99.31102362,0.649,3.336,-0.905511811,47.971,3.92,14.012,-1.658,-4.994,142.9404528,1.4393,12.093,-0.917,2911.15,9.109,438.7834504,79.67337457,14.45304225,200.2754358,11.03392771,11.16964383,5.41167,215.871425,12.88738385,38.94367197,55.7909075,6.13272,234.1625623,15.0312167,49.00312387
Driver,92.53981747,-0.658,6.062,0.826771654,55.424,5.609,10.976,-12.126,-18.188,125.3612652,1.3547,9.531,-9.761,3410.0,-35.922,300.0588304,35.61500937,-85.03729424,6.005360616,-1.055694658,1.007685595,0.100764731,161.6965573,-59.50177652,22.77072288,60.77878374,4.150462846,195.3860472,-79.16764601,-99.45043929
Driver,108.2117931,-0.2,-0.4,0.433070866,40.39,-1.307,19.955,8.197,8.661,154.5913117,1.4286,17.364,6.927,4335.43,11.285,493.4112168,161.2970905,97.39352359,5.902818162,0.734197114,1.879411236,0.083216,233.5446683,58.36549678,54.38989929,67.41655666,7.849655,240.3126464,60.54091712,91.99996164
Driver,113.0033107,3.3,0.7,-4.133858268,50.287,3.458,12.881,-1.119,-1.819,168.4723962,1.4909,10.743,-0.703,2340.0,-5.9,563.7778134,98.55428387,-22.52561035,4.432647768,-0.056985707,0.848473688,0.055257,282.6196933,-16.31447038,37.18141486,65.13831098,6.874249,308.1351769,-18.91117616,-38.55438832
Driver,97.58634574,0.5,-0.9,-0.708661417,44.415,-0.528,14.998,-3.819,-2.919,135.2066929,1.3855,13.34,-3.466,3070.0,-5.142,421.0637811,83.19384206,-35.701559,5.583440601,-0.346652025,1.335322383,0.087984,215.1100312,-21.92296067,38.22593273,59.39618638,6.182605,235.7935817,-24.78132757,-26.83750346
Driver,89.39692198,3.923,6.167,-5.039370079,57.903,8.632,11.587,-2.337,-8.503,130.2811829,1.4573,10.676,-1.297,1770.0,-38.07,283.0531653,32.21267049,-26.64927648,6.072072948,-0.163923088,1.128192943,0.098104489,163.8462524,-25.21446243,18.66298316,74.375896,3.616631173,213.9719024,-40.04303495,-64.63056816
Driver,66.69425555,-0.577,-2.713,0.511811024,57.411,-3.082,29.535,10.308,13.02,77.15260379,1.1568,21.859,6.534,6410.33,14.287,160.9821895,40.50965321,24.93331508,5.31207906,0.629204351,2.102771786,0.155436,90.61405637,17.17213536,36.16558729,47.33901154,3.792426921,102.3422275,20.07550856,20.80864912
Driver,86.56048676,-2.708,5.578,3.582677165,52.87,3.526,51.173,-25.096,-30.674,69.85102004,0.807,42.826,-17.117,6870.0,-13.838,147.2888281,77.26256664,-45.42446095,3.31461094,-0.994354293,3.053923603,0.1358792,74.81430048,-29.09053979,57.20239314,51.29719941,4.676033809,76.11842174,-29.6296245,-22.54546812
Driver,95.85048318,-2.1,4.9,2.677165354,50.751,3.231,0.599,-8.736,-13.636,130.5831693,1.3624,0.331,-7.401,1780.0,-21.47,36.94225171,0.116848897,-4.948464017,5.979433425,-0.784220732,0.027907914,0.09457,23.35926887,-3.243963157,0.439105472,120.007915,0.381362,86.97881267,-12.76102741,-0.711355107
Driver,88.45069792,3.3,3.9,-4.606299213,46.867,6.873,16.275,-5.889,-9.789,127.1118916,1.4371,14.156,-4.119,3350.0,-28.708,354.3051522,68.93138059,-70.28847562,5.689725833,-0.43938616,1.442556934,0.09587,184.4374956,-53.23536032,35.7963949,56.76550531,5.486991,204.9651252,-63.48560397,-121.241649
Driver,101.1430744,2.625,4.697,-3.543307087,47.138,7.136,19.638,8.433,3.736,141.5284986,1.3993,17.008,7.82,3786.5,4.92,455.7482902,128.9659588,73.34605388,5.677835393,0.777850608,1.759447218,0.087149,223.4010401,41.17673687,49.02970852,63.12748408,7.213316,235.1842374,43.72771364,32.75501556
Driver,82.44899785,-7.234,-7.085,10.82677165,41.669,-15.284,16.826,-8.168,-1.083,108.7871331,1.3195,11.381,-7.913,5881.37,20.12,256.8244433,39.65329274,-13.60529788,145.1093887,0.792243534,-3.130994261,4.33989,139.3665615,-0.009683164,27.47031403,58.54945057,4.10989,162.2643301,3.043581603,57.53071031
Driver,103.6014674,3.5,1.5,-4.488188976,49.058,4.431,15.704,1.065,-0.403,149.458214,1.4426,13.866,1.127,2730.0,-2.716,495.2478784,103.3188151,2.955962814,5.747715838,0.110828689,1.43031779,0.082046,251.0076612,-0.549606322,40.24012315,63.41666261,6.822558,272.3251902,-1.00823729,-16.45936656
Driver,110.7059771,3.2,0.6,-3.661417323,47.339,3.204,19.02,-2.767,-3.457,164.916786,1.4897,16.733,-2.181,3840.0,-5.11,545.1522787,176.7383528,-40.69897524,5.816959406,-0.232388556,1.778688924,0.076494,255.7176931,-25.04509019,55.00201286,69.61635632,8.285073,262.6914887,-25.96173789,-46.02608952
Driver,104.7311203,4.667,4.567,-5.905511811,50.971,8.362,13.46,1.608,-2.959,155.3952666,1.4838,12.078,2.085,2250.0,-12.008,498.3573573,85.15344483,-6.318983402,4.259036979,0.150321936,0.91540338,0.057812437,258.1498659,-11.627946,33.87331776,65.79653058,6.268278424,287.7791074,-15.36312922,-63.00823565
Driver,98.71599857,-4.805,-4.731,5.551181102,53.635,-8.28,19.617,4.576,9.307,132.1389585,1.3386,16.521,3.306,4360.0,13.461,401.4839963,108.1191341,54.93470528,6.351690771,0.386934086,1.921573571,0.104325,199.6658,37.2867943,46.74197233,59.69908208,6.6237,210.6906419,40.33730493,77.73857619
Driver,100.7247674,4.116,8.22,-5.433070866,49.194,11.782,12.256,1.927,-6.293,145.6162759,1.4457,11.076,2.862,2160.0,-27.046,405.842338,55.97292065,-13.94772022,6.02746383,0.280672418,1.179744524,0.087286,219.0730731,-21.13917972,26.02200707,67.77306241,5.051005,257.1322058,-30.89561808,-96.00062751
Driver,88.09055118,2.329,-0.434,-3.031496063,46.839,1.752,14.416,2.817,3.251,131.172602,1.4891,12.328,2.238,2816.93,5.552,391.6174471,66.01290619,23.97364925,5.797363124,0.231451491,1.273468433,0.093765,205.2076528,15.84900764,32.71936921,59.97530716,5.600586,231.4022435,18.83767917,23.54215762
Driver,109.0349857,6.9,-0.5,-8.385826772,49.854,5.221,16.476,-2.137,-1.637,158.4636722,1.4533,15.329,-2.077,2790.0,4.71,532.8704053,135.2590201,-3.146887592,5.731441134,-0.192647603,1.588408725,0.07775,261.3703182,2.557530019,47.08002624,65.1253106,7.589856,276.4756867,3.215836309,36.08436901
Driver,84.00590551,-7.192,6.562,7.244094488,56.87,1.838,1.932,13.793,7.231,88.51176628,1.0536,0.413,12.596,1700.0,30.553,6.942021565,0.028005498,1.5227989,6.11452388,1.360154534,-0.022535459,0.142996,4.246536733,0.937111846,0.37638596,87.19306207,0.098836,56.42835934,12.65113818,0.033971151
Driver,92.85075161,-2.985,0.657,4.566929134,43.918,-2.447,15.347,6.264,5.607,130.5771296,1.4063,11.269,4.971,5529.66,17.14,364.4176543,77.11867914,67.39142724,178.4481788,42.95525022,1.102908971,5.70127,179.5178806,43.34323353,41.93462413,54.25155461,5.75586,191.3122142,47.63960778,84.25475163
Driver,103.2771117,4.7,6.7,-5.472440945,49.717,10.799,9.141,-1.849,-8.549,142.8480673,1.3831,8.566,-0.623,1810.0,-26.985,340.6207518,33.69538895,-24.46718606,6.090463006,-0.084793062,0.912351187,0.089156,190.5155358,-22.60867542,18.09034896,75.07069758,3.993374,241.8044498,-34.66800657,-61.65139781
Driver,102.8856478,0.371,2.148,-0.511811024,43.678,2.537,14.748,1.679,-0.47,150.3145132,1.461,11.966,1.772,4154.7,-1.828,486.3056673,114.0734169,8.792556753,5.893835205,0.180133741,1.288426952,0.0831325,234.6025227,2.893711234,46.25311141,60.74317882,7.11923,241.1895226,2.883011932,-13.08471387
Driver,102.5366858,3.1,0.3,-3.976377953,48.178,3.154,14.943,0.866,0.566,151.0824535,1.4734,13.218,0.852,2590.0,-1.585,498.7339711,97.86028344,3.595046372,5.823792859,0.085348393,1.378631601,0.081995,254.211506,0.678158937,38.44919292,63.81729798,6.691128,277.6611418,0.478208291,-9.305821627
Driver,97.24856836,-3.989,-0.242,3.858267717,56.706,-2.867,13.484,2.495,2.737,134.5289012,1.3834,11.223,2.129,3058.65,5.728,407.9098839,66.9630455,25.35118201,6.382388525,0.243508438,1.282989624,0.100312,209.9516603,16.63697447,33.25679221,58.98277249,5.73641,232.9690245,19.39386829,26.55124674
Driver,87.43065497,-2.564,5.753,3.346456693,52.354,3.773,5.784,-4.784,-10.536,118.8466356,1.3593,4.489,-3.133,2470.0,-8.191,207.1538059,10.44291145,-14.44032789,5.935170905,-0.331551059,0.460414209,0.103671,117.85782,-9.614978399,9.170857911,73.95609499,2.619193,173.5558545,-15.78260037,-9.542060052
Driver,94.71635648,2.2,-0.6,-2.637795276,46.863,1.015,19.208,-3.424,-2.807,128.1122495,1.3526,16.911,-2.954,2960.0,-8.551,393.6986348,93.25365517,-36.21723256,5.736707015,-0.311204782,1.753400149,0.097177,203.0364005,-24.39911289,41.61481292,60.06922821,6.245194,221.3877203,-27.60641174,-41.93760497
Driver,109.0730136,-0.81,-1.552,1.062992126,44.869,-2.365,15.432,-4.114,-2.562,152.1123389,1.3946,13.405,-3.781,3100.0,-5.719,507.546122,111.2572204,-48.59372765,6.281434758,-0.420726611,1.528070542,0.0880694,251.7198127,-29.35924613,42.83883841,62.58427969,7.0852,268.5369679,-32.03348675,-38.42841202
Driver,87.88475304,-1.289,5.818,1.653543307,51.632,4.797,21.892,-1.129,-6.947,116.9474767,1.3307,18.192,0.073,4490.0,-3.574,337.7683144,92.16849444,-6.256524549,5.933568859,0.001953473,1.974415037,0.1114056,172.1073428,-5.212452859,45.51635413,57.09726041,6.044496584,184.2969653,-5.844887477,-16.29488485
Driver,51.88797423,2.158,6.07,-1.88976378,69.034,6.897,29.602,4.484,-1.586,55.46573014,1.069,24.686,4.808,2710.0,-2.388,88.3455289,21.86219261,6.853001377,4.917273594,0.408951979,2.124043764,0.2035896,53.44563179,4.127583632,30.86008293,42.82269891,2.614852464,72.06276814,5.465226848,-1.059638529
Driver,97.16580172,-2.3,5.1,2.834645669,51.398,3.178,11.82,-0.321,-5.421,137.1186024,1.4112,10.016,0.482,2630.0,-7.128,400.3089745,54.85240844,-7.366960697,5.760097326,0.042672093,1.023160456,0.088315,210.4594263,-7.723430171,27.94082178,62.06244678,5.288056,242.4102249,-10.38268862,-28.47729181
Driver,91.41911238,-4.55,0.778,5.31496063,58.635,-2.003,7.192,-5.114,-5.891,132.0769953,1.4447,5.776,-4.396,2080.0,-17.988,267.0101106,17.60171162,-29.97092283,6.186755311,-0.48852074,0.620852887,0.09740198,150.2707512,-21.00649147,12.0477678,76.19536938,3.157457302,207.3946922,-32.91642531,-28.61886908
Driver,84.85370437,-1.099,-1.27,1.377952756,49.645,-2.204,32.582,6.716,7.985,100.8446671,1.1885,25.795,4.818,6980.0,7.82,260.2690599,94.89882609,31.63658431,5.838884768,0.50790848,2.854017072,0.1352904,132.998464,20.33223885,51.03446148,56.00495089,5.678455542,137.656235,21.20533129,27.66312455
Driver,100.7583214,-1.1,0.3,1.141732283,58.516,-0.508,17.392,-2.188,-2.488,148.9596009,1.4784,15.058,-1.937,3481.26,-5.848,489.5811006,125.8146635,-32.97319353,5.832087699,-0.196217977,1.59064817,0.084153,239.4887925,-21.47202277,47.36588144,63.059615,7.309853,252.9875968,-23.24715874,-40.19247747
Driver,104.3978168,1.7,10.5,-2.086614173,52.321,11.764,6.756,-3.247,-13.747,141.3320956,1.3538,6.279,-1.886,1980.0,-28.474,296.4133165,21.28668026,-26.80867937,5.754339026,-0.207366525,0.629060793,0.084642,166.7822527,-22.51554278,13.24390159,78.51774896,3.357378,224.6864262,-36.79078816,-51.19388627
Driver,111.0683608,1.817,-0.812,-1.968503937,57.301,0.355,22.394,3.829,4.642,152.6811918,1.3747,19.853,3.206,3951.0,7.877,498.2415147,173.8181569,54.19811437,5.427038809,0.312745976,1.998338465,0.0783872,236.2491785,34.18812228,55.53510069,70.31746822,8.02631,242.4477269,35.36887803,63.18361853
Driver,88.59609878,-0.005,3.052,0.0,50.446,3.048,18.195,10.88,7.828,128.8065945,1.4539,16.039,9.894,3010.0,15.091,392.5203839,85.99765169,92.12631657,6.468194236,1.129884314,1.874434366,0.108534,204.3638149,58.05905972,38.9121455,59.92011846,6.07049,223.6965827,65.42548293,70.58235617
Driver,100.91267,-1.627,-7.038,2.047244094,52.374,-8.292,27.614,4.968,12.006,122.6899159,1.2158,22.744,2.684,6438.29,13.819,342.490379,126.1701503,46.93291065,5.99585047,0.308291007,2.560412222,0.1110984,167.8865779,32.50122169,53.96092134,61.49582293,6.624729055,171.9594827,33.57907179,74.25774619
Driver,104.4447924,0.5,8.9,-0.472440945,56.589,9.231,8.672,6.937,-1.963,155.2456156,1.4864,7.683,7.306,1570.0,-10.818,414.5504859,41.90653462,40.15684447,5.981792384,0.753642452,0.810635968,0.080392,222.4591995,17.16771449,20.70309173,72.98520914,4.611426,269.6233396,18.31567369,-33.53129711
Driver,55.13376879,-1.109,1.866,0.984251969,65.573,1.362,32.478,4.777,2.911,71.76046886,1.3016,27.02,4.215,3900.0,3.539,152.7945326,46.22572345,12.29421896,4.778248166,0.356294285,2.392317972,0.1562296,86.4810274,7.889467861,39.98415259,47.97079517,3.913985652,100.1736199,9.303833633,4.615020512
Driver,102.5501074,-1.818,1.026,2.519685039,47.336,-0.65,12.09,2.5,1.474,144.5649159,1.4097,10.408,2.318,2427.94,2.134,439.1876982,61.5000929,21.0640356,238.5577476,13.05728663,-6.417178645,5.84839,227.8617364,12.26489666,29.23419302,65.35035333,5.45839,258.9378893,14.47141388,9.1565829
Driver,76.38466356,-1.9,-7.7,1.732283465,66.961,-8.695,25.692,3.113,10.813,97.17049928,1.2721,21.002,0.982,6270.0,16.222,238.1122269,68.35254926,23.00076975,5.86311699,0.140088876,2.271197532,0.135723,125.2927727,18.35557935,44.16103896,51.2863366,5.023595,133.7748319,20.32985156,48.6862425
Driver,94.6559592,-2.5,-1.7,2.519685039,57.567,-3.531,15.127,-3.86,-2.16,134.4403185,1.4203,13.01,-3.492,4970.0,-5.117,402.7258755,97.83235497,-37.59508424,5.926256663,-0.377528375,1.40421488,0.094203,197.4778051,-22.3451806,45.8856981,57.49292517,6.47476,208.7948706,-24.04039794,-31.05819864
Driver,96.49695777,-8.623,-3.796,10.0,53.816,-10.165,13.42,2.239,6.034,140.8202845,1.4593,10.718,1.475,3920.75,15.095,434.0136771,80.72667917,47.25890426,6.23165364,0.178810392,1.208580557,0.0934634,215.4502783,34.21987399,38.56083538,57.45474321,6.21782,225.672082,37.06440375,86.19923915
Driver,112.3076235,4.1,2.1,-4.645669291,52.222,5.304,14.24,-2.719,-4.819,164.2014137,1.4621,13.146,-2.246,2710.0,-12.725,556.6141424,118.8499042,-57.96289687,5.868399609,-0.23248797,1.385226491,0.076006,276.3871603,-40.78357499,42.29093152,64.90819098,7.321786,296.006727,-45.5819847,-90.11756296
Driver,100.4787044,3.9,2.3,-5.275590551,48.914,5.711,12.802,-1.403,-3.691,144.864218,1.4418,11.416,-0.814,2160.0,-13.3,430.529687,64.0672432,-25.62633359,5.776900717,-0.091535526,1.169476027,0.084163,229.4607989,-21.10381225,28.84380764,66.15706828,5.47993,263.8525653,-27.01462839,-53.56699041
Driver,98.80323908,0.748,-2.138,-0.94488189,49.877,-1.507,12.908,0.645,2.783,148.4576324,1.5026,11.494,0.312,2140.0,12.661,451.0433968,69.01940457,22.71166183,6.093682558,0.04293356,1.246600006,0.0866358,238.5911374,19.53401668,29.9016215,66.21338336,5.67969,260.64806,23.05852929,54.71659356
Driver,100.4272548,2.918,4.892,-3.897637795,49.29,7.406,13.926,-2.901,-7.794,145.2353257,1.4462,12.431,-1.805,2650.0,-26.22,434.2704933,72.66197602,-58.39947083,6.195038723,-0.218995877,1.370975343,0.090521,227.3627264,-47.53156384,32.15084428,63.07056314,5.757132,255.7296711,-58.75304114,-121.5142637
Driver,99.26852183,-1.038,2.558,1.535433071,46.803,1.582,16.926,2.215,-0.343,141.5425913,1.4259,15.803,2.238,1578.53,-8.386,398.1081144,80.92977063,1.11208127,208.9261162,-3.199133011,0.762488586,5.4337,209.940507,-3.260218599,36.50667473,66.74779426,5.47238,236.1694941,-4.738050408,-34.3650982
Driver,87.41275948,-4.5,-3.5,4.37007874,55.339,-6.806,19.414,-3.248,0.252,124.2861936,1.4218,16.059,-3.288,6010.0,0.726,352.8964426,98.93102328,-18.03017873,5.316674693,-0.307727638,1.563973831,0.092796,174.8379605,-8.893641394,48.20104231,57.0256751,6.257555,182.8176713,-9.262793284,3.407509031
Driver,99.40721188,5.793,6.395,-6.732283465,51.889,10.959,8.557,-6.106,-12.501,142.6926002,1.4354,8.257,-4.658,2074.02,-69.707,206.5357574,16.67082934,-33.04040175,6.327462199,-0.554283716,0.891357653,0.0925827,125.0712038,-28.92775757,11.99441693,91.4526054,2.30057,187.9019888,-53.65750061,-56.85253834
Driver,111.482194,0.9,8.1,-0.984251969,51.376,8.694,9.812,-2.387,-10.487,156.4012169,1.4029,8.807,-1.099,3300.0,-30.466,464.5950337,65.9457682,-75.84167586,5.775531639,-0.146148584,0.906893116,0.077387,232.8678778,-59.82960957,31.39958998,60.27621035,5.796912,258.7021533,-73.24898689,-166.5063929
Driver,92.23112026,-4.1,-2.9,4.133858268,56.871,-5.8,17.565,-2.834,0.066,135.5820508,1.47,14.454,-2.802,5750.0,0.284,399.6108148,111.9331654,-18.3427116,5.873786127,-0.292488974,1.556378633,0.093296,193.8964854,-9.083248261,49.75084054,59.1439141,6.708219,201.5436037,-9.426802509,1.187292032
Driver,117.6203472,3.5,1.5,-4.015748031,49.602,4.406,20.278,2.135,0.635,163.097262,1.3866,18.826,1.979,4707.37,1.17,516.5274312,197.8348766,22.0310704,5.371559117,0.192926428,1.865311197,0.07232,236.3583533,11.98685782,59.54368651,73.59106027,8.387569,238.4578316,12.1080075,11.48400495
Driver,91.79268074,-1.452,0.039,2.047244094,43.598,-1.487,17.718,10.391,10.351,126.2998837,1.3759,13.662,8.081,5796.8,14.143,348.5245342,81.57028415,84.57642182,165.2879729,51.67616197,8.667086558,5.30905,175.6552281,56.59847167,42.03983837,55.56313413,5.82609,187.0284621,61.77896688,97.98304746
Driver,86.93852899,5.441,-0.391,-6.732283465,49.355,4.299,15.002,-0.24,0.15,117.9697566,1.3569,13.765,-0.261,1450.0,0.566,287.810999,42.62603177,-0.968081255,6.256535817,-0.028031754,1.513123786,0.112953,166.275373,-0.418156096,23.55464322,69.28968703,4.11167,206.1846743,-0.438586339,1.017836966
Driver,105.2277201,-3.084,4.565,3.661417323,49.259,1.905,20.604,1.607,-2.957,146.0263064,1.3877,16.843,2.111,5495.25,-4.462,445.249162,147.4925732,0.367474372,5.670284132,0.201660581,1.77526955,0.0842658,211.0020945,-3.220081904,54.56591055,65.31243591,7.44619,215.5652165,-3.413978839,-32.9681186
Driver,86.98997853,-0.896,8.217,1.023622047,52.396,7.527,19.43,-2.763,-10.98,118.5598604,1.3629,16.47,-1.046,3979.12,-18.626,338.035969,78.55502022,-36.89926412,6.392455234,-0.145001849,1.910030591,0.117049,175.3531479,-29.59241069,40.27970817,56.4253919,5.71428,190.3371548,-33.96191896,-79.29689134
Driver,95.91088046,1.4,-10.6,-2.007874016,44.489,-9.815,17.05,-1.042,9.728,135.9180387,1.4171,15.124,-2.382,3070.0,17.524,422.5495106,90.63591647,18.00109406,5.789249252,-0.223666972,1.574154121,0.091516,217.5296705,21.27851121,39.3277542,60.67808731,6.288872,238.0866933,25.84918667,90.77305432
Driver,106.9031854,0.373,-0.005,-0.472440945,47.886,0.332,13.592,-8.025,-8.02,145.9786596,1.3655,11.916,-6.971,2850.0,-21.104,450.2409587,77.09306088,-95.02736611,6.32900204,-0.789219989,1.351052736,0.0918217,231.6867026,-63.65284348,34.05680506,61.53426942,6.03407,255.3678017,-73.78695395,-108.4356931
Driver,91.30726557,-3.8,-1.4,3.503937008,55.476,-4.664,19.115,-1.044,0.394,130.6426718,1.4308,14.888,-1.051,5480.0,1.245,382.5600942,103.6049201,-4.055775062,6.11329804,-0.117533034,1.666660037,0.101063,186.8110001,-1.253801303,48.54734703,56.77224656,6.558922,195.3705487,-1.23723002,6.518673402
Driver,97.12106299,-1.626,2.069,2.165354331,46.103,0.504,17.442,5.856,3.787,142.1698282,1.4638,15.192,5.384,3240.0,10.914,459.9242824,107.9773926,68.89898667,6.21094704,0.595566741,1.713907635,0.0939622,230.7704252,43.64496889,43.30530897,61.65042381,6.83648,240.0583652,46.11190982,66.56983213
Driver,97.84806729,0.051,3.453,-0.078740157,49.853,3.496,14.123,-1.636,-5.089,142.1432087,1.4527,12.585,-1.059,2312.0,-12.958,432.4385375,71.95073421,-28.67760195,5.49424511,-0.110272998,1.233174789,0.0818688,228.718136,-22.98117132,31.73117734,64.2021426,5.74829,257.4578978,-28.22081679,-56.31442053
Driver,98.25518969,3.878,3.179,-4.763779528,48.464,6.622,11.91,-3.236,-6.416,141.7134932,1.4423,10.139,-1.791,3192.13,-37.862,375.0907968,49.99380772,-63.69018821,6.186219425,-0.228706644,1.111064415,0.0918421,197.6087984,-53.65861216,26.51412552,62.26416392,4.86128,218.1080542,-64.8749475,-143.0652945
Driver,107.1939871,-0.086,2.784,0.118110236,45.27,2.699,15.64,3.113,0.329,155.1912581,1.4478,13.858,3.074,2746.97,0.759,524.5148666,113.7103895,29.50570869,6.43188185,0.345744973,1.616463892,0.0885482,262.6697037,15.76111417,41.93095916,64.11995475,7.13591,281.1967765,16.97404724,5.033918949
Driver,106.0061739,-2.048,2.21,2.283464567,54.073,0.725,16.685,1.646,-0.564,147.5076056,1.3915,14.352,1.72,3420.0,-1.679,486.4583053,116.9083017,9.375053458,6.313200718,0.18740826,1.650546154,0.091726,239.6821472,3.417277574,45.27869768,62.26429618,7.138,247.6812433,3.434398833,-11.33288263
Driver,88.90032212,-3.3,-2.7,4.291338583,51.461,-5.606,15.141,4.793,7.493,118.0350752,1.3277,12.034,3.472,3940.0,0.348,331.8691254,58.54510521,20.31461553,5.946558552,0.360556905,1.282902875,0.107099,172.0389142,10.86700489,34.33451155,54.93996053,5.256055,192.3590785,12.19802591,1.347176034
Driver,95.60218325,-2.105,5.816,2.716535433,49.891,4.042,57.514,-10.929,-16.745,74.05735505,0.7746,48.819,-6.397,6670.0,6.764,158.4789446,100.1530261,-7.532784955,2.716760909,-0.293820074,3.108499776,0.117063,72.67206988,-3.295898738,64.47815321,56.66731337,5.213268,71.70836364,-3.262344511,14.43956232
Driver,100.3556729,1.878,6.973,-2.401574803,50.729,8.509,20.154,3.241,-3.733,140.1172155,1.3962,17.388,3.843,3930.0,-7.576,446.4223566,129.2821146,7.226468843,5.844065711,0.382539443,1.8554611,0.090874,218.9199649,-2.000411233,49.5706103,63.10403902,7.187063,229.8779561,-2.646498119,-50.00373859
Driver,86.32337151,-5.4,0.0,4.212598425,61.719,-3.413,25.644,0.121,0.082,116.5280512,1.3499,19.654,0.043,6920.0,-0.884,317.9376207,101.8826326,-1.233403653,5.806534001,0.008864095,2.117093978,0.110852,158.5925706,-1.094815001,50.43893094,57.21886754,6.131361,163.7906636,-1.156275313,-3.641502702
Driver,96.80341804,1.5,-6.7,-1.692913386,48.135,-5.482,17.105,12.209,18.909,123.7772906,1.2787,14.635,8.832,4890.0,16.395,347.6023987,84.47312567,84.75440706,5.729946865,0.903598192,1.525835195,0.099739,174.1649828,52.79050227,44.02754593,54.94376208,5.944518,185.8914525,57.64659232,80.04490237
Driver,97.15461704,0.838,-2.991,-1.102362205,47.109,-2.213,16.459,-0.766,2.225,139.11216,1.4319,13.13,-1.259,4644.38,2.288,430.1986294,105.4864152,-2.807622319,5.906691312,-0.126778935,1.409765485,0.090683,210.1051111,0.200879919,46.42723945,59.0798679,6.732899,221.8614984,0.407301383,14.45173044
Driver,100.9753042,0.9,-3.3,-0.984251969,50.415,-2.637,20.561,2.404,5.704,144.4575429,1.4306,18.555,1.749,4630.0,8.916,448.0094609,150.8197379,42.01306845,5.633552533,0.186124418,1.924642153,0.085629,213.9258902,28.1875012,54.3445211,65.78658936,7.514547,220.3416171,29.38213433,65.10614843
Driver,80.64826414,0.7,8.5,-0.826771654,54.559,8.959,10.452,1.184,-7.316,105.6328293,1.3098,8.484,2.646,2580.0,-3.776,218.1616856,20.90228509,8.038051907,5.892717618,0.268001428,0.868972656,0.117003,123.3003466,3.698205128,17.10238096,60.78351116,3.312487,162.8081821,4.211514884,-5.986011499
Driver,112.0235326,3.3,0.9,-4.133858268,50.613,3.756,15.382,0.46,-0.44,163.0384306,1.4554,14.074,0.523,3120.0,-2.113,555.1429308,139.5493363,-2.424737677,5.674872335,0.049544786,1.442090961,0.074364,268.4592304,-3.178055914,47.9042875,65.36595209,7.77202,282.3442873,-3.56118939,-16.88469886
Driver,101.6352004,-1.3,-0.5,1.57480315,54.337,-1.627,15.767,-0.728,-0.102,150.1653096,1.4775,13.151,-0.712,3901.07,-5.466,486.8676093,119.6062658,-23.08426921,5.834471992,-0.078451099,1.389117002,0.082836,235.6146608,-15.97317811,47.20385252,61.60002226,7.213995,248.3930774,-17.36434976,-39.15249881
Driver,104.9056013,0.04,0.318,-0.039370079,52.228,0.35,12.046,0.432,0.114,158.1131442,1.5072,11.1,0.423,1484.6,-2.564,434.3009809,68.87222407,-6.660034522,222.3886338,-7.522713599,-0.100337304,5.27839,222.2059663,-7.508196409,33.5307296,66.67975024,5.27166,251.9651457,-9.870615526,-27.44258888
Driver,96.40076951,-2.855,1.733,3.818897638,47.782,-0.861,9.06,2.479,0.746,137.1083125,1.4223,6.754,2.333,3146.99,-5.445,359.6077566,42.58041967,8.209970764,196.2823154,3.883902546,-3.202589547,4.68876,189.2799893,3.814550132,23.85766158,68.67453467,4.45876,226.1907669,4.234847544,-11.67636143
Driver,98.76297423,0.284,-1.886,-0.393700787,49.221,-2.131,23.599,3.811,5.697,126.6622674,1.2825,21.22,3.168,3085.29,7.475,398.4248044,118.3711266,36.45542223,6.056422462,0.344131682,2.363616646,0.106721,203.4804492,24.24202871,47.19692433,62.82023643,6.754472,217.6691761,26.54291711,39.11986739
Driver,80.73326772,-5.7,7.9,4.881889764,65.004,5.23,25.014,2.996,-4.904,106.4911417,1.3191,20.542,4.077,7180.0,-6.909,276.6078538,85.49483617,6.468236563,5.82421789,0.369838788,2.219311758,0.122576,141.2296023,0.551550636,48.02013095,54.22960287,5.608407,146.8758945,0.364056145,-28.47232577
Driver,113.2605583,3.2,-1.4,-3.149606299,54.195,0.306,13.662,-3.79,-2.281,161.0502416,1.4219,11.557,-3.272,3446.04,4.439,536.8320335,120.253481,-15.29549599,6.168161413,-0.352570321,1.28662323,0.08111,258.4496784,-3.649415457,45.72563525,62.44281572,7.390135,273.1987494,-3.338536326,33.31911785
Driver,92.43244452,-1.523,5.928,1.88976378,56.298,4.913,18.364,1.19,-4.739,128.8822029,1.3943,15.903,1.812,3240.0,-9.325,397.2204964,90.42623673,-5.950625221,5.984368806,0.178582382,1.717224982,0.1002952,203.9538984,-8.945072819,40.80875965,59.42141489,6.222732672,222.7631742,-10.94847288,-46.15030787
Driver,86.90497495,-4.0,-0.6,3.307086614,58.917,-3.664,28.217,1.235,1.969,118.3748658,1.3621,21.919,1.023,7405.89,2.46,322.1030248,116.3396189,9.528962566,5.74858042,0.085003047,2.361502407,0.109809,158.3613621,6.291864483,53.70490519,59.6512021,6.393567,161.1147617,6.435968279,10.39724036
Driver,56.1761811,-0.45,-3.204,0.393700787,62.533,-3.438,19.268,-2.147,1.057,69.15824087,1.2311,15.909,-2.338,2310.0,2.352,108.9502695,16.99830577,-4.02697366,4.771630644,-0.192563209,1.296160327,0.14878,66.8689915,-2.310006155,21.08761261,51.19369127,2.470588909,97.31078209,-3.17934334,1.254521927
Driver,91.86202577,-3.5,-1.7,3.543307087,57.764,-4.169,19.429,-1.894,-0.194,132.8780422,1.4465,16.213,-1.821,4243.25,-0.121,408.3708265,111.3660406,-13.18092581,5.745577863,-0.188412168,1.697889066,0.093693,201.6046139,-6.844845857,47.878394,59.96439742,6.739199,213.0336334,-7.242065304,-1.316020632
Driver,103.8251611,2.592,3.854,-3.307086614,50.363,6.003,12.467,2.793,-1.061,150.0069345,1.4448,11.052,2.948,2120.0,-6.354,459.9590752,68.76643139,12.93940544,5.967726074,0.302269251,1.1710278,0.08387,242.5439268,3.15993612,29.75946491,66.5737632,5.716922,277.0764236,2.260806785,-27.95137775
Driver,113.4059592,2.861,-1.712,-3.858267717,44.429,1.21,11.685,1.267,2.98,159.7445419,1.4086,10.413,0.829,2130.0,5.142,508.8959341,76.67734951,17.4383448,5.982663235,0.090262471,1.108001587,0.07877058,263.4940257,12.56470506,31.28289728,66.92798204,6.090985187,296.5641709,15.25569287,26.26626822
Driver,92.17519685,-1.993,6.059,2.480314961,54.04,4.612,13.292,7.625,1.566,136.5394596,1.4813,11.238,7.408,2800.0,-0.039,414.5035281,66.09982988,52.69085822,5.917802553,0.762958579,1.184534721,0.091569955,215.149421,27.68077248,32.19187966,60.47310194,5.699871948,242.1348881,31.14542278,-0.179441389
Driver,100.6621331,-2.753,5.578,3.622047244,45.372,2.857,15.034,4.066,-1.512,147.7791696,1.4681,12.93,4.252,3100.0,-4.763,485.0856651,100.3825953,22.9848514,6.278684574,0.460194481,1.469612325,0.0904235,242.455184,8.083947634,40.86879746,61.39556169,6.79227,253.4529137,8.061311285,-29.71420612
Driver,111.9183966,-1.5,-4.516,1.850393701,50.657,-5.746,16.357,1.168,5.685,161.5967251,1.4439,14.038,0.394,3909.85,11.397,537.9695342,145.0455634,45.84920028,6.386827436,0.059744393,1.640202004,0.0846144,255.7865754,33.11888296,50.65387694,66.14018954,7.78327,265.9318451,35.2856017,94.12193632
Driver,99.5995884,-3.381,2.131,5.078740157,39.083,-2.04,11.171,2.442,0.31,146.7110326,1.473,8.549,2.385,3820.65,1.21,465.76953,77.90568536,22.3229559,6.268435519,0.262254318,0.974598837,0.0896088,227.5966789,11.92593786,37.54929117,57.38592267,6.32467,238.6351037,12.61354259,7.372174973
Driver,102.0154796,-2.35,-7.487,3.464566929,44.598,-9.873,20.953,5.111,12.599,140.1333214,1.3736,17.982,3.358,4730.0,18.569,426.2345982,130.9492627,76.54642427,6.130282138,0.38701822,2.024188099,0.0958664,208.0201513,52.92322575,50.81430575,62.71398912,7.094646731,216.6768184,56.16780002,123.1457748
Driver,97.72056192,-1.133,3.67,1.417322835,51.836,2.779,9.436,2.269,-1.401,142.5843325,1.4591,8.169,2.44,1810.0,-4.884,365.278214,36.45033234,10.94613089,5.40367625,0.22752143,0.775962165,0.0790016,200.3901446,4.247601845,19.21400283,72.51227167,4.30237,245.4552504,4.185337723,-12.85672419
Driver,102.5903722,0.588,5.107,-0.748031496,51.283,5.579,15.991,8.053,2.946,146.9653722,1.4326,12.88,7.435,4621.94,16.793,455.5705213,109.2541102,122.6846735,206.9099788,72.86217004,13.46945044,6.11756,221.6958043,81.22348366,44.756705,60.2890614,6.83258,234.6770533,88.18825683,161.5426946
Driver,97.85030422,2.9,3.3,-3.858267717,45.713,6.098,12.306,-0.721,-4.021,141.3231478,1.4443,10.898,-0.055,2150.0,-14.973,404.8261117,58.19724234,-21.36927633,5.74716551,-0.016873138,1.110380395,0.085734,215.0140017,-19.2336886,28.30540172,63.85367089,5.270411,248.071384,-25.23249154,-57.08432577
Driver,98.40506442,2.9,3.3,-3.858267717,45.919,6.144,16.236,0.42,-2.88,144.3620258,1.467,14.248,0.936,2920.0,-12.575,459.6177049,101.3311189,-22.93191216,5.665399408,0.08112696,1.45264886,0.083969,230.8060973,-21.15848327,42.00491993,60.75683627,6.703909,249.2833733,-24.56827319,-74.73038925
Driver,107.0843772,4.4,11.2,-4.645669291,44.372,15.259,14.907,7.243,-3.975,160.8885111,1.5024,13.553,7.77,2310.0,-11.199,536.3095401,109.1356475,43.2311578,5.770277303,0.771970455,1.401735407,0.076367,272.170767,13.38867392,39.67462961,65.71768349,6.967293,295.2656416,12.68599359,-70.45895629
Driver,100.4026485,4.159,1.385,-5.472440945,47.699,5.179,16.455,-1.023,-2.408,147.8082498,1.4722,13.886,-0.502,3842.09,-10.397,472.9205855,66.18370009,-12.58193044,5.925722095,-0.055787406,1.448056503,0.084891,283.8342218,-11.97130859,20.31406949,99.81813649,5.115581,368.4671598,-18.36446751,-28.45879581
Driver,101.9752147,0.719,4.481,-0.94488189,45.399,5.19,17.849,-2.275,-6.756,138.2704009,1.3559,15.664,-1.364,3230.0,-20.81,431.3037902,98.0400102,-55.00246986,6.112229967,-0.168630448,1.733881199,0.0952621,220.0017361,-43.48941315,41.06318072,60.80493384,6.47519,230.4953716,-47.1417222,-115.0304981
Driver,73.19926628,-3.521,-6.895,4.763779528,49.142,-9.946,20.672,1.407,8.303,96.34775412,1.3163,15.372,-0.537,5362.92,12.096,230.0696736,45.74898077,8.947786307,6.159779297,-0.035745661,1.702865268,0.138492,124.3701475,8.715477303,33.76389864,50.71476774,4.37364,139.3749449,10.77388049,29.6335826
Driver,116.047781,-0.7,-1.3,1.181102362,46.793,-2.151,15.586,0.293,1.593,166.1522459,1.4318,13.197,0.096,3940.0,-5.922,549.0762605,151.1727984,-23.02171488,3.589234966,0.000654572,0.852733532,0.04579,258.7866874,-16.89714839,51.61131551,65.59169881,7.957761,268.3017323,-17.93923426,-51.98940138
Driver,78.8341088,-2.642,2.693,3.464566929,51.523,0.592,8.968,0.689,-2.004,110.8196135,1.4057,6.739,1.079,2490.0,-6.36,209.558517,15.4455493,1.262657035,5.55331333,0.099333173,0.646718319,0.104426431,120.28777,-0.495131323,12.86309283,67.62388014,2.932788245,168.9040916,-1.887578889,-8.280486218
Driver,105.9099857,3.157,-0.537,-3.42519685,55.345,1.648,16.738,2.955,3.492,149.4508321,1.4111,15.062,2.505,2570.0,9.159,495.0371189,108.1311511,42.48843214,6.393237141,0.289163691,1.742800707,0.0918729,252.6648403,29.18331188,40.62608067,64.35617602,6.86493,272.6787622,32.7485432,54.55865963
Driver,91.45490336,1.307,6.644,-1.692913386,49.163,7.774,13.98,9.043,2.399,131.509932,1.438,11.776,8.613,2930.0,1.093,393.6465456,65.02987275,59.94184085,5.837826488,0.875305877,1.225276388,0.094001,204.683599,32.21102055,32.62176197,59.35121624,5.601025,230.6302057,36.48497895,4.729069627
Driver,110.8357194,1.341,1.436,-1.614173228,47.581,2.662,12.895,-0.066,-1.502,162.11301,1.4627,11.509,0.119,2250.0,-4.74,536.2210311,92.26697369,-9.821147281,6.353653967,0.008941578,1.312850069,0.0828026,274.0579198,-8.657879816,35.1805744,66.01757549,6.5867,300.4924377,-10.35943755,-27.68033693
Driver,79.84073014,1.142,0.265,-1.456692913,48.217,1.285,15.981,5.627,5.362,118.3377326,1.4822,13.534,4.706,3060.0,8.718,332.7040034,58.67006131,38.23691152,5.981470144,0.500530208,1.44316923,0.10795,176.9735594,24.73228547,32.33617882,57.57739139,5.172731,201.8790064,29.56524837,30.81591782
Driver,78.24579456,-3.095,-0.161,2.952755906,61.968,-1.811,25.028,5.059,5.22,96.70365068,1.2359,20.534,4.132,4390.0,6.481,248.8756055,65.70285062,24.21847529,5.8188487,0.430333407,2.182992795,0.134292,133.4596475,15.73876342,41.02953847,53.03292336,5.00350153,147.3262068,17.83458982,18.44576083
Driver,68.62920544,-1.039,6.232,1.377952756,50.757,5.383,7.263,1.735,-4.497,115.733044,1.6863,6.399,2.208,1130.0,-28.31,151.5522904,9.321038553,2.211157684,3.386801506,0.125967568,0.371932651,0.0605191,93.68053526,-0.624253655,8.696355277,86.11179883,1.94861,142.8470765,-3.25043006,-12.69891342
Driver,94.20857194,0.1,-7.1,0.039370079,48.17,-7.165,17.494,7.578,14.678,126.9756621,1.3478,15.791,5.825,4670.0,23.522,357.1408189,90.24288893,84.79924364,5.885149491,0.651727393,1.691473574,0.100422,179.306872,57.89387127,44.45522356,56.03165138,6.065203,191.2567142,63.7228443,121.1150125
Driver,111.4083751,-3.098,-4.668,3.503937008,52.595,-7.04,11.631,-1.812,2.855,158.6781943,1.4243,8.998,-2.334,4227.55,7.102,517.3893425,105.4804909,3.93580034,6.246653908,-0.245359922,1.033883415,0.0826788,246.3507464,7.906530195,44.11153597,59.58862789,7.09213,259.6134498,9.12698804,53.78210266
Driver,101.2951861,-4.021,1.079,4.645669291,54.483,-1.797,30.645,2.559,1.48,121.7016374,1.2014,24.768,2.266,7099.69,1.451,336.6566706,137.5054446,15.66301482,6.266107594,0.251843709,2.975077545,0.119045,162.0213989,9.043997537,57.21658367,63.86602701,6.78259,163.0844157,9.109212748,7.922320347
Driver,100.8120079,2.166,3.024,-2.874015748,48.209,4.961,14.234,-2.164,-5.188,147.4604062,1.4627,12.592,-1.434,2620.0,-18.74,461.3338681,81.7586066,-48.07939097,6.006905959,-0.166414943,1.349883895,0.086467,238.5729073,-38.01211759,34.57716043,62.98302495,6.138395,265.4346286,-45.88585888,-96.31829665
Driver,101.7045455,-1.913,1.619,2.519685039,46.454,-0.201,25.883,-5.578,-7.197,122.9122674,1.2085,20.764,-4.102,6455.09,-8.935,345.7141235,119.0475491,-43.84395008,6.527872915,-0.489213226,2.547617255,0.118943,170.0309663,-27.96598762,52.55040126,60.28613877,6.54739,174.3373486,-28.878459,-47.69186906
Driver,91.6360952,-2.415,5.21,2.795275591,56.009,3.58,9.407,1.828,-3.382,136.8711972,1.4936,7.972,2.245,2030.0,-10.504,339.6534357,32.77852987,4.121615009,5.849503324,0.221695249,0.817932555,0.089241,186.8618675,-1.406499143,18.55756403,70.53594036,4.134581,234.1163932,-4.127136244,-26.1752415
Driver,93.24221546,-5.259,2.155,6.653543307,51.275,-2.077,6.154,-4.834,-6.989,113.2323729,1.2144,4.296,-3.69,2450.0,-21.632,159.0889583,7.086014049,-15.05507979,5.605908355,-0.377607178,0.409717614,0.102682451,93.55731448,-11.22014076,7.206338303,77.50427373,2.067658753,152.8131864,-21.89260142,-15.65748781
Driver,80.17403364,-4.3,-7.3,3.858267717,64.917,-9.564,21.486,-3.78,3.52,105.5319435,1.3163,15.415,-4.67,6417.56,6.209,267.7179071,62.89762209,-12.69406767,5.812490624,-0.465034903,1.633999023,0.119604,138.2511642,-4.267714726,41.16301614,50.81842947,5.083773,148.2346214,-4.195785897,20.99111136
Driver,87.3523622,-0.765,8.339,1.023622047,54.198,7.787,13.046,6.666,-1.673,130.5420097,1.4944,11.431,6.868,2110.0,-7.575,355.0442623,48.98546688,34.23057218,6.372111306,0.755062124,1.285118645,0.103186013,194.7215349,15.80524147,25.36380999,65.5955473,4.776352751,232.1844194,17.3642413,-22.54980313
Driver,114.7212777,2.88,-4.799,-3.858267717,46.338,-2.048,14.933,-0.621,4.178,165.102228,1.4392,13.228,-1.233,2960.0,9.201,567.5077063,128.2857497,17.95372613,5.777984428,-0.116943883,1.374758486,0.074451739,277.9577212,17.59071733,44.4789093,65.11128623,7.570795256,295.3279584,19.92360061,70.66745456
Driver,101.3846636,-0.131,4.054,0.157480315,46.708,3.93,16.613,2.175,-1.879,142.7946045,1.4084,14.546,2.418,2950.0,-6.224,464.2751398,101.2116822,4.579855297,6.271425066,0.257606361,1.65135776,0.0941359,235.218021,-2.178272639,41.03104998,61.85597237,6.70012,246.3375601,-2.769174763,-36.2989399
Driver,102.9728883,0.1,6.5,0.039370079,55.859,6.402,13.062,2.502,-3.998,146.7620347,1.4253,11.393,3.058,2540.0,-9.508,456.9445633,77.73405562,4.673439629,5.83496055,0.303218051,1.186821295,0.08403,233.506193,-3.949592004,34.88528791,61.05338751,6.118948,258.5571969,-6.102347176,-49.19700536
Driver,92.46376163,-2.26,-4.167,3.267716535,44.07,-6.503,15.538,-3.301,0.866,135.8328114,1.469,13.18,-3.421,3183.79,1.772,426.4392002,84.57932474,-21.21777184,5.539114771,-0.328923699,1.315037349,0.0867528,216.9816964,-9.851679458,38.4727756,59.37185386,6.24228,235.8158336,-10.46955222,9.300924317
Driver,99.61077309,2.6,0.0,-3.661417323,42.653,2.536,18.0,0.084,0.099,147.0673765,1.4764,16.032,0.108,2870.0,2.59,488.5612448,119.9729952,7.346090352,5.933250037,0.009785678,1.719949321,0.087074,244.8737005,5.841802286,44.68611894,63.85165705,7.148502,261.8202784,6.548613693,16.14104249
Driver,93.28919112,1.976,2.131,-2.322834646,51.557,3.7,8.882,-3.489,-5.62,133.0039817,1.4257,7.739,-2.545,1950.0,-18.494,299.5589399,26.48712512,-25.31774898,5.963589379,-0.278164388,0.80478231,0.093582,168.5676937,-19.51125627,16.09578329,73.20513619,3.665572,220.102954,-29.42256029,-36.17171097
Driver,93.51735863,7.176,9.145,-8.74015748,56.985,13.837,12.372,-3.109,-12.254,137.9540981,1.4752,11.599,-1.188,2784.21,-47.259,327.8573104,43.80110194,-49.98502408,5.954729023,-0.162309748,1.213831671,0.091261192,180.4964878,-46.7952132,23.86528957,67.15034107,4.229513123,218.0835297,-67.03939715,-129.512612
Driver,101.9506084,2.569,5.145,-3.543307087,47.404,7.509,13.286,3.672,-1.473,152.3653364,1.4945,11.852,3.875,2190.0,-4.992,483.677431,79.91473,22.85178102,4.726292129,0.3170096,0.996398798,0.065434837,252.2372054,8.829083247,32.83122023,65.85933945,6.106574194,283.0016431,8.913304473,-24.68050879
Driver,99.23496779,1.5,-5.9,-1.929133858,49.824,-4.731,18.213,-4.141,1.759,139.994184,1.4107,16.348,-4.27,3650.0,4.285,445.6992162,121.0798808,-21.01140434,5.554741088,-0.419353583,1.650735419,0.085877,219.1856916,-7.552374481,48.10818725,61.83260837,7.062551,231.6545276,-7.618772988,26.33615333
Driver,100.7135827,2.9,0.5,-3.661417323,49.498,3.054,16.452,3.347,2.847,147.7389048,1.4669,14.484,3.012,2950.0,4.493,489.7211731,109.4309461,36.53720064,5.714760182,0.304198794,1.489612892,0.08279,246.1058892,22.33529285,42.37158367,62.97758928,6.959441,264.9003055,24.64357094,28.27842864
Driver,85.92743379,0.987,3.938,-1.25984252,44.114,4.956,13.817,10.213,6.275,123.1182892,1.4328,10.131,8.363,5017.9,17.261,337.7108687,56.95024785,77.80060415,6.41364078,0.960029534,1.177390778,0.110114,171.3426025,48.49675635,34.44479337,53.51604098,5.23322,187.5885212,55.09724787,72.23802007
Driver,94.15488547,-5.0,5.4,4.527559055,59.052,1.915,6.91,0.449,-5.005,115.6160523,1.2279,4.78,1.384,2650.0,-25.642,193.1208137,10.30327169,-4.826162096,6.248707432,0.123319974,0.514750618,0.112456,109.8946254,-7.009288197,9.659701619,70.78210285,2.537022,161.0451352,-15.2004175,-28.96837399
Driver,69.06093414,-3.1,2.9,3.42519685,53.857,0.574,0.764,1.854,-1.046,95.73550465,1.3862,0.267,1.951,490.0,-11.998,5.397613984,0.013558427,0.182473628,5.828519678,0.191790993,-0.032721401,0.125741,3.354004266,0.112442047,0.354113218,94.76026639,0.07198,56.52053436,1.858185232,-0.005235999
Driver,98.73389406,-5.142,-0.121,6.57480315,51.203,-4.269,14.411,2.759,2.88,142.923452,1.4475,11.826,2.364,3709.6,5.379,455.9001772,93.65415263,32.42066948,6.150417182,0.259975797,1.311059884,0.091297294,225.3755088,20.28976137,41.57091182,59.0863233,6.598284471,242.558883,22.54390167,33.04194233
Driver,101.7940229,-5.976,-2.906,8.031496063,47.937,-8.326,12.764,-0.824,2.081,144.0631711,1.4152,10.729,-1.057,2930.0,4.078,454.3754498,74.80264395,0.327176669,6.272300032,-0.111563781,1.207830566,0.0918287,230.9310089,2.905071744,34.33242393,60.33773497,6.09669,253.9852,3.888412911,21.49273198
Driver,88.82426628,-1.469,5.897,1.968503937,48.095,4.579,28.134,6.444,0.546,113.3377326,1.276,22.913,6.335,5870.0,0.634,314.1239747,110.2197368,33.67744435,5.709857245,0.631159155,2.44988483,0.1145544,157.1800964,18.30570317,51.9305552,59.06250704,6.253096706,163.0907938,19.01280017,2.905391102
Driver,97.51700072,-1.276,2.568,1.732283465,46.856,1.372,12.682,-2.751,-5.319,138.135961,1.4165,10.592,-1.931,3072.07,-9.571,421.0484622,66.81238485,-32.16947808,5.972974362,-0.210627371,1.128871902,0.091193,215.6104569,-22.58306491,32.96601425,59.33948304,5.781708,240.8066022,-26.97785025,-46.03502253
Driver,78.29053329,-7.1,9.7,8.385826772,64.143,6.172,9.097,-1.751,-11.451,98.56209735,1.2589,6.85,-0.006,2690.0,-27.786,148.8306266,10.48759409,-6.84142645,6.275677699,-0.034853893,0.727637203,0.133159,88.11445158,-7.49106428,11.26608601,65.13186839,2.306146,133.7907307,-15.52097352,-22.44561096
Driver,96.6468325,3.9,-2.7,-5.236220472,47.126,0.969,21.891,-0.106,2.594,137.4371421,1.4221,19.906,-0.495,3800.0,5.055,435.4257659,140.5087843,11.14911249,5.601921335,-0.035200466,2.052645163,0.090156,212.8259284,9.463063216,51.94267357,64.71904329,7.316291,222.258032,10.16789432,33.8986583
Driver,92.37204724,-1.216,3.548,1.299212598,55.216,2.703,17.886,2.923,-0.625,137.0769953,1.484,15.654,3.0,3040.0,-1.182,440.4608158,101.6507454,19.79521834,5.412286858,0.28220795,1.535292509,0.0849408,223.8940478,9.520644965,42.05669676,61.36481218,6.63027,241.1166441,10.1147707,-6.598539107
Driver,86.25850036,2.958,-1.315,-4.133858268,50.787,1.102,20.798,3.491,4.806,127.1373926,1.4739,18.704,2.886,2740.0,9.426,395.8400967,98.62907927,35.99376885,6.29913162,0.328341343,2.138163936,0.1087176,206.9231884,25.12419027,41.7701429,61.77844793,6.328027009,226.2448792,28.57403587,44.25314841
Driver,85.52478525,-4.713,-4.605,5.118110236,59.703,-7.366,14.545,-2.763,1.842,116.4323103,1.3614,11.342,-3.08,3720.0,3.498,319.3017003,51.12134545,-12.154135,5.638556301,-0.29901246,1.141244096,0.102558723,166.9493646,-4.865951006,31.29542305,55.08208155,4.974191852,190.297279,-5.008079533,12.32249658
Driver,112.8825161,9.318,2.445,-12.24409449,46.836,11.297,16.859,2.328,-0.117,167.6908107,1.4855,15.186,2.354,2786.89,8.694,585.2008429,147.0853386,52.40941353,5.929680397,0.250766868,1.626281042,0.075908,286.7947248,34.91152595,46.79275142,67.77901861,7.910668,302.5378973,37.81832569,69.57001904
Driver,84.52040086,-5.885,-9.113,9.173228346,40.452,-16.057,16.674,-1.884,7.229,113.7211435,1.3455,11.659,-3.561,5947.1,23.004,276.2438056,45.93969098,11.9849303,153.1965817,18.95862957,-2.973070626,4.65176,148.2227311,17.33660137,29.66332073,57.24186034,4.44176,168.4695337,23.78006713,79.33867827
Driver,101.8163923,3.216,4.875,-4.291338583,48.03,7.772,12.534,-4.242,-9.116,143.5940855,1.4103,11.297,-2.992,2480.0,-25.425,413.5580639,60.85994263,-58.50168461,6.18480427,-0.344881216,1.238605089,0.090983,219.4489629,-45.45429902,28.46051703,64.38961777,5.336433,252.4328359,-57.7685807,-102.5588138
Driver,88.06594488,-2.753,5.98,3.267716535,49.382,3.617,30.782,-2.122,-8.102,110.8115605,1.2583,25.611,-0.651,5858.47,-8.112,303.3530618,115.8052245,-18.46882339,6.251032568,-0.090789268,3.048724278,0.131205,151.3284413,-13.79766035,53.50441227,60.04288185,6.2837,155.8650649,-14.37853636,-36.25368156
Driver,115.0680029,6.7,2.1,-7.952755906,50.193,7.853,17.058,-1.344,-3.444,172.751879,1.5013,15.969,-0.955,2780.0,-12.898,602.6384148,161.8185537,-56.10426119,5.870635423,-0.108445887,1.697293631,0.073231,293.0622873,-41.49956853,48.79933916,69.37050103,8.199241,306.782082,-44.71588205,-109.9755601
Driver,100.1834288,-1.2,-5.4,1.850393701,44.601,-7.395,19.508,3.642,9.131,143.0306013,1.4277,16.79,2.412,4230.0,19.677,439.0859729,125.2323712,72.97716004,5.688762076,0.258325909,1.74304199,0.086397,215.0018066,52.39493212,49.05855809,61.45328475,7.082971,225.6145995,56.43943529,130.718914
Driver,90.82185039,-1.5,6.3,1.929133858,55.725,5.138,20.83,-8.062,-14.362,119.4237652,1.3149,17.338,-5.595,4950.0,-10.545,342.1273319,91.98428962,-52.56350998,5.642031424,-0.565185814,1.786970108,0.103162,173.3766258,-33.33936521,45.52943033,56.84321748,6.054466,184.4170964,-36.18192142,-49.77739073
Driver,109.1714388,-5.568,-1.283,7.322834646,51.875,-5.671,10.633,-8.921,-7.637,149.4268969,1.3687,8.996,-8.131,2690.0,-16.888,449.8293018,59.66363201,-93.32626923,6.3935767,-0.91990213,1.02554756,0.0896853,231.5939672,-58.67777991,28.48283032,62.69944849,5.58767,260.980144,-69.59298731,-79.20235151
Driver,85.3055655,-3.394,1.423,3.700787402,63.874,-0.244,43.626,-3.313,-4.735,88.49655512,1.0374,34.847,-2.109,7730.0,-3.035,213.3428519,99.63300623,-10.50718691,4.26932597,-0.162181995,2.988108616,0.12354,107.0311235,-6.808569746,56.39339766,56.6044533,5.506215894,107.8904195,-6.870998901,-8.619350779
Driver,103.1742126,2.5,7.5,-3.42519685,47.214,9.845,12.013,2.285,-5.215,138.4059592,1.3415,10.528,3.088,2330.0,-6.404,401.7065454,57.73962215,11.88057154,5.979725384,0.316566297,1.117744341,0.091052,211.2217657,2.909484174,29.02719646,61.84916711,5.342205,242.2315724,2.061079749,-25.41632886
Driver,111.6633858,-2.146,0.041,2.952755906,48.634,-1.85,12.135,2.294,2.253,156.9647011,1.4057,9.128,1.809,4744.45,15.184,487.3970612,118.4713632,79.86227301,221.933901,50.94238065,3.10460107,7.20288,224.4961762,51.9391265,48.82806971,57.16940891,7.34381,234.2873516,55.65335709,135.0560267
Driver,117.6181102,4.117,7.206,-4.37007874,52.611,10.359,12.375,4.197,-3.009,174.2349678,1.4814,11.398,4.561,1800.0,-13.026,575.198927,95.32454311,16.18124918,6.363840949,0.495797411,1.299428025,0.0770673,296.9014741,-1.12819995,33.63336283,70.61212082,6.55299,327.438362,-3.770901111,-74.20255995
Driver,105.6281317,1.3,7.1,-1.692913386,51.711,8.132,0.209,-4.375,-11.475,145.0017895,1.3728,0.326,-3.151,1670.0,-38.269,37.95307139,0.117538367,-2.399934489,5.630571263,-0.328637634,0.026424083,0.080111,24.13532126,-1.720145224,0.423054637,133.340113,0.354727,92.56902929,-7.789732618,-1.182772361
Driver,109.4823729,1.526,-2.581,-2.283464567,40.531,-0.796,14.895,-4.967,-2.387,148.327219,1.3548,12.652,-4.553,3357.45,-6.452,485.9452736,103.3402821,-55.24162257,6.250124674,-0.503646213,1.434647729,0.0896021,240.4256676,-32.99012901,42.20511332,60.92318314,6.88002,256.9163095,-36.05445063,-41.94378062
Driver,82.02621689,-1.721,-9.148,1.57480315,64.705,-9.962,22.772,3.903,13.051,79.70315855,0.9717,17.708,0.956,4560.0,18.137,160.7560235,31.60327353,10.66098915,5.096091962,0.109302747,1.599302573,0.1399224,92.21955013,9.579754715,29.59587924,49.00312031,3.476556828,111.7871952,13.1180997,24.14430502
Driver,83.83813529,-6.619,4.814,6.535433071,55.454,0.231,20.077,2.11,-2.703,116.9917681,1.3955,16.823,2.465,3800.0,-4.47,340.9645251,81.46560815,6.699551167,6.147743846,0.257816247,1.874378275,0.114353,176.3079618,1.229240065,41.31170039,56.74697965,5.81501,192.4531731,0.888924539,-19.06367707
Driver,92.35862563,-1.761,7.627,2.401574803,52.061,6.254,18.582,-4.705,-12.331,123.9723515,1.3423,16.007,-3.03,3730.0,-23.28,358.1181223,80.19279405,-58.44687027,6.412125789,-0.373056229,1.852465105,0.112038704,185.7586218,-44.39585851,39.42777803,57.4931769,5.805070825,203.3867612,-51.44182563,-104.3980858
Driver,100.8835898,-8.091,-2.578,10.90551181,43.802,-11.103,13.734,2.947,5.525,142.2740694,1.4103,9.515,1.849,6146.56,9.208,419.8990469,92.07154159,39.7950435,6.298782758,0.219601352,1.120378568,0.0933436,202.2686978,25.85625477,44.90010305,56.52743659,6.4294,211.1382505,27.62504559,58.11007913
Driver,91.86649964,-1.735,-2.339,2.283464567,44.694,-4.094,12.613,1.387,3.725,133.0576682,1.4484,11.038,0.965,2151.86,1.291,368.9243287,50.31425369,7.612959069,5.881263125,0.100096818,1.146573334,0.093211956,200.5983822,4.747793569,25.66806382,65.39052354,4.892698868,237.7987255,5.889408008,4.108987933
Driver,109.5830351,3.3,1.9,-3.661417323,51.301,4.6,17.199,-0.625,-2.525,159.9923944,1.46,15.686,-0.261,3340.0,-5.669,541.724558,150.0457333,-22.94843911,5.553172077,-0.038265074,1.579381049,0.074734,261.1397749,-16.74793672,50.04779767,66.57439039,7.885456,272.8859622,-17.97225251,-46.68193073
Driver,105.7399785,-0.7,0.1,1.141732283,50.731,-0.666,6.283,-5.795,-5.895,144.958393,1.3709,5.307,-5.038,1817.76,-18.109,310.7161034,19.82813729,-38.64979306,5.868688751,-0.522160303,0.544254198,0.084023,172.1670272,-26.1866309,12.38670159,79.54003901,3.3889,231.5510201,-39.3893415,-33.42683989
Driver,109.2385469,7.1,5.1,-8.464566929,50.95,10.91,15.546,0.487,-4.613,160.4851915,1.4691,14.599,1.039,2320.0,-15.783,529.9634258,116.1738517,-31.00842816,5.55232316,0.087624999,1.456724198,0.074011,267.9150906,-29.06864427,41.57017267,65.42530927,7.084305,288.8852888,-33.72210249,-101.6798501
Driver,93.41222262,-2.287,3.945,2.834645669,51.762,2.142,11.426,3.816,-0.129,123.4289996,1.3213,8.247,3.846,3896.48,21.548,293.5709665,33.58491818,49.76436093,151.1841808,35.70773099,1.567489117,3.95242,155.0054721,37.17792257,22.75167064,58.79896235,4.09716,184.6853669,48.72631249,81.00208523
Driver,91.34976736,1.301,-1.77,-1.614173228,47.401,-0.574,17.323,6.126,7.897,133.9191124,1.466,15.44,5.145,2800.0,17.176,412.2274003,86.136051,66.80357953,6.303549361,0.583979068,1.753991013,0.10131,215.1676276,46.36083013,37.66029894,61.16165292,6.10976,236.3217479,53.33408282,81.99528921
Driver,102.1340372,2.1,5.3,-2.677165354,47.605,7.297,16.724,8.205,2.905,142.1783286,1.3921,14.513,7.833,3180.0,2.502,454.417902,107.3062603,66.561645,5.789669885,0.791626004,1.517494995,0.087322,225.4119755,35.81127095,44.53565805,60.45863811,6.85027,241.3270916,38.6237101,15.44029394
Driver,111.6119363,-0.4,0.4,0.94488189,46.135,-0.757,11.651,-0.653,-0.982,165.55051,1.4833,10.448,-0.43,1984.91,-4.662,533.3711219,83.11750369,-15.00567816,5.835643083,-0.059541158,1.085510298,0.07413,274.1430499,-11.05804944,32.65398173,67.35950346,6.29053,305.3516532,-13.27633348,-27.00603381
Driver,100.8209556,0.533,2.331,-0.748031496,45.009,2.864,15.099,-1.561,-3.892,143.5070687,1.4234,12.68,-0.891,3569.55,-9.068,459.7485159,97.6860974,-30.46715261,6.32414575,-0.109320073,1.445535014,0.093829,227.9754727,-22.16620292,41.91447281,59.77963582,6.666364,245.4385254,-25.06526472,-55.90572783
Driver,79.18083393,0.041,2.655,-0.039370079,62.273,2.677,21.946,0.481,-2.174,105.6420007,1.3342,17.329,0.972,4863.59,-4.121,282.2809645,68.46225598,-0.951574926,5.980171776,0.09437027,1.884133355,0.123865,147.7549976,-2.227538277,40.68093746,53.40817662,5.250006,161.4284869,-2.762844134,-14.20025142
Driver,93.32050823,-3.6,-5.0,4.842519685,46.201,-9.274,36.48,-13.482,-8.344,109.6754205,1.1753,28.974,-11.136,8340.0,-8.683,278.9266591,128.0182879,-67.11747016,5.428690846,-1.106203111,3.060021603,0.119302,132.1711831,-39.70337674,59.54340305,60.97418629,6.421147,131.1365866,-39.35746264,-43.822352
Driver,119.7968862,2.816,-0.934,-3.503937008,49.611,1.464,11.993,-5.006,-4.072,176.5123926,1.4734,10.699,-4.419,2483.55,-17.506,596.8081357,105.3859756,-95.60069157,5.722883243,-0.45246186,1.093438618,0.068230281,297.5032388,-64.02255332,37.62853999,66.17072572,7.086093178,322.5456846,-72.84200381,-124.3403396
Driver,79.9123121,1.962,3.163,-2.440944882,52.352,4.677,10.835,-0.6,-3.763,118.6016911,1.4841,9.101,0.148,2220.0,-19.459,258.0606656,25.92444156,-10.35990835,5.867237244,-0.000698629,0.928830871,0.103708,147.189302,-10.95127271,17.39932136,67.72353552,3.543812,193.0185291,-18.13571475,-33.99115427
Driver,97.92188618,5.016,5.488,-5.826771654,52.556,9.341,12.047,-2.226,-7.714,138.4518164,1.4139,11.183,-1.251,1770.0,-34.678,336.46133,41.98644181,-33.33545927,6.500816816,-0.16754813,1.274869941,0.0989856,190.2359693,-30.62930659,21.42996171,73.21562354,4.18112,233.7988567,-44.19651241,-79.56869284
Driver,87.33670365,-5.6,-0.8,5.196850394,57.541,-5.057,21.621,-2.649,-1.735,123.8622942,1.4182,16.589,-2.28,6200.0,-2.954,349.8670623,101.3731097,-20.27329528,6.004421657,-0.246639089,1.8310167,0.105753,171.4716976,-12.12446861,49.59748125,55.92142332,6.373167,178.1762475,-12.72817267,-15.93085519
Driver,100.8880637,-1.1,-0.3,1.25984252,54.226,-1.163,14.45,-0.291,0.009,145.917815,1.4463,12.746,-0.239,3800.0,-0.515,467.2570116,108.9830927,-3.445525401,5.691492472,-0.024878318,1.31126731,0.083005,227.6234615,-2.122399658,45.5961884,60.07226177,6.957004,241.6113195,-2.307267195,-3.518793225
Driver,81.76896922,0.043,8.369,-0.039370079,57.111,8.397,7.591,9.277,0.908,112.1962241,1.3721,6.631,9.16,1077.68,-36.681,119.9591129,6.667464139,15.13958215,84.57913186,8.335131598,-1.073404706,1.82864,76.92826624,8.025677318,7.289104452,84.31037324,1.63864,138.5140414,10.97396449,-12.76861758
Driver,21.30905512,-1.9,3.3,1.88976378,70.096,2.537,48.677,-5.746,-9.046,23.55113636,1.1052,37.208,-2.729,2710.0,-6.084,19.22024986,7.056265073,-0.909839258,5.930953759,-0.301757388,2.352033138,0.670407,11.74119707,-0.622095028,39.53311666,22.19041885,1.357368,16.43835217,-0.886181225,-0.189457587
Driver,96.00259485,1.5,2.1,-2.047244094,47.253,3.559,16.731,2.263,0.163,140.5693003,1.4642,15.09,2.406,3110.0,0.686,452.6303008,106.1407256,18.95318402,5.55076551,0.218592489,1.511343453,0.084818,226.9492599,10.27549732,43.57300492,61.1459731,6.795141,243.956518,11.1275448,2.246446534
Driver,117.1662491,3.195,1.58,-3.976377953,48.187,4.442,14.256,3.038,1.459,172.9136095,1.4758,12.553,2.807,2950.69,0.921,606.1510401,138.3929879,32.23601555,5.772250791,0.283408279,1.303083781,0.070801377,293.4787423,16.94695775,45.84751987,66.38736749,7.897883575,309.6192296,17.99479581,7.735274576
Driver,102.9684145,1.5,9.9,-1.850393701,53.129,11.058,12.981,9.12,-0.78,151.3414907,1.4698,11.441,9.259,2320.0,-7.226,476.1253818,80.50386458,60.9071878,5.803943435,0.928251995,1.184691156,0.081023,244.1745073,26.83422448,34.57790236,62.78781867,6.19124,271.2562979,28.4457744,-37.69356701
Driver,26.45624553,-1.7,-3.1,1.535433071,68.968,-3.936,38.518,-3.595,-0.495,23.61466535,0.8926,34.107,-3.694,3550.0,-0.346,18.51575112,6.136149153,-1.090175499,2.042592496,-0.127263511,1.165331287,0.21639,11.48544063,-0.718028065,36.27870147,22.24053454,1.267873,15.67959466,-0.980999436,0.065994083
Driver,104.8630995,-3.098,1.703,3.464566929,54.388,-0.519,24.498,-0.278,-1.981,138.9437187,1.325,20.578,0.034,5420.54,-3.879,417.0456583,155.0320921,-11.95472098,6.005096895,-0.004012034,2.321016949,0.0961488,198.0258362,-8.867597947,56.4925838,66.8454742,7.42158,199.4843712,-8.960960425,-26.95496819
Driver,87.39933787,-2.118,4.889,2.834645669,44.445,2.729,14.203,-2.098,-6.988,123.213359,1.4098,12.152,-1.186,2735.23,-15.271,338.1121628,51.5923295,-24.93204715,6.412909981,-0.14925132,1.38246493,0.110408,182.2444385,-20.52086218,28.34551173,60.10612592,4.92982,210.066617,-26.23682575,-50.30501108
Driver,73.13886901,1.153,-4.354,-1.732283465,49.819,-3.38,17.028,1.589,5.943,104.7438708,1.4321,13.093,0.054,4371.47,13.24,263.207328,45.73416502,14.29724504,5.980804067,0.02592816,1.399053971,0.122140731,140.8128326,12.5968421,31.58743552,52.80091324,4.541809529,161.4328316,16.09161305,37.39396697
Driver,101.8231031,0.9,10.3,-1.062992126,50.009,10.92,6.482,2.19,-8.11,149.0314066,1.4636,5.919,3.072,1460.0,-32.109,286.6467153,18.57202955,0.497942081,5.871221869,0.296918713,0.602165287,0.081787,164.6311174,-6.383692179,11.33775985,87.96036201,3.025387,232.1158062,-15.6617688,-45.57180478
Driver,100.6442377,2.109,-1.876,-2.283464567,52.323,-0.246,14.851,-0.406,1.47,149.5740873,1.4862,13.984,-0.51,1296.45,-6.913,405.2728117,69.40567278,-17.06732156,214.0927868,-14.29083605,1.574042204,4.98506,216.6240335,-14.59604607,31.53730625,71.24727081,5.07019,250.8413781,-18.77745491,-38.01499781
Driver,96.67591267,-3.968,6.488,4.960629921,50.256,3.182,23.926,5.292,-1.196,128.9958393,1.3343,19.688,5.492,5430.0,3.674,379.4643072,127.3653395,43.66921809,5.75392679,0.55646658,2.097968682,0.098913,185.0216545,24.88814515,52.74823484,61.86558506,6.844725,191.3971224,25.87886036,21.68102794
Driver,100.9216178,2.3,10.1,-2.992125984,50.901,11.947,2.844,-0.035,-10.135,145.7180565,1.4439,2.802,1.215,1480.0,-52.389,129.739093,3.512687643,-1.966650724,5.793753689,0.096213844,0.270071729,0.082194,80.07633831,-3.826360749,3.932385335,110.705119,1.29558,156.3507863,-12.99770212,-16.56453738
Driver,107.9903364,4.4,1.6,-5.078740157,45.281,5.532,17.403,-0.125,-1.737,153.9587062,1.4257,15.435,0.036,3040.0,2.126,516.7291796,131.9909527,7.754239012,5.926492248,0.017443577,1.655382486,0.082846,253.6959386,5.760042199,47.07501075,64.56671652,7.494427,268.3529728,6.314571109,16.80204091
Driver,92.67179671,-3.848,0.932,4.606299213,57.039,-1.568,12.092,-6.551,-7.483,127.2919649,1.3736,9.711,-5.402,3330.0,-16.768,353.3111032,48.46787868,-56.89335113,6.055511478,-0.588626454,1.045592185,0.1001416,184.1109499,-38.06103562,28.10128473,57.85003678,4.986287475,212.1381318,-47.06435654,-62.80092832
Driver,99.70696135,1.6,2.6,-1.299212598,49.584,3.508,14.836,0.37,-2.318,145.1995347,1.4563,13.398,0.714,2110.0,7.518,451.574701,81.09821137,17.76104517,6.036716073,0.072650804,1.443236305,0.088522,237.7799241,14.09244652,34.02061675,64.93660665,6.011454,266.2948005,17.11084942,33.40052135
Driver,92.43244452,0.339,3.329,-0.433070866,51.479,3.599,19.015,11.136,7.807,131.9403185,1.4274,16.38,9.962,3750.0,9.968,409.5930815,104.0886476,91.05975945,5.957510221,1.042920195,1.771553669,0.097863,205.635617,53.73172548,44.89159628,59.83240534,6.574824,220.2918735,58.51907046,55.75064049
Driver,102.0400859,0.333,3.313,-0.433070866,44.566,3.65,25.595,-2.722,-6.035,131.4672065,1.2884,22.29,-1.838,4441.09,-12.526,398.8926555,142.1878906,-45.20333502,6.053043993,-0.214557984,2.521103027,0.103609,194.7587119,-32.04062091,53.62146073,64.85299375,7.15711,197.8563192,-32.7599726,-77.58787735
Driver,80.16732283,-1.0,6.2,1.377952756,68.788,5.404,4.553,-11.027,-17.215,92.04321761,1.1482,3.796,-8.628,2250.0,-57.39,52.45735639,1.827081312,-9.177743021,5.841206315,-0.922760029,0.331457973,0.131681,33.90298179,-6.774884615,4.437075891,79.33283501,0.814179,91.93820849,-21.39834376,-5.144172023
Driver,80.09350394,-0.187,-4.54,0.275590551,48.122,-4.708,19.203,3.767,8.307,114.52398,1.4299,15.581,2.118,4488.75,23.335,297.6970973,63.05341703,46.05792659,163.3193732,39.03886031,-2.558489275,5.05087,159.7585262,37.47076487,34.83947249,60.57617489,4.90087,179.8108885,46.22183557,95.11669874
Driver,81.33500358,2.49,0.25,-3.346456693,51.523,2.231,14.923,-7.055,-7.306,111.4159807,1.3698,12.101,-5.34,3625.76,-2.307,272.3638279,44.84388619,-28.3144548,154.6935223,-17.77312197,-4.065401539,4.58998,147.5487394,-16.79742351,28.7176386,60.03034652,4.30998,174.102053,-20.38100301,-9.246202217
Driver,100.9864889,9.615,4.92,-10.0,66.882,9.067,6.267,-8.004,-12.924,138.3632337,1.3701,7.094,-4.962,4303.09,38.037,174.0859625,10.50059872,-20.00517287,69.84853464,-8.39585782,3.329664943,1.21223,109.0585098,-14.7071987,8.267699542,94.97534657,2.01879,174.1816158,-25.3180758,-15.91569228
Driver,107.7107194,1.9,-1.9,-2.401574803,49.983,-0.335,11.42,-2.314,-0.414,154.9366947,1.4385,10.363,-2.171,2360.0,-0.533,493.2206322,76.27118654,-20.19548999,5.846353855,-0.229528687,1.078997332,0.07938,253.0205391,-10.84898328,32.51938496,64.15160025,6.136864,282.9366427,-12.24265687,-3.795237105
Driver,91.50187903,-0.3,-3.7,0.433070866,56.663,-4.031,8.758,-3.175,0.601,115.968146,1.2674,6.748,-3.309,2320.0,-6.004,226.739548,16.84137382,-15.76691364,5.963368084,-0.349439785,0.6960107,0.107193,129.7805536,-10.28110046,13.06485334,69.72801796,3.049464,180.4214194,-15.45834564,-8.389376387
Driver,114.8912849,7.9,3.5,-9.015748031,52.361,9.797,18.517,-0.055,-3.555,172.9601378,1.5054,17.047,0.457,2610.0,-11.99,604.2155569,169.5210163,-37.9560183,5.826848667,0.038922135,1.803413772,0.073006,294.2690899,-31.44642059,49.68107028,70.61067443,8.290565,307.3371832,-33.92412424,-101.3372733
Driver,95.98917323,-2.57,6.069,3.11023622,53.459,4.163,18.361,-4.972,-11.041,126.3877953,1.3167,15.041,-3.106,4730.0,-3.431,374.4656771,93.63899222,-27.25593556,5.981962737,-0.329226095,1.637887503,0.102112,187.0230256,-16.10526632,44.94830906,57.19438142,6.245776,199.4593615,-17.4622022,-17.95713359
Driver,96.28221188,1.251,8.404,-1.57480315,52.757,9.355,18.754,9.554,1.15,135.4769148,1.4071,15.943,9.359,3790.0,-0.759,427.9091102,110.3794356,65.34485281,5.855022137,0.95125923,1.694815023,0.093417162,212.6979134,33.09386195,46.13823272,60.63003666,6.78922834,226.4765457,35.16752264,-4.543025808
Driver,92.95141374,-0.104,2.138,0.157480315,48.825,2.047,17.751,4.72,2.582,131.3430565,1.413,15.234,4.337,3317.54,3.962,395.5067612,93.50045121,38.968692,157.7309254,16.80136616,27.0234092,4.23372,204.5680958,22.39193657,40.98461547,62.03690254,6.21553,222.4356997,24.36467315,20.85236425
Driver,93.02523264,-0.9,4.1,1.023622047,54.462,3.502,15.472,-1.811,-5.911,128.2909807,1.3791,13.602,-0.72,3420.0,-11.402,383.6231782,77.70745168,-29.20266402,5.724792574,-0.127191039,1.399026056,0.095332,196.1035394,-22.05088724,38.58733055,57.22668398,5.929943,214.983303,-25.69906013,-58.80158908
Driver,91.36542591,0.643,-2.335,-0.669291339,52.475,-1.841,14.231,-8.692,-6.357,122.7825251,1.3439,11.03,-7.148,4311.76,-24.545,331.1069118,53.87308352,-77.37812358,6.029270802,-0.781065499,1.191796863,0.103899,171.2454383,-52.34349967,32.12252274,54.92261246,5.05385,184.0515061,-58.48265277,-94.94394158
Driver,77.85880458,-4.392,-0.999,4.251968504,59.144,-3.629,38.367,-1.78,-0.781,96.11734968,1.2345,30.71,-1.602,7290.0,-0.718,242.4726461,103.5026032,-7.129237671,5.028827546,-0.142003046,3.013717057,0.127994,122.1646305,-4.217521244,54.92252127,57.59907861,5.749646,124.2359916,-4.294401425,-2.407827891
Driver,91.89781675,-4.205,6.482,5.157480315,52.302,3.224,35.654,-8.055,-14.537,107.3579545,1.1682,28.249,-4.704,8430.0,0.35,279.6641422,119.0691647,-20.11600148,5.618539023,-0.459971531,3.067102951,0.125178,137.3285092,-10.76979487,56.3771733,60.26726752,6.198399,137.4010483,-10.77538191,1.481532159
Driver,115.8576414,-0.399,5.332,0.551181102,49.544,4.992,11.913,-1.019,-6.351,163.3788923,1.4102,9.579,0.214,4267.58,0.504,536.984271,107.7811104,-5.728326389,257.3569789,-6.361947309,3.651926807,6.748,261.7283938,-6.600848793,40.46629875,65.05004747,6.92826,279.648725,-7.734397091,-22.73413888
Driver,91.6293844,4.199,5.424,-5.0,53.351,8.556,17.285,7.609,2.184,135.8771027,1.4829,16.071,7.396,1661.78,5.948,408.7191805,78.88773364,58.86626642,6.182337408,0.800387591,1.779474287,0.0979912,223.7000618,35.64381947,32.82633325,68.26642418,5.61964,254.3910307,41.40880217,20.75720053
Driver,84.97673586,-3.978,5.195,3.976377953,57.925,2.697,22.137,-1.489,-6.684,109.4508321,1.288,16.767,-0.005,6023.42,-10.982,290.7992786,72.45329359,-16.68879563,6.072371925,-0.021064413,1.85837743,0.12121,150.3835268,-13.75491382,42.33832416,53.44269356,5.389984,160.9837616,-15.42929173,-41.22553601
Driver,95.29795991,-1.7,7.3,2.047244094,57.318,6.195,7.157,-0.764,-8.064,136.1097441,1.4282,6.151,0.285,1840.0,-14.641,284.6742114,19.96004344,-6.744746374,5.740891859,0.019293444,0.614416413,0.087656,160.7642732,-7.337097728,12.84377846,77.95452986,3.30014,218.9794314,-13.15686512,-24.40752657
Driver,93.73210451,-0.329,-1.794,0.472440945,48.406,-2.086,19.239,4.725,6.518,129.8362563,1.3852,15.781,3.501,4702.73,17.942,375.3253106,93.62795307,55.19809391,188.7255814,35.09566353,2.739251784,5.90822,191.5839024,35.8338111,42.67396314,59.296915,6.0426,205.7963469,39.47792342,72.82243539
Driver,50.12079456,-1.7,-7.9,1.535433071,64.211,-8.863,53.872,-11.73,-3.83,32.64629563,0.6514,46.157,-10.531,4560.0,-2.126,38.65320539,18.962516,-6.457918674,2.458928193,-0.466115585,2.346807899,0.22746,21.76551376,-4.202239254,50.45194053,29.63666457,2.235239,24.69646958,-4.772514376,-0.684824181
Driver,86.16902291,-1.1,-3.1,1.220472441,62.364,-3.861,18.197,-10.184,-6.991,101.1430744,1.1738,15.47,-9.145,2914.9,-15.313,248.8583342,44.66914958,-50.69091026,5.514284303,-0.892641311,1.514011339,0.117473,138.6958932,-33.531374,29.63145853,55.75012717,4.346735,164.7887533,-41.87158466,-35.14692844
Driver,61.41284896,-3.8,3.2,3.503937008,61.078,0.512,23.491,1.562,-1.557,79.4557534,1.2938,19.592,1.932,3080.0,0.761,168.9547066,35.84016051,5.896370493,5.720325782,0.194010972,1.989160508,0.159329,97.77513265,3.633750505,30.79017387,50.90129145,3.657685,120.208749,4.534113571,1.012898154
Driver,100.3422513,1.5,-5.3,-2.086614173,46.459,-3.885,15.326,-4.328,0.972,147.5400412,1.4704,12.741,-4.482,3797.35,6.111,475.9467117,110.1629475,-18.50205131,5.828668538,-0.452985371,1.341953643,0.084072,232.0943529,-4.468419528,45.31493646,60.53420417,7.00199,246.3892908,-4.077651221,41.03731748
Driver,98.32677165,0.9,-1.9,-1.141732283,49.357,-1.182,16.868,-3.337,-1.437,142.7937097,1.4522,15.125,-3.275,3460.0,-3.234,462.3361522,114.897847,-33.64245214,5.518822069,-0.309887551,1.509744627,0.083052,228.6490424,-19.6310141,45.83065855,61.6572376,7.013505,243.2689986,-21.21993363,-19.75448772
Driver,96.53498568,1.4,5.8,-1.377952756,55.712,6.456,16.514,-23.598,-29.445,83.39231389,0.8639,10.661,-11.582,10941.8,31.944,135.7334367,16.52126187,-16.08063116,5.770285349,-1.100344747,1.068993251,0.147502,77.19292034,-4.658462286,20.48585535,48.63995437,2.67459,90.79910724,-3.582383973,32.71854057
Driver,106.4781675,0.5,6.7,-0.590551181,51.329,7.018,12.061,5.256,-1.444,156.208393,1.467,10.589,5.555,2300.0,-7.974,494.2002885,79.72273313,30.22681707,5.625189559,0.538880554,1.061920172,0.07581,251.9692747,10.06910712,33.94731415,63.2178297,6.227946,279.883698,9.592811684,-43.0488904
Driver,92.55323908,0.7,5.1,-0.787401575,50.219,5.562,3.223,-5.93,-11.03,124.5047423,1.3452,2.874,-4.461,1890.0,-21.294,147.9742471,4.403579949,-14.94774087,6.018076215,-0.484178589,0.292668518,0.10009,87.73170855,-10.56511495,4.846218649,89.09344758,1.715187,154.0900859,-21.56400421,-11.27685936
Driver,97.97109878,-5.598,-2.494,7.086614173,46.016,-7.922,13.76,-0.632,1.861,141.0140032,1.4393,11.273,-0.88,3499.0,3.524,446.4171002,83.95335158,1.691005202,5.480934666,-0.08097139,1.114651112,0.0820736,222.7275453,3.307897649,38.6917446,58.55386651,6.34605,240.6043087,4.053769077,20.18353573
Driver,89.83536149,-3.3,-4.9,4.094488189,52.127,-7.543,2.38,-1.206,3.724,127.9825072,1.4246,1.635,-1.69,1130.0,-10.147,78.77674628,1.213949908,-2.660536488,5.857844795,-0.17806281,0.152609495,0.094459,49.76586702,-1.879107763,2.105172596,109.7041023,0.859825,123.4199632,-5.29170866,-1.234957975
Driver,75.67108089,4.388,2.913,-5.236220472,53.716,6.142,17.142,2.704,-0.208,102.5324356,1.355,14.637,2.747,2550.0,2.463,250.2831887,41.32509233,13.55208452,5.828558907,0.281943634,1.505667766,0.121945,140.9991164,8.474537876,27.01810932,58.04762383,4.200747,171.5065109,10.66831518,5.158550313
Driver,74.13654259,0.122,-5.04,-0.118110236,55.152,-4.955,24.516,2.736,7.776,95.92385469,1.2939,19.958,1.138,4560.0,10.977,242.2802592,61.72024377,15.83526401,5.543307681,0.127244369,2.015220963,0.128371682,130.5066449,12.56919418,39.86479413,52.44907517,4.865089127,144.6353236,14.73814772,29.96049463
Driver,84.36157838,-0.1,-8.3,0.354330709,46.769,-8.72,24.706,0.795,9.258,114.4570956,1.3568,20.681,-0.861,4890.0,13.931,322.3498287,97.81294159,20.62275121,5.999763462,-0.065631647,2.291129357,0.117114,164.4751862,18.21971118,47.5469892,57.60845237,6.056581,174.613702,20.14950724,62.02189674
Driver,83.93208661,1.364,-3.969,-2.086614173,45.887,-2.647,16.667,9.172,13.141,113.4339209,1.3515,14.74,7.412,2890.0,28.264,289.9787683,50.27611572,62.98001809,5.37042155,0.717569631,1.405027678,0.101480476,160.0198556,46.14692659,29.37620574,58.80247804,4.612987868,187.8082719,58.61530047,77.98577532
Driver,57.16714388,-2.631,-5.38,3.307086614,46.572,-7.872,19.368,-3.045,2.335,75.92676271,1.3282,14.194,-3.624,3919.27,3.812,134.2604605,20.09585785,-7.285627543,5.780137478,-0.359297772,1.414693619,0.163796409,79.01438462,-3.832558082,22.54501482,49.84628497,2.85516818,104.7071817,-4.724265415,3.490839388
Driver,75.61963135,-5.874,4.211,5.826771654,58.048,0.532,28.223,1.539,-2.672,95.07404259,1.2573,22.652,2.038,5270.0,-3.331,241.9957339,72.06754092,4.501520655,5.985536044,0.205977878,2.50866028,0.143073,128.2907517,1.364169747,44.32309701,52.93754739,5.111366,138.7288084,1.30690025,-9.596252097
Driver,102.6216893,-2.1,3.5,2.716535433,49.162,1.731,14.568,7.333,3.833,147.226199,1.4347,12.56,6.941,3010.0,2.457,474.1729276,98.44942226,62.33422366,6.011727376,0.72898906,1.357967345,0.086807,235.4318178,33.47885571,41.64262462,60.15783305,6.744126,253.9968354,36.46154574,15.21403811
Driver,110.1512169,7.1,1.7,-8.11023622,51.705,7.368,17.499,-0.639,-2.339,164.1808339,1.4905,16.378,-0.406,2630.0,-9.613,558.9114712,149.5507454,-34.64247551,5.714264261,-0.04564136,1.695840542,0.075185,273.8376208,-26.56457179,48.26376642,67.42106648,7.871963,288.2714004,-28.93638362,-73.89794843
Driver,113.8153185,1.5,0.7,-1.850393701,48.864,2.093,9.82,0.58,-0.12,169.3944613,1.4883,8.926,0.79,2480.0,-3.307,563.3334162,86.33178539,-3.150928714,5.824192299,0.056818732,0.92838207,0.071991,280.6669376,-4.252243446,34.56580186,64.2340953,6.652837,308.3686162,-5.380359084,-24.36340978
Driver,88.37016822,0.947,2.597,-1.181102362,49.133,3.417,9.45,0.295,-2.302,131.8631442,1.4922,7.969,0.701,2010.0,-14.664,306.0967903,28.25338878,-6.628351557,5.904545556,0.06156833,0.821959378,0.093516,170.9027161,-8.089939865,16.91347704,71.48720831,3.792392,220.5816629,-13.62930229,-30.53367509
Driver,88.40819613,-0.739,-0.34,0.984251969,48.94,-0.983,14.443,2.244,2.584,122.9666249,1.3909,10.669,1.583,4673.02,6.185,348.831387,62.20997501,20.77271622,5.21122079,0.150658521,1.001256182,0.089531018,176.5645344,13.90453857,36.30756211,54.06877699,5.451867761,193.8036442,16.02886933,27.11032938
Driver,94.40989621,2.332,2.409,-2.440944882,56.658,3.944,23.428,-8.496,-10.904,120.0556997,1.2716,20.759,-6.971,3599.0,-17.416,356.4722206,102.7900257,-73.10241362,5.455618203,-0.681095981,2.082077687,0.100915,183.5591095,-49.16569153,45.66637049,59.80328995,6.28271,196.5382528,-53.96342519,-82.01471391
Driver,80.53641732,-2.161,-6.38,3.149606299,44.293,-8.597,13.675,-3.216,3.164,118.3066392,1.469,11.063,-3.755,3130.0,7.278,319.4491819,46.31611184,-12.02149683,6.17625845,-0.395756897,1.211991714,0.110453661,170.1222746,-3.341085276,27.91891592,57.542051,4.775156684,198.5961685,-2.602483922,23.41584524
Driver,96.53051181,-3.2,2.4,3.700787402,53.377,-0.366,9.355,1.523,-0.966,139.0591446,1.4406,7.492,1.65,2580.0,-16.715,375.0915477,39.77915192,-11.53203515,6.050450577,0.158956963,0.803477542,0.090926,196.1332109,-13.94670079,23.00013528,62.12294315,4.723478,231.9317272,-20.40864219,-58.72221726
Driver,119.9668933,5.213,-0.589,-6.417322835,47.2,4.257,6.587,-1.161,-0.572,170.9401843,1.4249,6.162,-0.984,780.0,7.867,419.7507393,32.07766056,-0.530487235,5.980988293,-0.098819307,0.646515096,0.072626165,230.4843759,2.167150286,14.89166042,89.32072176,3.995493408,299.0475045,4.662499919,18.37442699
Driver,89.73469936,-2.696,2.754,3.307086614,52.007,0.646,15.253,5.713,2.959,129.1622674,1.4394,13.726,5.449,1986.45,5.991,364.8489354,59.84783956,40.65556273,5.678995868,0.543649299,1.382773085,0.093667481,200.2509924,25.2069971,28.79140868,65.4020946,5.081959613,234.7589977,30.60512984,18.68571234
Driver,109.5382963,1.9,2.1,-2.283464567,51.058,3.644,16.797,-0.368,-2.468,158.4527112,1.4466,15.172,0.046,3530.0,-5.352,531.0999753,146.1504443,-19.38288281,5.830715824,-0.012497675,1.604918392,0.079112,255.2312321,-14.5412204,50.12873186,65.7459669,7.796656,266.5826237,-15.62237275,-44.23738687
Driver,102.8655154,-0.119,4.474,0.157480315,50.632,4.377,12.282,2.869,-1.605,146.68665,1.426,9.657,3.216,3855.52,10.635,461.5081327,84.26139298,65.21264065,219.7914306,42.86631107,0.612580067,6.35115,220.45511,43.08189963,41.05251853,56.33559667,6.38337,235.7652277,48.14107223,92.65472204
Driver,110.6120258,-2.308,-4.972,2.559055118,53.608,-6.675,12.579,-3.774,1.198,154.1801628,1.3939,10.718,-3.928,2860.0,2.954,506.7229584,88.19951929,-26.7936071,6.486384216,-0.441140594,1.253538719,0.0887544,253.7741021,-11.36776464,36.80509185,61.6946601,6.58618,276.0053509,-11.8615128,18.07720937
Driver,95.8392985,7.036,4.979,-9.05511811,52.413,10.431,10.429,-6.226,-11.205,130.5207588,1.3619,9.847,-4.203,2690.0,-33.483,317.6632328,37.18318996,-53.49860144,4.759265152,-0.367296701,0.823460893,0.076462,174.2216925,-42.23158412,21.6770544,65.08888222,4.198176,213.2057738,-59.00964952,-89.19013024
Driver,107.232015,-0.3,7.3,0.393700787,51.576,7.133,5.653,-1.097,-8.397,152.5107373,1.4223,5.055,-0.295,1580.0,-21.371,318.6862926,19.06426783,-14.55711597,5.909445966,-0.043009734,0.521281437,0.080337,177.7814522,-13.41848094,11.41482639,85.46114821,3.280445,243.2466426,-23.28626938,-37.51671296
Driver,112.5536865,1.2,-2.8,-1.181102362,44.215,-2.276,16.175,-1.6,1.32,164.2835093,1.4596,14.577,-1.733,2617.32,5.278,564.2682173,133.8138828,-0.428800534,5.669219232,-0.168877691,1.488913234,0.073836,278.8473694,4.585973208,45.14731697,66.3113321,7.621951,295.9529376,5.523226873,39.0468651
Driver,88.52227989,-3.683,0.728,5.039370079,48.424,-2.546,9.664,4.225,3.498,130.4131621,1.4732,7.813,3.732,2480.0,9.597,328.9688291,32.35606783,30.52606249,6.220100625,0.413808889,0.85458216,0.099720563,178.3072721,20.21101505,19.63470648,65.40292659,4.221960312,220.164959,27.12533329,25.9109943
Driver,100.1297423,-6.65,-3.807,8.503937008,45.203,-10.454,12.076,-2.01,1.797,144.178597,1.4399,9.824,-2.231,3240.0,3.53,455.2493258,73.97689512,-9.461326452,5.514992373,-0.211762951,0.973725197,0.0803328,228.0766098,-2.394751435,35.04162192,58.91393489,6.13421,249.4102007,-2.037646107,19.45573436
Driver,112.0839298,3.0,-1.2,-4.173228346,36.829,2.098,16.148,-2.878,-1.499,164.1300555,1.4643,15.113,-2.786,1697.24,-0.464,548.5966199,117.8149102,-26.60636541,5.762726888,-0.275209582,1.564697983,0.075256,282.9061345,-14.38847687,40.0051627,69.5864644,6.969618,307.5395148,-15.70989643,-1.915235423
Driver,68.47933071,-1.9,2.1,1.771653543,67.177,1.326,47.838,-3.123,-5.223,65.42434681,0.9554,40.234,-1.819,8010.0,-3.711,132.5042229,63.87706601,-5.878791969,3.604245513,-0.129543152,3.018918577,0.151841,69.60574389,-4.010325381,54.2992845,48.11261753,4.300481,70.40324359,-4.062384858,-5.407604372
Driver,91.35647817,-3.555,-4.279,4.724409449,46.687,-7.637,17.216,-6.055,-1.776,121.6204366,1.3313,13.19,-5.695,4878.25,-3.1,348.5965478,75.30675948,-39.71293711,6.417449999,-0.642000399,1.542119718,0.112884,176.2430301,-22.21901227,40.68950385,54.82800449,5.75704,189.1427999,-24.11809802,-14.27932526
Driver,101.0849141,0.9,-3.9,-1.220472441,46.0,-3.144,15.512,-2.614,1.286,143.8112921,1.4227,13.469,-2.811,2930.0,0.958,466.9818227,95.04681169,-20.21552969,5.813482799,-0.284212507,1.404918296,0.086151,236.8344263,-9.778484142,39.55352748,61.66762254,6.589251,257.9301041,-10.5047158,5.514298237
Driver,104.212151,1.3,7.9,-1.692913386,51.147,9.031,11.013,-3.796,-11.696,147.5498837,1.4159,9.945,-2.122,2490.0,-30.803,407.0051198,54.29475558,-59.7278177,5.829347537,-0.240046198,1.026503853,0.083057,214.147192,-48.5034724,27.01109744,63.51601506,5.122594,247.0060714,-62.91623621,-122.2408778
Driver,102.2391732,5.475,8.418,-7.204724409,50.227,12.993,10.019,-3.781,-12.199,144.9353525,1.4176,9.496,-2.309,2220.0,-48.552,313.800151,32.79717252,-45.14227492,6.080822885,-0.279089775,1.006493011,0.087998,177.6983918,-40.72868299,18.29197565,75.95406657,3.682091,228.0997201,-63.07504882,-101.1808652
Driver,69.64701145,0.171,-3.35,-0.196850394,54.341,-3.227,19.541,4.571,7.921,95.82006084,1.3758,16.101,3.073,3541.68,25.178,206.0458416,39.16065659,25.61844017,123.4244937,20.51634576,-4.098478464,3.94228,116.4401305,18.82018928,29.17955397,59.24100524,3.66228,142.0792118,24.9687224,37.89914782
Driver,101.0312276,0.951,-0.863,-1.496062992,44.36,0.11,15.908,0.627,1.49,133.246913,1.3189,13.886,0.417,2688.33,10.223,394.3197996,76.11263567,22.92752046,208.5420716,18.86726788,-0.973404659,5.58993,207.1460281,18.64862755,34.76103738,65.93472205,5.53702,233.3062762,22.80206704,51.43996563
Driver,86.46653543,-3.5,-3.9,3.228346457,59.665,-6.189,20.249,0.907,4.807,114.2987205,1.3219,16.894,0.08,6030.0,9.108,306.41323,83.83612943,17.47007735,5.726601405,0.033497331,1.77585963,0.109532,154.5446798,13.5735028,46.29925943,53.99527598,5.744773,162.885818,14.77596952,40.07561532
Driver,98.45204009,2.97,1.476,-4.212598425,46.398,4.308,17.75,-3.18,-4.656,140.7453472,1.4296,15.493,-2.434,3310.0,-11.639,452.5562096,108.2560945,-47.29118875,6.05607116,-0.270026511,1.69585178,0.092718,227.1819007,-33.03946294,43.77551969,61.53625766,6.816465,243.7161663,-36.80146758,-70.39244228
Driver,88.96295634,-0.9,2.5,1.062992126,54.504,1.72,18.43,3.038,0.633,116.1772996,1.3059,16.188,2.96,2587.83,-5.062,329.4256165,66.40911083,10.47553937,5.570110317,0.282831109,1.614950034,0.103572,177.6554576,3.438478561,34.70204615,58.70893246,5.32032,201.7603004,3.198614552,-17.21489868
Driver,109.2519685,1.9,9.7,-2.283464567,53.514,11.175,8.053,-0.537,-10.237,156.6770311,1.4341,7.43,0.537,1920.0,-36.263,369.7782802,32.74069796,-27.95592854,5.748411258,0.032867269,0.747781558,0.076439,203.9720014,-28.49424984,16.95722207,78.29362355,3.98393,258.3022073,-45.11615652,-91.15780763
Driver,86.42403364,-3.7,1.1,3.346456693,59.704,-1.041,19.37,0.151,-0.949,121.1931818,1.4023,16.24,0.595,5750.0,-1.892,340.6369217,93.90679977,-2.327871717,5.691939321,0.026272935,1.69453513,0.102135,169.7606162,-2.238627477,47.40200081,56.13240755,6.110396,178.2490438,-2.452172615,-12.00370921
Driver,103.860952,2.643,2.495,-3.582677165,47.008,4.962,13.768,1.682,-0.813,150.8536149,1.4525,12.223,1.798,2320.84,-5.546,482.9686082,83.21610335,4.02328004,5.958171664,0.182606075,1.29861059,0.083657,250.435721,-1.609630632,34.01290874,64.89767803,6.215376,279.4784814,-2.87137989,-28.39894316
Driver,100.1543486,1.196,7.656,-1.57480315,48.844,8.702,12.719,-3.943,-11.598,136.0967699,1.3589,11.163,-2.315,3010.0,-18.242,401.9542504,63.27629844,-46.86673488,5.819357268,-0.251783547,1.156404452,0.090322,208.5064134,-35.22881831,31.51996037,59.78699574,5.547219,235.3004732,-43.24137572,-80.69661803
Driver,95.2107194,-1.8,-5.2,2.440944882,49.498,-7.431,15.455,-0.47,4.848,140.7534001,1.4783,12.705,-1.308,3991.92,7.004,438.481028,99.82284255,9.201098994,5.761171935,-0.119488786,1.324517524,0.08716,215.6612886,9.667472448,44.27804079,58.4973381,6.664452,229.8772037,11.05221195,43.74866557
Driver,84.04617037,0.519,2.013,-0.62992126,53.805,2.393,8.894,-6.179,-8.192,122.3118737,1.4553,7.375,-4.667,2590.0,-27.255,255.7495448,21.41154093,-36.74266121,5.889225634,-0.502654699,0.755450407,0.100523,143.9657454,-27.79336948,15.24020155,68.24647774,3.368112,191.1441635,-42.65545585,-48.62364294
Driver,105.9726199,2.399,-1.177,-2.992125984,43.604,1.344,19.65,0.993,2.17,150.5176271,1.4203,17.539,0.711,3180.0,4.466,506.6908188,143.0550971,19.59512042,6.431052338,0.085789293,2.070930616,0.0931152,248.8928691,13.81944999,48.95791,66.11093335,7.62383,260.8894675,14.8390839,32.20393688
Driver,98.95535075,3.878,1.028,-4.212598425,53.822,3.87,11.892,-0.365,-1.393,148.9396922,1.5051,10.96,-0.2,1400.0,-6.314,417.6916288,55.30699653,-8.231606998,6.335397637,-0.026239168,1.226342544,0.0895319,229.5810216,-7.195629233,24.3939331,74.03889296,4.93004,272.8332315,-9.761168727,-19.18377538
Driver,103.4694882,0.8,0.6,-0.748031496,54.423,-0.379,18.924,-6.924,-7.466,143.7734878,1.3895,16.743,-5.934,3370.0,-4.386,469.5212997,127.1236942,-59.24730605,5.973153309,-0.626720508,1.817963382,0.090124,231.6706039,-33.76651017,47.82030029,63.37837825,7.243108,244.9937863,-36.10043018,-29.67177477
Driver,61.23613099,-4.792,-9.398,5.0,53.138,-13.001,36.63,-2.664,6.734,69.38797423,1.1331,26.511,-4.66,7034.51,5.269,139.6712356,41.90713358,-8.624178269,6.380627358,-0.503451655,3.108703292,0.217119,79.01706342,-4.322155614,40.04432443,45.85509054,3.72689,86.21108997,-4.587513045,6.306243208
Driver,109.1356478,2.3,4.9,-2.755905512,50.478,6.83,11.182,1.792,-3.108,160.9209467,1.4745,10.216,2.39,2170.0,-11.337,509.3346243,76.3192603,-4.022542484,5.980047946,0.215336154,1.086770385,0.078123,262.6886414,-9.801148244,31.39576064,66.31132357,6.091879,295.1055684,-13.50027776,-62.21833727
Driver,95.59547244,0.1,8.5,0.039370079,57.154,8.515,20.121,2.512,-5.988,136.647951,1.4294,17.308,3.425,5740.0,-12.778,400.2280248,127.1319912,-13.82308949,5.697401336,0.320480015,1.815486842,0.091094,193.6202548,-15.83401813,52.30520046,61.58221766,6.937735,199.711999,-16.82712572,-82.00272012
Driver,93.38761632,1.339,-1.889,-1.614173228,51.713,-0.832,7.503,-3.488,-1.598,139.4855047,1.4936,6.658,-3.266,1210.0,-14.22,275.4105045,19.78888499,-21.69426142,5.997439262,-0.349970524,0.69113163,0.089406,159.47905,-15.31758179,12.24432181,85.0354422,3.087112,224.5143313,-24.19317252,-18.74680199
Driver,100.281854,-2.085,-0.377,2.598425197,51.38,-2.044,12.192,-7.303,-6.926,134.1410165,1.3376,10.338,-6.378,2750.0,-17.272,380.0018941,52.41738319,-65.80905571,6.328187402,-0.719755706,1.161257535,0.0993414,200.8862454,-43.86790318,27.486997,61.37495819,5.12216,230.1100606,-53.50804154,-65.45715097
Driver,91.23568361,1.709,-5.654,-2.283464567,46.86,-4.052,15.241,4.898,10.552,125.3628311,1.3741,12.991,3.063,3570.0,13.225,367.0507967,69.20403443,42.04531487,5.78614822,0.323998375,1.347186404,0.098353,189.2520931,29.38747986,36.03132151,56.85164831,5.633773,209.9323737,34.50371943,58.06700347
Driver,99.70919828,1.704,5.313,-2.322834646,47.296,6.886,12.428,-2.769,-8.082,144.8968772,1.4532,11.074,-1.716,2450.0,-26.783,413.883064,59.40529045,-50.71576143,5.868810667,-0.19632452,1.151038767,0.085425,220.2834371,-42.0401652,27.89754042,65.00290135,5.282923,254.0045399,-54.35247205,-106.638255
Driver,80.6460272,-4.5,2.3,4.133858268,62.357,-0.096,31.489,-1.624,-3.924,101.2643164,1.2557,24.328,-0.633,7231.01,-4.43,258.7404526,90.86583322,-9.441975576,3.244081264,-0.042820718,1.478049325,0.073049,132.1476879,-6.854787387,50.56427731,55.02909017,5.617269,136.3965861,-7.16301014,-16.18921576
Driver,105.1113994,-5.547,-2.799,7.637795276,45.287,-8.316,14.165,-1.591,1.209,145.8408644,1.3875,11.705,-1.747,3570.0,2.247,472.5943338,96.25815838,-8.026557553,6.428704877,-0.193159945,1.361297501,0.0934481,232.4557975,-2.352746832,41.72403066,59.83780262,6.69891,249.0622101,-2.233163386,14.20401755
Driver,97.82793486,-3.26,-4.377,4.960629921,47.332,-7.387,9.955,-9.865,-5.488,140.2995258,1.4341,7.883,-8.989,3128.72,-9.688,346.0544927,37.41580297,-67.94255551,193.0829058,-43.67307992,-4.272274807,4.47429,183.3432031,-40.81537259,22.14295514,68.59959153,4.15429,221.4886554,-51.85851441,-37.15955843
Driver,105.7399785,3.572,5.087,-4.527559055,45.838,8.563,11.984,2.162,-2.925,152.3691392,1.441,10.729,2.607,2010.0,-12.082,459.5093715,65.79487445,1.774767463,5.805040502,0.255957944,1.104237759,0.080187,243.5195456,-5.926985147,28.44333469,67.94054848,5.577904,280.3392317,-9.479864939,-50.98219403
Driver,90.17090193,4.281,5.53,-5.118110236,55.133,8.52,13.096,-1.944,-7.474,133.5918486,1.4815,11.553,-0.597,2690.0,-36.754,340.8349655,47.08565773,-41.88135049,5.879532399,-0.09211931,1.197554068,0.093042,186.1557515,-39.3233625,25.25267662,64.41470121,4.574287,221.0926047,-54.58577323,-112.2760818
Driver,120.0765032,3.9,3.5,-4.527559055,47.914,6.982,17.024,1.761,-1.739,172.2861489,1.4348,15.561,1.893,3420.0,-5.963,591.7211718,175.4902056,-5.240691219,5.41881012,0.182071778,1.529874508,0.067637,279.2542755,-8.735665081,52.95383912,69.98752643,8.43132,288.3968023,-9.406216548,-53.85302926
Driver,96.7519685,-0.092,2.057,0.118110236,51.355,1.984,11.287,-1.32,-3.378,141.1070598,1.4584,9.434,-0.759,2710.0,-12.017,415.9560667,55.68951911,-24.99612845,5.980023685,-0.089715294,1.001670315,0.088975,216.2048606,-19.8618926,27.98758093,61.87016314,5.371443,247.9629654,-25.39391562,-51.02480411
Driver,107.375179,-7.091,1.252,9.527559055,45.016,-5.889,11.124,5.349,4.096,158.465238,1.4758,9.443,4.962,2713.12,12.552,510.1650468,77.29092686,72.82388608,6.146867399,0.542812386,1.041540404,0.0813854,256.9953375,46.31247209,33.09610756,62.5572336,6.28802,274.4173952,51.11141022,72.82201451
Driver,100.1811918,3.62,6.2,-4.803149606,47.843,9.483,12.062,-0.333,-6.533,142.9561113,1.427,10.6,0.826,2630.0,-22.502,322.851972,32.20844433,-1.623079654,5.873544867,0.078640975,1.075325156,0.085841,202.9827407,-4.679645524,13.22102072,111.4899803,3.387095,325.3736419,-12.20140273,-22.8136935
Driver,77.2436471,-5.945,-2.855,5.31496063,58.734,-6.481,26.459,0.537,3.393,101.946582,1.3198,19.431,-0.28,7139.42,4.488,260.6005681,72.27654504,4.717592828,5.794891572,-0.019700602,2.070719055,0.126333,135.7292228,4.263197878,44.06703143,52.58503947,5.222961,143.4698584,4.693711477,14.77834551
Driver,84.62329993,-7.225,-7.871,12.04724409,38.803,-16.941,11.469,-9.29,-1.419,113.0035344,1.3354,6.572,-8.912,5505.97,17.999,249.1227848,25.89804861,-18.83917382,135.6018081,-3.031569254,-0.927676793,3.75395,132.9718864,-3.349527705,20.5452383,58.29713561,3.65395,161.4595259,-0.079239279,51.85205661
Driver,91.39003221,-0.253,-0.747,0.354330709,48.034,-0.975,23.446,6.011,6.758,130.4977183,1.4279,19.955,4.918,4710.0,10.374,392.5599827,128.4532451,58.35495715,6.006887147,0.531340026,2.215845665,0.1021896,192.7702695,37.07336587,51.82019035,62.42605218,6.927843266,200.7473321,39.08714572,62.15759432
Driver,84.02603794,-0.9,3.897,1.023622047,56.139,3.293,6.809,-12.175,-16.072,117.4579456,1.3979,5.736,-9.881,2940.0,-35.156,200.8468398,12.5566503,-47.8237861,6.050376808,-1.072265979,0.597302647,0.107267517,114.8350014,-33.49086492,10.87683611,71.29280842,2.63338709,166.7245491,-55.40676647,-42.43434616
Driver,101.263869,3.5,-1.7,-3.700787402,57.982,0.507,14.047,-2.491,-0.774,135.030646,1.3334,12.792,-2.395,1687.73,-0.867,377.6401109,57.86225181,-16.51158383,5.653075082,-0.23683596,1.280199409,0.088798,207.7469206,-9.55477107,27.42154927,67.85489187,5.001968,245.2162915,-11.43425911,-2.622560724
Driver,105.1539012,3.3,8.9,-4.05511811,51.883,11.541,6.497,-3.504,-12.404,143.2314782,1.3621,6.194,-1.944,1800.0,-34.268,284.7463503,19.9843948,-28.35716964,5.741288447,-0.216075258,0.618398468,0.083343,160.7541225,-24.20751213,12.83046121,79.56601418,3.18973,218.5427189,-40.27022972,-56.40765517
Driver,97.50581603,-1.336,-0.287,1.88976378,43.101,-1.716,9.922,-4.019,-3.732,135.2478525,1.3871,8.502,-3.54,2010.0,-12.051,335.9198883,34.08652042,-30.86123615,6.285406924,-0.397312034,0.937597945,0.0971685,185.580887,-21.31492692,19.11469201,70.16846514,4.15527,228.654749,-28.69654434,-29.67399093
Driver,92.40560129,-6.0,3.0,5.393700787,54.91,-1.763,20.197,5.174,2.215,125.8453382,1.3619,15.862,4.86,5434.56,3.142,364.0016671,99.88385146,36.37948345,4.18813985,0.35145811,1.209009679,0.071777,180.3682291,20.58749292,47.7234018,57.42556808,6.329573,189.6133824,21.82974227,15.99692601
Driver,99.00008948,-4.347,-6.318,6.062992126,49.888,-9.989,12.418,-2.517,3.801,145.2051271,1.4667,10.431,-2.98,2940.0,8.282,456.2918095,73.39608904,-5.955278744,6.048267124,-0.306688629,1.126458306,0.087770367,231.8290791,2.52190227,33.93529363,60.52522294,6.065077285,257.030584,4.357284939,43.70988591
Driver,93.49051539,2.333,-8.447,-3.11023622,50.493,-6.522,20.065,1.379,9.826,132.31165,1.4152,18.313,0.331,2644.26,18.895,412.0180926,99.32576971,36.13728027,6.323510422,0.057638023,2.103871754,0.104494,216.0391473,31.60112559,40.58545218,62.69408535,6.34747,235.3687495,36.75429927,91.09788786
Driver,101.2929492,1.153,-0.065,-1.338582677,51.725,0.845,14.825,1.362,1.427,144.3499463,1.4251,13.146,1.181,2420.0,3.786,458.222637,83.48219934,16.44480779,6.214889103,0.131521231,1.464967999,0.0915766,238.4742864,11.17339011,35.03610085,63.5064109,6.18078,263.7194111,12.98677089,18.78374985
Driver,90.65855404,0.666,2.33,-0.866141732,43.037,3.043,19.266,13.367,11.036,131.418665,1.4496,16.215,11.43,4650.94,20.254,388.4378318,101.5332627,119.7285127,6.407727359,1.30169728,1.900971184,0.105694,194.2059023,74.60055685,45.47312065,58.60495926,6.41781,205.4128093,80.40080427,112.7635321
Driver,82.54965999,-8.223,-1.589,8.779527559,54.593,-7.486,10.168,-2.279,-0.69,110.7185039,1.3412,7.786,-2.188,2620.0,-1.384,231.3918266,20.3376828,-9.549589522,5.533570965,-0.21239253,0.749909277,0.104346,130.76887,-5.744159918,15.75292653,64.13142341,3.31975,171.1402777,-7.763059065,-2.25668585
Driver,70.5932355,1.0,2.4,-0.866141732,42.446,2.971,15.911,-1.184,-3.566,102.3375984,1.4497,13.617,-0.514,2400.0,-3.267,239.9912907,36.38299372,-4.570574202,5.842413843,-0.065518989,1.397526142,0.121901,136.291679,-3.52600587,25.01346634,58.53191477,3.98313,168.0853516,-4.827965321,-6.910854039
Driver,103.1496063,0.121,1.222,-0.157480315,42.627,1.354,17.672,3.112,1.889,149.7338046,1.4516,15.113,2.822,3827.51,5.947,490.3879942,131.8300334,42.11955975,6.170517961,0.31150756,1.706931974,0.0886394,237.5948442,26.08011125,48.82472207,63.62105918,7.40532,243.5519039,26.98233704,43.26478538
Driver,101.1766285,-1.57,0.378,2.283464567,40.665,-1.45,12.228,2.342,1.964,149.096054,1.4736,9.981,2.014,3360.76,7.99,480.0922164,83.48098091,37.12629322,5.955345339,0.217337391,1.073628447,0.0840246,237.635982,24.57752099,37.49544016,59.24061698,6.45407,249.6422944,26.58266467,48.76715781
Driver,93.2690587,0.524,-11.005,-0.669291339,49.258,-10.554,21.778,-1.291,9.714,136.1363636,1.4596,18.7,-2.822,4590.0,15.719,414.5998717,129.1274893,23.52504604,6.27096751,-0.283331768,2.16571673,0.101205,203.1947626,23.37557267,50.72252172,62.60009604,7.0248,211.401035,25.13983433,99.85425628
Driver,119.1884395,2.793,6.477,-3.11023622,51.403,8.709,15.56,6.058,-0.419,173.8569256,1.4587,13.916,6.114,2839.57,-1.186,614.3469823,150.3107899,59.11200756,6.341454275,0.673741582,1.618986111,0.077983,297.5646078,28.3287343,47.92078837,68.69520216,8.08455,311.9607314,29.57796124,-10.14352432
Driver,78.91016464,0.45,0.694,-0.669291339,46.351,1.123,18.301,2.251,1.557,112.9124911,1.4309,14.823,1.932,3914.29,10.693,295.9940252,58.01724906,24.34001769,161.9710278,19.56501282,-2.994277796,5.02908,157.6146661,18.61688151,34.2689678,57.38594827,4.83908,178.0166458,22.96152667,39.98932256
Driver,92.39665354,-4.6,3.4,4.173228346,55.26,-0.472,22.396,3.032,-0.282,127.121063,1.3758,17.064,3.163,6720.0,-0.661,358.5739086,110.4989077,16.83225003,5.919502731,0.318985831,1.864954279,0.101884,175.5987141,8.277570084,51.00098039,58.67253821,6.483306,180.9164287,8.506818605,-4.239694818
Driver,88.13976378,0.717,3.585,-0.94488189,49.774,4.192,17.246,3.422,-0.163,127.7829724,1.4498,14.567,3.45,3400.0,-3.485,390.0392537,83.35910026,16.20542017,5.795906026,0.344913464,1.519495421,0.097311,199.8987398,6.395389375,39.70652455,58.33649089,6.077433,218.401838,6.547856411,-16.91833606
Driver,89.7682534,-1.273,6.694,1.692913386,52.882,5.731,11.438,-3.719,-10.413,124.4895311,1.3868,9.857,-2.384,2540.0,-23.774,304.2702412,35.40266155,-32.75740124,5.848047647,-0.263619946,1.011502367,0.098744127,167.8875733,-26.62619164,21.33722203,64.27364257,4.151157125,207.24723,-37.8441245,-59.12391864
Driver,93.48380458,1.368,1.105,-1.850393701,46.753,2.392,16.752,8.492,7.388,130.0621868,1.3913,13.202,6.714,5090.77,8.435,383.3668626,89.87615575,63.1158372,5.986873859,0.712434591,1.43794546,0.098485,190.2056752,37.3326154,44.143323,56.59153825,6.221145,202.011954,40.34681417,45.81463215
Driver,96.67814961,1.2,-5.8,-1.338582677,54.738,-5.448,22.311,6.2,12.083,127.5890301,1.3197,19.188,4.163,4589.56,18.932,372.5257633,112.0833958,69.12040467,5.902965444,0.464800782,2.083520964,0.102195,185.8035207,48.18239203,48.84857072,58.97801948,6.587689,195.7042583,51.93608848,105.0852845
Driver,96.65130637,-3.2,-2.0,2.755905512,54.901,-4.847,15.064,-0.077,1.998,140.4082409,1.4527,11.599,-0.204,4860.0,4.949,426.1549502,99.94157511,10.7082406,5.658240928,-0.03934771,1.19409462,0.085532,206.4824704,8.795226767,46.0620855,57.66696049,6.62731,217.9273527,9.711521894,28.58903162
Driver,103.158554,4.419,10.102,-5.708661417,50.207,13.792,10.619,1.109,-8.993,150.0809771,1.4549,9.849,2.258,2040.0,-43.595,355.3792498,39.86494296,-22.49984308,5.988800224,0.207292084,1.032836196,0.083749,198.4076387,-28.77794589,20.21238072,75.16885538,4.110403,246.936645,-46.00095124,-109.4701944
Driver,92.80601288,-4.427,-8.321,7.244094488,36.96,-14.226,11.906,-2.102,6.219,130.8350483,1.4098,8.456,-3.446,4798.07,5.945,363.6516861,50.58113618,-9.331430183,188.9798054,-0.817963192,-5.998452879,5.46929,180.1148234,-1.293534545,32.08644859,54.42125079,5.06929,199.5998591,-0.307937207,28.60448872
Driver,99.98881532,1.073,1.437,-1.299212598,49.018,2.369,15.408,4.119,2.683,146.8112473,1.4683,13.356,3.72,3044.8,2.106,481.9632202,101.4038761,35.86658387,5.912455189,0.385619066,1.418932476,0.085816,241.5068979,19.97994156,41.06090694,61.71166257,6.785971,261.1982304,21.91273894,12.96730777
Driver,109.9923944,4.872,-4.671,-6.88976378,41.626,0.833,12.95,-4.678,-0.007,151.0831246,1.3736,10.727,-4.676,3334.87,-0.032,496.235094,93.38674163,-39.81644367,6.3251559,-0.51565405,1.227026448,0.0883737,244.2376092,-19.97753079,40.08044552,60.33838777,6.73064,262.5462223,-21.4803578,-0.201761085
Driver,26.66875447,-0.1,-0.9,0.31496063,52.203,-1.176,24.411,8.865,9.765,39.58079814,1.4842,17.719,6.191,2830.0,14.329,34.54828513,5.709863718,3.98776602,5.739155042,0.645624683,1.418872835,0.318714,22.10825132,2.768671148,20.01078071,34.60536664,1.301739,38.17127398,5.041716142,1.161208764
Driver,88.21805655,-0.913,4.254,1.25984252,48.539,3.447,19.188,5.8,1.547,123.6137706,1.4012,15.995,5.539,3930.0,2.76,370.4701822,89.7181259,40.15843578,5.53766055,0.537750623,1.60480966,0.0968648,188.209479,22.6260686,42.96725955,57.6027863,6.136043526,203.1567975,24.69216161,13.45673341
Driver,94.56200787,4.563,-7.656,-5.393700787,53.259,-4.241,15.487,-2.084,5.572,140.2592609,1.4833,13.593,-3.084,2962.95,17.729,437.1307653,85.19526988,12.80270677,6.381704568,-0.32374323,1.56080478,0.0970981,224.6477841,18.8098978,37.16369954,60.78647219,6.21508,245.8131006,23.3243858,92.47877505
Driver,101.4719041,-3.628,0.017,4.448818898,50.981,-2.928,9.913,-2.478,-2.495,139.4501611,1.3743,8.195,-2.156,2420.0,-6.777,384.6195802,42.20085947,-22.95304872,6.414796623,-0.247366287,0.930097586,0.0961837,204.2512939,-15.39965222,22.72654154,65.08776437,4.78321,240.3277467,-19.57505587,-23.17980778
Driver,92.75456335,0.296,-1.989,-0.354330709,46.915,-1.712,21.189,-0.758,1.23,131.0466625,1.4128,17.235,-1.007,5151.79,3.213,391.3376776,117.1912153,1.765830822,5.975516736,-0.09982474,1.902439105,0.099356,191.85993,2.982720651,50.08765281,60.40521579,6.75076,195.6955443,3.118976011,19.06111946
Driver,68.90658554,1.8,3.0,-1.535433071,42.977,4.209,18.963,2.166,-0.801,101.8002863,1.4774,16.67,2.381,2320.0,-2.118,255.0006476,47.89260301,8.433816438,5.829840906,0.229596701,1.72616859,0.124129,143.8359418,4.190892839,29.97541659,57.86828083,4.418365,171.2456687,4.716584932,-5.357268368
Driver,63.89808518,-3.8,4.4,3.385826772,59.592,1.631,25.261,4.743,0.346,86.33477989,1.3511,19.441,4.715,4980.0,0.286,198.4331551,47.21173411,15.85485952,5.58137343,0.453549035,1.963230215,0.143458,109.0727864,9.046241583,36.89777962,49.28985833,4.253832,123.3557633,10.25031432,0.242391473
Driver,85.38162133,3.588,5.02,-4.724409449,45.901,8.504,5.605,11.638,6.618,117.486131,1.376,4.848,9.124,3051.4,34.634,150.6212064,7.015660264,32.49997703,93.69433847,24.59742893,-0.551828096,2.0376,89.52494228,23.08303933,7.440676292,79.30283215,1.9276,144.4045045,42.65520747,27.22458949
Driver,110.0818719,-5.777,-0.219,7.322834646,47.805,-5.482,15.355,3.61,3.829,153.1777917,1.3915,12.736,3.114,4050.0,10.081,498.1578116,121.2655106,59.13120217,6.055930003,0.341424009,1.409264594,0.0841014,240.2317601,37.80240745,47.00684606,61.86123311,7.27417,246.5825835,39.28733859,74.57733093
Driver,101.29966,0.612,0.087,-0.826771654,47.782,0.643,12.767,-1.305,-1.393,144.8666786,1.4301,10.773,-1.071,2887.47,-5.876,456.9828604,75.11384881,-20.76107952,5.763643618,-0.112720248,1.108113016,0.083877,232.4079903,-14.64881254,34.21718109,60.73747009,6.093624,257.7449482,-17.34292782,-30.93258966
Driver,99.63985326,-3.353,2.693,4.527559055,48.889,-0.238,14.139,4.25,1.557,146.836301,1.4737,12.076,4.06,3020.0,5.003,476.5878512,90.68582251,45.10204034,6.180117499,0.442783542,1.346327453,0.0892233,239.6977065,26.77555327,38.46360835,60.88186095,6.55038,252.341029,28.65730836,29.53114924
Driver,113.4775412,3.2,1.0,-3.661417323,44.569,3.853,14.59,-0.236,-1.292,167.2306729,1.4737,13.114,-0.058,2470.0,-3.958,573.0880777,122.1846292,-12.33736117,5.851336141,-0.009438597,1.37753058,0.074382,284.8960804,-9.804992477,42.39340062,65.97013497,7.409722,305.0937504,-11.09107188,-28.55028187
Driver,87.01234789,-8.942,1.31,8.42519685,64.867,-2.924,21.043,11.244,9.935,89.76601646,1.0316,15.947,9.423,4790.0,11.73,202.3044221,38.85284172,40.50162024,5.142678022,0.857183063,1.463219714,0.1241288,111.9103688,25.7726861,31.26214188,50.31144866,3.985361087,130.8870008,31.2355244,22.7856928
Driver,86.4956156,-4.0,-1.2,3.346456693,58.404,-4.148,28.313,-1.793,-0.587,117.9939155,1.3642,21.928,-1.464,7470.0,-0.82,320.5251569,115.6410139,-10.32563974,5.710139688,-0.165086099,2.346539711,0.109426,157.6828509,-5.866149426,53.64563344,59.52223933,6.374393,160.3798425,-5.977796831,-5.51522826
Driver,118.7231568,0.9,-2.7,-1.299212598,41.643,-1.697,15.919,0.924,3.624,170.2711167,1.4342,14.209,0.556,2977.58,6.912,587.3574985,149.7608629,30.03554379,5.912155736,0.05634475,1.517044308,0.074232,283.0052701,21.73705026,48.53218958,67.25506946,8.000137,296.5478415,23.47248289,56.99367228
Driver,97.64226915,-1.643,6.247,2.086614173,52.682,4.994,14.876,-3.527,-9.774,136.1189155,1.394,13.302,-2.55,2483.62,-13.926,409.56337,71.51819384,-39.6521932,6.194508499,-0.288806272,1.468320426,0.0969416,216.6905013,-29.24512818,32.64953736,62.55566348,5.691590052,244.9515148,-35.57543637,-58.99066327
Driver,104.8877058,-2.847,1.624,3.228346457,49.279,-0.829,13.465,1.193,-0.43,153.7625268,1.466,11.527,1.246,2960.0,-0.967,510.135961,96.58974701,8.336879253,6.608647244,0.142594802,1.377991159,0.0909941,254.1947667,3.465590264,39.13345097,61.75955961,6.79532,274.2311201,3.590526705,-6.186609379
Driver,99.73604152,2.286,0.089,-2.677165354,48.541,2.111,8.937,-4.326,-4.415,148.301718,1.487,8.152,-3.797,1390.0,-23.093,348.7085858,32.49264162,-39.25166507,6.294510589,-0.430716813,0.897061968,0.0885462,196.2571771,-29.00989283,16.81395303,80.10955563,3.88275,249.3485394,-41.39372007,-48.27751917
Driver,97.38502147,-6.183,-7.235,6.338582677,53.687,-11.802,9.671,-1.567,5.668,144.8445329,1.4873,7.82,-2.24,2830.0,19.53,413.3504082,47.21117526,14.9534862,6.248636683,-0.226641317,0.868952257,0.0901243,213.8343983,18.48691617,24.97168765,62.51253225,5.10605,236.7940666,23.63110338,80.39790964
Driver,86.98997853,-5.411,-7.595,6.141732283,49.661,-12.209,13.794,3.559,11.154,122.9415712,1.4133,11.466,2.152,3300.0,20.372,336.2312968,51.48288297,39.47271162,6.273539295,0.259230806,1.280000771,0.108039,177.7964296,30.8054904,29.51236325,57.61246726,4.97658,202.2833134,38.38202283,72.62510247
Driver,96.21734073,-1.9,-3.7,2.322834646,49.98,-5.433,13.011,3.729,7.429,135.259932,1.4058,11.007,2.547,3020.0,3.823,408.540135,69.23530133,25.29914689,5.966666806,0.269196123,1.175072469,0.093255,207.6515769,15.37782994,35.08205683,57.53503668,5.838749,230.1471549,17.67636565,18.48051007
Driver,101.5188797,0.5,8.5,-0.551181102,53.64,8.771,20.557,6.878,-1.622,139.2087956,1.3713,17.55,7.256,4170.0,-2.261,440.4448462,131.6553314,46.62356174,5.729500864,0.720877697,1.839431565,0.089774,214.9565828,22.18332767,50.59103947,63.27916233,7.204604,224.7638962,23.05406898,-14.99697647
Driver,65.52210093,-1.8,2.4,1.811023622,60.979,0.954,25.076,-4.329,-6.758,73.98286507,1.1291,20.417,-2.902,3530.0,-7.298,148.4434123,33.1371138,-10.1975776,5.715044618,-0.302338831,2.07463935,0.17246,85.63578073,-7.233968737,32.10426958,47.52131556,3.483167,104.5017924,-9.35942755,-8.713910978
Driver,94.18396564,-0.435,-2.94,0.551181102,49.411,-3.312,23.028,4.773,7.713,131.8850662,1.4003,20.411,3.825,3616.89,11.148,414.1098183,127.8056814,53.33021469,5.936580472,0.410415463,2.229720132,0.099962,206.7063741,35.61361181,49.51011744,63.24953067,7.003585,218.1858714,38.35334755,65.85375783
Driver,83.42653901,-2.385,-9.581,3.188976378,47.232,-11.79,15.474,-1.044,8.538,118.2050823,1.4169,11.841,-2.852,4734.21,16.889,321.3608359,58.08359557,10.77126369,6.262752412,-0.285850576,1.338045314,0.112647,165.4921031,13.77711571,34.98435247,53.68685074,5.17736,181.8593223,17.08611484,65.89719713
Driver,96.52603794,-0.8,-4.0,1.299212598,43.479,-5.429,18.234,-1.282,2.791,136.6439245,1.4156,15.908,-1.571,3191.59,6.24,432.9493165,105.2525447,2.474609711,5.818378489,-0.160229775,1.674148548,0.091935,217.9398291,5.598428723,44.01983082,60.92977933,6.675467,234.1628896,6.703034156,34.70796854
Driver,92.15282749,-4.0,-6.6,5.590551181,39.077,-12.494,13.676,-1.366,5.374,129.7338046,1.4078,10.86,-2.218,3790.0,18.383,371.568034,63.15097008,19.03678001,5.784363741,-0.205363346,1.1261874,0.094273,189.3813452,20.20582342,34.55960863,55.84794364,5.508634,209.7517027,25.19541889,82.43470578
Driver,90.54894417,-0.301,-3.397,0.354330709,49.687,-3.653,12.329,1.979,5.376,135.8656943,1.5005,10.865,1.337,2150.0,15.231,373.0071811,49.83362464,25.70519769,6.407993352,0.162564157,1.230036968,0.0993993,202.9966002,20.88155004,25.0830903,66.24135104,4.85383,238.3586212,27.46083424,48.49345512
Driver,91.17752326,-1.972,2.25,2.362204724,55.802,0.909,7.553,11.152,8.903,125.3348694,1.3746,5.686,9.385,3189.33,26.589,267.6707491,20.53630806,68.47820021,131.220338,39.2349077,3.25028018,3.0082,145.8531078,45.22696196,14.7202493,65.35619007,3.47115,186.849249,62.19132901,66.03002967
Driver,97.94872942,2.3,3.7,-3.11023622,46.87,5.747,11.901,-3.151,-6.851,143.3782212,1.4638,10.202,-1.772,2963.7,-26.119,414.5736394,62.29636129,-59.7154902,6.201703218,-0.218659938,1.127399901,0.091178,212.3992773,-47.01313139,31.35202199,59.16228189,5.549212,238.3591844,-58.03254937,-121.7570518
Driver,90.6003937,-3.187,3.054,3.42519685,66.16,1.644,47.68,-5.368,-8.422,85.57064245,0.9445,38.392,-3.126,7980.0,-4.723,201.3500719,102.9655272,-14.79154885,3.745415903,-0.211243682,2.980731106,0.1172936,99.06878083,-9.663459102,58.7568409,57.23797345,5.496633838,98.72406435,-9.6257466,-12.8172924
Driver,91.97163565,-2.1,-3.5,2.716535433,51.337,-5.394,12.358,0.99,4.591,126.8316034,1.379,10.539,0.402,2402.97,-0.833,340.7117388,44.28836317,1.486737459,5.96733989,0.041084179,1.10928513,0.099124,185.4023553,0.469802219,24.62368362,63.28782783,4.670934,221.391412,0.394633095,-2.493056626
Driver,92.06782391,-0.1,-7.5,0.236220472,51.66,-7.742,11.507,3.963,11.532,126.5658554,1.3747,9.671,2.1,3260.0,8.689,356.4483913,49.05471117,25.59098475,5.744772663,0.219099047,0.987838175,0.095457,185.7962111,17.74192007,28.46045021,57.85919294,5.05128,213.6212902,22.04037194,32.8585626
Driver,95.56639227,-4.986,-1.455,5.472440945,53.249,-5.191,8.383,-3.228,-1.772,135.8252058,1.4213,6.737,-3.007,2240.0,-4.898,332.1205099,28.08507493,-21.69229459,5.419108163,-0.28715289,0.641480244,0.082944,180.6499642,-13.53116056,16.94124878,69.53881908,4.00786,224.8050025,-17.91082932,-12.18786622
Driver,109.1960451,0.9,1.7,-0.905511811,53.675,2.325,9.642,-2.034,-3.734,158.802568,1.4543,8.675,-1.356,2610.0,-14.084,499.3130341,69.2201271,-44.95165096,5.569253016,-0.169585816,0.86028597,0.07337,252.5280465,-32.80966728,30.93299386,62.94440779,6.029646,282.1561114,-39.81397787,-80.62558041
Driver,97.6579277,-0.291,4.323,0.393700787,44.66,4.029,9.463,4.857,0.535,141.5651843,1.4496,8.235,4.789,1728.74,-8.815,332.1470926,34.07036477,16.11664271,181.0592153,4.107922264,-0.770009387,4.09866,178.8223855,4.203311578,20.45554062,68.44371493,4.027,220.1639362,2.385314786,-32.20949395
Driver,108.0350752,0.3,7.7,-0.354330709,52.355,7.919,7.769,1.514,-6.186,159.5029528,1.4764,6.973,2.255,1640.0,-24.84,403.4284657,36.49783298,-10.46446171,5.859353084,0.215181252,0.719184219,0.076496,217.2528637,-15.50345208,18.52734774,75.33530465,4.326331,267.6210456,-25.16277995,-72.05371334
Driver,79.02201145,-0.9,1.402,0.984251969,52.756,0.718,27.464,1.555,0.153,91.97566213,1.1639,21.488,1.519,5450.0,0.203,226.6205014,62.57858611,5.972179923,5.910747602,0.157115115,2.331972604,0.144788,121.8298475,3.403740018,41.8785834,51.5544935,4.813907,132.9332293,3.724867588,0.522853985
Driver,110.5918933,4.3,1.3,-4.960629921,51.088,4.71,18.949,0.273,-1.027,162.2959914,1.4675,17.368,0.369,3490.0,-3.423,548.4228059,172.1271444,-9.58310306,5.624519147,0.033893835,1.782503648,0.07533,260.5378709,-8.045411192,53.51450458,69.55996017,8.225497,269.1490474,-8.505301064,-29.16709637
Driver,113.1509485,-0.9,3.9,1.299212598,50.391,3.089,9.349,0.222,-3.678,162.6747047,1.4377,8.195,0.893,2770.0,-9.606,527.6469233,75.85671692,-18.69462469,2.749677576,0.028574822,0.399198284,0.035122,262.0245664,-16.72486982,33.18284875,61.96222394,6.361421,288.8737478,-20.5104895,-62.39461712
Driver,67.65166428,-4.856,-4.56,4.015748031,76.388,-5.739,30.852,2.4,6.96,59.27702219,0.8762,22.309,0.487,5110.0,6.593,96.3900909,22.13582371,1.990645733,5.107890919,0.054218579,1.992637928,0.1950136,57.48077325,1.75009446,30.15939776,42.81120037,2.702277581,72.34542405,2.471690745,3.785073676
Driver,99.68235505,4.838,3.589,-5.31496063,55.184,6.964,15.426,4.881,1.292,148.921573,1.494,13.728,4.667,2530.0,4.381,488.1417783,97.10082753,48.59640494,6.435689374,0.528204108,1.592397001,0.0922246,250.1439694,28.58813732,38.22261179,63.7203007,6.61861,272.3123274,31.78653294,24.82162304
Driver,62.40604868,-5.0,-1.0,5.236220472,51.284,-5.538,34.278,5.005,6.013,77.45302434,1.2411,28.208,3.956,4720.0,8.643,175.3732476,58.27122317,16.83321427,5.65785196,0.409029931,2.999604978,0.174252,96.70771788,11.66008243,44.11327902,49.849822,4.396492,107.0206886,13.2265676,15.02721326
Driver,58.51377953,-1.4,1.0,1.377952756,64.932,-0.106,26.683,-2.628,-3.6,71.85195956,1.228,20.907,-1.675,4150.0,-2.01,140.9818744,31.92222591,-4.726810871,5.74597603,-0.171595781,2.133694025,0.179193,81.86547823,-3.116203804,31.98472616,47.3161766,3.382815,99.73982263,-3.9260726,-2.171010956
Driver,79.41794918,-3.122,-6.065,4.763779528,45.607,-9.125,9.401,2.916,8.98,112.0785612,1.4113,6.791,1.013,3581.6,23.379,207.9938278,16.91760531,17.75762633,130.3811919,19.0938521,-5.134545038,3.44106,115.2162073,15.11519269,15.28192387,64.23854538,2.92106,154.4241841,24.74081268,39.28049179
Driver,104.1607015,-3.759,-1.098,5.551181102,42.645,-5.189,11.943,1.519,2.617,154.2665086,1.481,9.786,1.15,3351.44,2.865,475.4797868,87.50035377,17.2585164,222.591681,9.644031906,2.440054782,6.2642,225.2851141,9.795177157,42.17329206,57.28920272,6.39376,240.8271402,10.68236116,15.82806453
Driver,59.09314603,-1.0,-1.8,0.905511811,50.382,-3.317,25.396,1.096,3.034,83.01181102,1.4048,20.681,0.34,3910.0,6.264,187.9930246,44.96550143,5.513027333,5.602712892,0.061735023,2.090188959,0.150739,105.458274,4.645861591,35.57880953,50.0081391,4.099233,122.6573637,5.879309005,12.06176708
Driver,99.66445956,-1.5,2.5,1.968503937,50.671,1.265,16.24,9.023,6.523,143.349141,1.4383,14.013,8.231,3380.0,6.738,455.9709644,108.0090239,81.3055935,5.7099827,0.824381118,1.445488368,0.085227,224.5526967,46.19127499,45.09599438,60.11042667,6.880643,239.6048213,50.02152701,42.76499953
Driver,86.22270938,5.583,0.08,-6.25984252,54.838,4.029,12.588,3.812,3.732,111.153588,1.2891,11.637,3.294,1190.0,18.602,217.4876556,25.43712207,17.82966525,6.28189494,0.373441952,1.261318134,0.119277,130.6214376,13.51366408,17.31448709,73.65019559,3.10527,178.8065655,20.73360055,18.07851568
Driver,96.36721546,-1.6,-4.4,2.559055118,43.229,-6.868,17.377,-0.905,3.672,136.8828293,1.4204,14.968,-1.346,3340.0,-1.11,432.3165874,101.979144,-12.86046611,5.826801075,-0.143033449,1.575778866,0.0915,216.6680915,-7.396888049,43.69357367,60.17888881,6.630091,232.7778384,-8.070786393,-6.92485986
Driver,93.2198461,-1.702,-3.335,2.086614173,50.719,-4.728,34.869,0.242,3.577,113.6493379,1.2191,27.924,-0.58,7860.0,11.597,301.5463872,130.0263291,21.2521951,5.60304877,-0.031795626,3.018802844,0.117396,146.5493558,16.95959546,57.16242281,62.28368796,6.473107,146.8459352,17.00820787,55.29671939
Driver,106.4110594,-2.9,6.9,3.661417323,51.208,4.452,7.875,0.584,-6.316,155.9893969,1.4659,6.831,1.218,1870.0,-11.858,417.8944285,38.08976701,-5.061615469,5.884421612,0.117469077,0.708694026,0.078511,223.4605503,-7.807441544,19.07046689,73.78490123,4.551848,273.0725722,-12.54490086,-37.65830594
Driver,99.79196492,1.4,0.0,-1.141732283,51.237,0.608,20.529,5.647,5.586,134.6172602,1.349,18.4,5.0,2970.0,3.391,430.2457875,115.853696,43.63830396,5.699194507,0.498291251,1.908774725,0.092641,217.6520055,25.23009522,45.9246135,62.660746,6.837702,232.9589002,27.32858795,18.87703893
Driver,92.35191482,-2.128,5.687,2.598425197,52.917,4.078,35.053,13.447,7.759,110.1541249,1.1928,27.833,11.616,8060.0,10.757,289.2572548,121.934865,72.75389961,5.520884401,1.13392494,2.960057451,0.119239,142.1695027,44.0645969,56.2573868,60.91700081,6.29693,142.5972909,44.21543313,47.83731182
Driver,101.5882248,2.412,2.067,-3.228346457,48.014,4.24,11.071,-1.387,-3.454,147.5534628,1.4525,9.868,-0.898,1900.0,-14.217,414.1691663,51.59002739,-23.74126061,5.941000494,-0.102861173,1.03458869,0.084512,223.9292335,-19.56751074,24.20411063,70.00725527,4.967688,265.9129875,-26.39680594,-48.20706018
Driver,91.3027917,1.225,1.389,-1.57480315,54.218,2.272,17.742,-1.058,-2.447,135.7558608,1.4869,15.363,-0.687,3242.47,-12.205,427.7945191,97.43481803,-31.71912766,6.10148952,-0.087014859,1.69102165,0.096803278,217.2665518,-24.88815572,41.62407327,60.39826121,6.487641007,235.6482834,-28.56446485,-66.89538541
Driver,96.48129921,-1.07,-2.274,1.496062992,46.367,-3.294,13.959,0.676,2.95,138.9264943,1.4399,10.936,0.064,4250.25,6.27,424.1289554,80.16586136,13.34264173,156.7730397,5.528021023,25.42328548,3.80532,212.385592,8.949863073,38.36086889,58.59018823,6.10363,229.847002,10.00060748,26.13849386
Driver,90.7726378,-1.922,-1.71,2.440944882,46.822,-3.515,17.148,1.718,3.429,127.4563797,1.4041,14.116,1.146,3900.0,2.632,385.4407663,85.06473632,12.96603214,6.019903722,0.123830299,1.534766409,0.101281,194.8640849,8.309316223,41.24670039,57.30003993,6.111777,211.1216954,9.299428532,13.24167038
Driver,80.69971367,-4.845,-1.804,6.771653543,44.309,-6.786,18.126,7.564,9.368,107.5530154,1.3328,13.746,5.676,5059.72,30.882,244.796007,44.47200045,53.56504557,135.4213633,41.74786733,-1.842186339,4.31926,132.5252551,40.22714643,31.21318142,54.9830747,4.18926,151.7378236,50.14557874,82.62361525
Driver,100.633053,2.321,4.162,-3.031496063,49.96,6.114,18.36,-1.697,-5.859,142.032704,1.4114,16.544,-0.994,2731.76,-12.891,461.2398022,108.2550366,-36.24829947,6.121370428,-0.119042459,1.828635954,0.093281,236.1926423,-28.45269443,41.81456582,63.43240642,6.755861,256.0657707,-32.57631369,-73.1425547
Driver,103.1742126,2.1,1.1,-2.559055118,48.697,2.966,14.735,2.792,1.692,151.072611,1.4642,12.984,2.602,2650.0,0.554,498.7140966,97.29078939,23.51275682,5.766497097,0.262250517,1.34070674,0.081111,253.4683005,12.60258656,38.52202752,63.4606685,6.695908,276.628687,13.84583036,3.290721394
Driver,81.66383321,-8.4,-0.4,6.25984252,64.1,-5.189,34.728,0.718,1.27,102.1783286,1.2512,26.298,0.495,8528.85,1.214,258.9870313,100.1681089,3.674987246,3.60971103,0.028109029,1.801393841,0.082143,130.253438,2.471493516,53.40324196,56.54201136,5.788779,131.5621521,2.503165754,4.038926845
Driver,106.739889,1.51,-3.929,-2.165354331,44.321,-2.383,16.644,3.477,7.407,154.3152738,1.4457,14.68,2.467,3360.0,12.625,513.7288852,126.9827484,60.05088743,5.875669815,0.265131438,1.558582161,0.081638904,251.7552599,41.22838302,46.17338599,63.72345373,7.382496305,266.6700863,45.06544108,91.49977119
Driver,76.72020401,4.642,4.52,-5.236220472,57.281,7.51,14.965,6.242,1.723,110.8661417,1.4451,12.789,5.869,2428.41,15.505,274.0190161,44.86255452,46.14070441,154.6847732,34.20618177,-2.866247137,4.50701,149.5632314,32.45709184,28.38775495,60.41805405,4.30701,178.2532381,42.16760006,52.07380216
Driver,99.13877953,1.9,-3.9,-2.559055118,49.531,-2.287,22.947,-0.128,3.863,131.3784001,1.3252,20.78,-0.565,2875.82,0.481,421.6673243,123.9316808,-2.922457511,5.482894498,-0.053633141,2.090777403,0.092666,214.4121049,-1.230932466,47.37015554,63.87061363,6.945577,228.9476927,-1.273435535,2.65019905
Driver,108.4511453,4.9,2.3,-6.102362205,49.487,6.506,14.615,-0.63,-2.93,161.0497942,1.485,13.582,-0.218,2360.0,-9.928,535.3802458,112.8648684,-29.03799847,5.709093125,-0.039696865,1.391741372,0.075516,269.0778421,-23.097198,41.23565912,64.81237555,7.083585,290.2508655,-26.43681714,-66.23105958
Driver,99.66222262,-0.8,-2.2,1.496062992,44.03,-3.876,15.199,-0.597,1.768,144.8302165,1.4532,12.43,-0.9,4004.97,5.093,457.1054614,105.8912991,7.549014429,5.450129916,-0.081590706,1.225189641,0.079962,222.9695278,7.616616713,45.33627166,59.25200885,6.861025,236.5397377,8.604406558,33.34765863
Driver,96.48129921,3.758,2.786,-5.039370079,49.107,6.047,14.919,-1.516,-4.302,143.0710898,1.4829,13.166,-0.818,2670.0,-20.125,440.8912458,79.8649424,-43.36356049,5.929991573,-0.102115882,1.39379992,0.088194,229.3395172,-36.10517045,34.58071506,62.40635748,6.020736,255.8165338,-44.03730004,-98.60459292
Driver,67.18861847,-6.177,-7.808,7.244094488,53.137,-12.463,22.436,12.62,20.428,75.93682892,1.1302,17.436,8.665,4690.0,34.09,135.000697,24.75336997,30.10388772,6.115076271,0.982501866,1.85466009,0.176441,79.40646505,22.66396338,26.34174242,48.98139896,2.98398,92.70029404,28.14976334,32.81930624
Driver,114.0211167,4.7,-0.5,-5.984251969,50.241,3.449,14.035,-0.439,0.061,166.7117037,1.4621,13.027,-0.46,2420.0,-0.626,570.1669808,119.5411344,-6.197941438,5.681536897,-0.04519741,1.327647518,0.072392,284.3760996,-3.709773527,41.78665407,65.99541042,7.337811,305.2828043,-4.078331203,-4.280265344
Driver,103.1540802,-0.144,-0.677,0.196850394,50.246,-0.797,11.554,1.815,2.492,147.0403096,1.4254,8.775,1.212,4148.44,15.999,438.5148196,69.62961296,53.07059001,221.0871902,39.56227623,0.740537011,5.59977,221.9804938,39.83978411,32.48396179,64.73529057,5.63349,247.5963588,47.75947025,105.6354601
Driver,113.6005727,1.9,-2.7,-2.165354331,51.575,-1.351,13.973,-2.304,0.396,162.9438082,1.4344,12.799,-2.498,1902.53,1.566,536.3555468,98.65100159,-18.2976743,5.783369775,-0.236865493,1.322167725,0.075288,276.9922696,-8.490614389,36.18531779,68.08652226,6.610517,304.8084494,-9.066719089,10.75306287
Driver,97.11882606,-0.171,9.445,0.196850394,56.109,9.33,6.319,0.421,-9.024,140.7252147,1.449,5.679,1.322,1540.0,-29.016,253.1341242,15.40447538,-5.212602488,6.228708698,0.124729245,0.6099973,0.091924551,146.9321334,-8.160489155,10.36386656,86.76713419,2.785018309,214.0670993,-17.5122539,-34.62895858
Driver,84.88278454,-4.153,4.569,5.039370079,53.178,1.452,15.191,-7.449,-12.018,116.0464388,1.3671,12.131,-5.459,4170.0,-21.565,307.2016008,51.96953651,-57.27343216,5.673308731,-0.566105994,1.229848809,0.103930373,161.3428801,-40.04843474,32.15569268,54.56519366,4.902601511,182.6031971,-48.38216322,-74.9941844
Driver,110.6254474,3.747,0.322,-4.409448819,45.095,4.064,16.678,2.95,2.628,159.3926718,1.4408,14.946,2.583,2798.75,11.078,544.094326,128.5393086,56.38609839,6.258169538,0.294479277,1.704585029,0.0842987,270.2531295,38.58247349,44.78395563,65.99853358,7.46096,279.6862174,40.67666254,79.46593227
Driver,101.228078,-0.274,2.533,0.354330709,49.299,2.298,9.807,-0.816,-3.349,145.4576772,1.4369,7.865,-0.161,2956.89,-10.739,436.999704,54.33156964,-21.3515007,5.906299403,-0.02599375,0.827911181,0.084881,222.1995848,-17.39560253,28.0792143,60.64964177,5.494024,252.5069511,-22.17864056,-50.31922386
Driver,83.99695777,-3.157,-1.348,3.228346457,54.531,-3.6,24.014,1.757,3.105,107.8167502,1.2836,20.116,1.265,4200.0,4.935,300.4535665,83.36022942,13.73360978,5.929991961,0.139018825,2.18699212,0.122286,156.619251,9.696248268,44.20277576,55.94267108,5.671777,169.5464801,10.85154274,18.72868134
Driver,97.08750895,0.67,5.311,-0.826771654,51.509,5.844,11.575,-0.778,-6.089,134.6810129,1.3872,10.207,0.006,2100.0,-19.659,350.1954417,42.65779215,-18.80598158,5.051275528,-0.009356987,0.908139564,0.0786432,192.8837555,-18.19803005,22.52053385,67.8520247,4.49683,231.4067186,-25.71020178,-54.65441578
Driver,96.43656049,3.1,-0.9,-4.330708661,44.534,2.168,21.145,3.305,4.205,132.3622047,1.3725,19.087,2.712,3910.0,8.026,410.6516851,124.5005178,39.20357785,5.624292722,0.281835797,1.969403219,0.093542,203.1928146,25.82706628,49.82406582,62.19931987,6.955586,213.9119224,27.71789073,48.7857536
Driver,115.2626163,2.057,-2.551,-2.480314961,50.298,-0.842,8.749,-0.188,2.363,162.9044381,1.4133,7.916,-0.486,1430.0,12.799,446.4759226,45.58810586,11.2202646,6.416222017,-0.046235724,0.896107459,0.0821302,240.9990363,11.58694623,20.48367197,77.50539158,4.72846,290.2799142,16.85943483,40.88510105
Driver,93.13484252,-0.086,6.089,0.118110236,51.671,6.02,1.672,-3.568,-9.656,128.4160254,1.3788,1.478,-2.495,1390.0,-74.315,34.89311599,0.471433911,-1.896626737,6.03339203,-0.294609779,0.119853678,0.096973082,23.03390286,-1.512799919,1.652650502,119.2572293,0.380604321,98.67057931,-8.259301471,-1.532442612
Driver,110.4889943,2.2,1.0,-2.440944882,45.175,2.693,13.609,-1.988,-2.95,163.9079277,1.4835,11.997,-1.542,2710.0,-9.305,547.2405501,112.5850707,-42.3251519,5.831987739,-0.16640371,1.255956215,0.075356,269.2506511,-29.3940337,42.23433885,63.12460838,7.221342,288.5272909,-32.90562688,-66.54369772
Driver,99.5682713,-2.8,-3.6,3.858267717,47.204,-6.931,19.197,2.431,6.205,133.6934055,1.3427,16.55,1.686,3655.57,5.41,415.9049788,109.6074344,24.50397784,6.029993558,0.179053225,1.815547452,0.097894,207.5500049,16.34231094,46.38337085,60.22626533,6.724085,221.0009318,17.88508133,30.74297416
Driver,96.59538296,2.714,-7.428,-3.42519685,46.52,-4.851,23.514,9.82,17.248,129.7396206,1.3431,19.66,6.265,6534.56,24.776,359.7655259,116.0015833,95.06619977,5.658648535,0.656896372,2.057445349,0.096762,178.2457109,64.8686029,50.48402547,59.76809889,6.508156,184.1246562,67.88816704,139.0907899
Driver,59.53605941,-0.741,-0.89,0.669291339,64.913,-1.237,27.487,-2.422,-1.532,74.61301002,1.2532,22.347,-2.109,3810.0,-2.291,156.085147,38.4879274,-6.552252364,4.966869686,-0.185851421,2.002336225,0.1501624,89.59404559,-4.277900766,34.6892428,48.3866709,3.698580813,106.8465935,-5.25012568,-2.944924795
Driver,92.29599141,7.229,0.975,-7.362204724,54.855,6.098,17.306,7.245,6.27,134.2967072,1.4551,16.103,6.463,1890.0,20.975,394.3012017,75.80984202,68.79061757,6.327153096,0.729810384,1.823443343,0.101544,215.9461108,48.53105415,32.51160993,66.77091506,5.51627,245.7512191,58.4689832,73.61155678
Driver,99.98210451,1.347,4.654,-1.850393701,46.619,5.927,6.325,-1.517,-6.172,143.1581067,1.4318,5.47,-0.448,1940.59,-11.163,314.887615,21.64837179,-15.81323154,181.6484839,-16.13863131,-3.951758809,3.96571,168.595834,-13.81513174,14.71233636,71.15931876,3.56571,216.1635169,-21.87527255,-37.50267767
Driver,96.38063708,-1.5,5.1,1.771653543,52.217,3.849,25.597,-7.616,-12.716,125.0650948,1.2976,21.4,-5.349,5780.0,-7.415,359.9984126,127.3381165,-49.36282411,5.570784925,-0.531031429,2.221420423,0.099962,176.2561355,-30.18259473,53.5387266,61.96943452,6.753225,181.4335551,-31.27335148,-41.58868587
Driver,89.59377237,1.169,-0.509,-1.535433071,52.324,0.394,16.885,-1.002,-0.492,129.6646832,1.4473,14.991,-0.939,2440.0,-1.13,392.0771631,75.65858282,-7.995697228,6.175101429,-0.102331201,1.659942282,0.10219,208.7540562,-4.957264869,34.62877964,61.9509302,5.75431,233.0265661,-5.699403103,-4.609564804
Driver,100.246063,-0.855,6.979,1.062992126,54.597,6.371,7.394,-3.154,-10.133,144.0470651,1.4369,6.596,-2.156,1820.0,-27.952,309.2191351,23.33572523,-28.98249446,6.248324752,-0.255034748,0.717616904,0.090293199,173.9750979,-23.8231893,13.88045441,79.37838541,3.45999333,232.1906919,-38.06210193,-51.96888649
Driver,99.95526127,2.1,-0.9,-2.677165354,47.216,0.917,16.75,1.218,2.118,145.7970204,1.4586,14.648,0.974,3080.0,2.788,481.0411348,109.9860102,15.14132426,5.811350799,0.101401782,1.533954654,0.085423,241.0138605,9.946762095,43.08762375,62.52196574,6.956519,258.8306086,11.03670267,17.55568795
Driver,74.91723336,-2.548,-2.342,3.346456693,47.552,-4.674,12.536,8.464,10.806,106.7512974,1.4249,9.015,5.87,4603.96,9.015,255.8708191,32.27863275,34.78993836,5.879451989,0.614258391,0.944864215,0.116034,135.4341016,21.48038761,25.18166082,53.08269345,4.083058,160.7579686,26.87075027,23.07600845
Driver,100.7516106,2.508,5.045,-3.464566929,45.462,7.515,15.725,1.366,-3.679,148.2842699,1.4718,14.156,1.821,2400.0,-15.096,475.6097468,92.97074273,-15.4121341,6.343902424,0.18715498,1.614830492,0.0914214,247.0478953,-18.72828885,36.70680987,64.48550146,6.40838,262.3736604,-21.45534395,-79.64011429
Driver,97.45212956,-1.0,-2.2,1.377952756,56.035,-3.517,23.138,-1.361,1.029,130.6605673,1.3408,20.121,-1.491,3920.0,2.317,401.8640894,128.4031301,-4.15641356,5.712277242,-0.146649355,2.119549759,0.096975,198.3880353,-0.616198943,51.08008661,62.30089949,7.001973,208.136531,-0.513619352,13.63807808
Driver,100.9708304,0.084,-1.76,-0.118110236,48.967,-1.687,14.246,1.125,2.885,146.7519685,1.4534,11.546,0.558,4017.2,11.276,467.2254728,99.72710962,36.59091258,5.983977327,0.071369774,1.256665465,0.0863286,228.2813952,26.90541339,43.05673191,59.1982452,6.76157,236.5656168,28.61532495,74.08934912
Driver,85.62097351,-3.534,4.468,4.606299213,55.108,2.0,22.638,1.038,-3.43,114.9818808,1.3429,19.304,1.517,3840.0,-7.439,334.4866234,90.80222909,-4.173917133,6.103090848,0.150039792,2.153756249,0.117274817,172.6198283,-6.10648227,44.27524704,57.54562643,5.97398703,187.0393278,-7.251116641,-32.01402496
Driver,96.93316034,2.164,1.716,-2.362204724,49.779,3.547,13.178,-3.435,-5.151,138.00085,1.4237,11.742,-2.743,2175.07,-16.553,392.9560954,57.64176518,-39.38071701,6.439429906,-0.322641302,1.340261665,0.0986659,212.3054151,-29.59199845,27.47773774,65.61601853,5.15772,245.1788165,-37.28335064,-58.49149155
Driver,86.83786686,0.092,0.769,-0.118110236,49.021,0.848,12.739,0.456,-0.312,128.7674481,1.4828,10.558,0.512,2790.0,-5.848,365.1470024,51.5077339,-4.747752754,5.771709126,0.046263115,1.080530104,0.094465,193.2767577,-5.414816058,28.05459081,60.19731633,5.090248,223.607019,-7.401104746,-21.4231099
Driver,86.77970651,-3.2,0.6,2.716535433,58.36,-2.024,28.809,1.23,0.705,116.0737294,1.3376,22.132,1.377,7682.87,-0.963,312.6822744,112.3826712,3.407735264,4.492050085,0.081942963,1.856354053,0.087188,154.4494691,1.326482869,53.30409541,58.92957631,6.280399,157.0292562,1.336035308,-7.155955409
Driver,99.36471009,-5.534,-4.635,6.57480315,52.759,-8.859,14.4,1.331,5.966,130.9075251,1.3174,11.793,0.52,3540.0,10.83,392.7896655,70.62762684,24.24589512,6.481001006,0.072938073,1.375402823,0.105038,200.3129682,19.03384509,35.86963901,57.24071262,5.80107,219.6642437,22.39808261,51.66998705
Driver,113.1151575,-1.504,-0.075,2.047244094,50.203,-1.329,16.78,3.761,3.836,150.7216356,1.3325,14.062,3.163,4158.1,4.361,470.5371506,136.0795416,58.96717193,240.5013304,52.6424248,-31.35598454,8.62635,219.1244039,42.53986486,52.19307148,59.4725503,7.37635,227.5389668,46.13749924,91.84355666
Driver,93.38314245,-1.142,-5.049,1.653543307,41.986,-6.318,19.965,-4.206,0.842,136.9273443,1.4663,16.085,-4.371,5277.81,2.197,413.6718289,122.993799,-23.81781851,6.041208503,-0.456780021,1.796593702,0.0955146,200.5296215,-10.57838446,50.7477624,61.20753613,6.94752,204.0156186,-10.71306559,14.14302306
Driver,93.35182534,-3.8,-0.6,3.582677165,55.454,-3.908,17.332,-1.587,-0.905,133.3417591,1.4284,14.295,-1.367,4025.03,-1.532,408.1158876,98.28619978,-13.72126119,6.247122565,-0.160370127,1.621702295,0.100667,202.8903548,-8.042940013,44.72726019,58.0649079,6.510678,216.6075025,-8.734893745,-9.612674082
Driver,84.71725125,-1.846,7.727,2.440944882,53.451,6.358,9.706,-6.317,-14.044,113.4654617,1.3393,8.227,-4.466,2650.0,-33.063,215.3959299,19.00294666,-31.08873153,5.937077926,-0.492827301,0.843086882,0.1095308,124.3886455,-24.8508032,14.88429494,67.4881761,3.030610118,171.0399365,-40.338704,-45.85434656
Driver,93.66723336,-2.4,-5.2,2.086614173,52.452,-7.716,13.335,-2.623,2.772,139.0358805,1.4844,10.37,-3.143,4160.0,4.979,426.7897318,83.91325464,-10.35057519,5.729390047,-0.30997257,1.074144829,0.086991,209.3038142,-1.807733049,41.14191762,56.51545593,6.31147,224.8483924,-1.33279961,29.01092285
Driver,111.9877416,4.7,-0.9,-6.023622047,48.944,3.024,12.786,-2.782,-1.882,166.3197924,1.4851,11.918,-2.577,2050.0,-6.625,547.8915517,100.1764963,-40.32292042,5.79272475,-0.266106539,1.233847252,0.073659,278.1650499,-25.91321386,37.31840041,66.17410915,6.76482,304.2466676,-29.53747783,-40.30363896
Driver,92.50626342,1.9,-5.5,-2.362204724,49.621,-3.952,18.495,-1.737,3.763,133.7220383,1.4456,15.856,-2.397,3600.0,7.796,420.1552624,103.1196251,1.088573075,5.95177479,-0.239669942,1.709314752,0.096151,211.3286735,5.885660483,44.19822125,60.17355127,6.610262,226.7384077,7.13886952,44.14665917
Driver,82.5384753,-4.1,2.1,3.543307087,62.168,-0.123,27.883,2.742,0.642,109.6002595,1.3279,20.658,2.695,7847.02,0.919,286.7727205,92.63066514,13.73031502,5.672966489,0.255577951,2.1802246,0.116078,144.6583993,7.72436174,49.81565623,55.29668814,5.803125,148.5791254,7.952814944,2.771364718
Driver,81.54080172,-5.662,-2.788,7.086614173,47.46,-8.008,16.081,12.009,14.798,110.052568,1.3497,13.362,10.051,3620.0,23.366,279.4847964,46.93272089,71.77717307,6.383912347,1.146442789,1.517469852,0.123984,151.082557,48.16262541,29.9190048,55.4009856,4.57853,173.5862676,58.44756813,67.29446779
Driver,99.30654975,-7.227,0.196,8.779527559,49.108,-6.108,9.993,-3.894,-4.09,146.9407659,1.4797,7.973,-3.406,3030.0,-8.705,450.8877051,58.90066731,-44.25074346,5.242851654,-0.317442216,0.74750341,0.0744448,227.3266092,-27.98998935,29.64403385,59.98650703,5.69679,253.7704618,-32.98886762,-43.61289938
Driver,80.6706335,-2.401,-6.086,3.11023622,48.598,-8.205,16.781,-3.679,2.407,107.8268164,1.3366,13.304,-4.135,3751.15,4.545,283.4021951,49.64727274,-14.96004144,6.304719617,-0.448001518,1.499092239,0.125005,151.3472886,-6.323561328,31.88967419,54.15790236,4.75765,171.7925287,-6.615367071,13.78958428
Driver,103.6439692,3.862,1.563,-4.881889764,50.102,4.799,14.3,-2.576,-4.139,151.5926986,1.4626,12.954,-2.026,2180.21,-16.329,476.9423878,83.31244932,-46.17875459,5.901240278,-0.220624754,1.362558403,0.082665,250.5449077,-35.26563783,33.45600267,66.34371573,6.109635,280.7461875,-42.6823679,-79.42278135
Driver,101.3197924,1.158,2.158,-1.535433071,45.476,3.296,13.184,2.242,0.084,145.9064066,1.4401,12.063,2.234,1624.94,-3.515,425.771528,63.34074004,12.09765001,5.874169023,0.226654728,1.254702442,0.085125,231.5449102,5.010502525,27.38665527,70.63431149,5.25895,272.0541338,5.185240227,-12.05097794
Driver,91.90005369,3.228,-7.932,-3.543307087,50.026,-5.222,8.022,-7.917,0.015,128.1144864,1.3941,7.417,-7.919,770.0,0.116,222.2669406,16.6000188,-30.50640148,6.161480516,-0.848773038,0.783838508,0.100079,133.4578537,-18.35446166,11.40930132,86.99267612,2.65215,196.0172819,-26.94342992,0.098218152
Driver,78.36882606,4.361,2.907,-5.393700787,48.536,6.77,16.649,3.299,0.393,115.6135916,1.4753,14.178,3.217,2838.61,-2.51,303.6591387,54.64972902,14.02621567,174.5947657,7.698927771,-4.397342025,4.86254,167.1704612,7.405222017,29.84601348,65.37835514,4.59254,196.941605,8.571845751,-5.935404503
Driver,114.6161417,4.9,0.3,-5.905511811,48.531,4.64,21.506,-0.249,-0.549,162.1698282,1.4149,19.64,-0.036,4100.0,-2.088,528.4979713,197.5237695,-10.12165189,5.797658586,-0.019959359,2.102560606,0.078926,244.4407972,-6.992885153,58.38153296,73.50263036,8.449085,248.1666651,-7.145315535,-20.51807988
Driver,99.48103078,1.846,2.715,-2.362204724,49.062,4.317,13.416,1.597,-1.118,145.879787,1.4664,11.128,1.824,3330.06,-7.508,468.2438267,86.89053915,-3.995583662,5.723332139,0.175281581,1.141964395,0.082866,233.3745569,-7.528859197,38.64338857,59.63258259,6.476962,253.3885834,-9.343752339,-44.84807027
Driver,102.9057802,-1.142,3.762,1.456692913,46.435,2.675,21.931,2.924,-0.838,136.6477273,1.3279,19.315,3.027,3551.9,-1.982,439.1306279,132.7497221,16.85338416,6.224517821,0.325994904,2.214687793,0.100357,217.258666,7.304971758,49.73848999,64.10346427,7.20397,222.8218478,7.424271799,-12.51423801
Driver,102.0669291,-2.128,-1.989,2.992125984,47.445,-3.944,12.813,-8.221,-6.232,134.5313618,1.3181,9.47,-6.79,4841.22,13.004,374.3885571,66.79203667,-20.2575637,196.1209945,-4.757376344,-3.719047182,5.69506,190.997953,-5.058587071,35.27694489,58.91924683,5.47506,210.2253152,-3.9178706,52.65235765
Driver,101.5837509,5.3,2.3,-6.929133858,51.279,6.527,15.566,2.012,-0.252,149.2497316,1.4692,13.866,2.055,2520.0,-1.99,491.0565174,98.62168958,12.81303507,6.04267625,0.214962517,1.501974095,0.086402,251.7519435,5.244452952,38.55109771,64.14983387,6.658709,275.3192072,5.413025483,-11.35347074
Driver,101.9483715,0.112,5.058,-0.118110236,46.841,5.162,16.519,5.23,0.172,148.3296797,1.4549,14.931,5.212,2340.04,0.584,488.0844577,102.0698444,44.5950845,6.382200166,0.58037198,1.719706234,0.0923029,252.2163707,23.98056351,38.81603336,65.06671288,6.66547,266.1194476,25.35527219,3.220749931
Driver,91.1551539,-5.369,-2.991,7.283464567,47.476,-7.935,8.107,-2.578,0.412,130.7200698,1.434,6.375,-2.632,2250.0,1.134,298.1971631,23.00289371,-12.82979275,5.727407346,-0.262165782,0.638879428,0.091171759,164.0909064,-6.749547343,14.94402245,70.46636037,3.647790667,214.3537005,-8.555486249,2.359199088
Driver,115.1440587,8.9,4.7,-10.31496063,52.163,11.652,17.924,-0.209,-4.909,171.9392001,1.4933,16.669,0.433,2450.0,-17.79,593.4302262,155.0695902,-52.37594312,5.608942866,0.035757934,1.692281217,0.070495,293.7877495,-44.41206978,46.90123895,69.50893996,7.971485,309.6104589,-48.81339921,-139.8165001
Driver,104.247942,2.9,9.1,-3.543307087,54.191,11.209,9.339,-0.039,-9.139,152.8751342,1.4664,8.616,1.086,1930.0,-42.509,351.8688773,35.44076628,-28.93602396,5.685238949,0.082091657,0.857768588,0.077761,194.6878382,-31.24600102,18.84855728,74.99187609,3.974548,243.5107827,-49.01065704,-104.647505
Driver,68.32721904,-3.8,-2.2,3.858267717,53.923,-5.518,19.424,4.038,6.326,80.37312097,1.1763,15.812,3.053,2990.0,15.308,156.0323445,26.25936449,13.76734354,5.835224276,0.333560298,1.60756294,0.157281,91.05783237,10.70226142,25.32152067,50.97576952,3.22748,117.1957835,15.36169714,17.6129187
Driver,71.36721546,-0.833,1.984,0.826771654,61.558,1.533,21.462,4.158,2.174,82.39598246,1.1545,17.401,3.733,3337.65,4.247,174.7130722,33.34783171,13.13448888,5.742626267,0.380148326,1.763950854,0.152236,100.5043946,8.537011293,28.86554023,51.17200406,3.616224,124.004282,10.9484127,5.997005495
Driver,88.93835004,-4.6,0.0,4.05511811,58.837,-3.492,23.377,1.391,1.516,122.8930297,1.3818,18.115,1.178,6420.0,2.528,344.4496415,107.8925721,12.05442062,5.985830391,0.117512235,2.002672343,0.107251,168.1126293,7.675176167,51.41388645,56.91372333,6.461983,173.5111298,8.006332681,12.66302792
Driver,98.52809592,0.5,-3.5,-0.551181102,47.425,-3.27,18.53,-2.609,1.048,140.6822656,1.4278,16.53,-2.732,2798.88,2.505,456.9032123,111.3630521,-15.28185116,5.776504074,-0.27294994,1.726829716,0.088852,231.4834606,-6.162079577,43.70506343,62.68281722,6.865709,249.2036378,-6.336078431,14.62355385
Driver,91.34976736,-2.542,-4.028,3.070866142,47.824,-6.334,11.671,1.525,5.553,120.5733268,1.3199,9.799,0.775,2410.0,14.085,291.7686222,33.31736883,14.91074238,6.127017458,0.095275625,1.05272034,0.106757,162.3076658,12.98733858,20.75714686,64.23470116,4.05925,199.4295353,18.56655408,32.39350313
Driver,105.019685,0.987,4.692,-1.181102362,43.023,5.75,12.416,2.612,-2.08,153.6016911,1.4626,11.049,2.867,2120.0,-6.632,479.8180788,73.41922012,11.8886497,6.436983863,0.31634077,1.268314378,0.0883645,251.0797467,2.159145474,30.73243436,66.50039018,5.90439,282.3643851,1.117686549,-31.20458048
Driver,25.31093414,-6.4,-1.0,4.330708661,71.229,-3.971,42.578,0.298,1.467,27.52147459,1.0873,29.783,-0.364,3470.53,1.206,23.45619239,6.724369035,-0.05896072,5.821105192,-0.016185183,2.124721617,0.515876,14.6779317,-0.030079685,32.43747978,25.1122475,1.351268,20.94706037,-0.036610568,0.18950693
Driver,86.08401933,-2.6,-0.4,2.637795276,63.841,-2.174,18.956,-4.408,-3.987,105.7712956,1.2287,14.409,-3.14,4850.0,-8.598,273.8279057,55.12939654,-27.1623605,5.894875452,-0.375936682,1.530257923,0.120057,143.8178055,-18.0430008,36.40031653,51.16790384,4.928687,159.3027788,-20.83328759,-30.60120963
Driver,105.7198461,-1.3,6.5,1.732283465,51.761,5.366,7.521,-1.815,-8.315,142.4111936,1.3471,6.586,-0.972,1810.0,-6.39,343.7299303,28.627353,-11.34294582,5.798153074,-0.10269221,0.671003562,0.084749,186.9717124,-8.31633542,16.77165109,72.13028141,3.97688,236.4559825,-11.97720625,-15.43958861
Driver,87.69013958,-1.162,5.123,1.417322835,53.11,4.251,15.957,-3.019,-8.141,120.6057623,1.3753,13.151,-1.622,3730.0,-9.115,346.5480003,65.847447,-24.41699603,6.049660415,-0.183157023,1.427607872,0.1071048,179.5471575,-17.61452248,36.0720817,55.92154279,5.489945503,199.3592318,-20.78115574,-37.64944822
Driver,81.6750179,-4.385,-4.002,4.409448819,64.593,-6.089,18.265,5.42,9.421,91.05941303,1.1149,14.802,3.888,3400.0,14.702,200.4017667,33.41538888,21.76781755,5.762193828,0.410614215,1.501918329,0.136212,113.4410034,15.9888515,26.72776622,53.23283145,3.740482952,139.7334133,21.51025194,25.01045942
Driver,111.761811,4.7,-1.9,-6.023622047,49.402,1.993,15.016,-0.599,1.474,165.7138064,1.4827,13.418,-0.835,2657.34,3.459,568.5174496,127.3263491,2.700508113,5.687921735,-0.080252496,1.372053875,0.07306,280.2003033,4.513397191,44.10978221,65.51928578,7.537325,298.1152599,5.265774519,25.78722752
Driver,100.3690945,-0.567,-1.434,0.748031496,48.239,-1.941,12.033,-1.8,-0.366,148.5303329,1.4798,10.542,-1.756,2200.0,-1.643,452.5514037,65.29884294,-16.41992337,6.053782223,-0.186754221,1.135435016,0.0857382,237.8495529,-9.675983462,29.1064695,65.6240867,5.64123,260.4106936,-10.82492879,-7.167016281
Driver,93.52630637,-1.658,-6.559,2.204724409,43.035,-8.335,12.065,-3.244,3.314,137.68835,1.4722,9.907,-3.778,3036.81,8.805,414.3324925,61.20493705,-11.06956623,6.214662559,-0.40055478,1.100576599,0.0949396,212.6519309,-0.515213612,31.06405266,59.32196857,5.60681,237.5789968,1.012729693,40.49299138
Driver,95.7900859,-3.1,0.1,4.291338583,46.219,-2.813,13.27,3.369,3.269,138.5918486,1.4468,11.48,3.137,3610.0,4.094,431.50664,84.56034153,31.82745418,5.775026888,0.305325249,1.19297587,0.088246,214.4311374,18.90585194,40.0903562,57.63575445,6.322217,232.052219,21.00943098,21.5663107
Driver,100.2617215,5.598,5.107,-7.244094488,44.516,10.828,15.193,4.121,-0.986,150.3084735,1.4991,13.725,4.276,2203.42,-5.66,486.696048,92.11907933,24.5008469,5.412012571,0.399818431,1.33310437,0.0766201,253.4968131,9.14808204,35.93577021,65.65997322,6.39671,270.0036148,9.145114153,-29.29815484
Driver,92.6404796,1.0,-2.6,-1.141732283,43.451,-2.017,21.837,2.712,5.313,130.1245974,1.4046,18.981,1.81,3810.0,11.464,397.5876485,116.9767988,39.69376631,5.893174575,0.213089594,2.051094343,0.099736,198.6056708,28.30488992,48.51579934,60.83832439,6.771947,210.2360244,30.7929388,66.24540049
Driver,84.46000358,2.877,-0.914,-3.779527559,48.38,1.646,20.44,2.121,3.035,124.452398,1.4735,17.665,1.61,3480.0,5.651,380.1342821,96.97971028,21.43216149,5.983204808,0.175367264,1.920533427,0.104954,194.5527908,14.74360283,43.76202555,59.34169315,6.311087,210.3059585,16.50085948,27.86197695
Driver,99.39379026,3.5,3.3,-4.488188976,47.171,6.433,19.96,2.408,-0.892,146.0140032,1.469,17.453,2.626,3640.0,-5.878,478.7563214,139.270902,3.175337271,5.719495276,0.255774629,1.820386648,0.085268,233.8147893,-3.141681679,50.00091403,64.9264393,7.47442,245.0167958,-3.727348632,-41.54983332
Driver,95.7900859,-1.0,-2.4,1.614173228,47.899,-4.027,20.105,1.745,4.324,131.8694077,1.3766,17.432,1.207,3570.0,4.395,409.7676215,111.1991055,18.30637674,5.700483528,0.120559649,1.810105585,0.094197,205.1740178,12.4476767,46.76429678,60.55656978,6.720381,218.5110407,13.63514508,24.39292294
Driver,110.2295097,4.3,-0.3,-5.078740157,49.782,3.093,13.559,-2.787,-2.293,157.9684145,1.4331,12.072,-2.412,2403.51,-3.286,520.7409195,96.40205574,-29.4341023,5.604841997,-0.238177127,1.209515865,0.075079,263.9106391,-17.69810579,37.62558271,64.16370891,6.708871,288.1381117,-19.89465444,-19.80231972
Driver,95.45678239,2.1,2.3,-2.637795276,49.812,3.928,16.843,3.826,1.526,141.1580619,1.4788,14.751,3.663,2860.0,4.828,453.4773439,99.92284399,38.60033831,5.954512868,0.377272853,1.581092693,0.0905,229.7735862,23.4512966,41.44097397,61.57281831,6.625363,248.9135616,26.04390979,26.40090229
Driver,115.9493558,3.4,0.2,-3.661417323,48.972,2.552,18.432,-1.9,-2.038,171.8181818,1.4818,16.275,-1.621,3720.0,-0.771,576.5591018,186.996177,-18.50260852,5.840604823,-0.163227953,1.73413344,0.073503,268.5319033,-9.887537988,55.56916141,71.26757138,8.530399,275.1197176,-10.16391103,-6.877494729
Driver,110.5068898,3.5,2.3,-3.976377953,51.393,5.1,14.917,-3.715,-6.015,159.0839746,1.4396,13.655,-2.867,3090.0,-13.926,532.424306,121.9324262,-69.50343346,5.708632731,-0.311673328,1.403306416,0.076514,261.8542595,-47.38974602,44.42035415,63.71014188,7.353512,278.5975237,-52.2076946,-103.3480583
Driver,88.01449535,3.141,-1.147,-4.015748031,52.44,1.271,15.358,3.021,4.168,127.1197208,1.4443,13.394,2.327,2620.0,12.13,367.7159908,63.02888332,31.17715977,4.906373058,0.207004027,1.169382192,0.082063003,196.6514532,23.09194881,31.60897054,60.80151628,5.361270386,224.5359172,28.45867817,45.43073073
Driver,115.4236757,-2.203,-4.864,2.598425197,50.758,-6.665,13.173,-0.705,4.159,161.0632158,1.3954,11.255,-1.241,3180.0,9.818,542.1195443,108.5665681,18.80542515,6.335911335,-0.125927006,1.295938176,0.0831798,265.2355408,17.98398251,41.73751651,62.20672672,7.16716,282.7453748,20.5560502,71.13292193
Driver,112.7035612,1.413,3.373,-1.57480315,58.185,4.25,22.425,5.729,2.356,156.1699177,1.3857,19.811,5.41,4080.0,3.939,509.922398,184.2427781,59.7877888,5.582790006,0.531514245,2.055229128,0.078848,239.1993333,33.54964797,56.70679567,71.48565952,8.21465,243.9155201,34.31719441,33.21276818
Driver,104.809413,3.041,4.983,-4.05511811,47.944,7.73,12.28,-0.217,-5.2,146.0735057,1.3937,11.02,0.51,2100.0,-19.695,420.8359506,59.17028676,-22.9770398,4.816325854,0.033408484,0.939045991,0.069349829,225.6511137,-22.64322316,26.97065295,67.36726443,5.242466057,262.8162896,-30.66743256,-73.92216814
Driver,99.91947029,2.209,3.753,-3.031496063,46.071,5.883,14.339,-2.381,-6.135,147.5165533,1.4763,12.705,-1.525,2687.01,-23.979,453.8755842,79.84284009,-57.36228265,5.716857463,-0.170828709,1.295129131,0.082248,235.7507206,-46.5312502,34.08724522,63.02839189,6.043322,262.6696257,-56.53768987,-121.0923831
Driver,89.05243379,0.046,-4.509,-0.078740157,46.648,-4.465,17.023,-0.824,3.685,129.126029,1.45,14.318,-1.439,3550.0,7.793,394.2125926,84.83082102,6.044788173,6.046395437,-0.142308183,1.559777939,0.100429418,200.6660034,7.959512113,40.15172176,58.11189189,6.122020553,218.6246082,9.648148019,38.97687219
Driver,106.8271296,-1.411,5.254,1.732283465,51.386,4.127,26.446,4.755,-0.499,128.9895759,1.2075,21.805,4.848,5940.0,6.758,372.5217834,138.6485029,47.12269693,5.797744545,0.501696052,2.364978727,0.101268,179.9115163,28.67623589,55.37502818,63.84221502,6.98163,183.7111313,29.41579176,40.68969775
Driver,105.1069256,-0.7,9.1,0.866141732,51.97,8.481,8.76,2.103,-6.997,154.0258142,1.4654,7.766,2.918,1890.0,-20.114,413.8352301,43.07340517,-4.047602247,5.830047924,0.283348501,0.799307649,0.079002,220.2173772,-11.35394503,21.66005659,69.91783124,4.715539,263.5896088,-18.43517464,-67.60455743
Driver,87.67224409,-1.541,-2.882,2.480314961,40.337,-4.697,18.234,-2.355,0.526,126.3399248,1.4411,15.158,-2.442,3860.0,-0.064,382.7202164,89.22745059,-15.98780647,6.076495173,-0.258963429,1.66711298,0.103676541,193.9997282,-8.372561587,42.47248331,57.83107166,6.192879366,209.3652792,-9.042344945,-0.320136036
Driver,112.2091983,4.3,2.9,-5.0,51.911,6.205,17.394,0.127,-2.773,158.0149427,1.4082,15.914,0.34,3250.0,-6.654,534.3592887,146.0161138,-18.26862459,5.980080517,0.040205814,1.726774357,0.08166,259.231684,-15.25011844,49.29917618,66.18941351,7.789214,271.7318149,-16.57247448,-50.35646562
Driver,109.6098783,-4.035,-4.678,5.236220472,49.131,-8.177,17.251,7.39,12.068,154.4005011,1.4086,13.653,5.232,6367.25,19.713,455.7915935,134.2302448,107.9002719,6.031540306,0.58647121,1.536462292,0.0835264,216.1292794,69.07873955,51.75837198,62.36511209,7.25323,221.1082563,71.38985488,150.3484477
Driver,79.9369184,-3.2,-11.4,2.086614173,61.616,-13.799,24.575,-4.938,6.66,102.2660165,1.2793,20.556,-5.955,4200.0,12.181,269.9655748,75.07605405,-11.03649459,6.061284094,-0.606095878,2.286857993,0.132474,141.6836946,-1.040166413,43.69534622,53.62485252,5.350671,154.285706,-0.279094932,40.99306895
Driver,89.6452219,4.051,2.678,-5.826771654,45.501,6.669,19.136,4.833,2.155,133.940587,1.4941,16.717,4.469,3250.0,2.485,426.5777708,106.2750251,37.79086685,6.05416965,0.474630935,1.83421891,0.098059375,215.9619829,21.44841296,44.12335528,61.21095369,6.681749412,232.2599033,23.3345738,13.91611684
Driver,111.0415175,2.153,1.162,-2.480314961,58.386,2.489,18.677,-6.581,-7.743,146.9412133,1.3233,16.522,-5.508,3480.0,-16.262,477.4243312,126.438716,-89.68283047,5.570229176,-0.550851314,1.679303079,0.0819712,236.0423085,-59.00985361,46.87213398,63.4377141,7.22881,248.9138906,-63.68256289,-110.4010625
Driver,100.3109341,-3.003,-4.962,3.622047244,50.277,-7.46,13.715,-3.495,1.467,142.8078024,1.4237,10.984,-3.743,3887.67,3.212,452.9013346,90.17365205,-20.48761316,6.307573537,-0.407648803,1.258813388,0.0933967,222.7663015,-7.975167485,41.05936676,58.25856113,6.5272,238.1060325,-8.141346562,19.72493169
Driver,108.4645669,0.76,-1.332,-0.984251969,46.385,-0.608,13.792,-6.162,-4.83,154.753937,1.4268,12.199,-5.551,2614.19,-13.267,504.9895239,92.37590328,-78.61667844,6.493069601,-0.641711149,1.425074054,0.0889654,256.8788234,-50.62932111,36.7202766,63.45536509,6.57465,280.1398943,-57.44716608,-78.0929139
Driver,95.06084467,-2.3,-5.7,2.913385827,50.375,-7.839,1.465,1.19,7.003,137.3870347,1.4452,1.019,0.39,1250.0,1.369,81.58151872,0.805247549,0.604737429,5.83732486,0.04044147,0.09591956,0.087656,50.56877142,0.402362565,1.425880393,117.3522187,0.814889,124.4197715,1.078454026,0.17446827
Driver,101.6240157,-1.393,3.472,1.732283465,47.067,2.176,21.27,-2.524,-5.996,133.6741679,1.3154,18.589,-1.754,3685.92,-14.178,418.2286901,118.8105575,-46.58780278,6.215960198,-0.209435667,2.119451174,0.101996,209.295329,-34.20667038,47.47695038,61.99099801,6.86663,215.7578809,-35.85258525,-83.6118281
Driver,111.833393,5.1,1.7,-6.023622047,51.663,5.662,14.701,0.409,-1.291,166.1580619,1.4858,13.554,0.754,1907.03,-16.221,546.5437421,105.2704475,-30.84109037,5.828824104,0.045770523,1.413031549,0.074649,282.3174946,-28.42061862,37.12119091,68.75879183,6.731679,309.1643183,-33.9626205,-96.3432431
Driver,94.06988189,2.937,2.866,-4.015748031,50.725,5.271,17.278,4.331,1.465,140.0874642,1.4892,15.598,4.151,2350.0,4.0,447.7630575,93.80545338,39.06300649,5.777478231,0.421463458,1.617954586,0.088697,234.3055013,23.47306746,37.80431309,64.13067676,6.339478,259.0470666,26.57097118,19.60965596
Driver,97.99794202,-8.19,-5.535,9.291338583,54.601,-11.406,9.154,-0.809,4.726,148.4090909,1.5144,7.164,-1.359,3040.0,15.126,443.8889371,52.18094375,18.78009127,6.126422012,-0.131419678,0.785789165,0.0861051,224.0795042,18.75928673,27.20253311,60.6186064,5.45535,244.2588902,22.78000007,72.14940881
Driver,76.27057981,-3.313,-1.115,4.330708661,50.161,-3.883,12.109,2.224,3.339,99.49713672,1.3045,9.221,1.584,2920.0,7.915,198.732724,20.16833091,9.131217771,5.412584441,0.157219894,0.86577548,0.114231323,113.4628862,6.865032765,17.25030802,59.65528952,3.172336697,152.1481781,10.5235425,11.1952754
Driver,96.73630995,4.203,9.084,-5.511811024,49.273,12.711,12.965,-1.165,-10.249,137.5814245,1.4222,11.696,0.376,2690.0,-35.513,365.3691259,52.51047049,-40.04766095,5.704767684,0.009750611,1.179226778,0.087664,197.3721227,-39.31758232,26.73864222,64.15098159,4.848718,230.8177103,-53.71646779,-121.7580281
Driver,101.0222799,-1.751,0.194,2.362204724,49.985,-1.276,10.436,4.253,4.058,134.0756979,1.3272,9.209,3.835,1723.86,-7.595,319.2081101,37.15072049,12.61697614,196.3887819,3.918495687,-7.811382598,4.50201,178.5865737,4.283238853,20.68967814,73.01318108,3.95201,223.2955018,3.593112528,-23.00218591
Driver,92.75008948,0.1,-6.7,-0.196850394,50.475,-6.658,14.821,1.489,8.189,131.7682981,1.4207,12.533,0.117,3450.0,10.257,400.3911757,75.59759217,20.89079513,5.974225572,0.023733277,1.342599604,0.096417,204.4438924,17.17264883,37.07540913,58.00834108,5.942221,224.887294,20.40260826,50.26982116
Driver,100.315408,3.402,6.305,-4.330708661,49.674,9.197,17.421,-0.014,-6.319,144.6353794,1.4418,15.361,0.961,3250.0,-20.616,461.0102696,106.9018755,-42.70138435,6.017450873,0.07951657,1.667532271,0.089543,232.2174474,-38.00084669,42.4243854,61.7693259,6.762414,250.1174268,-43.69829438,-125.5131306
Driver,82.11569435,-0.505,6.39,0.669291339,55.908,6.048,17.973,-5.794,-12.184,113.482015,1.382,15.7,-4.191,3090.0,-27.147,299.2713107,56.95490663,-50.33715555,5.984577316,-0.469099683,1.675852982,0.113812,163.1397273,-39.45173487,32.21930581,57.69099435,4.881973798,187.6625335,-49.41038958,-83.33282197
Driver,93.90211167,0.003,-0.699,0.0,48.388,-0.697,15.423,0.26,0.959,134.2155064,1.4293,12.926,0.099,3334.84,-3.76,401.5021937,83.87160559,-5.429585832,199.1280724,-3.960091727,5.780945148,5.54854,207.0123215,-4.159238815,37.79002712,63.66387042,5.8662,228.7889715,-4.847757956,-13.55055552
Driver,65.91356478,0.35,2.435,-0.472440945,47.644,2.754,18.922,-2.961,-5.396,90.052568,1.3662,15.574,-1.931,3120.0,-10.294,199.8373217,34.58642621,-12.29657754,6.18902567,-0.22348929,1.698143779,0.1485,113.9261932,-9.538181799,27.26960348,53.57835492,3.78089,138.3521127,-12.72354428,-17.12218295
Driver,86.38824266,3.823,5.075,-4.094488189,53.185,7.942,12.967,6.95,1.875,129.1025412,1.4945,11.217,6.583,2290.0,7.414,353.1859991,48.67114007,48.15973107,6.172517535,0.713985442,1.223973419,0.100895,192.2520716,29.63651185,25.7160268,63.92756444,4.81819,225.3936935,36.08788475,22.99297598
Driver,98.44532928,-1.019,-5.422,1.338582677,51.071,-6.246,14.015,-0.735,4.687,140.3825161,1.426,12.079,-1.36,2830.0,11.242,435.6099927,75.69912704,11.40211075,6.050017611,-0.132921073,1.304680895,0.09136055,224.376515,13.20240605,34.47616065,60.88176282,5.993228978,249.5721712,16.70511094,55.54460476
Driver,87.60513601,-1.048,-6.333,1.496062992,47.438,-7.295,14.42,-1.704,4.629,113.4647906,1.2952,10.364,-2.953,4769.67,10.788,297.1364069,46.5083866,-0.55192071,6.190016705,-0.302588857,1.153799782,0.115384,154.173215,4.22654228,31.25517755,52.82455883,4.76358,172.811393,6.088885732,36.48134729
Driver,77.30851825,-5.95,4.53,5.551181102,61.25,1.252,35.543,1.357,-3.173,92.83039549,1.2008,28.008,2.065,6950.0,-3.091,231.3399878,87.05769217,4.059622642,5.764813668,0.200398109,3.087191343,0.148218,119.9944369,1.278980546,50.82389932,54.64258156,5.379635,124.3402948,1.271557169,-9.136180794
Driver,78.6305476,-2.483,-7.125,3.582677165,45.629,-9.556,14.32,2.696,9.82,111.128087,1.4133,11.583,1.032,3510.0,20.422,277.7374448,40.52639243,25.10574474,6.307148879,0.14200413,1.29314109,0.120487489,150.0216219,21.26950687,26.91094746,56.07452662,4.375163618,177.640071,28.60436819,55.77401259
Driver,102.7111668,-7.096,0.555,7.637795276,57.401,-4.011,6.984,1.508,0.954,151.1256263,1.4714,5.316,1.395,2510.0,3.855,420.9956973,35.10598289,15.8622542,6.15375172,0.15276464,0.583173033,0.0845342,216.6451201,10.05199291,19.5363683,66.74139433,4.72446,246.9740364,12.19789221,14.341446
Driver,101.1184681,4.263,7.325,-5.472440945,45.403,11.539,10.355,3.827,-3.497,148.7249463,1.4708,9.627,4.252,1240.0,-29.363,356.521281,38.33946312,5.732837917,6.388258948,0.456176252,1.076080015,0.0899787,202.2646316,-5.61113321,18.71227834,80.44562002,4.02645,243.2432141,-11.12578728,-61.75945435
Driver,103.1361847,0.128,3.816,-0.157480315,46.75,3.937,13.996,3.53,-0.287,143.5424123,1.3918,12.081,3.571,2730.68,-2.544,455.5982555,80.31568112,22.77373268,6.160064959,0.381224267,1.329445987,0.090969,234.0634902,10.18095368,35.29615674,61.77058455,6.184737,258.986575,10.81799557,-13.21123822
Driver,94.34726199,-5.671,0.605,6.653543307,56.861,-3.112,1.787,-2.798,-3.403,139.1730047,1.4751,0.958,-2.42,1260.0,-16.476,76.98318777,0.710147268,-3.774036968,6.056139534,-0.264873721,0.092586055,0.089800558,47.93530661,-2.644764963,1.316553185,119.8156697,0.759437189,122.0547668,-7.733439291,-1.864347669
Driver,97.74964209,-0.033,5.006,0.039370079,46.145,4.974,10.029,4.788,-0.217,142.0897459,1.4536,8.462,4.823,2212.56,-2.574,395.9358145,47.40259295,27.3269847,194.2449951,11.3659404,4.081981092,4.6636,203.0365634,11.50319071,26.61851811,61.43100448,4.98736,234.0790223,11.90320745,-16.74299648
Driver,99.70919828,-0.6,-5.8,0.748031496,56.794,-6.753,19.97,-0.474,5.404,131.1186918,1.315,17.558,-1.056,3250.0,9.099,407.9337633,105.9862866,11.84060294,5.6785312,-0.104373157,1.81124734,0.094364,206.7596378,12.16380883,44.9067286,60.69780761,6.581326,222.0835424,13.96831785,47.89694215
Driver,77.91472799,-4.9,8.1,5.905511811,62.479,5.543,8.816,-4.214,-12.314,104.4002774,1.3399,7.032,-2.402,2490.0,-33.232,160.7599534,11.57827978,-15.23895285,6.109036291,-0.290716238,0.729493023,0.122274,95.34499228,-13.39584085,11.44558486,68.21433305,2.371339,143.9212125,-25.3785977,-28.2832444
Driver,110.7641374,4.604,-4.563,-6.692913386,39.524,1.038,17.281,1.325,5.889,153.9374553,1.3898,15.029,0.233,3796.63,16.122,502.4545024,132.6489261,53.93682678,6.338824145,0.047206941,1.742387966,0.0885495,243.6706141,41.08806315,48.24937027,63.9250258,7.4365,255.3179198,44.43899338,120.333
Driver,86.91615963,-3.8,-4.4,3.267716535,49.045,-8.415,22.7,-2.343,2.256,123.4782122,1.4207,17.765,-2.728,6070.0,4.093,349.5307482,106.0982779,-7.09058984,5.74034609,-0.27592927,1.87933817,0.102003,172.8588663,-1.358907198,49.95448405,58.12748637,6.365731,179.7308064,-1.243178097,20.6085788
Driver,111.7864173,4.921,0.248,-5.551181102,59.407,3.167,17.673,-0.893,-1.141,153.7211435,1.3751,16.048,-0.741,2490.0,-3.187,522.3287748,123.5448283,-14.72942331,5.379182777,-0.072072227,1.568011109,0.0753664,264.6002393,-10.26247481,43.09628852,66.14780972,7.24181,282.8514067,-11.35940737,-20.52672289
Driver,99.83446671,2.507,-0.36,-2.716535433,55.905,1.338,10.776,-3.204,-2.843,145.2798407,1.4552,8.913,-2.554,2841.41,-2.561,430.1490684,59.58955113,-24.43363033,224.8087073,-14.69905306,-1.778210302,5.43172,221.4136664,-14.40012517,28.96160387,66.48259839,5.31172,253.7122998,-17.19982864,-13.62092039
Driver,98.58178239,1.711,4.782,-2.283464567,48.347,6.305,14.968,-0.546,-5.328,142.4841178,1.4453,13.115,0.228,2830.0,-16.35,446.2806822,83.70657814,-31.1164833,5.982273473,0.008667437,1.403224447,0.08936,229.8167063,-27.45820723,36.34254923,61.52260449,6.202676,253.86921,-33.17227349,-85.09787329
Driver,98.92850752,0.879,2.465,-1.299212598,47.234,3.278,14.816,-0.791,-3.256,144.2546528,1.4582,12.413,-0.21,3536.96,9.2,442.0878693,103.4194599,26.7102208,212.344644,19.75663548,-5.544707708,7.02165,207.4179724,18.81219869,47.35739356,53.60519621,6.74165,218.3573609,20.83383649,58.70749189
Driver,75.89030064,-3.697,-11.642,3.149606299,67.731,-13.158,24.629,-4.341,7.301,81.44975841,1.0733,18.007,-6.208,5525.61,8.986,171.764554,35.90670497,-13.33754831,5.726143436,-0.603014715,1.840022252,0.1547192,96.74412766,-5.835789812,32.22112222,48.36757779,3.724875967,112.6976245,-6.160770299,13.92333989
Driver,77.15193271,0.519,5.661,-0.708661417,47.387,6.139,18.778,-7.596,-13.258,99.7049481,1.2923,15.964,-5.405,3470.0,-24.317,239.6604333,44.91218925,-41.31044039,4.989604451,-0.493485943,1.418294602,0.108039459,133.0791907,-31.05470981,30.63957332,54.45374961,4.299894439,156.644667,-39.63180689,-56.18188776
Driver,100.1722441,4.147,6.535,-5.354330709,49.934,10.031,14.701,4.818,-1.717,149.9604062,1.497,13.091,5.088,2430.0,-14.259,479.4598877,88.1519323,13.04510293,5.980372874,0.518800047,1.398592481,0.084791,248.3924347,-3.116393324,35.62261633,64.35666241,6.331667,275.0491802,-6.083082129,-75.39369889
Driver,80.5162849,-4.813,6.174,6.338582677,48.279,1.868,24.045,-1.42,-7.594,99.38036865,1.2343,19.214,-0.017,4933.39,7.372,256.2675076,65.58861327,8.487822328,5.836344648,0.011197389,2.045183515,0.130017,136.0019473,7.371235538,40.85877684,52.66757718,5.037351,149.1348055,8.607514461,22.23458547
Driver,94.8595204,-3.838,2.591,4.881889764,51.26,-0.494,36.432,-6.969,-9.561,110.9632248,1.1698,28.915,-4.752,8510.0,5.142,290.9109411,129.5519652,-11.30695692,5.316535166,-0.429959198,2.984412498,0.115169,140.6995316,-3.811404975,57.99560833,62.25721787,6.415764,140.0325545,-3.806805741,23.56016805
Driver,81.59448819,-0.432,-3.625,0.590551181,47.373,-4.022,12.89,-1.053,2.572,118.7889227,1.4558,10.528,-1.521,2838.89,6.839,312.9128083,45.864372,1.700280105,168.2019269,4.461383013,-3.391647527,4.88129,162.4193848,3.959509852,29.25973264,57.14512332,4.64129,187.8146921,6.053477104,24.80395945
Driver,40.45946671,-4.9,0.1,4.133858268,66.008,-2.015,36.004,-1.238,-1.338,38.48000179,0.9511,30.721,-0.768,5380.0,-1.392,46.56199082,14.20056039,-0.836353178,3.210595761,-0.056731385,1.745954512,0.202314,28.43625675,-0.566977786,35.35692001,32.78196583,2.003959,35.41324132,-0.719012263,-0.557552376
Driver,109.0909091,2.1,1.7,-2.322834646,51.782,3.377,15.792,-1.218,-2.918,158.885111,1.4565,14.299,-0.802,3380.0,-6.903,534.5921254,136.7053362,-31.38351165,5.780650787,-0.096589793,1.49462435,0.077859,258.5956616,-21.9356656,48.13788285,64.70696023,7.657012,271.7823628,-23.72866264,-54.98093232
Driver,89.26046886,-1.065,-0.835,1.181102362,57.685,-1.509,13.312,-0.112,0.723,134.1730047,1.5032,11.64,-0.199,2230.0,2.83,384.4037644,56.4409089,2.249082666,6.142534567,-0.018998269,1.267942563,0.0967347,207.1584233,2.588300875,27.73026797,64.33391708,5.15736,229.6413415,3.233221648,9.92319411
Driver,92.40112742,1.028,-0.837,-1.299212598,55.965,-0.142,11.251,-2.099,-1.262,134.5280064,1.4559,9.563,-1.886,2271.47,3.967,364.6790262,43.99029666,-3.714164317,168.9522863,0.258076493,9.196128573,3.76814,195.9720685,1.516005207,23.42353305,66.78844659,4.63393,233.3216128,3.428322392,23.89386299
Driver,80.50062634,-4.83,3.135,4.68503937,57.027,-0.007,31.175,3.967,0.832,99.46358268,1.2356,25.083,3.802,6010.0,0.964,259.2595669,90.15204231,17.44167977,6.012391976,0.40084204,2.840798878,0.140308,133.9014177,9.971309629,49.58655886,55.57144123,5.596537,140.625888,10.50145992,3.285551901
Driver,101.7582319,2.805,1.073,-3.858267717,48.125,3.59,11.796,-1.402,-2.475,148.6764048,1.4611,10.503,-1.039,1980.0,-11.379,435.7597772,59.40903025,-23.71842735,6.021567686,-0.117417061,1.119358072,0.085212,233.1434467,-18.7255303,26.74500361,68.39566002,5.31178,271.3890764,-24.26152724,-43.52557417
Driver,95.14361131,-4.283,-4.863,4.960629921,61.753,-7.169,31.913,-11.918,-7.055,83.32677165,0.8758,19.414,-9.179,10457.2,4.269,60.84207475,10.39518599,-9.567100389,42.69648327,-6.35093628,-1.835274155,1.32874,38.46855985,-5.794419529,21.45352808,59.7872688,1.16874,57.93943633,-8.327647406,1.038738544
Driver,91.54661775,0.333,3.8,-0.354330709,55.602,4.028,14.141,-0.077,-3.877,130.1429402,1.4216,12.451,0.414,2270.0,-10.128,367.571638,56.49806028,-9.417076757,5.20881191,0.031482,1.150712874,0.0846848,199.4182597,-9.884817327,28.21810202,63.6246346,5.09143,230.356641,-13.19353784,-33.97111393
Driver,88.23147817,-0.828,7.62,1.023622047,53.826,7.014,8.489,-2.354,-9.974,121.9564245,1.3822,7.527,-1.303,1716.58,-34.593,204.6866179,15.59996577,-14.21743815,5.550324001,-0.146277148,0.715996503,0.094834544,121.8951773,-13.35167516,11.7431435,79.74965793,2.596808956,182.5332782,-25.63668966,-31.77913056
Driver,99.9015748,-1.2,-4.2,1.377952756,43.442,-5.975,20.189,-2.227,2.093,138.8929402,1.3903,17.194,-2.528,4150.0,8.569,434.3935448,127.3582517,5.935697867,5.845261281,-0.246447594,1.837266483,0.091663,212.2059213,9.33627743,50.08067944,62.39273417,7.110956,222.3781081,10.35729532,56.0340715
Driver,99.96420902,2.49,8.302,-3.267716535,48.444,10.512,14.759,-0.178,-8.48,141.4347709,1.4149,13.066,1.041,2900.0,-22.634,431.3510484,78.76793734,-34.97617016,5.947952652,0.087136326,1.388252602,0.089489,223.4468871,-33.45196255,35.09511736,61.23217157,5.997801,247.6895576,-41.13111966,-112.3807393
Driver,94.47700429,1.032,2.721,-1.417322835,47.502,3.667,16.008,4.954,2.233,131.7177434,1.3942,13.627,4.585,3150.0,1.281,406.6207716,80.62905715,34.32056035,5.967917305,0.478386271,1.458871387,0.096757,208.8761067,18.77896384,37.87741779,59.11101848,6.068147,229.6391868,20.82914014,6.268063349
Driver,117.0790086,4.3,5.3,-4.724409449,49.781,8.826,23.568,3.326,-1.974,163.3068629,1.3948,21.563,3.5,4970.0,-3.192,505.4118439,218.7756312,13.72515842,5.37952083,0.324838789,2.164474171,0.073716,226.6274669,3.915975781,62.62690884,77.6515147,8.547645,225.992363,3.916354407,-29.77361573
Driver,102.0557445,0.269,-1.177,-0.393700787,47.294,-0.928,11.169,-6.682,-5.505,140.6357373,1.378,8.661,-5.39,3926.24,8.664,412.0173667,61.64453328,-12.72280957,212.4479137,3.040463746,-4.3315662,5.68878,205.9055298,2.119481928,32.1578949,61.89421406,5.42878,229.8243188,5.402274218,64.35218904
Driver,91.40569077,-2.763,-5.355,3.937007874,42.101,-8.417,16.485,-2.809,2.546,131.2274069,1.4357,12.971,-3.294,4618.44,4.796,394.601922,89.39892412,-10.8045985,6.325719027,-0.356221535,1.496972007,0.102882,195.9292908,-2.485924942,43.15674935,56.91918033,6.26577,208.1896073,-2.218845074,26.32581382
Driver,95.54625984,-1.3,-7.3,2.086614173,44.817,-8.905,13.684,-0.654,6.646,139.8604152,1.4638,12.444,-1.111,1888.75,13.675,401.6959073,62.12171855,8.551034867,5.814752493,-0.114775668,1.282810048,0.088105,217.6368448,11.29654347,28.58846016,66.73717465,5.250833,252.067106,15.6433901,46.52573328
Driver,82.46465641,-3.216,2.379,4.645669291,49.505,-0.371,7.472,-2.129,-4.508,116.0408465,1.4072,4.692,-0.947,3477.34,17.393,235.8040096,14.23390108,10.09527179,143.4926225,14.24974982,-5.703008416,3.79434,125.4116585,10.45249159,13.34973101,60.82756825,3.13434,162.9204832,17.65160883,37.54978609
Driver,84.64566929,0.199,4.407,-0.196850394,56.118,4.541,15.965,6.174,1.766,113.5844667,1.3419,13.921,5.935,2320.0,6.224,295.345802,47.42316445,35.39884675,6.51351436,0.680189081,1.603271301,0.122552,164.7305998,22.20833185,27.28344393,61.16005294,4.553,194.7590552,27.18617522,15.63487589
Driver,92.51968504,-2.3,-3.5,2.755905512,52.616,-5.394,9.645,-1.853,1.775,131.0983357,1.417,7.86,-2.122,2350.0,-4.201,329.0895777,32.09026448,-16.00590426,6.1037761,-0.229688426,0.842756778,0.097305,179.3517662,-10.29307275,19.21766808,66.68778428,4.183392,222.7983573,-13.73386806,-10.96807952
Driver,96.4991947,1.65,7.164,-1.968503937,52.847,8.415,13.712,-3.982,-11.146,119.5631263,1.239,12.443,-2.758,2067.39,-30.32,278.9554446,37.79700825,-32.3131222,6.364021588,-0.332313516,1.386850841,0.112861,159.6662632,-27.52385245,22.24050023,66.90465645,3.96679,197.5802792,-39.07306701,-59.77267896
Driver,96.55064424,-1.36,-1.133,2.007874016,54.199,-2.113,13.683,-6.233,-5.1,133.6873658,1.3846,10.231,-5.029,4840.04,2.514,383.1897696,83.6137897,-26.29462343,189.6142391,-10.6384541,-5.261165425,6.40975,184.3896049,-10.59694219,44.52856559,51.8380785,6.11975,194.8742625,-10.7199424,16.74215983
Driver,109.3011811,-1.305,0.733,2.086614173,38.572,-0.904,12.766,2.573,1.84,162.6319792,1.4879,11.108,2.35,2700.0,-0.758,549.5302195,100.9842742,20.05275026,6.013825375,0.246000513,1.195774947,0.078027982,273.7012212,9.52664898,38.69197952,63.7950177,6.967266338,296.9102447,10.19924756,-5.092008164
Driver,113.1084467,3.1,3.5,-3.661417323,50.36,6.133,21.447,4.26,0.76,163.1938976,1.4428,19.475,4.045,4310.0,0.546,526.7412581,200.4369504,37.76101617,5.798804406,0.42269475,2.086471494,0.07839,242.1293598,19.27775147,59.10349306,73.99931582,8.469405,245.0098632,19.51634231,6.612480063
Driver,105.9793307,1.3,7.7,-1.417322835,54.229,8.533,7.116,3.367,-4.333,155.4303865,1.4666,6.436,4.056,1300.0,-19.975,360.2362305,28.26753587,10.01289193,5.804062115,0.399235069,0.654449445,0.077631,198.5747006,-0.481628738,15.26583937,80.77519061,3.798692,256.2266146,-5.077383451,-43.57756923
Driver,97.29107015,-3.3,-3.1,3.897637795,51.607,-5.877,15.094,-0.774,2.326,141.7915623,1.4574,13.094,-1.152,3970.0,2.93,446.44944,105.8028331,0.31355879,5.871573967,-0.102855398,1.392442762,0.088342,218.2373369,2.310129316,45.64765109,59.37058668,6.814757,231.7540101,2.747378655,20.09112881
Driver,108.9678776,4.0,2.4,-4.448818898,47.247,5.672,16.87,0.0,-2.399,158.5084109,1.4546,15.167,0.27,2727.24,-0.195,539.5220459,131.7644939,2.45176723,6.046504476,0.034877004,1.656093059,0.081951,266.9320488,1.080298147,45.64211886,65.5693588,7.528457,283.5016617,1.124353271,-0.532759608
Driver,87.19577666,-2.013,-1.189,3.11023622,42.603,-3.379,19.966,-2.133,-0.944,123.3536149,1.4147,16.572,-1.977,4160.0,-0.543,368.386992,94.17159743,-13.40525021,6.159520854,-0.213354171,1.857936888,0.108564,186.3780291,-7.333345526,44.64433482,57.87314478,6.230057028,199.9663814,-7.915573421,-2.712695723
Driver,83.78221188,-4.3,-1.3,3.74015748,63.111,-3.544,27.224,-0.015,1.285,112.7116142,1.3453,22.002,-0.13,5843.98,3.689,308.2329958,104.8629167,5.704761846,5.625321299,-0.018847223,2.309286741,0.112731,154.3514253,4.830826467,51.29188251,57.80781433,6.140374,160.6453813,5.14874,15.54256333
Driver,95.62902649,-3.555,-7.895,4.606299213,49.091,-10.981,20.186,9.374,17.269,129.5863905,1.3551,15.614,5.771,7342.69,24.364,352.2124503,94.99752648,87.82350231,5.992141951,0.644993504,1.715287985,0.100362899,175.2684276,59.49304219,46.35769211,56.31265507,6.090758154,182.1455218,62.9668942,127.8424635
Driver,100.4473873,-2.521,3.358,3.700787402,41.109,0.466,13.653,6.296,2.938,142.3058339,1.4167,11.57,5.904,2992.75,10.128,448.0993716,78.02220531,66.57117039,6.194272761,0.647541361,1.282412518,0.0920853,227.6696156,41.05949252,35.82758135,60.45262645,6.13842,241.7140739,44.62596149,53.42142813
Driver,58.52943808,0.603,2.234,-0.669291339,59.64,2.588,16.642,-0.21,-2.444,77.71921976,1.3279,14.491,0.133,1679.45,2.403,105.2775471,14.50292515,0.467077807,73.42479968,0.439891975,-2.652161712,2.28851,65.93475364,0.352044579,17.66578895,62.59598302,2.02851,105.6253109,0.74647057,0.596977211
Driver,106.6884395,-5.726,-5.857,6.968503937,51.86,-10.373,13.601,-1.864,3.993,149.8798765,1.4048,11.182,-2.381,3677.6,7.538,487.2787155,99.48483094,1.932790592,6.40770661,-0.256722921,1.303120208,0.0904522,238.3160508,6.901895944,42.09989491,59.79673216,6.83527,254.072846,8.301636524,50.37739478
Driver,104.0175376,-0.45,0.755,0.551181102,50.951,0.39,13.647,-0.93,-1.686,154.9078382,1.4892,11.512,-0.667,3308.21,2.345,500.1182256,102.076599,-0.121885567,234.6796759,0.324033754,1.431574044,6.84854,236.0942627,0.326649706,45.45128767,55.43074526,6.92281,249.140554,0.33877399,9.225053669
Driver,101.9371868,3.776,6.725,-5.0,48.482,10.075,13.773,-3.255,-9.98,147.4668933,1.4466,12.477,-1.909,2700.0,-36.234,418.1236107,67.1525991,-69.03938633,6.027066881,-0.231058289,1.335227851,0.086705,221.1392886,-58.64289484,30.24613224,64.30563367,5.417547,251.3859726,-74.57676953,-154.522386
Driver,91.37884753,-0.05,-4.771,0.039370079,51.035,-4.811,20.302,2.272,7.042,114.2347441,1.2501,18.258,1.508,2458.79,12.142,324.5522156,71.12969659,22.08348781,6.410819513,0.182993399,2.109368396,0.122739,177.2161702,17.74642488,35.58068784,60.08064141,5.35265,199.7323373,21.47961366,39.30002208
Driver,93.04983894,2.7,-4.5,-3.188976378,49.293,-2.256,20.514,5.241,9.741,126.3394775,1.3578,19.031,4.299,2130.05,14.604,383.0368312,88.85634442,47.58171324,5.957480171,0.459825787,2.049397354,0.103434,207.3918629,34.057749,37.69810155,64.27316471,5.90304,232.4085586,40.12710741,55.87985093
Driver,115.0366858,6.1,2.5,-7.401574803,52.443,7.264,15.926,-2.371,-4.871,160.2196671,1.3928,14.774,-1.705,2049.57,-15.323,530.6179818,109.8150326,-50.02737579,5.749423212,-0.18851149,1.523439977,0.076788,274.4026155,-38.01176995,38.64945807,68.01635347,6.827502,299.6258639,-44.02109643,-89.72767427
Driver,62.33446671,-4.3,-1.9,4.488188976,56.837,-4.754,15.911,-6.385,-4.485,92.16020938,1.4785,13.029,-5.649,2702.17,-9.421,190.947788,26.72354826,-23.0633577,5.719729243,-0.582190162,1.297217092,0.13229,110.5873152,-15.40408426,22.24997256,56.39272668,3.402599,143.3409767,-21.24258138,-13.64953821
Driver,82.5384753,-0.5,1.1,0.511811024,63.654,0.748,22.755,-1.957,-2.994,100.8867215,1.2223,18.804,-1.406,3989.38,-5.546,265.9655744,65.10696823,-12.72593319,5.339744099,-0.13838336,1.822621368,0.116474,141.989518,-9.133251875,39.65718674,53.52922909,5.083536,157.6485335,-10.61803183,-16.96121758
Driver,100.8097709,1.163,5.29,-1.417322835,54.185,6.129,8.36,-4.904,-10.194,138.2699535,1.3716,7.523,-3.692,2010.0,-19.772,325.7011554,29.00061218,-36.10312844,5.604856898,-0.373414352,0.737805249,0.0845,180.7086529,-26.4239927,16.83824523,72.84348917,3.881319,231.1708834,-38.26510982,-44.5735784
Driver,94.81478168,-8.11,-6.864,9.881889764,49.972,-13.738,11.548,8.422,15.287,129.507874,1.3659,7.454,5.167,6683.29,34.919,304.6039021,42.17182254,84.59245289,127.2417882,42.47922613,11.15870353,3.35768,155.1237866,57.75542993,29.7370121,51.47804852,4.57774,171.7705018,66.80776773,133.6645204
Driver,116.396743,3.5,2.3,-4.251968504,49.527,5.275,18.79,-1.197,-3.497,163.4949893,1.4046,17.073,-0.727,3750.0,-8.716,545.0171123,173.7654695,-41.15536502,5.841071421,-0.088345788,1.821412466,0.0776,257.266483,-28.82079752,54.19207574,69.5664753,8.230024,264.9565982,-30.12676402,-76.72432802
Driver,59.09538296,-1.544,-7.699,1.299212598,61.778,-8.527,28.947,1.4,9.099,76.36318898,1.2922,21.792,-1.016,5657.63,10.065,159.4858094,39.68625295,2.208891352,6.482981082,-0.090072847,2.547993868,0.192276,90.22318484,3.16037295,35.76476252,47.4607552,3.77093,102.1799392,4.064489951,14.27609152
Driver,95.70731926,1.24,1.602,-1.535433071,45.965,2.801,9.499,-4.219,-5.822,130.4735594,1.3633,8.441,-3.461,1680.0,-24.359,274.6601806,25.05354545,-28.68670337,6.27668834,-0.395602928,0.919935925,0.100516,158.3685937,-22.21003446,15.41637195,76.29990151,3.39305,209.1176242,-33.62255596,-38.11031862
Driver,102.5411596,5.813,6.108,-7.322834646,45.063,11.938,12.671,2.697,-3.411,154.2844041,1.5046,11.87,3.104,1370.0,-25.75,431.7635564,60.94904918,-5.109141015,6.310946332,0.325450801,1.324566794,0.0863599,238.0733588,-14.15634827,25.42113738,75.41235123,5.02201,268.9505354,-19.61403938,-81.01226985
Driver,92.38099499,1.594,0.122,-2.007874016,49.118,1.502,10.698,-2.622,-2.743,132.6624016,1.436,8.206,-1.86,3428.14,-10.257,381.6994344,49.0970321,-29.52739429,5.875250313,-0.201271111,0.860757056,0.092771,194.8379511,-20.63640183,28.41074739,57.55381833,5.187018,222.2370487,-25.58380168,-43.01148799
Driver,97.50581603,0.2,-1.4,-0.078740157,59.716,-1.737,38.82,4.164,5.588,107.86216,1.1062,33.515,3.144,5741.02,5.892,284.9119792,142.5266195,25.60607742,4.394057793,0.251569212,2.939534784,0.102351,133.6218608,16.54309879,61.24355906,64.40541705,6.658518,134.4800622,16.66637214,27.73802261
Driver,93.33169291,-0.578,-1.117,0.669291339,48.588,-1.627,17.779,1.086,2.202,132.0926539,1.4153,15.531,0.801,2970.0,6.628,413.280422,90.50424631,18.52753481,6.149621774,0.093302559,1.726375766,0.100268,213.1493244,14.0177566,39.74072952,60.43023524,6.27659,224.8698222,15.30583874,33.12926526
Driver,70.00268432,-4.2,1.2,3.661417323,64.375,-1.22,28.622,-5.589,-6.884,92.54965999,1.3221,24.834,-4.601,3561.27,-7.307,240.0691616,73.13253435,-25.42431475,5.858287639,-0.482698511,2.699386449,0.145838,129.883801,-16.83413049,43.5672193,54.48672203,5.107698,143.8238135,-19.09750404,-19.34688702
Driver,109.7284359,7.5,3.3,-8.937007874,50.535,9.512,14.967,-0.795,-4.095,162.3950877,1.48,13.815,-0.135,2115.77,-16.391,531.0367975,107.590565,-39.73805953,5.773986629,-0.024354241,1.429579428,0.075796,271.1830628,-33.5111627,39.07684825,66.17248784,6.842813,295.186006,-39.21519284,-98.63102287
Driver,91.70096636,-3.625,6.505,4.566929134,52.716,3.741,20.18,-2.625,-9.13,122.2199356,1.3328,16.465,-1.092,4840.0,-2.716,356.5005555,94.25586166,-12.22989061,5.828216967,-0.115171543,1.751537946,0.103654908,179.2752469,-7.919725604,45.81696377,57.19531581,6.181175882,190.7300267,-8.62427036,-13.51507034
Driver,100.7135827,2.3,4.1,-3.031496063,45.208,6.407,17.864,3.452,-0.648,147.5371331,1.4649,15.628,3.57,3280.0,-5.942,478.2990583,126.1564045,11.34309289,5.669961435,0.347138417,1.606654642,0.082836,233.8536123,0.972141252,47.97205573,62.666651,7.279675,247.1446053,0.467693054,-40.77361006
Driver,109.2407838,1.0,1.0,-1.220472441,45.706,1.669,12.184,-0.013,-1.02,162.5067108,1.4876,10.848,0.121,2165.03,-2.015,528.8909051,86.97616775,-3.485733072,5.762578238,0.010018212,1.114446268,0.074688,270.1096409,-3.270360648,34.35273408,65.71896774,6.443715,299.1257009,-4.025743093,-11.52222519
Driver,97.9107015,-1.819,2.008,2.125984252,55.782,0.77,11.479,-3.104,-5.112,143.6963135,1.4676,9.944,-2.499,2350.0,-13.865,417.328031,55.45356565,-38.17224175,6.244550634,-0.284275751,1.099844634,0.091369324,221.0051185,-27.77671262,26.80591045,64.93772877,5.261694809,256.2367537,-35.24616203,-54.57136212
Driver,94.04751253,-2.382,1.498,2.677165354,55.421,-0.145,18.657,-0.608,-2.106,134.9601825,1.435,16.449,-0.373,2975.0,-3.605,431.6530203,102.2273106,-10.44585378,5.532326792,-0.039297525,1.651210914,0.088576,220.610855,-7.942375273,42.22935399,61.56489946,6.59424,237.8271411,-8.972785268,-19.52086277
Driver,98.10531496,1.124,2.415,-1.496062992,46.152,3.495,21.509,2.634,0.22,139.593325,1.4229,18.443,2.599,4250.0,-0.606,440.7628878,139.088111,17.17581681,5.774917716,0.261089435,1.955524722,0.090746,214.0182556,8.339251113,52.01176665,64.35618029,7.318726,222.6714937,8.644015857,-4.100198943
Driver,91.56451324,-2.421,6.528,3.149606299,51.99,4.634,7.964,-5.733,-12.261,119.2137169,1.302,6.32,-3.756,3030.0,-1.942,277.311295,22.70481098,-19.71131943,5.89261084,-0.387971534,0.655528012,0.103058,149.1087545,-11.23207204,16.79682809,62.15010444,3.726512,190.0302968,-14.74578829,-4.403814427
Driver,107.2185934,1.348,-2.368,-1.692913386,46.093,-1.071,14.64,-4.689,-2.321,146.7287044,1.3685,12.944,-4.382,2510.0,-6.32,470.9459039,86.78720077,-48.18386017,6.313343284,-0.488521901,1.467406511,0.0914742,243.0669391,-29.61527373,35.89402611,63.24419313,6.32486,267.251349,-33.60082794,-33.28603394
Driver,89.86891553,-0.244,-7.898,0.31496063,50.185,-8.101,17.137,3.621,11.519,126.9365157,1.4125,14.777,1.962,3590.28,22.612,370.0126187,77.05942772,51.93062624,5.907943174,0.228717398,1.569129989,0.100004729,191.6452325,40.73342134,37.92983724,57.73850313,5.78614847,210.811105,47.88510085,102.8944976
Driver,91.69201861,-2.394,7.426,3.267716535,48.897,5.335,10.586,0.453,-6.972,120.9196045,1.3188,8.704,1.487,2570.81,-0.211,295.7945045,31.18566813,7.455613921,5.990593131,0.155265324,0.914964722,0.103838,162.3959604,4.044610961,20.15616453,63.19560916,4.070662,202.09746,4.989592696,-0.508921716
Driver,72.59976736,-9.583,4.911,8.897637795,60.216,-0.634,2.496,13.897,8.986,73.93320508,1.0184,0.424,12.369,1890.0,25.622,4.723881252,0.020037571,1.015922283,4.375859453,0.953042312,-0.025754704,0.1223352,2.831457118,0.6114469,0.365696506,73.13689592,0.078737066,47.43658138,10.36796892,0.015142412
Driver,84.06630279,-4.8,1.0,4.291338583,56.337,-2.655,25.659,-0.784,-1.864,113.384932,1.3488,19.103,-0.133,7382.04,-2.417,303.5214442,92.89482012,-6.188658156,2.946684022,-0.018826164,1.031431571,0.05695,152.794947,-4.416277228,48.86276144,55.64163989,5.891529,157.9119772,-4.633709792,-12.1851983
Driver,104.4313708,1.591,3.47,-2.204724409,45.512,5.033,12.179,0.727,-2.743,148.9401396,1.4262,10.416,1.194,2694.45,-8.999,469.3967464,73.17995013,-8.740847245,5.834816392,0.114288626,1.082846375,0.082461,240.0092732,-10.57511736,32.62969778,62.22977072,6.037461,267.8659093,-13.62454161,-46.70763265
Driver,107.513869,-1.139,-2.673,1.496062992,45.101,-3.808,18.597,-4.913,-2.24,147.1848157,1.369,16.103,-4.612,3670.0,-4.079,482.8994731,132.7124958,-49.72792744,6.395278524,-0.519924672,1.887082174,0.093983,235.5431804,-28.51696018,48.83366191,63.91178222,7.39452,246.7067813,-30.17788087,-28.87337525
Driver,89.13743737,5.522,-3.625,-6.57480315,54.683,0.302,8.345,-10.13,-6.505,126.0714925,1.4143,7.566,-8.306,2462.8,-20.89,284.7806926,25.27696373,-55.59933079,6.043380204,-0.891196448,0.798604966,0.100128,158.2764679,-37.17098642,16.68377918,67.74360569,3.686654,204.2655145,-52.47014494,-43.66792206
Driver,100.9238547,0.3,-1.3,-0.393700787,48.0,-1.156,19.326,-6.335,-5.035,136.3379116,1.3509,17.268,-5.516,4200.0,-7.319,420.612976,123.9364453,-60.15836272,5.596142863,-0.569221133,1.767067549,0.08942,205.6052525,-35.89472109,50.15225875,61.63466719,7.003091,215.5942973,-38.10770429,-48.80543228
Driver,73.54375447,2.323,0.557,-3.267716535,47.808,2.665,23.732,-0.061,-0.619,99.06988189,1.3471,20.566,0.039,3115.24,2.684,264.0187271,65.90309554,2.853704789,5.778099555,0.007574161,2.158038204,0.129744,143.9657987,2.586140085,38.63091414,55.37106382,5.046511,162.5670693,3.173229519,7.464482684
Driver,80.70642448,0.42,6.271,-0.511811024,53.748,6.578,16.489,7.694,1.424,112.5015659,1.394,13.699,7.436,3130.0,0.299,306.0395699,53.45446054,39.34442482,5.869952229,0.760067832,1.43196815,0.111541,164.2432731,21.56966637,31.48387421,56.55832263,4.923327,189.1375607,24.88318759,0.948664293
Driver,74.76735863,1.533,3.761,-1.692913386,57.768,4.728,11.529,-12.104,-15.865,100.9556192,1.3503,9.854,-9.326,3210.0,-45.124,168.7288785,17.12451768,-41.14725996,5.784458517,-0.984067053,0.97609562,0.12065255,99.49547559,-31.32731718,15.93592061,63.28518252,2.664869548,140.8305496,-51.03164207,-46.82974124
Driver,87.51789549,1.691,-1.374,-2.362204724,50.118,-2.788,12.952,2.207,3.582,124.1483984,1.4186,10.502,1.409,3170.33,-0.502,334.695005,51.73888717,6.577286589,183.8453871,3.00126351,-4.447485648,4.99777,176.3334995,2.934894204,29.40253263,63.63113693,4.71777,205.0104324,3.228616729,-4.203882394
Driver,104.0063529,1.559,2.913,-2.086614173,43.609,4.551,15.822,1.689,-1.224,153.4750805,1.4756,13.777,1.872,3128.04,-4.767,515.3868267,117.5398483,2.501767867,6.19896633,0.197005774,1.55305594,0.0862745,254.5185678,-2.733106748,44.01131626,63.13492079,7.23281,263.6638485,-3.15357262,-33.1363901
Driver,102.7268253,1.2,-8.8,-1.496062992,49.056,-8.379,13.341,-6.547,2.38,144.7711614,1.4093,11.001,-6.749,3430.0,8.129,457.5458036,87.10898089,-34.52523168,5.697386764,-0.688229141,1.125793679,0.083129,226.6387536,-11.62007412,39.68028118,58.79394907,6.440885,245.0313707,-11.40108319,45.18005181
Driver,85.73282033,-4.1,6.9,5.31496063,51.234,3.434,9.944,2.889,-4.011,124.601378,1.4534,7.742,3.532,2830.0,-3.555,322.5070973,34.35251665,15.71289368,6.018857909,0.367015624,0.825274696,0.101109,170.1357901,6.902603783,22.57105715,58.99612274,4.416507,204.0095956,7.5238233,-10.7497859
Driver,120.7610057,6.3,4.1,-7.716535433,48.832,9.696,17.923,-4.05,-8.15,167.7192198,1.3889,16.617,-2.991,3640.0,-19.87,555.6385411,166.2920063,-103.9120505,5.826390222,-0.332246251,1.762327322,0.075225,264.8394033,-71.69348702,51.95101625,68.33013758,8.130784,274.4199499,-75.63979989,-174.8781499
Driver,98.89942734,-4.914,-8.443,7.086614173,43.438,-13.652,16.646,5.735,14.178,130.7925465,1.3225,13.713,3.689,4590.0,22.613,379.2463388,83.41611831,71.22080973,6.086266634,0.423669059,1.509539232,0.099704963,190.9905734,50.63858644,40.98838522,56.54297988,5.994420026,205.8607689,57.0749308,116.0549558
Driver,74.53024338,-3.321,-1.088,3.149606299,58.675,-3.111,20.853,-1.366,-0.278,89.18441303,1.1966,17.047,-1.319,3370.0,-0.507,205.202403,39.90059142,-4.949667464,5.877410216,-0.136063126,1.779631776,0.143636,115.5299945,-2.967753607,30.44198775,52.41672994,4.005519,138.6845036,-3.617293783,-0.925428331
Driver,95.58428776,-2.1,10.3,2.244094488,67.997,9.39,7.647,-14.742,-25.042,79.97002505,0.8366,4.638,-6.618,6668.04,-54.607,55.40573691,2.444490643,-8.92143123,6.010513443,-0.779334461,0.425290814,0.157358,34.68211634,-7.029285699,6.120683065,63.17060678,1.006228,71.19298012,-17.68498621,-9.204951853
Driver,102.0579814,1.7,-1.9,-2.086614173,48.987,-0.421,15.326,0.413,2.313,149.1329635,1.4612,13.463,0.161,2800.0,2.615,492.7459477,101.0365629,7.721694821,5.704236597,0.018164159,1.37756376,0.08146,249.1604847,5.988115629,40.00168129,62.9093234,6.783549,270.4451099,6.901045664,15.8644774
Driver,101.4137437,2.9,1.1,-3.74015748,47.929,3.663,10.599,-2.019,-3.119,143.4064066,1.4141,9.439,-1.485,1780.0,-9.232,383.8274047,44.19745948,-19.26531801,5.889019368,-0.15875009,0.978061829,0.086064,210.3876402,-14.33329919,21.89091734,71.52940515,4.607092,255.9522779,-19.44562662,-26.66672214
Driver,44.98926271,-0.4,4.0,0.511811024,83.232,3.608,27.263,7.387,3.307,51.76404796,1.1506,23.128,7.088,2140.0,8.47,73.09575719,16.42370701,9.486060623,5.8014866,0.729881795,2.238623793,0.254534,45.31183656,6.394929226,27.66185355,42.04809879,2.244625,65.93006468,9.619310284,2.432485545
Driver,99.45866142,4.374,6.666,-5.826771654,47.276,10.717,17.857,-0.085,-6.751,139.4517269,1.4021,15.69,1.055,3360.0,-17.182,441.0989516,104.6325078,-32.61272774,5.976765049,0.09130478,1.694334778,0.092436,222.6055433,-29.50857698,43.0369513,61.07888481,6.680722,239.5175963,-33.84858402,-100.6981743
Driver,97.46331424,1.8,-7.6,-2.440944882,49.499,-6.503,21.897,3.695,11.397,127.981165,1.3131,18.807,1.814,4540.0,12.158,378.9743539,115.7569879,40.34488394,5.395701404,0.18311069,1.864146444,0.092745,187.5083872,28.64283613,49.91038411,60.1475889,6.667729,196.9645509,30.79440824,68.28769901
Driver,105.6572119,-3.649,0.604,4.094488189,53.828,-2.068,17.97,2.384,1.78,149.3112473,1.4132,15.335,2.154,3920.0,4.577,487.4733051,134.1673839,32.30998856,6.112463771,0.235741417,1.717537397,0.0881446,235.5566534,19.99162402,49.57880986,63.97721933,7.43246,241.1004456,20.63790056,33.46775365
Driver,84.46671439,-7.575,-10.071,12.20472441,37.975,-19.88,14.477,-2.403,7.668,113.3516016,1.342,9.166,-4.305,6325.82,23.5,259.0658533,35.99231954,8.516698429,142.9270284,15.86893178,-3.320407736,4.31915,136.8887654,14.0002281,27.0386837,54.97190469,4.05915,157.3697827,20.09312757,72.54750546
Driver,104.775859,-2.1,5.9,2.598425197,52.359,4.224,8.12,0.117,-5.783,153.2196224,1.4624,7.09,0.72,1800.0,-13.568,405.2778429,38.71547561,-10.78763959,5.696204759,0.063024285,0.712772501,0.077442,215.9889122,-11.524911,20.06047892,71.15070873,4.548382,261.8532216,-17.2258352,-42.7027794
Driver,99.44300286,-0.1,-3.7,0.354330709,45.143,-4.093,19.681,0.321,4.17,142.0763243,1.4287,17.058,-0.266,3782.89,3.245,453.2593254,131.7427231,7.48542785,5.38802435,-0.021676184,1.675610705,0.082375,220.8003511,6.290932864,50.18385754,63.18753672,7.270481,231.5690649,6.828698571,21.94658283
Driver,95.35835719,-2.042,3.193,2.755905512,45.291,1.17,12.615,5.091,1.898,142.195553,1.4912,10.852,4.856,2510.0,4.744,432.3400162,65.24741783,44.1644617,5.85426784,0.499412138,1.12925579,0.086790612,225.8782998,26.12943386,30.5485089,62.79596791,5.668810647,256.1374719,30.57694197,21.12904727
Driver,77.4158912,-2.591,2.488,2.559055118,60.486,1.02,23.678,5.362,2.874,105.3297244,1.3606,20.067,4.927,3800.0,3.855,291.2520611,77.348616,29.24407398,5.92702738,0.51503319,2.172405436,0.124974672,153.8657228,17.67876176,42.277406,55.62768378,5.486929964,168.7304091,19.69942802,13.45793334
Driver,48.97100931,-3.14,-10.277,2.795275591,61.901,-11.955,57.867,10.163,20.44,32.75478704,0.6689,49.052,4.565,3050.0,9.618,39.23933337,20.74262845,3.139011084,2.93302108,0.247346167,3.035235693,0.287122,21.56370385,2.163446301,53.0898129,30.05345549,2.32782,25.77557379,2.611014232,1.346961758
Driver,100.8254295,1.913,1.454,-2.322834646,53.453,2.872,16.264,4.981,3.527,149.0021027,1.4778,14.303,4.478,2990.0,8.801,493.1212598,109.8709538,60.34455374,6.337776198,0.504925826,1.644449812,0.0910792,247.0423816,37.92717394,42.36109071,62.72965188,6.97926,264.4183449,41.69551949,56.25572127
Driver,91.18647101,2.636,-5.347,-3.385826772,50.741,-3.19,24.8,8.496,13.843,124.0812903,1.3607,21.398,6.119,4980.0,21.07,356.3311469,116.4216807,81.52323858,6.330074747,0.71456042,2.514375661,0.114617781,178.2525521,55.57841692,50.06699941,60.30687453,6.51528576,186.9605254,59.34340116,111.6250446
Driver,82.14030064,-8.271,6.133,7.480314961,61.35,1.578,15.955,2.333,-3.799,115.5500626,1.4067,13.011,2.817,3420.0,-6.983,319.8185618,55.74911631,6.283505551,6.074617753,0.289606892,1.410493316,0.112147,169.0971725,0.201749358,32.44229985,56.04571842,5.07311,192.4514831,-0.81032066,-24.32687504
Driver,100.4943629,1.199,8.223,-1.614173228,47.49,9.323,14.994,-2.188,-10.411,138.4547244,1.3777,13.123,-0.71,3240.0,-18.145,427.1637423,83.04657916,-42.75214748,5.79388613,-0.08937564,1.36252935,0.089108,217.8059873,-34.3924435,37.57083743,59.56745267,6.156312,238.8603165,-40.56500207,-95.17414591
Driver,82.5630816,-6.109,3.326,6.377952756,54.25,-1.092,21.444,0.981,-2.346,111.8732105,1.355,17.99,1.3,3850.0,-3.741,318.5019656,79.01794992,1.278944045,6.134046597,0.13336336,2.00512401,0.120189,166.1260009,-1.111950629,41.50453562,56.12925879,5.653113,181.8225605,-1.567194272,-14.64160798
Driver,80.60352541,-6.3,8.3,5.472440945,63.632,5.143,27.365,4.087,-4.213,106.554447,1.322,19.868,5.371,7977.33,-5.348,274.1222932,82.98570738,15.0580879,5.93785853,0.520340563,2.186267539,0.124464,139.9280375,5.839362017,47.62902845,53.67859483,5.545237,144.6324974,5.89917528,-21.81823881
Driver,86.23836793,-0.524,7.88,0.669291339,54.265,7.503,12.638,-5.41,-13.29,120.3082498,1.3951,11.023,-3.711,2770.0,-36.662,274.4626874,34.19751072,-44.06752175,6.250211733,-0.442317763,1.205225372,0.109776518,153.6548752,-36.59405748,21.63031728,63.76457112,3.890898353,191.6239647,-52.89302352,-80.57502523
Driver,100.1118468,2.073,3.418,-2.952755906,46.301,5.4,14.039,-2.13,-5.548,145.3901217,1.4523,12.401,-1.345,2610.0,-18.406,449.6128353,77.53581784,-44.67957205,6.194645368,-0.162264361,1.369914355,0.09041,233.5060016,-35.59395796,33.64052902,62.80020466,5.996275,260.6297557,-43.24009465,-90.50168346
Driver,103.5500179,-0.9,8.5,1.299212598,48.932,7.716,5.018,-3.504,-12.004,139.8608626,1.3507,4.433,-2.282,1840.0,-13.912,265.5201509,13.59392503,-17.1221071,6.001003416,-0.248358761,0.4624403,0.088935,149.6315819,-12.44897392,9.553512197,83.32302678,2.896136,214.2805423,-20.84264973,-19.50523272
Driver,95.68494989,-0.1,8.3,0.196850394,52.765,8.084,14.234,1.629,-6.671,137.6440587,1.4385,12.261,2.66,2970.0,-15.548,419.9766925,73.35912828,-9.621394049,5.8351487,0.256482617,1.277027862,0.089915,217.0939847,-14.87099182,34.3957194,60.23670574,5.88847,241.5791188,-19.29208348,-74.71930733
Driver,108.0619184,-0.389,1.041,0.472440945,50.66,0.722,10.539,0.115,-0.926,163.0686292,1.509,9.207,0.23,2164.81,-3.118,518.3149823,71.73000166,-4.277744696,6.28013075,0.022737504,1.032701687,0.0806872,266.3869182,-4.309598683,29.80329251,66.82894959,6.01846,298.7291627,-5.507350941,-16.1363003
Driver,114.7950966,4.7,2.1,-5.196850394,51.595,5.769,21.749,3.422,1.322,166.5314066,1.4507,19.887,3.305,4120.0,2.3,543.793055,209.6856201,38.56976128,5.265029911,0.301596132,1.932652425,0.069792,249.1264365,21.36518782,59.52399207,75.49979982,8.643558,251.7386396,21.62423572,21.0604261
Driver,103.3442198,2.256,1.464,-2.755905512,50.349,3.335,19.935,1.567,0.103,144.4295812,1.3976,16.162,1.544,5409.24,0.206,441.0370254,139.7810782,11.94583249,6.524910934,0.176217308,1.966201775,0.0979482,210.2644736,6.159602641,53.49492064,64.20049142,7.32562,215.6971675,6.325772146,1.482902864
Driver,100.6576593,-1.7,-1.1,1.929133858,51.464,-2.645,13.406,-1.045,0.055,144.6092072,1.4366,11.742,-0.831,3430.0,-0.041,462.7240799,94.00859313,-8.607177966,5.721330549,-0.107382966,1.208503261,0.083812,228.5320025,-4.371573487,41.46943689,59.12367753,6.63742,246.2750211,-4.71655654,-3.17183982
Driver,96.418665,1.1,-6.1,-1.456692913,47.465,-5.189,19.533,-5.025,1.075,137.7288386,1.4284,17.505,-5.017,3930.0,2.41,432.2225215,127.3739125,-30.56204646,5.641819231,-0.505786132,1.805107747,0.089319,211.3484169,-13.89633103,50.17660277,62.39720985,7.112054,221.8290441,-14.42256943,13.7988319
Driver,99.72485684,-2.7,-1.9,2.992125984,54.02,-4.019,17.812,-1.066,0.834,146.4875626,1.4689,15.326,-0.93,5420.0,1.406,442.3486404,139.5398228,-3.939984249,5.571679562,-0.113365351,1.566667438,0.082117,209.4842165,-0.899234399,53.87173684,63.51397135,7.334333,215.1295009,-0.871048984,7.502878447
Driver,99.74946314,1.245,4.078,-1.456692913,48.593,5.176,13.876,-0.744,-4.822,144.3555387,1.4472,12.083,-0.037,2753.54,-20.454,442.1702207,74.98537397,-38.54372307,6.218329204,-0.023552433,1.344226688,0.0912551,229.1027924,-33.67292767,33.38016007,61.88149101,5.93677,245.2859159,-38.44887536,-100.5797378
Driver,83.39969578,-2.028,-4.625,2.519685039,52.956,-6.156,18.487,-1.705,2.92,112.3293218,1.3469,15.023,-2.226,3902.38,5.118,312.6458546,65.12005221,-4.559261787,6.351811373,-0.238922639,1.721866996,0.121888,163.8824115,-0.074968872,37.19154351,54.85072423,5.31831,180.6323298,0.456428327,18.87145732
Driver,89.77943808,4.114,-0.927,-5.118110236,52.065,2.287,11.314,2.067,2.994,125.4033196,1.3968,9.425,1.27,2547.1,-16.37,306.3297772,35.25051741,-14.67628088,170.5311721,-18.49926391,-3.636044756,4.47247,162.9475195,-16.50446193,23.60337249,60.10282782,4.18247,195.0220629,-24.61056268,-60.28014424
Driver,112.6096099,6.1,0.5,-7.362204724,50.29,5.615,15.641,-1.285,-1.785,167.278767,1.4855,14.613,-1.088,2460.0,-7.967,576.5132954,134.5748995,-34.76376661,5.797341761,-0.115321876,1.525616508,0.074161,286.3826922,-25.04265341,44.43627616,67.19738906,7.627256,304.725735,-27.69734763,-58.86336758
Driver,91.63833214,-0.761,-3.478,0.984251969,48.098,-4.161,14.322,-2.916,0.562,133.1516195,1.453,11.972,-3.007,3110.0,-2.21,406.2795764,71.22644352,-25.07758904,5.741544442,-0.303249666,1.228245409,0.091384,208.7255431,-14.41273817,34.85068359,58.81779947,5.835962,232.1926887,-16.39874732,-10.40913583
Driver,107.8113815,5.856,4.132,-7.244094488,45.604,9.895,15.267,1.532,-2.599,160.2259306,1.4862,13.88,1.927,2289.27,-14.891,533.4300945,106.9574685,-17.53071137,6.188726334,0.194735526,1.548741866,0.0824043,273.3235824,-20.94051026,38.42664888,66.47153932,6.85972,287.742972,-23.53422607,-90.27742607
Driver,105.4581246,-1.056,2.624,1.417322835,44.211,1.539,19.565,7.741,5.116,151.0493468,1.4323,16.441,6.914,4831.68,13.419,472.6072497,148.228003,99.96907092,5.291890819,0.65282209,1.601567504,0.0756993,224.7082426,60.84981717,53.13346752,65.58985563,7.55914,227.9006092,61.9860281,103.1032327
Driver,86.07507158,-4.717,-2.651,5.0,56.45,-5.787,17.055,-1.0,1.651,122.5702398,1.424,14.425,-1.21,3210.0,2.755,362.705471,72.21441229,-3.038368355,5.402572768,-0.111568892,1.40104428,0.0943104,189.2908418,-0.127462821,36.60691941,57.73505144,5.6856,208.849409,0.21192254,11.60940949
Driver,103.5768611,-4.802,-0.81,6.456692913,46.029,-5.459,17.072,1.512,2.322,140.063529,1.3523,14.283,1.2,3900.0,3.853,445.5452266,108.6151358,19.41370318,6.50604375,0.14175585,1.695011553,0.0996406,219.6678035,12.68124132,45.43509056,60.3329393,6.84162,232.5667428,13.78121158,24.25727061
Driver,85.77979599,2.302,0.546,-2.913385827,43.426,2.981,14.649,-0.14,-0.686,121.5537759,1.417,12.399,-0.011,2720.0,-2.016,338.9225857,53.28652098,-2.507113505,6.153262146,-0.003252382,1.355614557,0.107443,182.1758433,-2.281404446,29.26005587,59.56354872,5.01582,209.1071794,-2.945099162,-6.739295689
Driver,95.92430208,-5.513,-0.496,6.614173228,53.848,-4.54,1.688,-1.066,-0.57,139.3107999,1.4523,0.03,-0.935,2301.34,-2.938,101.1724109,0.156384156,-1.871672071,5.586849281,-0.093061296,0.005471528,0.082786393,50.90185272,-1.001139165,0.407185961,115.8103997,0.819403154,114.5476821,-2.478311159,-0.511634391
Driver,102.6574803,2.813,2.613,-3.818897638,48.347,5.118,11.655,-1.406,-4.019,150.3216714,1.4643,10.43,-0.837,2010.0,-17.714,436.6989837,58.91112877,-30.98677084,5.773443829,-0.096009002,1.065227074,0.080747,233.7451654,-26.02634639,26.44198036,68.69803093,5.277687,272.3353894,-34.25290891,-67.89083607
Driver,101.3869005,0.486,1.838,-0.62992126,46.144,2.304,16.572,-0.206,-2.044,143.9513243,1.4198,14.602,0.056,2840.0,-7.032,469.2990761,101.3477979,-15.76303938,6.154956249,-0.001378174,1.625620164,0.0916242,238.5457045,-13.36555484,40.59199304,62.34296408,6.70162,250.1566907,-14.58728425,-40.79499904
Driver,86.57838225,-1.629,3.617,2.007874016,48.663,2.184,23.456,-9.726,-13.343,112.9216625,1.3043,19.871,-7.607,4583.96,-26.563,306.1292553,82.97527384,-78.6788062,6.096850073,-0.84955519,2.22099469,0.11966,159.9759408,-55.49976115,42.89613569,56.06682538,5.61522,166.764216,-58.95120622,-105.4481289
Driver,105.6572119,1.3,8.7,-1.496062992,53.685,9.645,5.895,2.938,-5.762,154.1788207,1.4592,5.374,3.618,1280.0,-25.662,314.4424168,19.76247818,5.15848008,5.687383457,0.345258106,0.53299041,0.076512,176.1541114,-3.121357537,11.82222951,85.9956359,3.229837,240.3613065,-9.765403146,-42.68829045
Driver,103.5052792,-0.1,8.7,0.157480315,54.72,8.655,8.98,4.461,-4.239,153.7365784,1.4853,7.95,5.013,1740.0,-17.054,411.8595974,43.13019165,15.61921156,5.769121895,0.493260282,0.809080855,0.078336,220.4820899,0.949774316,21.45564844,71.15987769,4.675002,265.2735881,-2.855315042,-54.95938549
Driver,73.58178239,3.837,5.612,-4.094488189,59.888,7.841,11.438,6.491,0.879,107.4961972,1.4609,10.206,6.346,1324.09,-0.078,191.9338397,20.3187066,20.94811899,125.0678333,13.52830201,-3.870917986,3.18817,113.4042167,12.30557426,16.35517813,68.69178887,2.81817,158.9766315,17.1067315,-0.69191859
Driver,99.58616679,-7.103,-0.46,8.503937008,47.795,-6.949,10.367,0.82,1.281,146.2477631,1.4685,8.3,0.666,3010.0,2.705,452.6091748,61.31436901,10.79916046,5.621173346,0.067505921,0.835412773,0.0803328,228.2559921,7.22603536,30.4734182,59.89507342,5.77609,254.0821003,8.572118057,13.72114077
Driver,91.48622047,2.182,1.964,-2.874015748,50.541,3.761,15.266,-0.075,-2.039,126.3638601,1.3812,13.229,0.254,2587.41,-3.412,366.6590643,62.22022432,-3.008995683,5.752434005,0.022487768,1.3539172,0.096908,195.8102086,-3.336833142,31.34741058,60.71265971,5.339703,224.1746683,-4.412186421,-12.61417441
Driver,102.1720651,0.7,9.3,-0.787401575,50.554,9.844,10.085,1.013,-8.287,143.1820419,1.4014,8.97,2.1,2120.0,-17.262,385.5007652,43.54605353,-5.428094247,5.87722633,0.20301808,0.928742297,0.085947,208.6287525,-10.54799589,22.21037531,68.78263795,4.677844,251.121971,-16.68708704,-54.52819757
Driver,100.0581603,-2.1,0.9,2.244094488,55.241,-0.526,17.112,3.247,2.347,142.2537133,1.4217,15.151,2.867,2790.12,4.183,460.2858276,103.6222657,33.1738263,5.743692923,0.305603471,1.567444166,0.086735,233.4733536,20.29362803,41.85156516,62.03723107,6.729439,252.7348692,22.52513934,25.90386617
Driver,101.2191303,3.747,4.322,-4.921259843,49.582,7.519,12.01,-1.14,-5.462,147.8523175,1.4607,10.83,-0.341,2080.0,-24.232,418.1330223,56.97343162,-33.8698004,6.11612309,-0.054702007,1.170744595,0.087153,225.1722005,-30.64133651,25.98015159,68.50048228,5.120769,264.0170197,-41.36374753,-87.9394168
Driver,82.408733,-2.172,4.509,2.047244094,58.085,3.156,30.429,-0.57,-5.079,99.69555297,1.2098,24.776,0.453,5660.0,-6.441,260.7528556,88.95009351,-6.859479617,5.856731857,0.032884454,2.725903292,0.135828,134.9009708,-6.233795539,48.88106527,55.3523547,5.569393,142.452299,-6.809108904,-21.89707011
Driver,99.71590909,0.186,4.177,-0.236220472,47.906,4.345,14.767,0.473,-3.704,146.282883,1.467,12.865,0.975,2853.04,-13.937,468.1777453,89.29249425,-22.97954307,6.32386558,0.092909122,1.464533253,0.0919316,238.605617,-22.0005232,37.42916068,61.67638618,6.42698,252.2771426,-24.66140864,-78.12056495
Driver,107.5742663,3.511,-1.213,-4.05511811,46.886,2.08,18.98,1.198,2.411,150.0145401,1.3945,17.051,0.88,2910.0,5.528,506.6420588,133.0077189,23.00453426,6.445570311,0.105987897,2.009650717,0.093343,252.0012246,16.42072715,46.87555654,65.96824486,7.42165,266.6499578,17.91855865,37.67012102
Driver,95.5619184,-0.436,-1.2,0.551181102,45.958,-1.622,15.382,2.038,3.238,138.9766016,1.4543,13.211,1.576,3060.0,2.553,441.659642,87.73472062,17.42873315,5.976051131,0.166890909,1.416250761,0.091616,224.6445278,10.7848882,38.71496679,60.31165314,6.357404,245.8031136,12.18696532,13.82865628
Driver,89.48863636,3.596,-5.087,-4.212598425,51.352,-2.207,15.493,-6.284,-1.196,131.8926718,1.4738,13.411,-6.068,2740.0,-3.356,400.9605268,73.14646766,-47.23152304,5.875874417,-0.624208174,1.407387505,0.094948,210.0529428,-27.10118901,34.5728803,60.53964411,5.80218,235.0264337,-30.87027837,-14.79151733
Driver,111.1377058,4.3,1.1,-4.881889764,51.759,4.378,16.21,0.093,-1.007,163.9262706,1.475,14.921,0.335,2850.0,-4.245,565.9330173,141.3720543,-12.08760566,5.812449852,0.01626033,1.565939021,0.07603,277.1408838,-10.08196752,46.8722533,66.64086003,7.791842,292.4843555,-11.11303539,-35.1033462
Driver,94.47253042,-2.4,-3.2,2.047244094,54.301,-5.565,16.464,2.413,5.711,135.8332588,1.4378,14.038,1.816,3421.57,13.735,419.7234306,91.47167824,42.40195747,5.720593234,0.178868154,1.446333884,0.090114,211.5200398,31.18138483,41.3161705,58.76744485,6.373173,228.7310703,35.44490998,73.60774244
Driver,100.4339656,1.878,0.645,-2.677165354,48.218,2.324,15.885,3.62,2.975,145.1339925,1.4451,13.891,3.179,2940.0,3.513,474.9586951,100.376708,34.13877366,6.010922463,0.336760703,1.500403267,0.088468,240.0897726,20.26570576,40.6577739,62.11543817,6.727325,260.2721706,22.47612424,20.9031745
Driver,98.92403364,-3.7,-3.1,4.291338583,51.005,-6.177,13.512,1.965,5.065,140.7838225,1.4232,12.252,1.807,4090.0,8.935,437.1099898,97.69787635,35.72766583,5.569830042,0.163140124,1.233560417,0.084055,214.1847273,24.33755641,44.08528309,58.21739253,6.618868,228.4469726,26.92846866,52.84601137
Driver,85.62544739,-0.684,0.842,1.220472441,42.035,0.083,17.145,6.785,5.943,128.6598515,1.5026,14.955,6.015,2953.82,6.569,379.6960926,84.62670371,53.50535996,197.6525476,34.03572643,-10.21940907,6.55974,187.5658964,31.53620579,43.46040149,53.40342361,6.01974,201.6248209,34.89826122,35.96272849
Driver,80.62365784,-1.672,-1.261,2.480314961,50.718,-2.629,12.958,-7.397,-6.136,109.0522101,1.3526,9.379,-5.858,4204.12,16.213,237.2057357,28.48106478,-10.21901263,138.2328107,-0.341279107,-3.121047784,3.85937,130.9076145,-0.980164446,21.63367494,60.69769668,3.58937,162.405481,1.662561656,37.15634925
Driver,95.4388869,2.78,5.155,-3.346456693,56.168,7.02,5.552,-3.359,-8.514,120.5619184,1.2632,4.87,-1.23,2667.07,11.731,254.0038952,17.79430981,-0.497847529,133.2577739,-1.680618152,-0.440852217,3.09744,131.682254,-1.613307839,15.88419308,72.05407963,3.05084,177.8021282,-3.420238405,3.640589901
Driver,86.47995705,-1.436,-1.182,1.929133858,47.008,-2.522,14.628,2.806,3.988,127.278767,1.4718,11.679,2.049,3842.41,8.984,375.2197306,68.23940677,30.00711428,5.199847758,0.194258104,1.088526527,0.086497504,191.0985284,20.64470636,36.3488581,56.17797503,5.690601357,210.6547754,24.0226717,41.51677309
Driver,99.83222978,-1.6,-0.8,2.362204724,42.227,-3.219,18.516,9.196,10.051,144.5637974,1.4481,15.196,7.484,5343.94,18.553,429.8527535,124.0562866,108.7431258,5.800404091,0.775875469,1.6126212,0.086608,206.7663092,68.51082714,50.59486279,60.01005876,7.075509,214.5152735,72.0828359,127.5521218
Driver,115.694345,3.4,0.8,-3.582677165,50.946,3.044,14.601,-2.979,-3.767,172.6539012,1.4923,13.405,-2.461,2164.43,-14.434,587.0474668,121.3233445,-65.46893189,6.471860141,-0.301838452,1.556664375,0.079836,295.8799074,-46.31088648,40.61013387,68.00577226,7.291247,318.3846245,-52.14607452,-101.1596159
Driver,103.4784359,3.9,1.5,-4.921259843,48.786,4.928,14.164,1.959,0.459,151.5517627,1.4646,12.592,1.948,2370.0,-0.585,492.2644548,88.7700868,15.23474234,5.714151043,0.193776472,1.284563906,0.079945,254.0751815,7.583320439,35.59671459,64.74345688,6.406005,281.1554877,8.284301698,-3.161567369
Driver,91.38779528,1.7,-8.1,-2.047244094,51.324,-6.906,18.432,-2.386,5.714,131.7195329,1.4413,15.789,-3.437,3670.0,12.129,407.2914724,98.07950508,3.115231954,5.86019516,-0.337136954,1.674653793,0.096074,205.8886021,9.668331484,43.31859264,59.45840646,6.449828,221.6973246,11.73984356,65.9416537
Driver,95.41204366,3.545,5.039,-3.976377953,56.423,7.396,11.386,-1.622,-6.661,137.6966267,1.4432,9.861,-0.299,2740.33,-25.929,376.7612037,48.51734625,-36.03751391,5.919869657,-0.053172328,1.032121331,0.090375,200.0966437,-32.21987225,25.53184421,62.95995108,4.906229,234.2587336,-43.54993417,-93.56655899
Driver,74.6980136,-3.208,-8.561,2.952755906,62.537,-10.23,23.604,-4.57,3.991,87.11256263,1.1662,17.383,-5.574,5434.14,5.245,195.7650573,41.32512653,-14.97457827,5.930619162,-0.566169582,1.848648432,0.1493192,108.2616854,-7.16929812,33.71700044,49.37753732,4.050431506,123.9227864,-7.808656177,10.07134118
Driver,95.62231568,1.2,-3.0,-1.614173228,46.844,-2.449,31.677,-2.272,0.917,119.9118647,1.254,25.238,-2.511,7660.0,0.702,324.6528646,135.3028917,-11.25867736,5.470205379,-0.237880722,2.629067927,0.105868,156.1064714,-5.588853228,57.55216764,63.2094586,6.692201,156.3531735,-5.596901809,3.754016479
Driver,94.47029349,-0.3,-3.3,0.708661417,45.953,-3.941,19.087,4.131,7.431,134.1228973,1.4197,16.257,2.985,4110.0,11.493,409.4018461,109.9725579,48.96869759,5.711557613,0.309447267,1.691429889,0.092279,202.9847159,33.04031466,47.17190283,59.43905735,6.721162,214.9731079,35.92562342,67.6983749
Driver,117.0700608,5.3,7.1,-5.984251969,51.136,11.449,22.305,5.986,-1.114,169.5092162,1.4479,20.457,5.922,4520.0,-2.757,541.0165862,223.8830047,39.75065057,5.300822593,0.562072509,2.010061362,0.069343,243.3398024,16.95778691,61.82252381,78.13462378,8.762321,243.4402549,16.96318572,-24.53438812
Driver,88.7079456,1.094,-0.512,-1.57480315,45.77,-1.577,15.696,-2.2,-1.689,124.718146,1.4059,13.545,-1.942,2681.88,2.05,356.0862454,65.9671766,-9.503208365,191.7542242,-4.789530333,-3.426692849,5.41634,186.7446663,-4.696106123,34.0968788,62.36491156,5.21634,211.7351866,-5.212934654,4.898869819
Driver,88.15094846,8.389,6.187,-11.22047244,44.823,14.72,6.671,2.012,-4.176,120.1254921,1.3627,7.646,4.366,3019.29,-56.768,75.98938904,5.275496333,3.07089462,6.158883285,0.419820196,0.74017438,0.106973,49.15103908,0.236237133,8.62343609,97.79773957,0.935711,113.9378505,-4.363410527,-10.51843086
Driver,113.3612205,8.3,2.3,-9.724409449,53.642,8.408,17.062,1.288,-1.012,154.3817108,1.3619,15.933,1.529,2160.0,-3.396,513.0610629,118.6721497,4.517537444,5.797067409,0.143574694,1.665330865,0.080901,261.6138055,-0.234509678,42.33937693,66.13386215,7.06194,282.3365752,-0.712541078,-21.64512848
Driver,92.27809592,-0.5,-2.1,0.669291339,58.983,-2.478,7.471,0.265,2.4,118.1109073,1.28,5.666,-0.279,2210.0,11.73,208.2333102,12.69809609,3.195965074,6.027078626,-0.019435425,0.587471179,0.106114,120.5627745,3.823333765,10.47495336,74.39516405,2.690773,176.7001441,7.811519706,13.23020245
Driver,98.87929492,1.32,8.767,-1.614173228,53.989,9.726,6.323,-1.013,-9.78,138.7184592,1.4029,5.802,0.023,1590.0,-26.78,254.0666725,15.86898854,-10.46799056,5.851288682,-0.013611444,0.586401182,0.087579,147.1309586,-10.95273767,10.69732253,85.0267639,2.840559,212.6454954,-21.05375161,-33.03490517
Driver,104.7199356,1.136,2.047,-1.417322835,46.291,3.133,14.687,-0.692,-2.738,150.2467341,1.4347,11.978,-0.127,4125.14,-11.154,482.4344004,110.4010761,-35.53723887,6.287548159,-0.028570374,1.375138177,0.088812,233.7336172,-26.63802904,45.25892741,60.35211347,7.02272,240.8119111,-28.06048292,-78.3697594
Driver,104.6550644,-4.151,-1.646,5.0,51.632,-4.941,14.772,-1.994,-0.347,136.3815319,1.3032,12.255,-1.946,3410.0,-0.671,426.6812983,82.45027306,-15.68508324,6.195495965,-0.211117634,1.369951196,0.0964563,215.2407106,-8.507209609,38.48504034,58.51945198,6.22261,233.3955211,-9.314092313,-3.596883981
Driver,96.66920186,-0.5,8.7,0.669291339,53.218,8.35,9.919,9.617,0.917,143.5983357,1.4855,8.641,9.591,1830.0,-1.268,380.1626671,40.60754611,61.71032797,6.050335911,1.007133542,0.919474834,0.088131,207.6523727,33.40782393,20.72023179,71.60802184,4.508642,254.2694942,40.62729754,-3.618650784
Driver,89.27389048,2.751,4.387,-2.992125984,57.795,6.121,9.841,-1.908,-6.295,127.1461167,1.4242,8.94,-1.093,1525.88,-29.547,231.0960124,18.09632669,-19.52548223,129.3411907,-17.68948463,1.686719024,2.76949,137.4387711,-19.95471736,12.21164505,74.25015879,2.99672,189.0488476,-34.80949005,-52.07154545
Driver,112.5536865,3.997,-3.577,-5.708661417,40.514,1.114,14.224,-1.462,2.114,153.7853436,1.3663,11.881,-1.959,3654.44,7.439,507.3622456,111.3765534,6.240332422,6.424963129,-0.210079751,1.39147056,0.0886266,246.6254955,9.320951971,44.23859882,61.21021983,7.13417,261.0498239,10.71076232,53.2206314
Driver,109.0663028,5.3,1.7,-6.25984252,49.792,6.265,17.79,-0.827,-2.527,160.6751074,1.4732,15.833,-0.387,3187.62,-7.523,546.7256161,149.1256942,-29.52494634,5.676839794,-0.047073931,1.629120301,0.076132,264.892928,-21.85979023,49.36218038,66.72018498,7.877125,277.4522617,-23.56651425,-60.22862587
Driver,96.24418397,3.811,4.152,-5.590551181,49.91,7.366,12.459,-5.425,-9.577,141.0797691,1.4658,11.065,-3.831,2931.71,-4.722,433.1588245,77.83439109,-45.905284,179.919441,-22.11408689,18.84449744,4.74488,210.3970052,-27.54039448,40.33794027,54.28320438,6.18131,227.0010695,-30.36570294,-40.62717536
Driver,107.9523085,1.663,-1.484,-2.440944882,41.095,0.423,7.982,-3.296,-1.812,152.8901217,1.4163,6.358,-2.827,2564.9,-10.472,444.173888,44.03425657,-39.1634824,5.834417185,-0.295189194,0.660837564,0.07934,227.7675287,-25.89199785,22.8826182,65.02558269,5.11039,263.4194258,-32.45696822,-44.09913545
Driver,91.26700072,-3.8,-1.2,3.582677165,56.275,-4.5,18.482,0.376,1.735,130.5628132,1.4306,14.327,0.141,5400.0,3.961,382.3501857,99.6226641,10.08869552,5.917393131,0.009803979,1.549076267,0.097541,187.2077991,7.659291737,47.53281276,56.25264936,6.482155,196.1888584,8.278767781,21.59685725
Driver,79.21662491,0.5,6.1,-0.62992126,64.484,6.34,6.545,-0.264,-6.364,98.38605047,1.242,5.694,0.404,1210.0,-36.967,90.13738532,4.769334013,-1.24659734,5.812816964,0.018472942,0.533324181,0.122695,57.36392588,-1.92965363,6.971749629,80.35003926,1.331338,119.225105,-6.620390954,-7.001561717
Driver,89.90694345,-0.567,-2.032,0.866141732,44.624,-1.458,12.782,-0.463,1.569,129.2891016,1.438,10.193,-0.775,3346.6,-0.032,366.2715872,53.7477535,-5.05254639,195.9053289,-3.274273859,-3.734433485,5.20113,189.5904809,-3.112092909,29.80490922,62.67209094,4.96113,217.4455017,-3.827485085,-1.643321626
Driver,109.1401217,5.3,10.5,-6.57480315,48.799,15.177,16.841,7.887,-2.613,159.8892717,1.465,14.739,8.371,3420.64,-8.378,534.6050913,142.9230858,46.06291434,5.909118976,0.852604507,1.578131052,0.079298,257.1379191,15.33327388,49.45615563,65.22834088,7.758682,269.1945343,15.31014545,-66.59459478
Driver,102.2078561,0.3,-0.1,-0.354330709,53.487,0.01,20.388,3.706,3.806,142.3154528,1.3924,17.858,2.928,3645.89,6.425,456.0868071,135.5235722,42.59918052,5.73811917,0.322926954,1.872631176,0.088046,222.6313695,26.71500242,50.44940388,63.90009595,7.334149,233.4414663,28.46095126,46.17019668
Driver,109.5651396,4.306,1.593,-5.551181102,45.459,5.842,12.39,-3.543,-5.136,156.0710451,1.4245,10.595,-2.378,3297.66,-31.716,471.2968361,76.77647072,-89.90903788,6.200200381,-0.288777701,1.177636777,0.0837232,237.4749331,-69.37974902,33.85638205,60.88583744,6.05034,251.9376396,-77.54369757,-179.6897455
Driver,85.79321761,0.544,-5.783,-0.748031496,49.072,-5.311,22.749,1.819,7.602,123.3916428,1.4382,19.426,0.577,4310.0,11.863,366.5364133,108.5111946,28.95046654,4.793150507,0.059912903,1.70696966,0.085563368,184.4873413,22.36207314,48.04562993,59.66304197,6.470878406,195.5592395,24.49817017,61.55034089
Driver,94.2555476,3.583,1.67,-4.409448819,49.155,4.773,17.28,-0.974,-2.644,138.9039012,1.4737,15.045,-0.524,3140.0,-11.331,443.3058691,99.52658346,-29.61195757,5.857386938,-0.064895982,1.587749692,0.090594,224.8924921,-23.45473256,41.59554876,61.08470448,6.595618,243.5173562,-26.88822573,-64.22470964
Driver,84.07972441,-7.0,0.6,5.472440945,59.709,-4.022,28.032,3.113,2.493,110.5138243,1.3144,21.25,2.616,7446.92,2.998,293.2032137,96.75898479,17.62655792,3.066525797,0.138025231,1.204318361,0.061723,147.735133,10.76605251,50.30557706,56.24888621,5.908427,152.1398192,11.15595983,12.08952422
Driver,103.0780243,-0.479,4.634,0.62992126,52.811,4.27,10.266,2.947,-1.687,148.3762079,1.4395,8.137,3.287,3174.95,10.596,451.625063,63.43505565,52.00668385,222.085453,32.50852896,0.081154711,5.6578,222.207661,32.53515742,32.71634307,60.41179918,5.66273,246.5682232,37.92282858,59.63432558
Driver,100.069345,-0.6,-2.6,0.708661417,42.947,-3.721,16.741,1.413,4.057,140.2594846,1.4016,14.015,0.751,3900.0,5.962,440.8005842,107.9052508,21.7679708,5.789581577,0.082428617,1.470077412,0.088398,216.3771552,15.35996402,46.00537591,59.73086412,6.821853,229.7859626,16.8918716,37.58920102
Driver,50.68673944,-5.5,0.3,5.275590551,67.081,-2.15,33.788,13.554,13.254,45.56706335,0.899,28.031,11.056,6680.0,13.384,62.15402773,17.48467387,12.66114545,3.900920598,0.770413311,1.92990319,0.202727,37.71575562,8.50566047,33.94520964,36.57584627,2.274755,45.10073009,10.34704131,3.904303574
Driver,106.6504116,0.211,2.918,-0.236220472,55.404,3.064,17.207,-1.076,-3.994,151.3455172,1.4191,15.058,-0.544,3319.13,-12.823,501.0772565,123.7187279,-42.10733966,6.181930254,-0.073919354,1.696373013,0.0877871,247.0961014,-32.19334413,45.68933743,63.40521527,7.28213,255.008323,-33.96343053,-89.59754604
Driver,92.35191482,1.985,3.969,-2.480314961,45.055,5.951,10.284,5.17,1.201,132.4174571,1.4339,8.711,4.939,2090.0,5.302,333.0324578,34.85043335,33.13616639,6.425047506,0.557597653,0.982688693,0.101563,183.4816851,20.22904176,19.7983269,68.47189167,4.21772,224.7675345,25.83668838,13.36007447
Driver,71.91079098,0.966,10.327,-1.181102362,56.234,10.973,12.737,3.352,-6.975,103.4258679,1.4383,11.576,4.063,1390.29,-19.714,188.9624558,21.71863874,8.485842371,5.836541261,0.400166057,1.159304861,0.119127,114.1463427,2.659664241,16.59198523,70.57774041,2.861992,164.4494794,1.373648818,-16.29741202
Driver,93.22208304,-1.2,-3.6,2.204724409,45.144,-5.558,17.59,2.427,6.14,134.0338672,1.4378,15.029,1.582,3590.0,10.517,413.481069,98.04684852,34.93335524,5.977463449,0.174645881,1.625485196,0.095991,207.68288,25.05945638,43.52506399,59.08060176,6.48086,223.2166463,28.07394646,58.07451188
Driver,81.42671797,1.91,3.333,-2.244094488,52.141,4.818,10.773,-0.776,-4.109,118.3871689,1.4539,9.709,-0.273,1380.0,-16.534,232.8382827,23.22737308,-6.835689712,6.445439087,-0.042620516,1.079437443,0.1142,137.9897251,-6.878829185,15.53432653,75.54509423,3.11446,188.6583605,-11.75560012,-18.66625396
Driver,102.1586435,-0.1,7.3,0.275590551,51.753,7.138,7.027,3.911,-3.389,150.9647906,1.4778,6.243,4.428,1300.0,-14.218,341.1586892,25.65656717,16.28253171,5.780282235,0.438107639,0.631508726,0.07957,189.0196359,5.097925898,14.47417585,80.69405662,3.654398,247.33515,3.592938082,-28.51644982
Driver,38.03910165,-0.3,2.9,0.433070866,58.017,2.761,25.128,1.867,-1.033,53.02635111,1.394,19.466,2.236,2980.0,-1.659,70.65363756,13.42233398,2.556231576,5.903523288,0.227041816,1.88497012,0.247366,43.68479217,1.532579789,24.38265633,41.48394531,2.095649,63.70696926,2.164546465,-0.515786338
Driver,92.34520401,2.637,-2.793,-3.818897638,45.478,-0.197,18.904,3.95,6.744,130.8887348,1.4174,15.706,2.551,4503.69,11.968,394.309562,102.3400055,45.34863517,6.462009985,0.307414927,1.850313427,0.106948872,196.1384216,31.06613839,45.97244873,58.64787716,6.484315271,208.4593538,34.01871704,67.24708763
Driver,79.08688261,1.187,0.856,-1.614173228,52.6,1.764,-0.141,-15.868,-16.724,102.9010827,1.3011,0.017,-13.903,2014.56,-5.592,2.266311935,0.000298715,-0.545070274,30.95762662,-7.659540962,-0.330501127,0.658313,1.419973559,-0.341730399,0.015871168,102.2748633,0.0283126,57.37812213,-14.10280495,-0.001671316
Driver,86.44640301,-2.1,3.1,2.401574803,58.908,1.773,13.103,-0.22,-3.32,102.3277559,1.1837,11.047,0.342,3910.0,-9.719,242.578952,34.36992649,-7.434959262,5.798598142,0.011341625,1.13532731,0.120133,131.2129615,-7.120543817,26.47910125,52.97918958,4.081123,156.4762254,-9.909313246,-23.70741542
Driver,81.4289549,0.737,5.627,-0.787401575,58.337,6.082,17.624,8.282,2.655,103.8947298,1.2759,15.327,7.902,2400.0,8.639,256.8864447,44.06215749,40.78978048,6.379689714,0.886934981,1.728668228,0.132178,145.33549,26.02201448,27.70108339,58.98168024,4.29263,173.5920049,32.21303265,18.35163166
Driver,80.1896922,-1.1,-7.9,1.023622047,69.498,-8.414,32.548,4.252,12.152,65.33464567,0.8148,23.617,0.436,6150.0,14.199,119.0875647,30.63651824,5.191809002,5.825589761,0.077825338,2.461504385,0.20505,68.96599342,4.849525098,35.02185971,43.64933896,3.220643,80.01354292,6.159551343,12.97764823
Driver,63.55583393,-2.807,-6.523,2.874015748,56.293,-8.397,14.912,14.329,20.852,67.9670723,1.0694,12.042,10.735,3050.0,36.638,81.84233988,9.408054742,18.42818794,6.20235242,1.210090452,1.207469534,0.194309,51.04977173,13.4188515,15.30331557,52.17974495,1.82413,80.98180516,23.59132497,12.02854997
Driver,26.88350036,-7.2,-1.2,5.590551181,74.43,-3.86,42.526,-3.612,-2.251,29.73447566,1.1061,29.193,-2.815,3910.0,-1.832,27.12787293,7.646876046,-1.323661204,5.905750597,-0.297976019,2.27547905,0.482086,16.93611423,-0.87841169,32.19889877,26.68876476,1.451673,23.52776427,-1.232065333,-0.140152211
Driver,79.64835361,-3.176,1.295,3.661417323,53.223,-1.082,6.254,-0.216,-1.511,117.1660254,1.471,5.134,-0.035,1320.0,-9.078,151.1929354,7.581007178,-1.360728651,6.285869447,-0.009838327,0.542119171,0.111264,92.48161441,-1.510886628,7.344242097,86.61070293,1.90007,142.2315654,-3.135065975,-4.363200259
Driver,105.057713,1.324,-1.273,-1.732283465,43.751,0.11,13.994,0.69,1.963,151.7262437,1.4442,11.3,0.261,4106.44,3.536,468.3912583,116.6092255,11.36454394,208.8156571,5.944075239,8.149710076,6.72813,214.7259944,6.14971503,55.45285537,61.40694076,7.07656,221.6843142,6.384202698,15.51573754
Driver,112.5872405,4.3,0.1,-5.511811024,47.863,3.904,13.456,-1.002,-1.102,167.0787849,1.484,11.856,-0.819,2670.87,-4.696,569.4125518,115.473842,-22.39170845,5.872176967,-0.088235665,1.248850813,0.074362,280.6090879,-15.47544931,41.8666679,64.3924636,7.331452,300.6695805,-17.31337623,-34.40704101
Driver,102.8520938,-3.626,-1.831,4.763779528,47.522,-5.157,20.329,-2.219,-0.388,136.9866231,1.3319,16.827,-2.158,4762.85,-0.581,421.2541155,126.0017799,-16.78920061,6.310323307,-0.238565245,1.959279969,0.100153,204.8352563,-8.964048586,50.66943189,61.97420034,7.03231,212.8112657,-9.342910978,-3.755842036
Driver,94.70964567,-3.0,-2.4,4.37007874,43.925,-6.148,15.622,-7.012,-4.529,122.9417949,1.2981,12.711,-6.137,3660.0,1.637,356.3025617,68.24472664,-35.40103644,5.845419738,-0.63694196,1.335140395,0.101303,183.0086997,-17.65656052,36.98076698,55.71783314,5.603283,201.9080415,-19.26851738,5.754346537
Driver,91.99176807,-3.1,-1.9,3.031496063,58.402,-3.998,15.687,-2.899,-0.999,136.4193361,1.483,14.025,-2.693,4508.19,-2.172,418.6417988,105.961682,-25.89693867,5.968758973,-0.299148616,1.523055244,0.093857,205.1700166,-14.61046424,46.84781801,58.99422836,6.694696,216.8137976,-15.61814998,-14.93702737
Driver,87.98541518,-2.191,3.022,2.677165354,55.853,1.535,3.92,6.766,3.744,120.0006711,1.3639,1.033,4.995,4034.78,26.404,170.9545191,3.232240261,25.86390056,111.2754882,24.17544879,-2.805589909,2.55937,88.98251749,16.85621852,4.472463005,76.292068,1.91937,138.2513668,31.55867915,27.55464781
Driver,101.8656049,0.802,0.099,-1.023622047,44.372,0.919,17.387,0.221,0.122,146.3499911,1.4367,14.248,0.197,4561.66,0.265,463.41443,126.8875684,2.376671339,6.571634111,0.023002865,1.722672657,0.0963495,223.0129448,1.395418412,49.66621831,62.18107155,7.23415,232.0204494,1.468530648,1.88592475
Driver,85.45544023,-2.6,1.2,2.283464567,57.984,-1.053,27.621,0.419,-0.754,116.7595741,1.3663,21.26,0.886,7360.0,-1.543,316.6672814,109.8631684,0.005680774,5.69992236,0.058577669,2.263179848,0.10983,156.7906449,-0.773285033,52.48716515,58.51541576,6.260079,160.2514074,-0.818372068,-9.592850923
Driver,21.45669291,-0.775,1.105,0.826771654,57.861,0.618,23.748,-14.46,-15.565,30.82610057,1.4366,17.682,-10.238,2210.0,-21.524,19.97793597,3.243133065,-3.646341216,6.111974881,-1.127492483,1.075639955,0.435297,12.97545272,-2.486915768,19.04457375,28.66772643,0.94438,25.31235471,-5.014312286,-0.551552272
Driver,98.23505727,0.9,-1.1,-1.181102362,50.541,-0.418,14.468,-0.392,0.708,144.0665265,1.4665,13.003,-0.406,3070.0,2.651,463.8476134,96.14053995,2.710538181,5.732902367,-0.045228778,1.33917715,0.084679,232.2570112,3.333583547,40.91622972,60.38647254,6.644013,251.4401245,3.985997214,14.93729481
Driver,111.9407659,6.9,-0.1,-8.42519685,50.286,5.476,16.846,-1.873,-1.773,163.6341267,1.4618,15.65,-1.69,3060.0,-8.293,550.6610119,152.3767573,-44.65859927,5.863527512,-0.178700197,1.664387862,0.0772,264.8554595,-30.15587546,50.21670134,66.66550827,7.949893,276.9146079,-32.2425595,-67.14747703
Driver,52.36891553,-2.419,1.251,2.165354331,65.835,0.165,31.577,5.787,4.536,64.71881711,1.2358,26.989,5.058,2974.23,5.487,125.6149773,35.86530045,12.14740604,5.953557563,0.536254285,2.907174093,0.216492,73.35898923,8.039600738,36.48693097,46.41471288,3.397468,90.13830799,10.14342565,4.738858308
Driver,107.5742663,3.294,2.659,-4.015748031,46.87,5.75,16.813,1.539,-1.12,158.7652112,1.4759,15.214,1.678,2530.0,-4.567,544.7266046,126.1240594,2.925456614,6.271195258,0.178698898,1.732831695,0.0848891,273.4055157,-2.373331661,43.28085394,66.39558926,7.36573,284.1730287,-2.806574199,-31.13397741
Driver,89.55798139,-6.614,-4.206,8.622047244,47.206,-10.368,13.335,2.246,6.452,121.9161596,1.3613,10.24,1.214,3940.0,11.71,339.3904118,52.40518801,25.230187,6.214440144,0.147784218,1.13962123,0.107693776,174.9854632,18.88259834,31.61864485,55.1246624,5.114514932,197.5214738,23.16776645,45.57792502
Driver,84.58303508,-5.6,0.2,4.606299213,58.558,-3.679,26.716,0.723,0.451,113.9486399,1.3472,21.228,0.741,6202.73,0.88,310.8012332,104.1697942,4.847697085,3.485704658,0.037920222,1.368957258,0.06811,155.2443106,3.00241504,51.20161222,57.59034911,6.141955,161.0575441,3.142038568,2.984513627
Driver,96.98460988,2.612,5.394,-3.346456693,50.649,7.538,14.051,-0.075,-5.469,142.0942198,1.4651,12.824,0.532,1922.26,-21.739,407.0602127,63.64158048,-22.92675577,4.881512027,0.034820348,1.109822211,0.072752,221.8120354,-23.31043002,28.35592392,68.19363995,5.247722,258.8568567,-31.58377607,-76.07264873
Driver,79.51861131,-7.42,6.715,6.57480315,64.196,3.104,16.689,3.164,-3.55,109.1571224,1.3727,13.687,3.629,3290.0,-6.55,288.7812687,49.91294816,10.95721484,6.092576582,0.377081141,1.483876321,0.119442,155.7078869,3.416212811,30.86285406,55.7535362,4.746106,180.4422351,3.002243497,-19.3316945
Driver,104.6304581,-0.695,4.09,0.905511811,46.087,3.42,16.106,3.539,-0.551,148.7444077,1.4216,12.538,3.66,5270.46,-1.831,461.0549246,123.7616811,22.22231032,6.361804879,0.403013959,1.477578685,0.0910687,219.8084442,9.581630186,50.00210472,61.3594149,7.17239,223.6323183,9.697971113,-13.36854663
Driver,78.1742126,-4.191,5.095,3.543307087,68.196,3.415,2.871,7.412,2.317,63.79496242,0.8161,1.356,6.915,1010.0,14.49,8.517894063,0.107985028,1.032022208,5.971627375,0.729336614,-0.007600322,0.193454,5.705242743,0.696303912,1.533930855,62.53580238,0.184732,45.49262341,5.625369536,0.028443636
Driver,86.0146743,7.597,-0.145,-8.267716535,54.081,5.399,13.14,-3.485,-3.34,112.5290802,1.3083,12.395,-3.027,970.0,-20.684,224.8892947,27.91457711,-17.69639885,6.228920173,-0.341575194,1.33556472,0.1171,135.4131792,-13.70798185,18.14439016,74.99756776,3.18332,184.3311624,-21.01875082,-19.72466214
Driver,88.59386185,-5.0,-1.0,4.251968504,61.276,-4.36,22.582,-2.136,-1.104,123.3337062,1.3921,17.415,-1.934,6330.0,-1.818,346.9763278,105.0379545,-15.25585464,5.95373804,-0.201951567,1.910461559,0.105816,169.6511068,-8.895018204,50.63377218,56.46315147,6.425223,175.6069848,-9.276133161,-9.517191164
Driver,107.1783286,5.3,4.5,-5.748031496,52.029,8.503,22.204,1.54,-2.96,156.3862294,1.4591,20.369,1.886,4020.0,-6.435,506.8641322,187.6492112,-9.233996876,5.357683551,0.168713582,2.016742313,0.075914,237.0603792,-10.3814488,57.41695009,71.94947923,8.244567,241.7653852,-10.76290604,-54.51067892
Driver,75.93727631,-2.841,-1.175,2.598425197,65.297,-2.483,18.861,1.706,2.881,105.2210093,1.3856,16.167,1.325,2840.0,4.774,276.7965112,53.31633028,10.75603645,5.33087227,0.127881305,1.537865832,0.109445829,152.3756412,7.791336736,32.12259748,56.73740963,4.747745796,177.1570362,9.691156357,12.81118976
Driver,99.7718325,0.5,4.7,-0.62992126,52.916,5.007,12.753,2.885,-1.815,148.4077487,1.4875,11.181,3.149,2340.0,-10.284,457.287886,74.03798677,5.306936244,5.63691342,0.30197687,1.122818436,0.08015,235.917199,-3.837850225,33.07972265,62.42145277,5.96604,263.5721443,-6.265628044,-50.36976473
Driver,90.32077666,-0.274,1.527,0.354330709,50.162,1.298,21.196,6.992,5.465,119.0696582,1.3183,16.798,5.794,5365.98,35.145,292.5153918,66.0060317,77.90139345,142.1746237,49.92359249,10.67799024,4.14973,160.0221413,59.53261519,34.30479676,60.06915568,4.88685,178.7273073,69.44808825,132.7003607
Driver,114.4148175,2.69,-4.755,-3.661417323,44.106,-1.976,15.212,-2.243,2.512,164.1284896,1.4345,13.303,-2.639,3172.91,5.441,563.8481,133.6075764,-6.627017133,5.749458548,-0.260163654,1.37814545,0.074570642,273.7576419,1.795809247,46.31537402,65.11179822,7.694755063,288.9378793,2.528565928,43.19473313
Driver,90.3722262,-5.287,-0.892,6.811023622,50.338,-5.292,16.134,-4.183,-3.291,115.7813618,1.2811,12.795,-3.646,3883.87,-5.583,322.1762399,58.7040781,-28.2689492,5.865691127,-0.380287127,1.345072353,0.10802197,168.0932118,-17.61692152,34.585491,54.84565548,5.206763099,188.2432784,-20.46609375,-20.85236516
Driver,101.2951861,1.7,-0.5,-2.125984252,48.268,0.828,14.119,2.163,2.663,148.4240784,1.4653,12.427,1.847,2560.0,3.301,479.3799893,86.65110547,22.16601179,5.703647042,0.186334145,1.265979904,0.081455,246.2773099,13.89207136,35.9351315,63.28405614,6.371,272.0896587,15.94225656,17.8794448
Driver,97.39396922,-1.1,-2.5,1.653543307,45.685,-3.641,17.407,-1.111,1.389,140.0905959,1.4384,14.734,-1.148,3750.0,2.111,442.4582254,111.1259118,-4.236681637,5.700071306,-0.129374809,1.522357841,0.087393,218.1064909,-0.623994841,46.30398345,60.3263815,6.877065,231.5105133,-0.462716393,11.23765387
Driver,87.4753937,-2.107,1.6,2.677165354,52.144,-0.038,14.021,-2.875,-4.475,124.9431818,1.4283,11.374,-2.116,3410.0,-10.044,359.421277,58.55654775,-28.93596481,6.29387866,-0.244526757,1.28092999,0.106653,186.5639193,-20.45274349,32.3242548,56.84809422,5.34041,208.5345331,-24.38220287,-40.77557832
Driver,107.1045097,2.267,0.183,-2.519685039,52.054,1.952,12.724,1.097,0.914,154.2181908,1.4399,9.939,0.849,4281.21,4.04,497.6236038,107.2911466,16.80193173,224.2284225,8.281974657,2.276224217,7.08019,225.7907308,8.342482684,54.0020133,57.05648861,7.17553,233.0713937,8.620199404,14.99472459
Driver,109.2251253,5.5,2.5,-6.653543307,50.266,7.189,14.74,0.63,-1.87,163.1865157,1.4941,13.756,0.857,2170.0,-8.53,548.2592545,112.4786169,-13.36624193,5.761949187,0.078926801,1.42093587,0.07523,278.8683563,-13.80977419,39.785691,66.87041257,7.029876,302.4043281,-16.35583926,-53.92236598
Driver,114.7414102,5.5,-0.5,-6.771653543,49.518,4.166,13.102,0.759,1.259,171.6586883,1.4961,12.218,0.604,2070.0,2.537,582.5833198,110.7623722,12.73410758,5.877734248,0.063765082,1.284523002,0.07248,294.4754728,8.652720096,38.61961659,67.78871663,7.074781,319.7343157,9.839945126,16.64801694
Driver,75.85450966,6.153,4.884,-6.968503937,57.561,8.812,10.494,-3.914,-8.798,105.5402201,1.3914,9.591,-2.033,2160.0,-29.352,188.9049225,18.46175642,-15.70541413,5.858895886,-0.232464013,0.963421068,0.116574,112.0858791,-13.96167521,14.98265277,68.09907891,2.815121,160.3336131,-24.57278951,-30.02279249
Driver,101.1564961,-1.7,5.7,2.165354331,52.2,4.264,11.991,2.335,-3.365,147.3957588,1.4571,10.384,2.783,2420.0,-8.331,451.1826182,65.75348096,7.174135885,5.780451048,0.274387622,1.066237379,0.082499,235.2998473,-1.282637676,29.90736136,64.0891455,5.71199,267.0609924,-3.218208863,-38.11669958
Driver,78.84976736,0.444,-0.428,-0.748031496,50.84,-0.067,13.26,-3.464,-3.036,113.3198372,1.4372,11.704,-3.084,1800.0,-8.59,254.2924255,31.82678833,-17.92983621,5.995457197,-0.329479208,1.222659454,0.111855623,147.1461497,-12.47539918,20.14917152,67.49458456,3.681961262,191.307652,-17.62436308,-13.70813026
Driver,79.4626879,-1.7,1.3,1.88976378,55.605,0.048,16.753,-3.36,-4.66,115.1487563,1.4491,13.838,-2.557,3435.41,-10.85,319.2187232,59.48153279,-28.91423816,5.799713993,-0.276303863,1.435648614,0.107797,168.5494467,-20.574287,34.23536347,55.65454641,5.182502,190.065729,-24.69460149,-39.27148236
Driver,101.6911238,-2.7,4.9,3.228346457,52.288,2.892,8.417,3.308,-1.592,147.5986489,1.4515,7.244,3.568,1740.0,-4.96,373.1883542,33.55358468,18.55760801,5.831869796,0.359788951,0.741769445,0.0823,204.0735896,8.413009793,17.71953574,75.00189411,4.200975,255.9844673,9.395995768,-12.87790302
Driver,69.70964567,-2.9,-3.5,2.519685039,65.311,-5.034,43.068,-3.319,0.181,71.79581246,1.0299,34.725,-3.592,9690.0,0.281,152.7870859,64.46987672,-8.152223424,4.311869827,-0.258597391,2.968880902,0.153921,81.50985793,-4.749355783,51.13042834,48.88565607,4.434897,81.7564203,-4.763531052,1.073958133
Driver,90.67197566,1.841,0.66,-2.559055118,49.586,2.228,8.404,-1.275,-1.934,117.0850483,1.2913,5.003,-0.267,4119.69,30.862,235.627292,18.6199407,26.42221186,133.294796,25.46109525,-5.105144909,3.69046,120.8253583,20.89828909,18.33147898,56.77203323,3.19046,151.5814854,31.49073062,64.35787134
Driver,113.097262,5.1,3.7,-5.866141732,52.329,7.583,17.502,-2.959,-6.659,162.1405243,1.4336,16.141,-2.085,3340.0,-15.827,543.9518506,151.4805984,-74.80680418,5.771856558,-0.235106906,1.690739788,0.076859,262.9687506,-52.63027375,49.71645659,66.73678638,7.885557,274.9111332,-56.38018222,-129.6649499
Driver,104.0913565,-1.3,8.3,1.771653543,50.115,7.075,9.992,1.818,-6.482,145.9312366,1.402,8.708,2.565,2140.0,-8.694,409.9061671,47.01815828,7.019080776,5.761952602,0.251907497,0.886021247,0.082595,218.8678946,-0.386922017,23.35643612,67.90853605,4.927377,259.7938587,-2.485492204,-30.54437327
Driver,41.2535791,-3.306,1.169,3.031496063,65.468,-0.342,40.536,2.564,1.394,47.13694524,1.1426,28.219,2.077,5726.14,1.22,67.22545999,19.16641547,2.454861703,5.753911398,0.211574284,2.789676792,0.292345,40.45698078,1.593137997,34.31771328,37.47747212,2.382589,49.65160055,1.976387047,0.380893489
Driver,90.66079098,-2.649,-5.147,3.070866142,51.466,-7.259,9.566,-9.278,-4.131,130.2704456,1.4369,8.081,-8.767,2030.0,-12.305,303.1763693,28.34620142,-54.56189173,6.344234704,-0.976687364,0.89594985,0.101739,169.5884476,-34.27060475,17.1616406,70.77377868,3.81012,214.6843788,-45.76625347,-25.66612608
Driver,89.76601646,1.431,6.516,-1.771653543,52.721,7.606,19.213,6.217,-0.3,126.1580619,1.4054,16.316,6.268,3630.0,-2.434,385.569625,93.79832697,35.89654187,5.991037763,0.651029589,1.77135237,0.102912,196.2291122,17.35373463,43.1357422,58.74339392,6.285733,212.107049,18.50487088,-12.27057454
Driver,94.47253042,-4.111,-9.241,6.496062992,37.964,-14.526,13.28,-5.764,3.476,133.1612384,1.4095,9.809,-6.478,4680.4,6.904,364.0757333,57.95721606,-25.46040888,194.2468123,-8.342142001,-2.140305538,5.21418,190.5417279,-8.45239946,30.3236363,63.19176067,5.07418,215.7914115,-7.71848571,39.2329422
Driver,115.5467072,-0.922,5.403,1.220472441,51.875,4.68,13.167,2.162,-3.241,163.8133053,1.4177,11.181,2.633,3316.12,-11.808,509.5451335,100.4667211,-18.09214246,255.5211535,-20.26775248,0.509663017,6.49015,256.1574904,-20.38169605,38.59287371,65.30802422,6.51577,277.1641681,-24.2952858,-96.27096485
Driver,97.70490336,2.318,5.351,-3.070866142,48.125,7.431,16.886,-1.777,-7.128,138.299481,1.4155,14.693,-0.651,3360.0,-17.172,433.0459354,95.82647683,-43.34135264,5.945545723,-0.085953377,1.573606962,0.092257,219.178832,-34.54909861,41.09547164,60.12091828,6.466372,237.6736605,-39.78736472,-96.26317342
Driver,88.81979241,-3.531,-3.65,4.606299213,44.65,-7.231,17.176,6.03,9.68,125.332185,1.4111,13.412,4.177,5183.09,16.468,356.440807,79.32295374,58.51498708,6.375368345,0.492069426,1.560240903,0.108907,179.4787858,39.47155541,41.45652869,55.23532565,5.85139,191.463154,43.49644016,79.84177012
Driver,100.9529349,2.9,1.3,-3.700787402,48.134,3.913,14.194,3.442,2.142,149.6203919,1.4821,12.575,3.22,2450.0,2.729,483.8567018,87.35399334,32.39353899,5.557562892,0.314133317,1.247709875,0.078741,249.5093201,18.88283463,35.66077274,64.06023064,6.369936,276.1039754,21.39082469,14.63481298
Driver,100.4608089,2.3,-4.1,-2.913385827,48.483,-2.306,20.933,1.757,6.052,144.3067734,1.4365,18.967,1.07,2964.84,7.036,478.345866,137.5628285,27.53767514,5.371151849,0.106304594,1.859415196,0.081607,238.2962604,19.88922181,48.39118998,65.61435028,7.408878,251.9689883,21.64191974,46.35405302
Driver,82.94783465,-3.6,-8.0,2.165354331,75.806,-9.517,28.136,0.943,9.032,96.85934145,1.1677,21.375,-1.294,6758.4,12.994,237.2469864,70.19989015,10.58973505,5.816163069,-0.096841245,2.300392826,0.135506,124.2773461,10.35558769,45.19813834,51.34467833,5.069528,131.4982927,11.44520693,39.44909181
Driver,103.0310487,3.204,-0.427,-3.582677165,55.149,1.808,20.112,-4.435,-4.008,143.7426181,1.3951,16.771,-3.596,4901.0,-8.332,444.8912213,138.7253363,-52.87848944,5.441755842,-0.352066055,1.683637092,0.0820224,213.5715814,-33.00862575,52.33896823,63.83038369,7.32273,220.3047972,-34.40714585,-59.12760825
Driver,91.95374016,-2.025,2.466,2.480314961,49.412,0.73,19.757,13.122,10.656,127.1420902,1.3827,17.079,11.708,3780.0,25.144,372.738275,90.27134345,119.181238,6.463273928,1.346866323,2.005919406,0.110623,191.8513633,77.93037608,41.54774512,58.49640371,6.07152,206.7593949,86.46024956,122.202797
Driver,96.25089477,-5.123,0.785,7.125984252,45.278,-4.309,12.032,1.549,0.764,133.813529,1.3902,9.326,1.425,3598.63,5.251,380.8708141,58.84256247,20.88714238,200.7000756,15.85698587,-2.008831055,5.31759,197.2096453,15.35127648,30.26844645,63.96305843,5.18759,224.7111858,19.28407797,31.37137819
Driver,104.9704724,-0.7,7.5,1.102362205,50.507,6.778,9.627,1.752,-5.748,149.6358268,1.4255,8.454,2.461,1990.0,-11.654,419.4334486,48.47206282,1.970542995,5.858643459,0.243207668,0.876285968,0.081894,221.6680979,-4.665701967,24.13881171,66.9518495,4.995996,260.7794489,-8.159870745,-42.53272012
Driver,101.333214,2.684,6.873,-3.42519685,50.233,9.109,18.789,5.013,-1.86,146.9685039,1.4504,16.703,5.268,3065.42,-8.7,488.373864,126.1948853,19.73885741,5.874124417,0.530856765,1.778471141,0.086574,243.3786605,3.180304884,45.96502744,64.21629923,7.25189,259.0467705,2.44546598,-57.53069878
Driver,114.2403364,-0.99,-4.157,1.141732283,52.751,-4.909,13.475,-1.853,2.304,157.9449266,1.3826,11.206,-2.225,3603.63,5.808,526.9469614,112.9509449,-1.005495619,6.302974646,-0.23761739,1.288805876,0.0844086,254.7545935,4.522100741,44.17239648,61.5036479,7.24013,269.4036702,5.464326144,43.22303567
Driver,103.4694882,-0.158,4.929,0.196850394,49.734,4.795,11.844,0.892,-4.038,145.8439961,1.4095,9.453,1.714,3655.16,14.459,446.1722487,77.85273106,53.03730532,214.3420331,34.04457397,1.643920105,5.91057,216.4082048,34.56114492,38.64099785,58.81856319,6.00274,234.6385461,39.1147416,84.46766131
Driver,90.31853973,-0.327,7.543,0.433070866,47.837,7.248,17.041,5.793,-1.75,131.7996152,1.4593,14.973,6.012,2720.0,-5.588,407.5462361,82.71890982,32.06307142,6.136718738,0.637023149,1.653823404,0.0999478,213.030692,13.74692639,37.06700551,60.9386411,6.04248,227.0153032,14.14250328,-25.78296268
Driver,91.18870795,1.444,-1.303,-1.692913386,50.924,-0.13,14.776,-1.567,-0.264,128.0404438,1.4041,13.118,-1.533,2110.0,-0.72,359.6006979,56.90834251,-10.29349785,6.326547221,-0.169921256,1.472013553,0.105066,196.8665927,-6.022723754,28.28955387,64.3690228,5.0367,228.4954327,-7.110954382,-2.268958195
Driver,94.87741589,1.359,7.997,-1.692913386,54.365,8.972,11.499,-5.818,-13.815,131.609252,1.3871,10.106,-3.844,3120.0,-32.628,340.3596052,43.96829928,-61.05345408,6.125724255,-0.443893859,1.093382717,0.0980424,181.8864331,-47.74676594,25.20237242,61.29280874,4.617375908,214.1609088,-63.14766864,-107.6198845
Driver,118.4502505,9.1,5.7,-9.763779528,53.094,12.514,17.041,1.419,-4.281,162.1743021,1.3691,16.12,1.828,2300.0,-15.971,550.3866741,129.8206798,-24.39251979,5.480453543,0.169539652,1.592952293,0.072784,279.3141445,-26.45786567,42.93661765,67.93588507,7.358775,299.46113,-30.58628377,-105.9427125
Driver,95.78784896,1.055,6.549,-1.377952756,49.873,7.439,17.588,1.869,-4.681,135.8090999,1.4178,14.993,2.641,3640.0,-10.686,426.1425849,100.6404756,-6.255218349,5.841635167,0.25715059,1.58312912,0.092487,213.7581267,-10.66648191,43.50888061,59.82365451,6.587445,229.5743018,-12.65763498,-61.4771755
Driver,102.7805118,5.676,2.668,-6.377952756,52.531,7.037,12.85,1.945,-0.723,153.257874,1.4911,11.576,2.076,1950.0,-3.644,476.6926302,74.27838938,10.93271945,6.245479417,0.223416132,1.288278158,0.0860392,251.6102166,3.667395856,30.56453166,67.85686731,5.85161,284.0476965,3.438463226,-16.34595056
Driver,101.7045455,3.3,2.1,-4.566929134,46.825,5.144,19.67,-1.016,-3.116,146.6888869,1.4423,17.22,-0.433,3630.0,-8.844,480.6377881,137.6593315,-30.19590748,5.58327993,-0.05103971,1.751108088,0.082708,235.0174594,-22.61903663,49.5634072,64.71272017,7.45234,246.5701223,-24.41542886,-62.55168258
Driver,93.33169291,-1.866,7.793,2.244094488,54.3,6.451,13.084,5.709,-2.084,129.524651,1.3878,10.344,6.101,3558.12,10.851,364.9462302,58.67304516,64.24302256,175.9206172,39.29656332,3.50120694,5.13571,181.0605877,41.02985304,35.31386278,53.49479749,5.37637,199.5185425,47.21056332,66.16405333
Driver,102.8632785,5.198,3.448,-6.456692913,54.262,7.201,15.852,-0.088,-3.536,153.8079366,1.4953,14.174,0.488,2700.0,-11.73,512.4294852,109.7786124,-25.50184991,5.041933321,0.035726496,1.282361767,0.069914299,258.6724566,-22.62782377,40.92664229,64.18003299,6.974500435,279.6751913,-26.25583957,-74.46509277
Driver,101.4965104,4.249,4.612,-4.842519685,52.73,7.853,12.366,-3.208,-7.82,148.9311918,1.4673,11.406,-2.255,1980.0,-31.339,408.459736,56.49465892,-52.66444227,6.364132432,-0.273775922,1.283147929,0.0901531,222.7069939,-43.94937383,25.54663793,70.22308638,4.97094,260.9147344,-58.0520411,-105.9744237
Driver,97.6087151,1.113,4.394,-1.496062992,46.123,5.464,10.2,3.891,-0.503,141.6718862,1.4514,9.026,3.957,1655.19,-0.86,347.1239345,39.25612181,21.38527433,197.6217221,10.46536842,-4.023355838,4.49489,188.2655322,10.18569463,21.99593632,69.96518216,4.19489,229.8894435,11.48627194,-8.434041389
Driver,47.36488905,0.5,-2.5,-0.62992126,59.792,-2.352,25.045,-3.057,-0.557,59.22199356,1.2503,19.052,-2.829,3520.0,-0.552,88.69363254,16.81009412,-4.37300445,6.033757259,-0.298871697,1.933370651,0.225657,54.14245806,-2.755818888,25.06597493,44.31967148,2.391342,75.14311837,-3.85363824,-0.251119739
Driver,72.96215104,-3.454,0.274,2.795275591,63.566,-1.446,2.869,8.953,8.68,92.54540981,1.2684,-1.05,3.578,6100.65,23.37,0.0,0.0,0.0,42.30302989,5.221136203,-0.1735085,1.09813,35.87793798,4.058350388,0.940737239,70.98141362,0.908132,70.38611052,10.07412396,5.477294996
Driver,100.738189,2.713,4.986,-3.503937008,47.441,7.48,16.165,1.158,-3.828,150.4107015,1.4931,14.272,1.719,2941.24,-15.384,493.5806755,107.4996402,-24.52835778,5.225294286,0.14492857,1.348697089,0.0741713,248.474215,-24.95288581,41.36345708,62.84651453,6.90119,259.450384,-27.30909534,-97.07289853
Driver,99.66893343,-2.563,-0.756,3.385826772,44.565,-3.361,20.308,12.125,12.881,133.678418,1.3412,15.658,9.311,7113.59,32.081,345.135461,100.5032482,131.3680876,116.1471917,47.60297288,33.21137464,3.33478,169.3390782,79.94371092,49.57245333,56.53201894,6.1674,175.040232,83.12609807,164.2134379
Driver,83.81129205,-3.642,2.103,5.669291339,43.856,-1.696,11.192,5.081,2.978,120.473112,1.4374,8.82,4.594,2894.53,3.003,311.7158344,39.04530184,29.41133178,168.815408,18.11877928,-3.673722297,4.69001,161.9033399,17.15015794,26.46322784,57.24723628,4.41001,189.8229044,21.02508625,12.60133207
Driver,105.0375805,0.1,7.3,-0.078740157,51.038,7.389,13.595,6.047,-1.253,155.9267627,1.4845,11.858,6.324,2701.23,-8.061,509.3842354,98.92015103,33.97746345,5.747007614,0.626498999,1.22149968,0.07802,253.7113408,10.84518733,39.94365884,61.76522995,6.821328,274.7402503,10.43677078,-51.42519585
Driver,87.71698282,-4.424,1.73,5.669291339,47.594,-2.322,19.905,9.621,7.891,113.4301181,1.2931,12.803,7.194,8396.26,35.307,254.8133169,47.16302951,69.3914916,126.7654022,44.46639506,5.811764177,3.87852,136.9877828,49.84868408,31.43402485,53.23580955,4.33995,150.5076163,56.8205099,100.4324782
Driver,79.93244452,-7.7,8.7,6.771653543,64.587,4.952,26.533,1.631,-7.069,107.5436203,1.3454,19.857,3.334,7270.63,-8.731,279.4248976,84.19973497,0.877801823,3.813992499,0.204084148,1.393517506,0.078411,142.6466069,-3.282028996,47.48828614,54.02912732,5.595311,148.4467035,-3.695032268,-34.7102926
Driver,79.37544739,1.879,-5.274,-2.519685039,47.468,-3.549,14.722,0.032,5.306,110.6719757,1.3943,12.377,-0.97,2790.0,7.576,280.4769181,41.35628303,1.972453556,5.635165336,-0.088028398,1.231097107,0.108097,154.6229381,3.786353368,26.26109924,58.47913244,4.391155,185.4748418,5.81236685,19.20785934
Driver,103.5880458,-1.37,3.054,1.929133858,46.873,1.771,11.483,9.549,6.495,144.4933339,1.3949,8.351,7.934,5039.14,15.935,423.3337763,74.86988603,109.9609817,185.1574432,58.63031472,13.36668236,5.1191,204.6973745,68.17981659,39.0296179,54.65403743,6.05184,218.8398904,74.78479993,122.6570552
Driver,80.59010379,-4.24,2.523,5.354330709,54.546,-0.503,8.816,-1.721,-4.244,116.3710183,1.444,6.587,-0.987,2710.0,-11.859,243.4271715,18.70489485,-11.13689339,6.106038439,-0.117218268,0.700386049,0.109456348,135.852244,-9.167233113,14.46052977,65.80390756,3.302148125,181.604401,-14.73122169,-20.49323276
Driver,111.7864173,4.8,0.6,-5.0,48.657,4.391,15.741,-3.941,-4.504,158.7104062,1.4198,14.277,-3.235,2498.32,0.653,538.927664,118.332616,-28.61624176,5.968730549,-0.344226233,1.532158136,0.080389,271.0571506,-14.20786405,42.11384703,65.60331254,7.222406,291.4282024,-15.18152021,3.269656552
Driver,105.2881174,-2.677,-1.555,4.448818898,36.389,-5.193,13.013,4.08,5.634,152.7507606,1.4508,11.259,3.429,2830.0,3.989,500.9665702,89.64324613,39.23642405,6.140383364,0.37093143,1.237172007,0.084934712,251.8945973,23.07123164,37.23967811,62.06542915,6.585215537,275.6658488,25.96287329,24.08109056
Driver,105.9055118,2.603,1.688,-3.385826772,45.649,4.236,17.786,0.47,-1.219,153.2160433,1.4467,15.683,0.647,3210.26,-2.875,517.2685939,134.4807633,-3.235054982,6.412924448,0.068647875,1.839536218,0.0902966,253.7065659,-4.118223661,47.36553902,64.91629328,7.53585,266.8726658,-4.596799324,-20.94734521
Driver,99.80986042,-0.1,8.7,0.275590551,55.182,8.443,10.985,8.967,0.267,145.6990426,1.4598,9.576,9.051,2040.0,-2.679,419.9417995,54.7391262,61.6991212,5.879671104,0.922982149,0.997690856,0.084706,221.7523112,31.50118994,26.69910552,65.13765819,5.226919,257.3721509,35.99514929,-10.2657287
Driver,85.9408554,-0.36,3.414,0.511811024,44.919,3.053,14.672,8.289,4.875,124.2020848,1.4452,11.497,7.225,4118.23,13.196,351.9978361,62.32073044,67.76096762,171.4638811,38.68775101,7.238963221,4.85196,183.475498,42.18990764,33.95087113,57.31774213,5.35924,204.2793392,48.19708801,58.19478396
Driver,101.6419112,5.9,1.9,-7.795275591,50.721,6.753,12.233,-0.981,-2.955,148.3278901,1.4593,10.95,-0.38,2080.6,-12.211,442.653616,63.75390401,-21.18893741,5.879852572,-0.047633192,1.141180002,0.083522,235.489028,-18.13141676,28.28489641,67.17268108,5.489479,271.9131083,-23.57938872,-49.7215299
Driver,95.98022548,-2.9,-2.1,3.267716535,52.299,-4.526,15.957,-1.481,0.619,142.4774069,1.4844,13.944,-1.814,4650.0,0.961,439.7897896,118.7350988,-8.631287677,5.830170776,-0.157594051,1.482176106,0.087727,212.0699864,-3.61439115,49.45580135,60.51963794,7.012928,221.8115129,-3.714062862,9.298551213
Driver,97.99794202,0.1,7.5,-0.157480315,56.197,7.621,22.502,0.088,-7.412,133.6278633,1.3636,19.068,1.454,4810.0,-8.791,393.9872401,132.162682,-15.03274006,5.746469317,0.132513968,2.024916137,0.094951,190.1194204,-13.60838759,53.55500849,62.2885519,7.013308,196.8647514,-14.44643185,-55.24737381
Driver,88.55136006,1.3,3.7,-1.692913386,50.874,4.736,9.46,0.875,-2.825,119.4432266,1.3489,7.7,1.522,2210.0,-4.781,261.9803171,23.4164747,3.932146057,5.999460513,0.154966646,0.805831185,0.105006,146.4431373,0.935769172,16.57685583,65.8523934,3.548027,190.8363426,0.261911843,-8.862379696
Driver,102.0825877,3.091,2.935,-4.173228346,48.299,5.692,14.628,-1.357,-4.292,142.5827666,1.3967,12.875,-0.684,2650.0,-9.083,450.0771069,81.95616118,-22.96475263,6.013449164,-0.079889299,1.383280516,0.08965,232.6340655,-18.06394486,35.37956271,62.25254165,6.15709,258.521192,-21.69958641,-45.88173301
Driver,90.26037938,-2.552,5.071,3.503937008,48.125,2.781,22.543,6.016,0.945,120.1970741,1.3317,19.044,5.872,4178.75,2.054,356.5067882,101.9715325,39.0613623,6.304357851,0.648295568,2.207797587,0.115615,180.5076091,21.79821756,46.86309809,58.83452461,6.31715,186.5865611,22.60650669,10.05570581
Driver,57.00161059,-1.509,-3.701,1.377952756,62.459,-4.488,26.301,1.791,5.492,70.64132963,1.2393,21.195,0.666,3650.0,8.326,136.324064,30.74683866,4.207208861,5.798326049,0.082348423,2.174890715,0.184159,79.83443105,3.68430897,31.32744453,47.54489716,3.297237,99.09321773,5.127078162,8.271248397
Driver,75.54581246,1.297,2.192,-1.496062992,49.325,3.307,15.725,4.095,1.903,109.5812455,1.4505,12.915,3.711,3083.62,4.767,285.0452934,45.48211827,22.94645574,6.331616906,0.415879593,1.45080952,0.123133,155.0125379,14.43728947,28.68179558,56.57217634,4.5896,180.1532047,17.46381419,13.25283711
Driver,77.01995347,-2.371,2.778,2.874015748,54.208,1.067,46.569,-34.972,-37.749,63.16504116,0.8201,39.233,-25.872,6180.0,-20.977,124.6258218,56.13039905,-56.18465071,3.654685351,-1.621917955,2.931561542,0.1566904,67.56830495,-36.32871444,50.90358523,46.60434269,4.021291333,71.77804048,-38.76163197,-23.48256188
Driver,90.80171797,-3.318,-2.996,4.488188976,46.67,-6.131,17.345,0.881,3.877,128.4665802,1.4148,14.827,0.382,3270.0,10.351,391.3448614,83.00182032,21.97672846,6.12598125,0.052925396,1.639675485,0.102401,201.5986839,17.8635175,38.98154674,58.72462934,6.04945,212.6046596,19.61499927,49.57298161
Driver,98.53704366,-2.374,3.914,2.913385827,51.34,2.013,11.107,6.0,2.086,140.4704277,1.4256,9.499,5.746,2270.0,-0.752,399.7121395,49.96857866,38.71284677,5.986616954,0.598744867,1.005537914,0.089434,213.1176493,20.43784443,25.16579879,65.40451804,5.043039,250.4060781,23.84925697,-2.710632679
Driver,95.34717251,1.5,0.5,-1.850393701,48.854,1.701,18.109,0.516,0.016,137.3856926,1.4409,15.705,0.58,3290.0,-1.447,436.4509783,107.3027277,0.260485103,3.556126825,0.030997509,1.006567872,0.055508,218.5318302,-0.877741039,44.68741141,60.89998554,6.742693,234.0567932,-1.0932251,-9.26945525
Driver,81.43566571,-4.5,0.9,3.858267717,63.065,-1.503,29.568,-0.856,-1.756,102.8977273,1.2635,23.715,-0.468,7780.0,-2.053,263.1924597,91.84062506,-5.382246612,5.842665497,-0.05822156,2.606273348,0.130517,133.8698666,-3.730015019,50.73918607,55.12491413,5.660521,137.4436606,-3.86445566,-7.910578046
Driver,92.29375447,2.593,2.098,-3.070866142,51.921,4.132,13.458,-6.471,-8.57,134.0421439,1.4523,11.748,-5.076,2910.0,-28.151,373.3938823,57.01158067,-71.53420427,5.777687698,-0.53586561,1.204064766,0.091219,197.9912515,-53.04014543,29.10806058,61.0743366,5.150025,227.4746698,-66.55367533,-107.8642036
Driver,116.2848962,-0.635,4.291,0.787401575,53.205,3.816,12.382,2.984,-1.307,163.2777827,1.4041,10.493,3.178,3079.79,-7.053,535.7287249,98.01681622,2.454988022,250.3969901,-3.771671517,11.45004448,5.96697,266.8255877,-4.850616866,37.21793419,68.35470903,6.57899,290.6336399,-6.475266451,-58.8990709
Driver,86.37929492,0.032,0.159,-0.039370079,53.263,0.183,18.476,-1.092,-1.252,123.3918665,1.4285,16.237,-0.931,2750.0,-2.437,370.5495799,78.59417887,-9.614748607,5.345058834,-0.088864552,1.563827983,0.09344,196.0520289,-6.52568541,37.15371047,59.8967246,5.80371,216.8019328,-7.526364973,-10.02323051
Driver,110.4464925,-5.609,-6.309,7.440944882,49.086,-11.192,12.615,-6.272,0.037,156.2182355,1.4144,9.687,-6.278,4540.72,0.074,503.7180583,111.8583566,-53.45304564,6.362439158,-0.69569459,1.13823576,0.0857611,239.3707647,-25.99065027,46.21128509,60.04456716,7.15958,250.6709099,-27.21076261,0.558858791
Driver,101.9886364,-5.365,-3.394,7.244094488,47.767,-8.285,15.121,-5.237,-1.843,141.1967609,1.3844,12.564,-4.997,3600.0,-3.286,450.8269803,94.96688129,-46.67335918,6.174826348,-0.541780639,1.406502056,0.0929846,223.9463254,-26.06793512,41.63327703,59.30936925,6.59678,240.0584928,-28.33627968,-19.78480127
Driver,107.0888511,-3.633,2.485,4.488188976,47.434,-0.858,25.977,7.284,4.799,133.3918665,1.2456,21.47,6.464,6047.88,8.64,387.3967749,146.2225509,64.95999471,6.141683051,0.710797704,2.489341302,0.103301,185.335794,39.12170802,56.04551202,64.93779277,7.15338,186.5252426,39.41911973,55.43471249
Driver,80.77129563,-4.5,-6.3,3.622047244,68.198,-8.262,29.003,0.062,6.362,94.5047423,1.17,23.07,-1.309,5670.0,8.124,234.3875905,73.11439667,4.273602231,5.6482906,-0.112630335,2.423325365,0.136391,123.0639757,5.12200865,46.2006813,51.99835398,5.125563,131.4383647,5.801906697,23.78866567
Driver,94.21751969,3.978,3.944,-6.102362205,45.589,7.85,14.692,-1.726,-5.67,140.539549,1.4917,13.34,-0.985,2137.41,-6.69,428.3082016,77.35848388,-29.03927075,213.1349428,-24.17614087,3.005823502,5.70695,217.0078952,-25.09153495,36.8457325,60.93914883,5.86958,240.1608096,-30.58787629,-64.14702578
Driver,114.2134932,0.666,-1.856,-0.787401575,51.66,-1.329,10.814,-0.782,1.074,162.1342609,1.4196,9.56,-0.917,2030.0,3.885,509.4325949,70.54432236,-0.728973882,6.335981935,-0.098387977,1.079877404,0.081951,264.3075211,2.09760294,29.15832155,68.02793734,5.90137,298.152539,3.200346251,18.98152484
Driver,84.20722978,-0.3,2.9,0.354330709,55.363,2.657,24.101,2.564,-0.315,116.0808876,1.3785,19.888,2.623,4853.9,-0.663,330.8551268,100.685325,13.1377471,5.165204585,0.235550098,1.891993195,0.098611,166.9392717,6.611361722,48.53849702,57.77178702,6.179028,176.5360785,6.95519166,-3.08813958
Driver,115.5780243,-0.146,4.163,0.196850394,53.171,4.054,13.847,3.392,-0.771,160.979107,1.3928,11.879,3.504,3151.5,-7.226,513.191924,105.6038385,7.946964415,260.6354791,-0.008674357,-3.24404415,6.57282,256.592683,0.138030172,39.74723916,72.02056961,6.42282,278.520114,-0.714286285,-46.63414276
Driver,93.40551181,-2.921,7.035,3.976377953,48.3,4.43,8.896,-2.233,-9.268,124.4660433,1.3325,7.081,-0.784,2860.0,-1.899,309.7247577,28.77165437,-6.07506265,5.915025614,-0.082778092,0.73839278,0.09920874,165.9174488,-3.957357695,19.25797278,62.26227807,4.109374394,205.2060004,-5.321086201,-5.062176584
Driver,85.65900143,-3.516,0.167,4.960629921,44.409,-3.429,19.019,-2.881,-3.048,105.4292681,1.2308,13.435,-2.087,5892.04,20.152,251.9248352,48.72907154,17.9877062,136.283591,20.95560104,-2.574501045,4.65217,132.6054792,19.60432407,34.33587246,52.18347397,4.47217,147.4826612,24.96054632,73.10203351
Driver,99.75393701,2.799,1.425,-3.503937008,46.377,4.096,19.686,1.324,-0.1,147.9744542,1.4834,17.368,1.339,3406.61,-0.325,492.3195226,140.5235321,10.03636274,6.246466244,0.145553065,1.99108773,0.0918881,240.4981005,4.848487241,49.76297316,65.78616697,7.5351,246.5563937,4.957712743,-2.31484085
Driver,82.865068,-2.928,5.233,3.937007874,49.707,2.747,11.739,5.086,-0.147,120.2990784,1.4517,9.236,5.111,2990.0,-1.919,314.2854736,37.81028108,25.72143931,5.94707016,0.527840263,0.970556608,0.103858,167.9754429,13.08680781,23.8931778,59.19859933,4.468539,201.1984715,15.29158571,-5.651764304
Driver,90.98962062,0.326,5.448,-0.433070866,49.068,5.731,16.397,2.602,-2.846,133.0019685,1.4617,14.781,2.902,2169.71,-10.858,396.9456079,73.19958359,4.90244121,6.24069739,0.306017549,1.64554356,0.100590881,214.0191995,-3.016331768,32.81353908,64.27090767,5.611966376,243.9960714,-5.310462353,-41.54012716
Driver,84.2206514,-4.0,3.0,3.267716535,62.373,0.429,26.247,2.654,-0.369,108.9956156,1.2942,20.118,2.897,6620.0,0.211,289.0873206,89.20281857,13.39536869,5.582713981,0.265132446,2.079687848,0.114254,146.7415603,7.242086098,48.42462835,54.98314723,5.752724,153.0761493,7.561978861,-0.523635457
Driver,95.9198282,-0.113,-2.517,0.157480315,50.8,-2.609,14.657,-3.83,-1.314,142.4494452,1.4851,13.097,-3.686,2216.12,-7.197,439.4153785,75.98818551,-39.51031934,5.941928396,-0.387703665,1.386403154,0.0886728,232.51805,-25.45773644,32.69205063,64.8366014,5.858297383,263.0410461,-30.14830812,-31.64012841
Driver,90.00536865,-6.406,-5.454,7.519685039,49.168,-11.022,9.678,0.05,5.504,125.8598783,1.3984,5.696,-1.329,5258.7,12.446,336.7450294,39.55580086,13.38620074,6.009496055,-0.122474426,0.628631936,0.099625,167.4202172,12.35100787,27.88118525,52.97901038,4.7666,187.7192717,15.76190525,48.6604186
Driver,84.74856836,-1.317,4.03,1.653543307,52.425,3.016,13.148,1.439,-2.591,124.5490336,1.4696,11.482,1.747,2093.85,-6.534,322.9647359,43.27481035,4.055479289,6.005106369,0.177618303,1.213309344,0.101880621,179.5997139,-0.107523128,23.91497655,65.4226469,4.466933629,218.2210743,-1.364868775,-16.7483429
Driver,100.5301539,3.211,3.303,-3.897637795,48.482,6.15,16.276,4.181,0.878,148.1502774,1.4737,14.676,4.069,2359.31,3.718,485.6948652,99.90802092,41.54479532,4.705997381,0.335974477,1.243808043,0.0678163,251.0423658,24.57492032,38.40349508,64.83265478,6.61656,265.2100728,26.30535765,20.35537628
Driver,92.99391553,2.666,4.264,-3.42519685,49.101,6.576,17.665,10.26,5.995,135.5518522,1.4576,15.274,9.255,3470.0,10.143,427.0993631,100.3240242,89.78018419,5.836856672,0.949717487,1.610612225,0.092686,215.0347923,53.32398592,42.97456893,60.0613947,6.566684,231.804242,58.64368705,57.37881407
Driver,91.51530064,1.901,3.358,-2.362204724,53.957,4.742,22.079,2.223,-1.135,125.4494005,1.3708,18.833,2.42,4050.0,-1.294,381.4398398,110.6649433,12.52411598,5.85183716,0.245254757,2.019624149,0.10265,191.1480638,5.761148088,47.89486296,60.12579076,6.580659,203.0068202,6.025054403,-6.934312837
Driver,99.70248747,0.891,6.688,-1.220472441,47.671,7.5,11.561,-0.627,-7.315,143.5524785,1.4398,10.234,0.307,2300.0,-21.042,405.1887582,53.44413267,-25.86719601,5.979369826,0.01565911,1.081860983,0.087602,216.5126989,-24.628352,25.80131583,66.01103477,5.081904,253.5173668,-33.5820589,-77.34171895
Driver,102.4449714,3.571,4.765,-4.68503937,49.104,7.863,11.481,-0.231,-4.996,143.2261095,1.3981,10.347,0.5,1910.0,-21.904,384.5700442,48.12837716,-19.77620959,4.993185459,0.032860736,0.910282362,0.073165835,210.8365677,-20.27924219,23.39551148,70.20984706,4.715132591,253.556417,-29.16172143,-66.32943677
Driver,98.12544739,3.5,9.3,-4.960629921,45.804,12.808,15.547,3.59,-5.71,140.4507427,1.4313,13.714,4.573,2840.0,-19.831,429.6226201,85.49184667,-6.566341437,5.806381932,0.444330333,1.427424032,0.088263,219.8449092,-16.98161094,38.05879545,59.85375123,6.201471,240.934667,-21.75300968,-103.2097172
Driver,94.23988905,-6.543,1.191,11.41732283,37.099,-7.533,8.651,1.41,0.219,130.4019775,1.3837,5.465,1.363,4124.86,1.691,384.4523492,55.57774515,23.87883108,204.8499602,16.56227589,-34.57741579,7.5656,179.0723974,14.09194704,40.29756347,45.56328805,5.6856,190.9602522,15.16501837,29.52494107
Driver,113.1106836,-1.485,-2.218,1.653543307,51.802,-3.388,11.818,0.497,2.715,163.1612384,1.4425,9.944,0.105,3098.69,7.461,549.5104952,99.75862693,23.72240501,6.357628697,0.019958447,1.148172689,0.0820036,268.7078533,18.22806983,39.57873962,61.7230203,7.02125,288.1115838,20.73131896,53.2102229
Driver,96.36721546,-2.7,-0.7,2.913385827,55.502,-2.747,18.185,3.389,4.089,138.5544918,1.4378,15.487,3.173,3789.81,7.815,435.3736517,112.9583942,41.16143804,5.73337933,0.288065248,1.611796902,0.089229,214.6276512,26.64711508,46.91242122,60.53571455,6.879629,227.6222081,28.96670001,44.45497944
Driver,89.96957767,-1.1,-7.9,1.377952756,50.581,-8.916,21.082,5.336,13.302,124.9069435,1.3883,17.777,3.181,4810.0,16.959,363.5995469,101.1915794,55.59199512,5.853872284,0.350041956,1.903949022,0.102599,182.9837242,39.24022929,46.63876113,58.33475865,6.311421,194.0414034,42.81082351,87.78644783
Driver,98.83679313,6.042,6.556,-7.913385827,44.295,12.783,17.09,4.401,-2.155,145.4323998,1.4714,14.64,4.896,3604.96,-10.557,471.4868701,115.2462753,9.479416832,6.337414033,0.527266712,1.690497329,0.0935401,232.5021827,-3.486157028,45.44986052,61.73031622,7.04377,240.1419454,-4.189282255,-69.94396444
Driver,99.95973515,4.615,4.318,-6.141732283,47.7,8.53,13.595,0.611,-3.707,147.3132158,1.4737,12.136,1.229,2310.0,-19.108,376.4409844,43.40728601,1.339856577,5.771888706,0.119130053,1.219089053,0.082289,235.085146,-2.957502303,15.40838086,112.2404527,3.888705,354.9018214,-8.58996952,-23.99590591
Driver,79.93468146,-2.5,-1.9,2.283464567,64.954,-3.107,26.395,2.46,4.396,98.73009127,1.2351,21.275,1.589,5074.92,6.466,255.423293,73.25500583,14.67993261,5.374796831,0.1593096,2.105476147,0.122106,134.6180924,10.47974515,44.12165982,53.22934989,5.227654,145.4496506,11.6840265,20.26236249
Driver,100.1677702,1.661,3.674,-2.125984252,45.89,5.285,17.256,-0.008,-3.682,139.1452666,1.3891,14.89,0.577,3360.0,-6.301,446.4226069,103.9101633,-10.97309545,5.91559093,0.052852543,1.590179874,0.091321,223.7361027,-10.18806746,43.20109323,60.77596778,6.718083,240.7114772,-11.71931334,-37.31496348
Driver,93.84618826,0.501,-2.103,-0.669291339,44.266,-1.589,18.796,-10.266,-8.163,128.5846904,1.3702,17.134,-9.472,2331.18,-23.174,378.5464269,79.31575088,-91.34703823,6.126031923,-1.029424566,1.888343675,0.103327,204.7385516,-62.49033097,35.14517105,63.15270832,5.67082,221.0134758,-69.61917101,-88.6595694
Driver,23.60415175,-5.2,-1.4,3.976377953,70.105,-3.928,45.494,-2.185,-0.683,25.62634216,1.0857,31.176,-1.838,3610.0,-0.523,20.85649592,6.278419319,-0.676413087,5.784898358,-0.196535395,2.057179585,0.559122,13.01908016,-0.445728139,33.69594897,23.63190194,1.298318,18.15229206,-0.623476925,-0.084522576
Driver,101.7470472,-3.9,4.1,4.881889764,52.005,0.99,8.422,3.258,-0.842,149.3593414,1.4679,7.185,3.453,1840.0,-2.602,390.50723,35.99262856,20.7153518,5.867545206,0.351688338,0.741884944,0.081831,211.2385272,10.23289853,18.67495222,73.45425545,4.39194,260.9938872,12.01826771,-7.48075345
Driver,82.36623121,0.428,-7.805,-0.590551181,51.338,-7.462,22.198,1.07,8.875,115.0449624,1.3967,19.507,-0.13,3330.0,14.076,334.8463664,86.70001991,21.01823342,4.91084282,0.001587197,1.74379251,0.093972,175.6578442,18.6785485,41.98030407,58.1167345,5.851704306,192.4175188,21.86614592,57.22438628
Driver,102.8386722,-0.3,6.7,0.62992126,46.438,6.329,12.89,2.103,-4.597,149.3960272,1.4527,11.276,2.657,2540.0,-12.676,469.3552453,75.97000505,-3.330553642,5.66411947,0.253231924,1.137182085,0.079996,242.5084723,-10.24453565,32.88478806,63.42241401,6.054075,271.3613783,-14.04159169,-64.39619549
Driver,96.49472083,-0.92,-5.016,1.25984252,49.027,-5.815,12.9,1.794,6.81,141.8163923,1.4697,11.228,0.943,2630.0,17.478,424.3501778,65.35620301,36.00957726,6.22963285,0.118964956,1.243605761,0.09281457,222.0943145,29.48933585,30.70848649,62.40145513,5.621093401,251.5896673,36.93704285,77.58762429
Driver,94.02066929,-1.4,2.8,1.417322835,54.023,1.164,16.5,3.563,0.811,138.0314961,1.4681,13.298,3.695,4390.0,5.921,423.4886169,103.3795488,40.46580655,5.868963578,0.35790927,1.417672529,0.090877,207.0722993,24.51443402,46.22022675,58.52748602,6.673002,219.2922236,26.48617174,33.63749752
Driver,99.89486399,0.917,6.088,-1.141732283,49.299,6.877,15.604,1.678,-4.41,143.1780154,1.4333,14.031,2.171,2337.88,-11.826,449.9819398,84.76283523,-4.394679333,6.024729686,0.218250422,1.510851552,0.08985,236.0330427,-9.883472041,35.11625632,64.23764939,6.122148,263.5260862,-13.13954394,-56.42984055
Driver,91.31621331,-0.392,2.485,0.590551181,44.495,2.086,16.264,5.15,2.665,121.8371958,1.3342,11.279,4.326,6101.86,23.028,308.7161407,53.1144898,57.49762063,162.4726226,41.42210585,0.142605787,4.75423,162.4714325,41.42163972,31.46804872,57.64734259,4.75418,181.7480275,48.95912809,88.35957261
Driver,94.43002863,-2.3,2.7,3.031496063,49.661,0.529,22.058,8.842,6.142,130.7480315,1.3846,18.381,7.878,4930.0,7.355,381.9482658,123.0268914,68.68417416,5.808705734,0.807676238,1.969635842,0.097735,185.5298869,39.88312893,52.35575239,60.72352678,6.818686,192.8256169,41.77151095,44.01518978
Driver,80.97933071,-0.09,-2.763,0.118110236,47.315,-2.846,10.476,9.142,11.905,111.1728257,1.3729,8.626,6.999,3100.0,9.008,258.1257958,27.14375652,38.15874612,5.801240578,0.716452294,0.878235832,0.10946,141.27557,23.6884241,19.96671601,59.28084265,3.808916,177.4722426,31.48071909,19.62273638
Driver,69.22870437,-6.4,-0.4,6.653543307,53.363,-5.699,18.055,3.581,4.038,97.53355404,1.4089,15.112,3.096,2890.0,3.14,234.9303338,41.57006212,14.8402544,5.818054354,0.318292134,1.558662092,0.128548,130.5665485,9.322833907,29.56437935,53.89552246,4.230563,155.6744986,11.52168148,6.826331948
Driver,89.3119184,-1.122,4.488,1.456692913,50.908,3.576,7.534,-2.665,-7.153,130.0630816,1.4563,6.302,-1.633,2070.0,-21.11,261.0028635,18.40023409,-18.17698914,5.868970167,-0.182496456,0.641801017,0.093874271,148.1231666,-15.10461777,12.6072782,75.60754898,3.15494702,204.6019879,-25.40557346,-32.69810112
Driver,83.46009306,-4.09,-4.243,3.74015748,63.457,-6.29,20.827,0.284,4.527,113.3504832,1.3581,17.699,-0.331,3580.0,7.873,324.859494,77.96489308,10.06322272,6.326921542,-0.024249683,2.029457672,0.122120667,170.3205975,9.315267459,40.5455046,56.63411909,5.656499887,187.3516248,11.05835848,30.89274807
Driver,103.1160523,1.281,4.994,-1.614173228,50.426,6.053,11.089,7.174,2.179,147.9520848,1.4348,8.961,6.693,3202.91,9.657,471.5495473,71.69698296,87.36384063,205.0560294,44.9494919,13.57729347,5.2005,227.9010708,52.25497154,35.93281518,56.10370602,6.20054,247.4701504,58.38694653,78.1342704
Driver,100.3690945,-9.243,-2.112,10.35433071,54.976,-8.661,6.702,1.599,3.712,150.5827219,1.5003,4.196,1.015,3846.59,13.013,455.4824629,47.36904738,39.09880564,6.241470258,0.124706594,0.48389588,0.0860741,219.5685362,26.95818068,27.68059205,56.89980562,5.49362,236.8773411,31.00698057,69.28171346
Driver,100.8477989,2.3,1.7,-2.795275591,49.755,3.572,14.151,-0.22,-1.92,149.0701056,1.4782,12.49,0.084,2490.0,-10.042,477.3049342,85.01108481,-19.74281366,5.866279841,0.000582418,1.307828116,0.083451,246.5389776,-17.31201337,35.15348763,63.80595731,6.289179,273.4180947,-21.0675466,-53.0176423
Driver,88.9853257,-1.879,-1.602,2.519685039,50.516,-3.151,10.939,-0.812,0.79,112.5017895,1.2643,7.48,-1.028,3870.81,2.271,274.1466232,28.83221447,-2.611976407,5.722312717,-0.100000425,0.760521201,0.1064904,144.5447747,-0.617308828,21.97135775,55.81537655,4.042689424,175.415963,-0.321512306,5.928143628
Driver,108.1379742,3.0,0.4,-4.251968504,38.055,3.748,16.251,-0.104,-0.517,159.3609073,1.4737,14.709,-0.074,2440.0,-1.244,536.3966474,124.040416,-3.644514104,5.828006,-0.003038405,1.544283941,0.078346,267.6917754,-2.919385984,43.89314966,65.25864239,7.336233,286.2973555,-3.286297472,-7.721005784
Driver,96.71617752,-1.192,-2.531,1.535433071,53.003,-3.429,15.883,0.453,2.984,141.3175555,1.4612,13.665,0.048,3160.0,2.125,455.6274915,96.54035118,5.404561975,5.895745551,0.007091912,1.448587785,0.0890568,229.494642,4.312792415,40.8700285,60.73322907,6.605514262,248.8645489,4.974251668,12.36169168
Driver,104.4157122,3.225,5.093,-4.330708661,49.521,7.849,14.01,0.667,-4.426,154.9709198,1.4842,12.974,1.107,1725.26,-18.183,463.4451178,78.41333555,-44.0499802,204.360087,-31.15464434,18.14965039,4.6934,241.5972052,-44.70404968,32.46227419,63.30353751,6.07854,269.5534423,-55.2168556,-147.8479967
Driver,88.54241231,-2.302,5.441,3.070866142,53.752,3.752,20.024,1.333,-4.108,123.9897996,1.4003,17.286,1.874,3430.0,-11.345,374.764495,91.79314487,-9.340450672,6.164269068,0.186482571,1.931751121,0.1083336,193.0658864,-11.70674171,42.31076292,58.92515609,6.168830987,209.950437,-13.97101723,-54.00730211
Driver,99.21483536,3.655,8.05,-4.763779528,51.06,11.008,12.456,1.101,-6.949,147.5709109,1.4874,11.259,2.072,2240.0,-36.798,392.5140761,53.3416963,-28.3357956,6.131808031,0.193593279,1.217747228,0.087691,213.8317091,-33.35288184,25.1993509,69.03588302,4.827677,252.8089033,-47.92360711,-122.9028269
Driver,108.5204903,6.0,1.4,-7.598425197,43.051,7.383,17.525,0.522,-0.852,157.6075966,1.4523,16.031,0.546,2345.87,2.641,535.9294721,128.4507111,12.56599833,5.936430124,0.065742027,1.718097443,0.081203,270.4772826,8.721646992,43.85215017,66.8678014,7.358861,289.551006,9.674766253,18.43535304
Driver,113.6811024,1.658,0.04,-2.322834646,43.327,1.798,16.337,-1.077,-1.117,167.2355941,1.4711,14.305,-0.916,3384.7,-6.115,575.2488384,152.6154804,-31.95913743,5.913906302,-0.100166128,1.530592572,0.075663455,275.2884297,-21.85418311,49.66683601,67.00929524,8.04120965,287.4469421,-23.36991575,-52.39311557
Driver,98.78981747,1.193,0.801,-1.496062992,52.816,1.706,10.874,-4.665,-5.466,140.9419739,1.4267,8.637,-3.379,3599.41,-1.113,426.7962398,66.16674673,-34.24237298,193.5542114,-19.36870486,10.73425632,5.01881,211.5433819,-22.25389317,34.93855757,57.51457825,5.78034,232.6080286,-25.59993754,-29.44774956
Driver,68.51288475,-0.2,0.8,0.236220472,71.117,0.319,15.791,-9.795,-10.641,66.53878848,0.9712,12.561,-7.344,2570.0,-23.002,84.62798877,10.22587972,-13.04841956,5.915978253,-0.789460134,1.212608201,0.189689,52.60298076,-9.455827368,16.28841473,50.66275341,1.93696,83.96841848,-16.71809943,-8.291227743
Driver,87.00116321,-3.126,3.256,4.724409449,45.468,0.175,8.418,-2.405,-5.661,113.4885021,1.3044,4.936,-0.682,4370.81,24.928,219.1350341,14.6599852,16.07327063,129.6110541,19.40933332,-3.553510768,3.41902,117.7680291,15.69080005,13.92993165,61.97801469,2.99902,154.4544231,26.50590293,51.2369035
Driver,100.4943629,2.812,5.654,-3.543307087,51.708,7.877,16.102,0.023,-5.631,143.1247763,1.4242,14.826,0.589,1972.93,-15.79,440.1268546,82.49980131,-19.49225406,6.067107243,0.049968591,1.606444083,0.090798,235.7747638,-19.6591118,33.50070931,66.95397854,5.885324,266.7387915,-25.06010254,-66.22005721
Driver,61.76181102,-7.513,4.708,10.27559055,48.998,-1.876,4.327,7.034,2.326,97.9319524,1.5856,3.025,6.778,1290.0,11.065,57.67443049,1.596180801,7.036209639,6.249921805,0.745346214,0.284302994,0.132033,37.19230978,4.68458508,3.49288992,86.45986947,0.828737,86.47938671,11.29831215,0.891799606
Driver,67.28256979,-3.89,3.226,4.173228346,52.438,0.228,13.388,4.67,1.444,93.23953114,1.3858,11.225,4.483,2010.0,4.709,166.3290109,18.74810814,14.13738041,6.281570075,0.495797552,1.204553558,0.142367,99.96818214,9.180804389,16.69199717,63.09335967,2.79588,131.0247174,12.46694893,4.115682963
Driver,97.55950251,-2.993,-5.86,3.700787402,49.354,-8.432,17.885,3.724,9.583,136.0840193,1.3949,15.096,2.363,4160.0,8.739,423.0088762,107.5672209,39.3112502,5.87114535,0.252976497,1.609495627,0.092917,209.0769367,26.15047267,46.08728075,59.747201,6.712859,222.1143211,28.57462802,52.72678754
Driver,111.2473157,6.7,3.1,-7.874015748,51.123,8.666,13.73,0.096,-3.004,164.6094309,1.4797,12.977,0.575,2070.0,-12.975,540.5457564,104.723998,-26.79416671,5.89943793,0.036707705,1.370220244,0.076137,275.4433179,-23.99688301,38.29772787,66.34148428,6.816457,300.4446825,-28.42306454,-80.24810653
Driver,85.46662491,-7.5,-2.3,6.299212598,61.878,-6.427,13.649,-3.079,-0.779,122.2230673,1.4301,11.319,-2.963,5400.0,-1.593,342.6212401,68.48498767,-20.62245175,5.369797273,-0.282546441,1.101994729,0.093206,171.9729399,-11.39470579,39.62603761,53.42918545,5.589088,185.4655764,-12.44156262,-7.528631925
Driver,96.91302792,0.9,-6.5,-1.062992126,50.835,-5.975,24.15,2.036,8.536,130.3371063,1.3449,22.001,1.163,5310.0,10.892,380.6029342,140.8133585,36.36107278,5.504313937,0.125667198,2.26141225,0.095097,183.9269692,25.90388449,55.15778788,64.15937829,7.05438,188.7932022,26.87193961,66.60789402
Driver,82.33938797,-5.0,3.8,4.803149606,69.536,1.426,7.117,-4.204,-7.928,114.458214,1.3901,5.473,-3.095,2230.0,-36.912,159.154927,8.815257096,-16.42106128,5.972947671,-0.353634194,0.553357935,0.108545,95.06464116,-13.87689529,8.717061154,77.15784147,2.103749,152.4958949,-27.95699521,-26.33680157
Driver,101.4495347,-2.874,2.461,4.330708661,39.094,-1.082,12.541,4.208,1.747,145.945553,1.4386,11.071,4.036,2143.68,6.38,438.8741621,64.52641849,40.30240504,6.24975256,0.445081979,1.230174108,0.0902779,232.6335703,25.13443471,28.91661946,65.94622485,5.54354,255.5411867,28.48631383,26.38332776
Driver,109.1893343,6.5,1.9,-7.519685039,51.603,7.036,15.139,-0.423,-2.323,162.090417,1.4845,13.903,-0.013,2056.97,-10.512,535.6216931,109.8480592,-25.55704481,5.635771992,-0.01275401,1.404670473,0.074125,273.281814,-21.46242816,39.55417531,66.53864041,6.909905,297.068785,-25.02132205,-64.20184035
Driver,90.44380816,-0.7,-0.9,0.787401575,59.982,-1.395,8.801,-0.161,0.823,116.5193271,1.2883,7.51,-0.275,1500.0,3.49,201.5211075,15.38598306,-0.018921992,6.006933106,-0.026377499,0.771664489,0.107495,120.3119135,0.461717449,11.90588854,77.76598804,2.65507,179.6259055,1.221052467,3.117484176
Driver,101.789549,1.794,0.753,-2.519685039,46.735,2.442,13.947,2.338,1.585,148.901888,1.4628,12.296,2.116,2462.97,0.142,478.8979958,84.49661409,17.69516572,5.983848208,0.221062392,1.313387007,0.085173,247.163166,9.375765181,35.06443391,63.83124982,6.293623,274.2516663,10.42966133,0.749972962
Driver,95.77890122,-8.664,-3.031,10.11811024,55.657,-9.007,9.265,-1.35,1.681,137.8462777,1.4392,7.105,-1.555,2970.0,5.311,391.8971665,42.30461121,-2.379649844,6.211737487,-0.163480559,0.786678787,0.0940166,201.6571348,1.465816249,24.27991241,60.68860452,4.96852,224.3715239,2.462109603,20.81222527
Driver,22.85030422,-3.8,8.0,2.913385827,80.114,6.758,35.759,-0.595,-8.542,25.09439871,1.0982,27.298,1.822,2152.63,-7.296,18.31438441,4.723331318,0.510590984,5.942427835,0.171351525,1.574354044,0.560737,11.64215044,0.308532901,29.18058902,23.5138233,1.121147,19.20929916,0.476824889,-0.184949676
Driver,94.37186829,-6.306,3.193,8.976377953,42.588,-3.712,16.274,7.256,4.063,129.9653275,1.3772,11.414,6.346,6368.69,19.446,355.5043038,72.98896182,81.39732395,172.8634425,52.69232682,2.561498928,5.51455,175.324208,53.93007305,44.61347731,56.0536842,5.64345,184.6790851,58.58670109,105.4806658
Driver,106.4580351,-3.635,-0.615,4.05511811,53.576,-3.302,15.266,-1.265,-0.651,153.1713046,1.4388,12.601,-1.17,4054.6,-1.933,501.1327749,123.0832051,-16.36211892,6.188580302,-0.128884146,1.427611282,0.0859348,240.9502221,-9.732204205,47.52380621,62.08167643,7.32879,247.0601181,-10.06802898,-14.44273079
Driver,105.7668218,3.7,7.1,-4.566929134,49.56,10.23,12.691,3.067,-4.033,147.0474678,1.3903,11.317,3.685,2200.0,-9.922,446.924525,67.75029288,12.47125709,5.725106537,0.361026002,1.150224816,0.082134,236.1525374,0.890326814,29.88116605,65.76035393,5.664504,269.9201788,-1.067666662,-42.86753454
Driver,95.98022548,4.466,8.276,-5.354330709,54.864,11.427,17.931,0.489,-7.787,140.9269864,1.4683,15.875,1.741,3330.0,-32.621,420.7969525,92.79372304,-52.83264426,6.052170919,0.149195117,1.729336155,0.092683822,216.6161957,-51.31514558,39.19126491,60.89118351,6.202817186,236.3918941,-61.18549477,-173.0557639
Driver,106.7376521,-1.854,1.601,2.125984252,52.493,0.177,15.015,0.367,-1.234,154.955485,1.4517,13.073,0.515,2997.46,-4.099,521.2297214,111.8277166,-7.063755836,6.399991725,0.052728314,1.521567814,0.087967,258.202345,-6.992826522,42.52145813,63.14993502,7.12388,268.7642037,-7.603275559,-27.93749775
Driver,97.95544023,-3.5,6.1,4.527559055,50.276,3.111,5.447,2.817,-3.283,142.2877147,1.4526,4.503,3.351,1420.0,-4.495,268.8454455,14.06314949,13.63841948,5.894171862,0.341770784,0.461834025,0.08586,151.3818178,6.835026855,9.775814298,84.51448821,2.887721,215.7833009,8.837709726,-6.048910592
Driver,92.93351825,0.92,0.25,-1.141732283,51.385,0.985,12.984,-0.441,-0.691,130.5212062,1.4045,9.544,-0.24,4464.17,11.664,366.1716391,64.9715198,26.18108298,145.7287461,12.87231302,18.68262119,3.88429,184.1159384,19.05462857,36.71671637,54.91753092,5.56392,201.0955814,21.69376603,59.46462272
Driver,94.2555476,-2.4,3.8,2.204724409,59.87,1.858,7.216,3.537,-0.228,122.0778901,1.2952,5.212,3.715,2430.0,-17.658,236.5671243,14.49993358,6.141778907,6.233330536,0.38638019,0.56542385,0.106253,131.8656846,-0.43784392,11.72259122,69.76695085,3.007351,181.9011008,-4.351234605,-26.94277166
Driver,87.74829993,4.751,2.467,-4.68503937,55.452,5.747,7.813,-10.789,-13.256,118.0554313,1.3454,7.411,-8.944,2195.83,-69.277,133.2004177,9.323741256,-28.27971254,6.49107109,-1.058578956,0.798203962,0.114709,83.04725871,-22.11711412,9.622180436,86.17250426,1.71271,143.6716048,-45.37860659,-28.20960927
Driver,98.89719041,-2.5,-1.7,2.913385827,52.23,-3.753,17.733,1.285,2.985,144.9626432,1.4658,14.704,0.981,4406.92,4.023,453.8437951,126.7536284,18.89533905,5.733942326,0.087757042,1.536425164,0.085034,218.3707382,12.55657054,50.2959647,61.88545896,7.200959,227.9967785,13.3809152,26.46667431
Driver,80.80932355,0.035,-1.706,-0.039370079,53.573,-1.68,11.178,-4.623,-2.917,109.0629474,1.3496,8.954,-4.029,2490.0,-9.532,229.0242363,22.60911043,-20.92820664,5.640713988,-0.404657701,0.877281426,0.108428887,130.5010301,-14.18266256,16.96148646,63.91911653,3.362731083,173.567195,-20.61062678,-15.0982176
Driver,101.8857373,-0.821,-1.931,1.102362205,47.82,-2.675,15.776,5.642,7.574,147.2362652,1.4451,13.789,4.692,3200.0,23.951,463.1376892,95.76347161,92.38634283,6.011778405,0.516015451,1.496037067,0.0871478,234.3716619,65.73608126,39.37711739,61.16840271,6.52587,245.9960742,71.13616333,141.3416124
Driver,79.03990694,-5.1,7.9,4.212598425,65.907,5.523,28.269,2.239,-5.661,105.5520759,1.3354,21.656,3.519,7019.89,-7.095,274.179764,88.29928313,4.661675478,4.700824817,0.275776968,1.890432175,0.100102,139.9223105,-0.455975799,48.89308695,54.70203688,5.650331,145.3659827,-0.674080723,-27.13030842
Driver,27.08035075,-2.1,-1.5,1.968503937,71.572,-2.32,41.666,-1.636,-0.136,27.58477989,1.0186,29.42,-1.555,3340.0,-0.061,23.3900594,6.611349385,-0.632122243,5.980630722,-0.168457774,2.111040043,0.527016,14.65971114,-0.413443213,32.0282446,25.18387121,1.340145,21.2065187,-0.598409981,-0.046906155
Driver,93.8484252,-5.3,5.7,5.984251969,57.69,2.288,8.296,1.605,-4.095,136.2019059,1.4513,6.66,2.027,2310.0,-12.824,338.4170883,29.79322002,-0.907268213,5.994018133,0.201176348,0.703867411,0.091743,181.0674502,-5.296080011,18.43959476,66.019824,4.152725,223.9263061,-9.586018943,-35.08338655
Driver,62.6476378,0.0,5.2,0.196850394,75.424,4.832,4.509,-8.225,-13.447,31.41911238,0.5015,3.162,-4.048,1340.0,-59.114,3.622995587,0.108085226,-0.263764393,3.022868619,-0.232783359,-0.053853928,0.1987,2.434800321,-0.183717788,3.613357046,31.02389974,0.159724,15.01414057,-1.202330027,-0.035614854
Driver,96.61327845,-4.077,0.256,5.31496063,48.637,-3.342,19.882,4.755,4.499,134.9344578,1.3966,16.95,4.163,4000.0,10.274,420.9527444,115.4798957,55.44533653,6.332314199,0.474566129,1.965585442,0.102029,208.7745671,35.72879977,47.4398739,61.10292293,6.84303,214.9065175,37.192522,62.10692223
Driver,86.03704366,0.336,7.507,-0.433070866,56.167,7.732,0.243,-10.297,-17.803,122.1156943,1.4194,0.256,-8.12,2640.0,-65.839,8.154986255,0.020947793,-1.175113054,5.983449484,-0.889673054,-0.003214556,0.101300799,4.914353448,-0.722785225,0.225413264,119.9611614,0.083008494,69.7380353,-10.84456964,-0.086852361
Driver,50.93727631,1.2,5.0,-0.708661417,86.206,4.683,20.787,-1.153,-6.189,57.72212777,1.1332,17.478,0.2,1990.0,-8.419,76.26826369,12.69769745,-0.380650205,5.860314222,0.008978262,1.670911417,0.221535,47.87308309,-0.602766067,21.08718869,46.59380841,2.02767,75.26244234,-1.364842622,-2.309572181
Driver,100.8231926,1.413,-3.0,-1.653543307,54.366,-1.987,14.7,-5.789,-2.79,147.1756442,1.4597,13.114,-5.444,2370.0,-7.582,469.83819,85.63478516,-58.41991492,6.324982314,-0.60709561,1.487457903,0.0914032,244.2676988,-35.91209188,35.12363255,64.14223502,6.24775,269.7589869,-40.92834078,-38.48268786
Driver,65.12168933,-4.6,3.0,4.133858268,63.306,0.154,26.296,-3.756,-6.709,83.42542054,1.2811,21.674,-2.584,3920.0,-7.668,192.0748508,48.22087627,-13.23958316,5.781379158,-0.274039283,2.270373483,0.155924,107.5744568,-9.490832222,36.79029788,50.57530055,4.209296,124.1656981,-11.50749008,-13.95061482
Driver,85.7126879,4.692,-6.349,-6.141732283,49.492,-2.328,22.297,3.819,10.168,121.139719,1.4133,19.535,2.086,3850.0,22.775,352.2081951,95.99633908,53.44476359,5.790978586,0.240911515,2.066973921,0.105594,181.8032018,41.85855011,44.17446856,58.66856599,6.113493,196.2741253,47.29292872,106.1731511
Driver,80.36417323,0.436,5.142,-0.551181102,54.779,5.45,13.216,0.205,-4.937,116.551539,1.4503,11.678,0.818,1910.0,-20.398,265.0081204,33.38967656,-7.578093519,6.166680049,0.070701992,1.256043103,0.11189322,152.5055578,-9.650627192,20.53028907,67.5926101,3.771776304,196.0859617,-15.95248786,-35.46748927
Driver,41.77925913,-4.3,-0.7,3.74015748,64.224,-2.936,35.372,-1.481,-0.781,40.83460093,0.9774,29.954,-1.277,5350.0,-0.67,51.82691759,15.47137751,-1.255467562,3.687820424,-0.091302716,1.943573774,0.217783,31.57471508,-0.819440858,35.02878939,34.1701546,2.107488,39.35602649,-1.029103516,-0.347399866
Driver,68.05878669,-3.2,1.8,3.031496063,72.633,0.416,13.409,-19.089,-20.943,47.49753937,0.6979,9.414,-13.912,3060.0,-39.894,29.21638526,2.514244513,-7.516778696,6.114369402,-1.537799765,0.719193893,0.272428,18.98458782,-5.230004206,10.5746289,42.23139694,0.882563,42.1829016,-12.44341417,-2.066165215
Driver,95.60442019,-3.752,1.266,5.275590551,43.911,-2.64,8.815,4.427,3.162,131.3099499,1.3735,6.966,3.956,2487.4,-10.224,322.8856134,33.22042353,9.950718467,177.5392907,1.824705435,-4.952533219,4.54875,166.9683846,2.239548427,22.84768516,60.18760124,4.14875,199.9137798,1.047619929,-27.85189075
Driver,78.34421976,-5.472,-9.607,5.196850394,60.936,-12.659,19.818,-3.667,5.94,99.1817287,1.266,16.42,-4.523,3440.0,8.399,250.3818352,49.87712895,-11.82637244,5.162604048,-0.398156614,1.516049281,0.1127368,137.1211582,-3.786329248,32.89912418,53.88671616,4.555324943,158.9945215,-3.399903861,21.10384365
Driver,111.6835183,-5.707,-0.82,7.637795276,49.584,-5.702,7.505,-5.617,-4.797,156.971412,1.4055,6.287,-5.17,2020.0,-13.217,423.7571977,37.04992753,-54.55296168,6.228231261,-0.570340204,0.692841232,0.082468,224.0651493,-34.81478441,18.87312697,72.43967944,4.59042,268.9111622,-44.96515866,-44.18280135
Driver,99.00903722,-3.071,3.177,4.37007874,42.862,-0.137,13.446,2.493,-0.684,148.2954545,1.4978,10.918,2.601,3726.16,-2.336,480.6382888,96.80234973,14.71367317,6.288989164,0.282505532,1.248718215,0.0896236,235.0625486,5.549919601,41.82632523,59.35547005,6.76724,244.4496067,5.598841271,-15.36018719
Driver,80.03758053,-4.599,5.982,4.606299213,58.913,3.203,17.294,-1.068,-7.05,106.6689782,1.3327,14.477,-0.108,3140.0,-13.918,274.4697711,48.13314295,-13.73673412,5.973457234,-0.028560579,1.536370893,0.12021,150.1030833,-12.75048894,30.165714,56.13277022,4.587814,175.8015968,-16.95779407,-37.40565433
Driver,102.1496958,-1.6,-4.6,2.047244094,47.93,-6.759,17.463,-2.845,1.896,140.0031317,1.3706,15.231,-3.042,3120.0,20.903,434.4769976,97.36227673,23.08445638,5.738169904,-0.28806137,1.574038616,0.088127,220.7975028,26.87066019,41.17832327,60.74252603,6.459801,239.2976501,31.96762343,115.3889417
Driver,83.672602,0.81,-3.763,-1.062992126,50.965,-3.107,23.403,10.246,14.009,111.7170723,1.3352,20.243,8.068,4160.0,20.665,310.3975111,85.4659136,72.97651866,4.779643347,0.69155591,1.770491616,0.0947656,162.1706497,49.54951167,43.60962663,56.59204598,5.720480076,175.6704926,55.28581234,82.16136756
Driver,100.7829277,1.085,2.541,-1.417322835,46.523,3.57,16.631,3.951,1.41,147.8740157,1.4672,14.264,3.727,3490.55,5.026,486.527891,117.452996,45.19598087,6.234690241,0.411419589,1.620227548,0.0903112,239.208245,26.91417254,45.50759401,62.1991748,7.14946,246.9953106,28.07299647,34.22051427
Driver,79.82059771,-0.016,-0.082,0.039370079,39.937,-0.101,16.368,11.503,11.585,109.1586883,1.3675,12.321,8.509,5391.8,20.293,254.6201791,42.37533913,57.95455455,135.9473374,38.16131633,1.883600693,4.06658,139.5464884,39.52856595,28.07356897,56.81234423,4.21324,161.8261093,48.0093189,57.87360073
Driver,99.86354689,1.579,3.162,-2.125984252,46.239,4.675,14.61,1.1,-2.062,145.8654707,1.4606,13.247,1.324,1998.57,-9.231,449.801017,77.29385893,-4.266921081,6.196081804,0.135693261,1.461645685,0.090361,239.3846827,-7.624725814,32.05009099,66.86098335,5.832036,271.9403199,-10.42235712,-39.45339232
Driver,94.76556908,-3.538,6.24,4.330708661,52.43,3.514,21.833,3.06,-3.18,128.7121958,1.3582,17.959,3.587,4990.0,0.958,383.7761917,116.2817053,25.25990179,5.911048454,0.371282365,1.951553797,0.100705,188.8961225,13.64715532,50.09993002,60.25875135,6.692461,197.6704548,14.33254009,5.499577229
Driver,101.194524,3.3,0.3,-4.173228346,49.402,3.245,15.434,0.381,0.081,149.3911059,1.4763,13.641,0.433,2660.0,-2.974,492.9242672,99.91120229,-3.306212231,5.631987579,0.040307808,1.377095708,0.08032,250.895654,-3.956596738,39.27269448,63.5063981,6.728886,273.3039618,-4.780984278,-17.55695263
Driver,95.47915175,3.192,3.831,-3.937007874,50.749,6.442,11.255,0.715,-3.116,139.7666875,1.4638,9.992,1.212,1880.0,-15.432,370.1498878,44.48758199,-7.466889776,5.829378254,0.1128368,1.024864455,0.087574,203.3282179,-10.26178391,22.34483097,70.10448721,4.570438,247.3309248,-15.81228204,-43.66430328
Driver,107.8136185,1.485,2.707,-1.653543307,51.146,3.903,13.896,0.456,-2.251,160.5084556,1.4888,12.454,0.726,2337.74,-6.576,535.8694983,99.81123887,-9.112236212,5.479473558,0.064732805,1.227155068,0.0722851,273.007506,-9.846810488,37.23170527,65.62334858,6.77472,297.0909681,-11.82559162,-39.90893838
Driver,104.4716356,-4.427,-0.6,5.078740157,53.585,-3.874,18.391,4.898,5.498,144.3497226,1.3817,15.558,4.171,4180.0,13.165,457.018254,124.4167651,70.72369161,6.104068973,0.461486152,1.738298939,0.091167,222.8884579,45.98550207,48.43918587,62.19044104,7.14483,228.3923652,47.62467899,90.00315912
Driver,105.4872047,5.3,9.1,-6.299212598,51.494,13.341,12.333,-0.491,-9.591,145.7236489,1.3814,11.354,0.903,2410.0,-28.615,414.6669042,60.24087892,-33.9339207,5.742511638,0.069842187,1.154593948,0.083163,221.5072881,-34.13408382,27.88971938,65.68150684,5.270928,255.6830046,-45.75191989,-112.7370881
Driver,81.46027201,-3.2,-1.0,2.913385827,57.098,-3.722,26.325,0.672,1.858,106.4656407,1.307,20.674,0.263,5980.0,2.95,283.6060211,86.17058995,5.879153591,5.976296707,0.03382094,2.287363929,0.125783,145.492292,4.437353386,47.32375398,54.87888817,5.657866,153.368208,4.802054509,11.30933587
Driver,96.77210093,-0.173,4.284,0.236220472,50.38,4.141,21.56,3.079,-1.204,132.3416249,1.3675,18.551,3.26,3960.0,-0.4,413.3866528,122.4963921,21.43653798,5.841159945,0.331610863,1.985162696,0.09689,204.5647201,10.8347547,49.26250399,61.96527457,6.9268,215.7591162,11.39984857,-2.398320146
Driver,99.35128848,-1.413,4.496,1.692913386,53.079,3.434,10.96,2.808,-1.688,146.1730494,1.4713,9.486,3.013,2160.0,-5.013,424.8776774,53.81397421,15.05460849,5.299223216,0.275748989,0.89045206,0.0758784,225.5187906,5.468521481,25.65758093,66.62529114,5.20572,260.7746744,5.278295453,-19.16817664
Driver,79.28149606,-4.1,1.5,3.700787402,59.32,-1.007,32.47,1.04,-0.46,100.0982015,1.2626,25.717,1.04,8740.0,-1.396,251.2102302,93.60208755,2.61598295,5.727620443,0.110805759,2.79830101,0.133873,127.5330749,0.915837804,52.11056903,55.30479898,5.626119,129.1583021,0.917558505,-4.197099623
Driver,84.98792054,2.75,-2.053,-3.700787402,53.721,-0.033,14.587,-2.726,-0.673,126.0846904,1.4836,12.071,-2.579,3154.5,-2.06,369.7961522,62.6064405,-19.6742628,6.247717849,-0.283533453,1.346294819,0.105226974,192.7322709,-11.50650446,33.1335764,57.92014583,5.47881506,216.9118958,-13.28605174,-8.513926244
Driver,110.8759843,5.1,2.3,-5.905511811,50.257,6.548,18.638,-1.702,-4.002,161.263869,1.4544,17.293,-1.249,2248.1,-10.267,555.6503556,141.0114976,-39.9017346,5.592072835,-0.132333945,1.751007486,0.075179,280.9921327,-29.68819272,44.93962554,69.08331074,7.581933,299.3481473,-32.85487484,-70.77153904
Driver,92.60468862,1.857,2.186,-2.519685039,48.437,3.833,16.988,-4.517,-6.703,134.5716267,1.4532,15.186,-3.677,2640.0,-23.125,403.4516943,79.48741124,-62.25159887,6.107670447,-0.413780352,1.664877141,0.0974646,213.5656782,-47.38770075,35.19311265,61.99191106,5.84627,229.1058028,-53.21179256,-101.8057141
Driver,98.44309234,-3.4,-1.6,5.0,41.12,-6.46,13.209,-1.95,-0.2,141.5640659,1.438,11.11,-1.771,2950.77,11.015,437.3534896,74.1202577,8.071494445,5.991294934,-0.190483596,1.1896524,0.089431,222.2579698,11.3521915,35.08592921,59.58455754,6.009478,245.4779755,14.43470495,54.61996362
Driver,83.75984252,1.555,-3.439,-2.165354331,49.367,-2.104,20.198,2.992,6.431,121.8074445,1.4542,17.294,1.921,3720.0,12.068,362.1040054,90.11432678,34.13538253,4.916187589,0.175763602,1.54122041,0.08770289,186.0821547,25.02981115,42.80552329,58.07440539,6.089460875,201.4160513,28.27908507,56.50403786
Driver,91.08357194,2.201,4.82,-3.031496063,48.035,6.8,17.777,5.093,0.273,135.3107105,1.4856,15.292,5.047,3340.0,-4.674,429.2813499,99.99373599,26.09920265,6.100273787,0.531250743,1.685059821,0.097094928,216.8280391,10.34794493,42.7885204,60.36781463,6.581003451,233.9248079,10.61126121,-26.23629327
Driver,83.14021117,-1.28,4.907,1.57480315,52.99,3.942,17.691,-0.688,-5.594,115.7337151,1.392,14.605,0.271,3700.0,-10.526,326.2072035,65.84362917,-14.01622981,5.749156316,0.014276828,1.508048723,0.10671678,170.9216867,-12.62762491,36.60510465,55.67627629,5.384680405,190.2342261,-15.36996527,-40.3011119
Driver,63.53793844,-1.115,-8.672,0.984251969,64.758,-9.198,29.372,1.29,9.963,74.03990694,1.1653,22.549,-1.251,5277.97,10.951,151.7507348,38.44969235,1.658011376,6.072750866,-0.107949895,2.467863849,0.1866168,86.48622672,2.858779199,35.77182154,47.16121306,3.680072266,100.0634075,3.879733112,14.23578655
Driver,99.34905154,3.124,7.231,-4.173228346,48.032,10.044,15.573,2.699,-4.531,146.8190766,1.4778,13.682,3.414,2936.49,-21.291,464.3357645,92.61999668,-19.83855635,6.046282229,0.33993555,1.482713023,0.087877,236.9032993,-26.12539274,38.12080865,61.89748655,6.440079,259.2965332,-32.23444579,-120.301923
Driver,96.71841446,-3.436,2.902,4.212598425,48.032,-0.194,17.2,17.026,14.124,135.1118468,1.397,14.705,15.204,4090.0,33.543,384.5567778,82.0051756,159.5813544,6.51731861,1.754530223,1.731070775,0.103668,196.6503019,103.2312018,38.56616308,57.99045116,5.85995,212.7702072,115.5900788,167.1675648
Driver,101.3958482,-2.7,6.7,3.267716535,53.193,4.639,11.359,4.373,-2.327,148.3809055,1.4634,9.786,4.663,2350.0,-4.956,450.1344275,61.797116,27.93056456,5.823416626,0.469763139,1.0113026,0.082396,235.1969129,11.82375881,28.49363118,64.8080364,5.588235,268.8970138,12.4334278,-21.9345241
Driver,89.45955619,-4.4,-0.2,4.330708661,55.306,-4.111,16.859,-2.852,-2.467,127.9411238,1.4302,12.925,-2.275,5030.0,-4.747,372.6372256,85.20065561,-25.71508495,6.100213544,-0.260595603,1.435585572,0.101983,184.8105544,-15.97593429,43.72325916,54.70967412,6.142335,196.482379,-17.38949334,-25.96380025
Driver,111.0571761,4.942,0.109,-5.984251969,44.508,5.156,13.795,1.432,1.323,162.1266553,1.4599,11.991,1.156,2937.28,8.255,550.5431168,112.0611527,35.67836939,6.154697713,0.132878039,1.338915397,0.0804404,271.4307638,25.20919765,41.61064448,63.39555565,7.22823,282.3781142,26.92747652,59.25515498
Driver,92.55100215,-1.59,8.649,1.929133858,55.96,7.575,19.372,1.015,-7.634,126.8047602,1.3701,16.094,2.29,4400.0,-9.6,378.9079471,97.45852341,-6.535963818,5.946430501,0.223933289,1.741915429,0.101644862,190.2049756,-9.304672921,45.2948359,58.1224859,6.336582923,202.9466266,-10.74429941,-50.66471697
Driver,95.45454545,-3.728,-0.001,4.212598425,53.296,-2.785,19.266,3.254,3.255,135.2997495,1.4174,16.481,2.832,3780.0,5.087,427.2265196,112.9660691,33.15686419,5.306382676,0.26715105,1.59501833,0.0847872,212.4491936,20.65458032,46.55038711,61.03220375,6.83151,224.799297,22.27460698,30.54742356
Driver,111.4732462,-1.413,0.622,2.007874016,49.107,-0.602,12.519,2.504,1.881,157.134932,1.4096,10.303,2.197,3490.57,-1.856,497.9078538,108.3128882,3.981963258,218.2824206,0.026273118,9.447370489,6.51226,226.4199165,-0.064770598,50.84805847,56.57540617,6.98023,236.5575562,-0.179811778,-26.2339217
Driver,96.95552971,-1.1,1.1,1.535433071,52.349,0.068,14.755,4.793,3.693,140.5297065,1.4494,12.699,4.424,2950.0,2.728,441.7373877,87.60885795,39.48891703,5.97895937,0.463955458,1.363130481,0.090507,222.5440395,22.16699756,39.44687108,59.2015305,6.382193,242.268938,24.52654716,15.06005196
Driver,99.86130995,2.8,-9.4,-3.582677165,48.32,-7.488,14.23,1.113,10.625,137.4711435,1.3766,12.732,-0.189,2810.0,19.936,411.3858391,72.84938469,32.70783995,5.737332356,-0.016424211,1.303619264,0.08868,213.6035463,29.54208498,34.33795583,60.22328723,5.802614,237.7953054,36.33623326,90.71927923
Driver,97.23067287,-0.4,-8.2,0.511811024,53.816,-9.217,22.001,-2.364,5.965,124.4315945,1.2798,19.195,-3.228,3590.0,13.616,373.3662232,104.5750598,7.710529562,6.027468786,-0.314487295,2.117029605,0.106843,190.0388301,12.38006806,46.09882802,59.54537293,6.417375,203.6160607,14.41830943,69.11601736
Driver,85.89835361,-6.0,-0.8,4.842519685,59.707,-5.022,24.426,0.011,0.979,117.7353257,1.3706,18.414,-0.246,7020.0,0.212,316.0218617,99.2693983,-0.61381862,5.656894491,-0.019471323,1.928920219,0.106088,156.4830591,-0.21253379,50.58703363,56.19858279,6.090928,161.43908,-0.213165779,1.377981175
Driver,103.3486936,1.3,6.1,-1.496062992,52.45,6.983,9.311,2.83,-3.27,150.1552434,1.4529,8.289,3.378,1640.0,-13.442,396.5980049,42.02641782,8.699739124,5.455914358,0.313842082,0.796724215,0.075868,214.353245,-0.744854067,21.14816519,71.73450998,4.567088,260.0546934,-3.918774972,-40.12150641
Driver,100.5234431,-3.704,1.292,5.708661417,38.825,-3.322,11.698,5.378,4.086,145.2585898,1.445,9.081,4.667,3907.16,14.696,450.8935623,76.00291197,72.92824272,5.740957915,0.481787665,0.943107211,0.0829138,221.8445983,46.58160787,36.97788641,57.24000009,6.18864,233.001835,50.25910119,86.33786721
Driver,85.71045097,-2.145,-0.08,3.11023622,46.307,-2.131,11.763,9.225,9.305,117.7149696,1.3734,9.255,7.501,3537.91,16.665,301.8996972,42.20574156,62.73996986,158.1854497,40.9766771,-2.025387006,4.69356,154.7127997,39.60477697,29.11700104,55.0374698,4.54356,177.9090562,48.66004618,59.22622366
Driver,118.716446,0.504,-0.543,-0.62992126,45.976,-0.057,14.623,3.12,3.664,172.2546081,1.451,12.825,2.636,3179.7,3.503,600.7280625,145.0918507,40.11604817,5.971999808,0.277748554,1.380742615,0.0736712,288.2672218,23.35730898,47.67367169,66.52475257,8.01445196,302.3517834,24.88111304,30.35576561
Driver,54.84073014,0.308,-4.204,-0.275590551,62.669,-4.045,32.16,6.618,10.822,57.43356299,1.0473,26.643,4.393,3330.0,13.424,97.63947935,26.75535221,9.594304853,6.35411717,0.520560638,2.978896492,0.2604728,58.27007678,7.015972905,34.422174,43.12210878,2.899539816,73.97289958,9.432086941,7.693518723
Driver,97.87714746,-3.5,4.1,4.05511811,53.494,1.505,9.559,-5.305,-9.405,138.663878,1.4167,8.167,-4.144,2370.0,-11.118,372.4084689,39.58938302,-39.58740216,5.751245292,-0.423809392,0.828235887,0.086676,199.5729996,-26.16889082,21.66110909,66.21265377,4.614758,240.3118537,-34.08467546,-35.4095086
Driver,120.5663923,5.1,2.7,-5.866141732,50.775,6.727,20.74,-2.868,-5.568,169.5076503,1.4059,18.979,-2.095,4170.0,-12.203,551.4753647,204.2446269,-73.25904141,5.941436456,-0.243313233,2.07770552,0.077061,253.9018356,-48.39818432,58.42311513,74.28227788,8.603778,257.3508352,-49.31069,-117.7627767
Driver,77.29062276,-2.029,-0.193,2.440944882,52.941,-1.726,14.202,-0.17,0.022,112.6096099,1.457,11.474,-0.174,3050.0,0.05,291.7507001,41.86111669,-0.827297012,5.598247627,-0.016967704,1.13608101,0.10520768,157.8835317,-0.433394235,26.64597569,57.38417763,4.500145497,187.5021432,-0.50605052,0.138232316
Driver,69.18843951,3.7,7.5,-4.527559055,57.931,9.7,6.284,-7.213,-14.713,84.31348425,1.2186,5.863,-4.89,2100.0,-10.752,84.71768046,4.70551612,-8.007977095,5.942892277,-0.517813279,0.560109014,0.146887,53.08227707,-5.489776993,7.642783177,66.6143302,1.464906,101.3889357,-11.40231192,-2.907494537
Driver,79.85415175,8.263,11.71,-8.464566929,55.199,17.503,15.657,8.103,-3.607,121.4213493,1.5206,14.806,8.53,1140.0,-24.885,292.1725696,45.476509,30.18365718,6.30330077,0.918724547,1.641452807,0.111007,170.7638762,11.93587525,23.81547178,72.83350529,4.06543,202.7568792,11.66534956,-40.38942147
Driver,104.95034,-3.309,0.648,3.700787402,52.665,-1.879,19.482,5.279,4.63,147.2000268,1.4026,16.695,4.672,4160.0,11.102,471.2649468,139.3065753,71.76621837,6.177859302,0.518750195,1.895676435,0.0910342,227.5192854,45.12760264,50.95458301,64.54722661,7.43214,232.1873318,46.39605247,80.44221328
Driver,87.86909449,3.9,3.1,-5.551181102,47.553,6.821,20.67,-5.805,-8.905,120.110281,1.3669,17.923,-4.09,3730.0,-14.498,348.0311016,91.4060367,-50.85433715,5.714581758,-0.426837332,1.86566586,0.104135,177.5593369,-34.99114102,44.4789112,56.99527972,6.073207,191.3086148,-38.97063469,-67.45872985
Driver,95.58205082,-0.03,3.013,0.039370079,54.986,2.992,18.932,0.242,-2.77,140.398622,1.4689,16.697,0.59,3150.0,-5.227,457.9933046,116.2709138,-8.476773038,5.573171896,0.052259185,1.695291543,0.0859136,229.9391188,-8.290783269,45.0712734,62.72857669,6.98215,244.7582001,-9.346760596,-31.96964137
Driver,95.24203651,4.388,8.565,-5.708661417,54.26,11.73,13.095,-4.375,-12.939,140.3664102,1.4738,12.091,-2.808,2550.0,-40.756,362.0652827,51.99026482,-61.68101307,5.899503604,-0.320809755,1.258750011,0.088990521,197.4535973,-52.73493577,25.92188845,66.47811844,4.685637337,233.4064175,-71.31055646,-130.0496585
Driver,73.49454188,-3.696,-5.936,6.141732283,44.964,-9.644,16.707,-6.236,-0.301,103.3319166,1.406,12.571,-6.173,4241.76,13.019,236.2132135,38.32157181,-14.44813225,139.7693935,-5.027279389,-5.538178145,4.29808,130.012668,-5.215774765,27.51060306,58.63952312,3.90808,155.6607056,-4.8941898,26.35076151
Driver,100.4406764,-1.531,-2.043,2.204724409,45.667,-3.54,11.814,-4.512,-2.468,142.5702398,1.4195,9.192,-4.016,3776.0,11.476,428.5267207,67.95780021,5.109289624,222.2023549,15.26759464,-5.169272274,5.87125,214.7898355,13.61802633,33.2460284,63.88197136,5.58125,239.3894782,18.9767086,85.79141523
Driver,93.60459914,-0.9,-2.9,1.299212598,50.483,-3.854,12.993,1.112,4.137,129.8367037,1.3871,10.681,0.409,3110.0,0.511,381.399465,58.30046185,3.516755573,5.947126002,0.042942688,1.13150334,0.096664,197.9871602,2.124497991,31.13779688,58.49048165,5.411079,224.2229711,2.498401601,2.133679063
Driver,102.702219,8.425,-0.342,-11.41732283,49.393,6.953,7.979,-7.629,-7.287,142.7243647,1.3897,8.052,-6.563,1500.0,-80.195,149.5828654,11.17847007,-24.53402076,4.897641572,-0.582950338,0.664698402,0.0714184,94.66719394,-20.0414412,9.94053439,105.0622274,1.605412056,175.8357446,-45.44558277,-28.00592317
Driver,102.1966714,-3.526,-1.048,4.448818898,50.164,-3.994,13.735,0.726,1.774,140.5836167,1.3756,9.353,0.264,6145.48,3.762,414.9153852,89.71536804,12.53612351,6.522025789,0.037250821,1.139965791,0.097848,200.0899847,8.678090219,44.4963609,56.10878329,6.37021,209.1171601,9.332480191,23.27076124
Driver,93.56209735,2.3,0.5,-3.228346457,45.903,2.845,15.102,-3.613,-4.113,137.9223336,1.4741,13.124,-2.781,2850.0,-15.861,420.2830698,80.43526295,-51.01896259,5.684286952,-0.290231535,1.335733512,0.087753,215.2786087,-36.88022665,37.19191743,59.2273478,6.079525,236.9269096,-43.08167951,-79.63859981
Driver,27.69103436,-7.6,-1.8,7.244094488,55.778,-7.514,26.306,39.798,41.652,23.51266106,0.8491,21.092,31.804,2070.0,41.414,13.01919538,2.532469001,6.837769385,3.852552899,2.059770448,0.836372219,0.364922,8.450964965,4.590610381,22.34881921,22.36739814,0.81366,15.61398992,8.590952993,0.485877557
Driver,89.80628132,-1.7,-4.9,1.968503937,54.946,-6.158,9.685,-2.169,2.781,120.7867305,1.345,7.499,-2.71,2700.0,-5.356,284.6123102,26.12759266,-17.66300562,6.046524839,-0.291177011,0.794933084,0.104617,155.8593597,-11.41108034,17.94775574,63.76536898,3.843515,197.6063632,-15.6230251,-12.14682601
Driver,100.3534359,0.7,-5.5,-1.062992126,42.801,-4.763,18.868,-2.451,3.049,145.3471725,1.4484,16.526,-2.861,3429.5,6.807,471.2321564,128.9703416,-3.132315684,6.041423014,-0.294516719,1.815909275,0.090101,231.422049,3.746226184,48.39530403,63.38801654,7.269714,244.074444,4.53671575,45.8731203
Driver,90.57355047,-1.66,5.091,2.007874016,54.041,3.886,36.379,-6.985,-12.076,106.0757427,1.1712,28.986,-4.076,8180.0,0.381,275.6376842,119.1971311,-16.98879048,5.26472921,-0.373466184,2.958363263,0.1193672,135.3377026,-9.094742371,56.61656412,60.33208171,6.179676262,135.5595833,-9.109324301,1.578809968
Driver,108.2990336,4.1,-0.3,-5.078740157,49.128,3.224,15.075,0.029,0.329,161.6942555,1.493,13.905,0.001,2680.0,-0.764,551.3490091,125.3609009,-2.404107043,5.788952733,-0.001873671,1.448585567,0.076399,272.8321557,-1.896370584,44.09980791,65.15495932,7.450419,290.8835314,-2.123344133,-5.703396863
Driver,95.62007874,2.161,3.487,-2.952755906,46.366,5.549,13.467,-2.672,-6.159,140.0263958,1.4644,11.884,-1.783,2510.0,-22.617,407.034531,62.84585735,-45.66494883,5.809927823,-0.198661799,1.22527481,0.087784,216.4466801,-37.15592529,29.58617607,63.58978487,5.410808,247.7709925,-47.14558599,-91.51002225
Driver,39.9964209,-4.9,-8.9,4.05511811,62.061,-11.673,68.47,-5.114,3.786,17.23917323,0.431,54.838,-6.816,1420.0,1.18,11.40826722,6.747038843,-1.081596032,1.471636308,-0.173431859,1.627783046,0.307976,6.086327913,-0.71419094,56.36216853,16.99765537,1.304559,8.239807534,-0.966510943,0.024598114
Driver,94.73425197,1.3,-10.1,-1.417322835,52.094,-9.229,22.291,-0.316,9.784,130.4153991,1.3766,19.076,-2.006,4620.0,16.399,390.391963,119.1729569,27.19162872,5.766882582,-0.178839209,2.022189784,0.097489,193.7298581,25.05807954,49.57628254,61.08709378,6.751113,203.3330431,27.29046739,95.30131952
Driver,112.5134216,5.3,-1.3,-6.614173228,50.141,3.139,16.525,-2.994,-1.694,163.2567555,1.451,15.45,-2.749,1762.6,-6.29,549.8178237,118.8869364,-40.57340144,5.903022585,-0.295656119,1.639255747,0.077631,284.5648317,-26.1583218,39.83163388,70.09556145,6.991072,309.059495,-29.33210495,-37.6142314
Driver,102.9997316,3.749,6.262,-4.606299213,52.401,9.154,9.097,-3.898,-10.16,153.0621421,1.4861,8.51,-2.751,1940.0,-52.786,306.9739204,28.02503958,-43.99000422,5.927932055,-0.315362908,0.876021097,0.080927,175.8534619,-38.96791642,15.53012946,83.46409822,3.333951,235.3922683,-63.70381333,-92.07795526
Driver,112.4082856,6.0,-1.2,-7.519685039,42.375,5.027,19.142,0.982,2.231,164.369184,1.4622,16.964,0.491,3610.0,6.831,540.5566198,174.9191592,32.30427664,5.750977249,0.066299059,1.782221967,0.075964,253.4615671,22.49189994,54.98563131,69.41174642,8.240657,260.8689299,23.48437435,60.98284107
Driver,104.5275591,5.68,4.538,-6.535433071,54.489,8.608,12.747,-0.387,-4.926,154.6465641,1.4795,11.121,0.769,3041.54,-23.717,487.0710598,83.91708041,-49.12709287,6.183507536,0.059644663,1.235597125,0.0844147,245.5965599,-43.29678711,35.53648729,61.40398399,6.34167,267.5366818,-51.40842158,-139.6123721
Driver,89.50653185,-0.514,-1.557,0.669291339,46.918,-2.037,7.633,-3.893,-2.336,127.2470025,1.4217,6.135,-3.46,1970.0,-10.144,250.9979188,17.10774516,-19.86483648,5.870151941,-0.361525548,0.62416336,0.095933,142.9189062,-13.44111513,12.03732623,75.86137858,3.063431,200.0207928,-20.88320342,-14.48833812
Driver,101.0043844,-0.897,-3.742,1.220472441,47.278,-4.571,11.183,-3.919,-0.177,142.2812276,1.4087,8.769,-3.883,3411.56,10.06,430.7796949,62.99140735,-2.353829528,234.0708896,10.77698603,-9.678744583,6.31577,218.7435567,7.839235633,29.78218771,61.51004356,5.71577,245.5760692,12.52237078,67.87463449
Driver,94.22870437,1.5,-6.9,-1.811023622,51.62,-5.712,10.198,1.927,8.831,126.0395043,1.3376,8.635,0.305,2800.0,6.135,332.0692718,37.40973386,8.563365573,5.694702929,0.035625717,0.867970637,0.094638,177.6501303,7.143831385,22.80624635,61.37318328,4.502611,213.4220888,9.894731831,18.59646825
Driver,99.40050107,2.332,2.893,-2.952755906,51.173,4.771,10.007,-0.297,-3.19,143.8922691,1.4476,8.915,0.164,1690.0,-13.646,369.4253456,39.40864042,-11.32144542,5.873677235,0.008045627,0.919287242,0.085404,203.7511409,-11.23729365,19.94956485,73.57731323,4.341397,252.9176026,-16.95734795,-35.45869261
Driver,108.5182534,6.3,0.3,-7.913385827,50.167,5.56,17.113,-1.091,-1.391,158.1346188,1.4572,15.306,-0.932,2858.83,-6.167,530.2024201,135.5570187,-26.92914992,5.660971158,-0.090409492,1.566790708,0.076942,259.4781436,-19.07143011,47.36755097,64.95139048,7.593577,274.1980705,-20.80643785,-44.57914695
Driver,98.76521117,0.845,0.266,-1.141732283,44.525,1.126,19.793,0.126,-0.141,144.9286417,1.4674,17.556,0.143,3220.0,-0.408,480.8794858,133.0706364,0.011439144,6.253163295,0.015121933,2.012116818,0.0940051,238.0228501,-0.318562081,47.97731937,64.69660089,7.3688,244.8321687,-0.345823621,-2.737866981
Driver,99.22378311,-5.042,1.279,6.377952756,47.298,-3.391,11.834,1.891,0.612,140.5413386,1.4164,9.858,1.818,2759.0,1.335,425.3541641,60.93661316,15.69585699,5.540278728,0.17672344,0.973560008,0.0827392,219.7582458,8.9809652,30.0178383,60.97925503,5.60002,246.9563873,10.34468574,6.0314729
Driver,101.2907122,6.0,0.8,-5.905511811,55.115,4.536,10.103,-6.304,-7.146,143.0489442,1.4123,9.249,-4.933,2430.0,-9.12,416.9824305,54.0746709,-48.64883094,5.360630592,-0.454652921,0.878890889,0.078521,218.0028169,-30.57519884,27.1753406,62.95729298,5.29615,250.6281495,-37.08498016,-35.70302077
Driver,26.4607194,-0.7,-2.5,0.708661417,66.808,-3.007,32.357,-4.759,-2.259,30.54625984,1.1544,27.352,-4.315,2770.0,-2.598,27.36984901,7.136681518,-2.058725906,2.277197881,-0.174878717,1.04528909,0.173683,17.24994851,-1.364744071,29.89227696,27.73679318,1.396775,26.51018917,-2.117500082,-0.201184562
Driver,116.1394953,6.7,-0.5,-8.228346457,51.908,4.656,17.233,-3.119,-2.619,172.6053597,1.4862,16.097,-2.69,1999.02,-9.159,602.1738928,146.0382342,-55.37788128,6.096071812,-0.309523969,1.771835792,0.07612,303.4117054,-36.9332436,44.4136135,70.8908632,7.73233,322.619066,-40.41511038,-68.2760572
Driver,108.7576056,1.556,-1.216,-1.850393701,54.361,-0.1,20.804,-2.541,-1.325,146.4600483,1.3467,18.311,-2.357,3635.0,-2.44,481.9206678,147.2402057,-26.49725764,5.376599749,-0.223654867,1.808196219,0.0801792,233.5705041,-15.45806465,52.04173237,67.22169598,7.5975,243.2257189,-16.2458017,-17.58081186
Driver,91.5801718,2.736,6.525,-3.267716535,45.678,9.2,16.438,4.867,-1.658,131.1772996,1.4324,13.79,5.2,3473.31,-4.349,404.6473165,84.75238379,26.88658184,6.364032042,0.571217347,1.58649776,0.103768,205.6141068,11.23045875,39.75037917,58.34730677,6.17685,222.5938069,11.639001,-22.26984209
Driver,91.93584467,-1.42,-4.272,1.968503937,45.806,-5.654,11.731,2.28,6.552,136.396743,1.4836,9.754,1.269,2997.4,17.718,394.015575,54.50744726,36.87058001,6.26719261,0.157434912,1.086571273,0.096685702,204.5769598,29.0620908,28.61236233,60.0616635,5.280115331,234.0146581,36.92784236,73.71079639
Driver,102.2436471,1.15,2.792,-1.338582677,47.009,3.865,14.015,2.064,-0.728,152.071403,1.4874,11.919,2.186,3170.19,-3.167,503.852624,101.172265,10.10208336,6.217948117,0.233715131,1.342873181,0.0866566,249.4093008,2.571796037,40.93434636,61.3168426,6.89355,260.2905425,2.419559457,-20.82884649
Driver,100.6755548,1.698,3.647,-2.322834646,48.072,5.172,13.164,-0.425,-4.072,147.422602,1.4644,11.442,0.204,2676.96,-15.857,459.6203081,75.81572214,-29.57723335,6.056656382,0.00759815,1.235244386,0.086835,236.9219169,-26.11298542,33.39171802,62.42646178,6.038406,263.8716495,-32.17004601,-80.8536976
Driver,110.4308339,6.5,1.1,-7.874015748,49.564,6.776,16.757,-2.257,-3.357,162.8635021,1.4748,15.654,-1.855,2560.0,-12.326,549.7625056,137.4566202,-54.67030635,5.771668723,-0.199803485,1.632519855,0.076269,271.8849999,-39.02153648,46.11912896,66.27860288,7.61984,288.2800206,-42.82108163,-90.87369132
Driver,75.24606299,-1.044,-5.716,0.866141732,69.19,-6.113,27.948,-0.652,5.064,81.67680744,1.0855,21.536,-1.908,5272.12,7.302,182.021922,46.34374234,-1.275770394,5.854714924,-0.180286084,2.289057388,0.161606,101.3586687,0.918794752,37.51294014,48.94640417,4.114258,114.6175664,1.460703722,12.8785679
Driver,85.36372584,-1.004,-4.32,1.25984252,47.516,-5.24,15.556,-2.392,1.928,119.7953203,1.4034,12.86,-2.718,3229.19,4.228,340.9318599,59.35551008,-9.918567387,6.18650984,-0.288392263,1.422557266,0.109957,179.5527035,-3.236342415,32.84619639,56.97633594,5.26769,201.5218137,-3.030325383,15.8410526
Driver,100.9238547,-3.5,8.3,4.291338583,52.302,5.554,11.719,-1.857,-10.157,138.5122137,1.3724,9.977,-0.574,2890.0,-4.515,418.0391317,61.02111325,-12.11972144,5.861218415,-0.062810583,1.040875072,0.089005,215.681788,-8.979811675,30.61358638,60.29855889,5.596996,243.8061065,-11.04524849,-20.46158885
Driver,101.0424123,1.738,1.032,-2.362204724,43.25,2.881,12.005,3.591,2.559,146.0553865,1.4455,10.58,3.228,2130.0,2.135,435.4651143,61.29976034,27.46651415,6.02090542,0.340690556,1.129188968,0.086786,231.0450147,15.87793046,28.00957941,66.27553091,5.446923,266.4704222,18.76303087,8.62044928
Driver,93.3741947,0.168,-1.921,-0.196850394,49.512,-1.777,12.315,0.196,2.117,129.2960361,1.3847,10.629,-0.105,2197.38,-0.875,346.0083108,44.67237173,-1.516116893,5.986535409,-0.011705242,1.121418195,0.09754,189.1658751,-1.188434789,24.02451101,65.12476021,4.634084,227.5277871,-1.606585968,-2.52532577
Driver,87.05932355,-1.966,0.708,2.480314961,48.965,-1.004,4.355,3.663,2.956,125.5860773,1.4425,3.273,3.156,1490.0,-2.517,146.1734546,4.776907846,7.707971673,6.005896505,0.32903098,0.330440321,0.098939,88.40902976,4.490955588,5.016261403,93.55226754,1.679094,159.3538975,7.778862241,-1.130724211
Driver,84.16472799,-3.838,4.48,4.68503937,58.22,2.098,11.898,-3.941,-8.421,118.4918576,1.4079,9.962,-2.875,2590.0,-24.36,275.4009928,31.46940305,-31.32433082,6.23964655,-0.337794078,1.08683734,0.110855792,153.7904036,-25.19198019,20.33622566,63.70171958,3.88873993,193.5639304,-36.56866955,-52.6523266
Driver,87.15551181,-5.2,0.6,4.251968504,58.435,-3.015,21.437,-0.621,-1.298,123.130816,1.4128,16.576,-0.335,5950.0,-0.325,349.02062,99.34623823,-2.959575368,5.864049478,-0.039777512,1.785596221,0.103809,173.2483158,-1.714829878,48.37556604,57.1067835,6.246003,181.209908,-1.809798021,-2.105695578
Driver,99.05601288,3.176,0.019,-3.897637795,52.297,2.478,16.826,-0.207,-0.227,145.5939066,1.4698,14.925,-0.174,2748.1,-0.596,479.9713675,105.8430629,-2.828758003,5.633599094,-0.017657078,1.521694252,0.0829384,243.821011,-1.918697468,41.18578161,63.13629891,6.82028,262.7463207,-2.145563276,-3.534777794
Driver,107.5988726,0.846,3.82,-1.023622047,47.714,4.59,13.57,-0.646,-4.466,155.6708572,1.4468,12.187,-0.145,2266.75,-12.596,500.7984131,86.55040609,-26.99080412,6.538877536,-0.028343382,1.427889617,0.0890025,259.2286862,-23.00962884,34.22148894,65.59614889,6.32049,286.3210368,-27.72142054,-67.06832451
Driver,102.6530064,-2.064,-6.33,2.795275591,49.412,-8.1,13.145,-1.414,4.916,147.7078114,1.4389,11.369,-2.007,2740.0,11.684,467.6233627,78.90224299,8.280279301,5.875292605,-0.195941466,1.19182612,0.084027709,239.038376,12.35321091,34.41982934,61.94200444,6.170089311,264.9377721,15.90997226,62.11785531
Driver,97.83688261,0.2,2.2,-0.039370079,65.621,1.834,24.353,-23.128,-25.256,74.38484252,0.7603,17.531,-14.727,7420.0,-34.249,128.6361474,24.42212227,-42.52807337,6.022752461,-1.601808826,1.843696391,0.17835,74.70727574,-29.63740086,27.94970613,46.10913774,2.967011,88.57677132,-36.94384102,-33.69163861
Driver,108.9209019,-6.858,-7.67,8.937007874,47.82,-13.926,8.299,-7.18,0.49,153.8571492,1.4126,6.886,-7.226,2160.0,1.198,436.3927566,42.98559393,-52.92772339,6.375445348,-0.801020332,0.778895889,0.0862894,228.6171895,-27.27393527,21.53276039,68.88529703,4.92289,268.7694535,-31.782819,4.480701521
Driver,99.14549034,-2.271,0.515,3.307086614,40.018,-2.192,13.549,2.036,1.521,147.7514316,1.4903,11.277,1.811,3349.31,5.404,479.5789343,91.9453278,28.99583194,5.920589017,0.192619705,1.207322552,0.0846784,237.7266508,18.71908337,39.68256322,59.85280404,6.6327,248.9684293,20.07451052,33.66080489
Driver,98.83231926,2.928,4.733,-3.858267717,47.704,7.4,11.808,-6.387,-11.121,139.4933339,1.4114,10.684,-4.929,2520.0,-31.316,372.2634153,49.16583664,-68.18998772,5.674239853,-0.51037325,1.069692218,0.085654,201.048889,-51.77995689,24.96108292,65.52472999,4.782591,237.7617406,-68.19361752,-104.6905643
Driver,105.4715462,-1.013,-2.034,1.25984252,47.726,-2.955,16.578,-3.999,-1.965,146.3372405,1.3875,14.377,-3.742,3220.0,-4.044,482.0116799,111.3347546,-41.40619411,6.45611981,-0.426380538,1.687465071,0.0945714,239.7886303,-24.31689982,43.68965904,62.08846035,7.00125,255.5422897,-26.37261172,-26.08865116
Driver,87.60289907,-2.169,4.872,2.677165354,54.561,3.328,24.172,3.65,-1.223,118.3592072,1.3511,20.056,3.86,4840.0,-1.632,342.3989163,105.808883,18.59668662,5.602416598,0.374705512,2.072972277,0.1051336,172.1610273,8.941582094,49.09631182,58.79506693,6.322002777,181.5271903,9.341190279,-7.958179229
Driver,96.26655333,1.459,3.113,-1.929133858,48.376,4.41,9.13,1.583,-1.53,137.6832051,1.4302,7.954,1.821,1640.0,-7.687,321.8005023,29.44246891,4.916273023,6.012940131,0.185847755,0.8352295,0.091158,180.5005929,0.565503089,16.58819941,75.57856158,3.805561,234.1586988,-0.887706222,-15.51161666
Driver,92.38546886,4.522,7.052,-6.181102362,50.013,10.855,21.824,2.853,-4.198,136.2137616,1.4744,19.152,3.549,3720.0,-9.06,432.4765343,130.5519966,1.604909819,5.834437615,0.350126656,2.048778944,0.0943048,213.7269144,-5.73322532,49.67946433,63.41995643,7.127499713,225.0897503,-6.682470757,-56.84286386
Driver,110.9654617,3.4,0.4,-3.779527559,43.432,3.547,16.74,-2.443,-2.93,160.0850036,1.4426,14.782,-1.965,3190.0,1.16,545.0763352,140.6736759,-14.44614788,5.785175646,-0.200618635,1.54648786,0.077486,264.4689032,-6.194082758,48.17748172,65.61946596,7.749798,278.0225744,-6.397120154,8.626336707
Driver,88.9607194,-0.7,-6.9,0.866141732,49.486,-7.693,18.642,-0.367,6.723,127.3928508,1.432,15.659,-1.468,4000.0,9.623,385.2913824,93.36732195,10.88881229,5.909713898,-0.138839661,1.677499896,0.100218,194.7776724,11.63892851,43.46541842,58.21419257,6.278075,209.6123477,13.49379786,49.84838709
Driver,95.16821761,-1.483,4.857,1.732283465,53.01,3.739,45.77,-0.699,-5.556,81.83965641,0.8599,36.226,0.858,7780.0,-3.422,189.7022167,88.78490861,-0.747122976,3.703842695,0.05089795,2.71771249,0.1176264,96.72925431,-1.230579554,55.6220908,54.4343877,5.176751126,97.69595678,-1.251958067,-8.03635065
Driver,116.4705619,1.745,5.387,-2.086614173,49.039,6.903,9.006,4.52,-0.867,167.9728883,1.4422,7.137,4.746,3139.72,-6.741,562.0285094,82.97935277,25.2170857,5.658981038,0.462448638,0.735500683,0.0702256,271.4411696,6.681921164,35.89341368,60.76374392,6.71968,285.5643879,6.205951592,-47.37856545
Driver,112.8601467,-3.321,-1.785,3.700787402,53.152,-4.278,11.252,0.159,1.945,161.4613905,1.4306,9.522,-0.077,2799.99,4.907,536.047918,87.09747867,12.37371622,5.561474984,-0.003631313,0.953752335,0.0722254,266.3646882,10.14979695,35.83469791,62.23758716,6.65344,289.7829138,11.94824139,31.52248843
Driver,112.3098604,-4.173,-2.876,4.842519685,52.574,-6.077,26.796,3.089,5.966,138.5001342,1.2332,22.586,2.168,5900.0,6.673,407.2866665,165.3453039,35.42936677,6.262149182,0.253035274,2.68627882,0.102277,190.6676014,22.73816329,59.2234095,69.74036129,7.48519,192.2903852,22.97757427,46.68138458
Driver,104.4828203,-2.379,-0.666,3.031496063,49.872,-2.673,10.912,2.14,2.806,148.5142269,1.4214,8.345,1.588,3870.14,4.221,457.072671,78.89439285,27.29899129,225.5526567,17.50633447,3.095784582,5.80275,230.1855826,18.08847241,34.51384967,65.33501058,5.97801,254.3741141,20.92380739,35.16685212
Driver,100.4742305,2.385,6.233,-3.188976378,49.06,8.303,14.579,4.859,-1.374,146.8186292,1.4613,12.821,5.064,2580.0,-8.486,470.9864038,86.61268767,23.39332112,5.971126063,0.519840533,1.36819122,0.086401,242.6912665,6.369138497,36.05955753,63.13483546,6.333729,268.2445047,5.526739366,-45.21097563
Driver,103.5321224,-5.078,-1.935,7.322834646,43.556,-7.298,15.672,-0.779,1.157,142.173631,1.3732,13.062,-0.931,3690.0,2.034,456.1804223,101.5899028,-1.822786466,6.484015022,-0.102584579,1.540118737,0.0972598,225.467669,0.576390656,43.28201008,59.8562856,6.75262,240.2836916,0.837762837,12.71930697
Driver,100.4429134,-1.7,9.1,2.322834646,51.555,7.662,15.0,-1.571,-10.671,131.9537402,1.3137,12.538,0.124,3840.0,-2.808,404.2467733,82.02102645,-5.249920859,5.746979809,0.009284915,1.297171053,0.092638,203.4017226,-4.471720387,39.87898889,57.44391027,6.14056,220.7461564,-5.206809704,-14.73542061
Driver,101.297423,6.187,5.446,-7.519685039,47.093,11.23,15.39,3.825,-1.621,153.6066124,1.5164,13.989,4.079,2169.54,-9.62,502.3132785,97.49991427,15.26245602,6.433686274,0.448731145,1.618487041,0.0894149,260.9249859,1.268309899,36.71729023,66.36766425,6.54167,276.9250519,0.349368382,-51.88428815
Driver,105.2568003,-3.419,0.521,3.897637795,50.762,-2.276,17.489,7.133,6.612,153.1404349,1.4549,14.667,6.189,4506.99,17.091,484.3487076,134.5573149,106.9181154,6.261908652,0.699726218,1.686119678,0.0877807,232.5549364,67.60049773,49.83788568,63.32350528,7.40667,237.1132689,69.4785938,129.6531758
Driver,99.8702577,0.599,4.927,-0.708661417,47.869,5.469,18.081,6.508,1.581,147.4590641,1.4765,14.407,6.16,5401.23,4.989,453.3449308,134.001452,63.11035899,5.426878753,0.58910259,1.441159594,0.0787997,215.5953738,35.20305146,51.97271808,62.87051851,7.27873,218.7480098,35.82301141,36.52725904
Driver,84.94318182,0.978,-2.497,-1.25984252,50.532,-1.691,16.399,0.211,2.707,122.5937276,1.4433,14.045,-0.221,2910.0,6.32,356.9743389,66.02503087,7.762035653,4.929435508,-0.014382123,1.236070593,0.085805885,188.8574485,7.413009421,33.87701276,58.70401305,5.456143425,213.3800674,9.360050796,24.42254344
Driver,71.98460988,-4.3,3.5,3.779527559,63.365,1.267,41.704,0.649,-2.851,86.11086256,1.1962,31.974,1.531,9230.0,-2.362,201.7091641,85.5497498,2.068187286,4.759721738,0.113172051,2.986723263,0.137329,103.6456129,0.547138947,53.59941282,53.55313495,5.18943,103.8104886,0.546707746,-6.666605091
Driver,109.6479062,1.232,1.526,-1.456692913,48.929,2.6,10.736,-0.884,-2.41,162.337151,1.4805,9.612,-0.594,1870.0,-9.237,498.736324,66.86146491,-20.95338487,6.470971,-0.074206351,1.106393753,0.0835998,261.5829014,-16.57723587,27.68527722,69.90489912,5.69003,298.186742,-20.90223676,-41.60984332
Driver,81.18289191,-4.944,4.526,4.960629921,58.019,1.429,27.106,-0.102,-4.628,102.5413833,1.2631,20.8,0.92,6479.94,-6.138,266.4326495,78.63628291,-4.388956059,6.045599235,0.084228739,2.324368328,0.132321,138.3119231,-4.799095265,45.65107448,53.67841137,5.390674,146.3229844,-5.33568071,-21.05376756
Driver,99.09180387,7.398,10.335,-8.897637795,52.376,16.079,12.726,6.923,-3.412,144.9908286,1.4632,11.631,7.637,1870.0,-25.463,400.4512497,56.16543412,24.08246276,5.809702384,0.755487803,1.19335201,0.084595193,219.3413679,1.600880989,25.70385689,70.05483232,4.964598734,260.3715595,-3.617538063,-82.68670274
Driver,96.31352899,-1.307,8.024,1.653543307,52.612,7.024,12.449,2.234,-5.789,125.6062097,1.3041,10.013,3.287,3300.0,-0.114,357.4555064,51.5234278,20.11089322,5.861797497,0.335994789,1.045270496,0.098301,185.7566641,10.50422197,29.70093767,57.29454453,5.145769,212.1603376,11.97675104,-0.440521967
Driver,80.56326056,-6.1,6.3,4.763779528,68.657,3.935,26.784,0.931,-5.369,107.026888,1.3285,20.217,2.278,7063.7,-7.006,278.8804522,85.13667107,-1.211351699,4.623283279,0.16371754,1.725903868,0.09607,142.3665728,-3.642558763,47.77377942,54.20964363,5.613652,148.3214324,-4.021679173,-27.88989655
Driver,94.37186829,1.358,-1.637,-1.771653543,49.031,-0.457,16.646,-7.015,-5.378,130.9817913,1.3879,13.733,-5.946,4017.94,-12.483,396.3263955,86.94457355,-67.02500189,6.33767032,-0.673694561,1.578790305,0.103535,199.4769729,-42.38209868,41.34975549,57.52081605,6.19449,214.0723351,-46.7741463,-65.8855038
Driver,91.081335,2.62,-9.592,-2.952755906,53.567,-7.656,21.198,-0.549,9.043,126.885961,1.3931,18.872,-1.775,3270.83,17.561,387.8960647,101.8345908,22.46242525,5.736333215,-0.158091823,1.970542502,0.099271,199.8745401,23.10661153,43.71688641,60.5635201,6.388896,216.2114988,26.84860812,87.73516901
Driver,96.81236578,2.244,3.75,-2.913385827,45.361,5.967,18.104,4.375,0.625,143.8528991,1.4859,16.244,4.298,2660.0,2.17,474.8825013,111.1159243,39.57162035,6.185912374,0.465849878,1.824179707,0.0929015,242.3592134,22.36884831,42.19361754,63.91534911,6.882,253.2699356,23.53220704,12.660363
Driver,85.84466714,-3.1,5.1,4.133858268,50.035,2.463,2.872,-3.192,-8.292,118.1502774,1.3763,1.961,-1.895,1820.0,-7.16,101.154783,1.964451102,-3.892914968,5.875743321,-0.199501305,0.189857393,0.102861,61.60154534,-2.663207688,2.938369312,93.52907421,1.201446,127.0485819,-6.193995493,-1.87985505
Driver,84.96555118,-2.5,0.5,2.677165354,57.869,-1.112,15.699,-2.078,-2.555,119.0658554,1.4013,13.649,-1.778,2447.38,-4.354,327.0159494,54.70939832,-14.78521186,5.494198648,-0.174086859,1.331702064,0.098393,177.8638044,-10.0242431,29.94885977,59.90120028,4.964141,206.8516874,-12.3738367,-13.5288382
Driver,83.61220472,-5.325,-7.37,8.543307087,42.064,-13.299,19.804,-0.419,6.951,106.0415175,1.2683,14.535,-1.969,5756.4,23.672,251.8660878,46.69069221,18.16955736,141.3989999,22.95350043,-1.592060661,4.40092,138.7708352,21.93247057,30.22350944,58.286708,4.29092,159.2739254,29.71952369,79.88276684
Driver,95.13913744,-1.323,-3.773,1.653543307,50.329,-4.871,16.018,13.513,17.286,118.9707856,1.2505,13.349,10.68,4516.01,4.453,338.2672788,70.11256228,68.99078439,6.063107776,1.130288807,1.462612355,0.109102,172.9474039,38.29643291,39.05862756,54.69320071,5.58438,188.7181074,42.25256605,19.13240469
Driver,95.95338225,-8.594,-0.886,9.330708661,56.133,-6.708,8.258,3.456,4.342,142.7594846,1.4878,6.291,2.944,2880.0,14.346,396.5561784,37.98167988,41.49584603,6.16506117,0.329339455,0.690633609,0.0898921,204.231119,28.53658868,21.8864923,62.77671693,4.79263,229.9007126,34.60666065,54.33761526
Driver,117.0812455,5.1,4.9,-5.826771654,51.297,9.078,17.798,-0.547,-5.447,170.81335,1.4589,16.424,0.168,3440.0,-12.911,580.7521149,175.7557844,-51.22893823,5.657327154,-0.003288897,1.689854459,0.071588,275.1657536,-38.7216272,52.89201258,69.96877891,8.37813,284.2884507,-40.82808143,-118.5607776
Driver,92.68745526,-4.8,-0.2,4.488188976,56.6,-4.112,17.18,-1.388,-1.045,132.4599588,1.4291,14.112,-1.174,4039.64,-1.926,403.587887,95.61188633,-13.00230471,6.122170734,-0.134679798,1.56769755,0.099197,201.0277987,-7.923266962,44.21581549,57.69737721,6.439845,215.0145404,-8.665065727,-11.4179986
Driver,101.789549,-3.04,5.255,3.700787402,52.432,2.914,14.457,3.478,-1.778,135.3125,1.3293,10.381,3.904,5502.95,38.11,315.6892771,50.43467747,77.64577621,155.3996961,52.78954029,2.633153223,4.37696,159.44026,55.01614175,32.53066257,52.6312384,4.56584,176.7539408,64.31139704,134.0991793
Driver,83.47575161,-5.671,4.145,5.905511811,54.753,0.121,23.775,3.579,-0.566,113.0413386,1.3542,18.199,3.696,6252.74,-0.837,308.9913796,87.50837169,17.62007439,5.988074319,0.384470632,2.0047593,0.116705,157.0383204,8.937696677,46.52524919,55.38865935,5.811549,165.1195704,9.358302063,-3.562766028
Driver,103.6618647,2.273,-1.235,-2.519685039,51.689,0.562,11.325,-0.181,1.054,155.8005995,1.503,10.247,-0.309,1679.58,-3.762,441.2636044,65.68955373,-9.720312438,224.7872765,-6.938233724,1.051722011,5.25761,226.4921607,-7.031282422,31.44881577,67.59194877,5.31805,258.5351638,-8.668891635,-17.43086204
Driver,103.7177881,1.9,8.3,-2.204724409,53.753,9.735,17.437,10.206,1.906,154.2495079,1.4872,15.297,10.021,3300.0,-1.139,508.1152728,137.7282677,81.44665596,5.776970898,1.004143567,1.603048651,0.080594,245.354178,39.89098212,49.51464682,64.22991828,7.590274,257.5316391,41.77335528,-8.530180049
Driver,104.7602004,1.3,6.7,-1.614173228,50.294,7.765,5.69,0.407,-6.293,148.0229957,1.413,5.188,1.135,1290.0,-19.538,291.0702122,17.38845743,-4.069749278,5.63396172,0.101094234,0.508812122,0.07892,164.1836035,-6.404245714,11.05002399,85.53194846,3.068483,228.6854832,-12.91690701,-28.95808314
Driver,99.97315676,3.637,3.536,-4.763779528,45.617,7.103,16.36,2.8,-0.736,147.9661775,1.4801,14.676,2.901,2480.0,-6.834,448.4180641,64.05925466,18.77716271,5.944240369,0.298964005,1.534616386,0.085303,274.9471487,9.651290632,19.43247607,107.3073556,4.744324,374.5103923,11.61366427,-12.80303803
Driver,95.50599499,2.7,4.7,-2.716535433,59.556,6.273,17.067,0.056,-4.632,126.816616,1.3278,15.361,0.633,2260.0,-8.328,371.9086534,71.42438676,-7.001546967,5.660952383,0.055650521,1.554114363,0.095925,200.2333964,-8.040732643,33.81796177,61.94038313,5.534217,227.2205858,-10.42669721,-30.75173399
Driver,105.3798318,2.892,-3.479,-4.566929134,36.371,0.454,15.236,0.075,3.554,150.1194524,1.4246,13.47,-0.452,2740.0,10.294,493.4305406,99.5551803,20.75607544,6.256667848,-0.038729025,1.5185062,0.0888402,250.0060305,18.57705026,39.52593827,63.2120655,6.72546,270.6096989,21.64365864,61.62980702
Driver,23.36927344,-5.0,-1.6,3.74015748,77.027,-3.294,52.175,-3.719,-2.109,21.24932892,0.9093,41.139,-3.017,2316.77,-1.3,16.35613717,6.758040895,-0.81213315,5.799193039,-0.316733631,2.186430911,0.770653,9.799604061,-0.538469292,43.33565144,20.2617926,1.322858,13.60599057,-0.749892713,-0.068180808
Driver,98.01136364,-1.8,0.2,1.535433071,55.652,-1.488,16.395,1.942,1.703,145.0919381,1.4803,13.097,1.79,4770.0,4.398,447.8114171,118.4239669,25.98535723,5.788041198,0.169235111,1.381669193,0.085193,214.9667221,16.24000109,49.36094912,60.39052156,7.04131,224.5765655,17.27321972,28.60949347
Driver,102.0333751,3.626,6.711,-3.976377953,63.152,8.549,11.085,5.679,-1.032,146.7539817,1.4383,9.11,5.956,2905.41,5.132,444.0218007,66.5905587,63.3767346,221.0814289,37.48072404,2.111731114,5.51556,224.3133106,38.22633034,31.75171698,63.26031241,5.63789,251.6578188,44.4113521,45.25394049
Driver,105.0599499,2.7,10.5,-3.267716535,53.568,12.528,6.266,-4.362,-14.862,149.9507874,1.4273,5.969,-2.873,2010.0,-55.076,239.639883,14.96928173,-31.6741863,5.686790685,-0.316311637,0.584222429,0.078804,139.7769573,-28.06472468,10.47470522,88.84321048,2.540543,205.4568007,-52.09543451,-63.49853099
Driver,97.78319613,-2.562,-9.057,3.346456693,47.425,-11.414,21.159,2.949,12.007,130.2693271,1.3322,16.199,0.242,7213.66,17.448,362.6251972,105.3566092,43.79085343,5.956666042,0.055780732,1.775592313,0.099550749,178.6884297,33.14602169,49.10946651,57.9234994,6.376484929,184.3592253,34.84615438,97.21230232
Driver,100.3243558,2.9,1.9,-4.015748031,46.817,4.619,15.335,-4.793,-6.693,147.5427255,1.4707,13.904,-3.98,2382.98,-24.308,454.313924,83.47918934,-73.46933993,5.779933942,-0.419379682,1.434386013,0.08354,239.3324367,-55.1511257,34.15570261,65.01884996,6.039417,267.6295756,-66.26938731,-116.5606193
Driver,77.63287402,-2.66,-3.119,3.385826772,48.773,-5.452,20.529,-6.133,-3.014,104.0155243,1.3399,16.717,-5.602,3970.0,-4.643,276.416293,60.66570482,-31.77013916,5.515129794,-0.544467811,1.661869438,0.1152456,147.5047479,-19.20718978,37.19956634,53.80426805,5.022863336,165.0647133,-21.96038524,-14.51695729
Driver,109.2363099,6.629,0.393,-8.346456693,45.891,6.861,14.048,1.632,1.24,160.9739621,1.4736,12.317,1.337,2805.08,9.168,544.0611852,109.4636772,38.47070469,5.89801081,0.146296514,1.318757201,0.0776758,270.6606826,27.40189282,40.73923116,63.74200071,7.12794,282.4121392,29.41186161,63.33471913
Driver,105.2635111,-0.585,3.028,0.748031496,45.926,2.462,15.06,3.584,0.556,151.3663207,1.438,13.165,3.514,2850.0,1.99,503.4096285,103.6576687,35.29192639,6.439230167,0.396938614,1.534032272,0.0906224,252.7218336,19.6666935,40.51090804,62.70792626,6.8876,264.4510058,20.74950092,12.5602686
Driver,80.93906586,-3.835,3.17,4.763779528,54.211,0.4,29.124,-25.59,-28.761,89.05019685,1.1002,22.85,-19.02,7590.0,-26.96,202.0792198,56.8761709,-83.38472887,6.149497164,-2.063642426,2.583093615,0.1576376,110.1463611,-54.14707401,40.78102651,50.06764561,4.459175481,118.276481,-59.1106093,-59.79394953
Driver,93.81710809,3.696,5.875,-4.606299213,55.223,8.446,16.746,-0.873,-6.748,139.6304581,1.4883,15.224,-0.047,2380.0,-18.773,431.3998085,85.68085795,-31.96960113,6.095102603,-0.021809582,1.661723514,0.093764897,227.9257655,-28.90896335,35.65784925,63.93755259,6.050272358,254.5494352,-35.50803097,-86.17048514
Driver,92.13716893,-1.081,3.029,1.338582677,52.973,2.214,12.586,-2.503,-5.531,133.3674839,1.4475,10.594,-1.673,2850.0,-14.519,384.7934443,55.69387783,-32.86367917,5.917506141,-0.186259768,1.113097555,0.093542256,201.790421,-25.12041441,28.97933803,60.38634028,5.264302145,231.4531591,-31.7142407,-57.79266099
Driver,50.18790265,0.1,-3.5,0.078740157,56.798,-3.744,24.794,-4.725,-1.225,70.67018611,1.4081,19.782,-4.586,3516.74,-1.606,133.2106678,27.87332829,-10.90234396,5.539452155,-0.445571748,1.927577026,0.173996,78.2852758,-6.766501599,29.46697063,47.5035323,3.175506,98.8870751,-8.661305309,-1.526806857
Driver,92.7142985,-3.7,-0.7,3.661417323,57.509,-3.266,14.909,-3.127,-2.427,133.8924928,1.4441,12.816,-2.69,5150.0,-5.506,397.9733485,96.28068762,-33.36378621,5.89121417,-0.301873258,1.376062071,0.093971,195.1242425,-20.40826781,45.80060644,57.15112645,6.423765,206.1434208,-21.99614847,-33.83524075
Driver,95.6178418,3.2,-4.6,-4.566929134,42.842,-1.616,20.914,-0.022,4.612,137.5055923,1.4381,18.797,-0.636,2989.24,12.825,442.5576478,120.8148245,25.4913124,5.585682506,-0.047474188,1.912947501,0.089045,224.01359,22.75167424,46.03974846,63.40097852,6.971555,239.4152636,25.59415519,75.67194076
Driver,105.8428776,-1.1,8.3,1.535433071,51.15,7.267,9.582,-1.629,-9.929,147.668665,1.3952,8.445,-0.45,2270.0,-14.187,417.4125852,47.50965429,-22.72214365,5.939532255,-0.057187402,0.886641953,0.084117,221.2014332,-19.24339856,23.62662505,67.10596825,4.993721,260.9943463,-26.0964809,-52.53629226
Driver,88.05252326,0.004,1.392,0.0,50.872,1.395,22.58,10.424,9.032,118.125,1.3415,17.982,8.429,5816.66,38.144,307.2288593,76.8759895,104.9986487,134.0993844,55.77092357,19.57771208,3.87842,169.0597405,76.94993024,37.17366749,59.66255131,5.34388,185.4419964,86.58855356,162.159558
Driver,87.25841088,-0.154,4.045,0.196850394,55.794,3.94,8.929,4.107,0.062,125.3295007,1.4363,7.165,4.095,2196.33,3.353,260.2051813,21.68432192,20.90062895,162.0904136,14.16050496,-4.175957487,3.62632,147.8316779,12.76512502,14.4296765,76.81961817,3.22632,199.340062,17.89037494,6.645739283
Driver,78.96385111,-6.1,7.1,4.960629921,64.631,4.148,25.769,1.923,-5.177,107.5456335,1.3619,18.913,2.919,7404.77,-6.902,278.7067133,80.58396214,3.784510759,3.870651154,0.206265021,1.342780772,0.079117,142.4821804,-0.917226206,46.53018259,53.44556499,5.52031,148.5438776,-1.192043463,-24.51499852
Driver,104.03767,0.389,0.425,-0.472440945,49.658,0.756,20.876,1.295,0.869,139.6080888,1.3419,18.238,1.174,3660.0,1.508,450.4146225,132.7843505,13.02003706,6.315263493,0.131539795,2.117544628,0.0990262,221.5775528,7.835249558,49.63728428,63.96517894,7.25787,232.1314205,8.309425991,9.889803069
Driver,78.82292412,-0.829,3.204,1.023622047,51.361,2.541,14.509,5.144,1.939,112.7878937,1.4309,12.172,4.838,2639.72,5.003,296.5632762,48.68690471,34.47947138,155.5106608,23.72714074,-1.945118402,4.90532,152.5711407,22.94915506,33.0807204,51.92990037,4.76532,173.2286402,28.36165191,30.43840004
Driver,91.82176092,-2.546,1.4,3.188976378,52.763,-0.537,8.559,4.248,2.848,131.9282391,1.4368,6.85,3.805,2311.63,3.772,321.7678621,29.39390055,26.23219194,187.8126831,17.65424085,-5.791671715,4.44232,172.6513776,15.82521429,18.48927775,68.53285737,3.95232,215.032025,20.81161161,13.14374351
Driver,25.7091088,-2.6,2.8,2.992125984,62.29,1.111,22.746,2.737,-0.088,39.3680655,1.53128861,16.16,2.887,2570.0,3.856,31.88914514,4.775512396,1.658092522,5.847754656,0.301731213,1.266239889,0.323574,20.51636486,1.120509587,18.12345471,34.81869964,1.193953,37.46921075,2.114937625,0.261886796
Driver,105.7891911,5.066,2.069,-5.748031496,55.49,5.563,15.626,-11.589,-13.658,141.623121,1.3387,13.787,-9.073,4289.0,-38.616,395.1440646,79.99219983,-135.5851535,5.548440788,-0.912514376,1.376895174,0.0836096,200.5567295,-94.77266985,37.52972373,58.26917647,5.76944,216.8618323,-107.6885681,-197.1433343
Driver,94.91768074,-1.396,5.694,1.850393701,47.604,4.419,15.167,3.036,-2.658,138.0046528,1.454,12.92,3.411,3120.0,-6.961,434.3083399,84.34005216,10.61398434,6.04200024,0.352252196,1.399663564,0.093191,220.8971656,0.851810902,37.97340929,59.78505442,6.246313,242.0494641,-0.13194739,-36.87763374
Driver,85.76637437,1.726,-2.562,-2.125984252,49.172,-1.071,9.884,6.639,9.201,122.859923,1.4325,8.895,5.496,1830.0,35.81,232.0317897,21.33651582,35.35359278,6.335070819,0.632985912,0.971526753,0.107927,136.6827875,27.47359287,14.61347443,75.80831892,3.01378,187.3600769,43.3637662,43.57051409
Driver,103.5746242,-2.3,6.5,2.795275591,50.869,4.654,15.622,3.329,-3.171,145.6670544,1.4064,13.398,3.805,3270.0,-3.58,476.5216197,103.4435569,21.54373938,5.860273696,0.385413507,1.412905428,0.085766,237.4884755,8.262373362,42.28718321,61.30024972,6.838012,255.4158712,8.411418752,-22.51879664
Driver,100.3534359,0.0,-8.8,-0.433070866,45.015,-9.139,18.678,-4.595,4.259,139.4888601,1.39,15.947,-5.177,3880.0,9.477,440.1561907,117.5530772,-13.10006313,5.829687122,-0.522161333,1.690119256,0.090349,216.7073204,0.312944076,47.58748685,61.28855492,6.970896,229.1134829,1.147284803,59.59726571
Driver,90.43709735,4.107,-4.504,-5.472440945,49.772,-1.022,25.933,-3.023,1.481,128.0339567,1.4157,22.479,-3.283,4400.0,6.881,387.3181281,137.9343763,-3.259748471,6.48129752,-0.358081799,2.721088098,0.11458,189.5919392,2.707352245,53.49764322,64.04906917,7.041361629,197.0476495,3.088753993,40.67795176
Driver,111.764048,6.7,2.9,-7.283464567,52.541,8.081,17.932,-0.784,-3.684,165.7030691,1.4826,17.134,-0.573,2766.31,-11.126,574.29181,159.6212594,-42.41010355,5.548694957,-0.057540869,1.725718481,0.072576,281.0661557,-32.37660667,49.04699383,69.11182455,8.071796,294.5927501,-34.97039818,-88.7486306
Driver,99.06048676,-0.5,7.9,0.748031496,55.317,7.475,13.395,2.245,-5.655,140.6084467,1.4194,11.598,3.068,2710.0,-10.696,429.5372149,73.61245172,2.012269923,5.616996318,0.291649387,1.162980774,0.084496,220.0319331,-5.782577926,34.78808002,59.61018711,5.954479,244.2050481,-8.299973676,-52.63973126
Driver,84.33026127,-2.7,10.5,3.267716535,58.255,8.736,8.765,-1.593,-12.093,113.2334914,1.3427,7.263,0.11,2450.0,-35.757,193.8973324,14.84981837,-12.14180547,6.120751829,-0.023096982,0.762432234,0.11296,113.0098156,-13.22071217,12.72929954,69.42508386,2.691574,161.9809944,-25.32790631,-40.30848343
Driver,99.32668218,0.659,3.277,-0.905511811,45.32,3.929,18.311,3.728,0.451,144.2620347,1.4524,15.854,3.661,3520.0,-2.092,472.4440487,123.2671049,23.22134449,5.584083287,0.354567362,1.60477673,0.083484,232.9701403,10.22513012,47.08665261,62.94018384,7.192728,246.6170298,10.62649089,-13.97175416
Driver,109.7754116,2.9,2.9,-3.188976378,51.096,5.163,16.542,0.865,-2.035,161.0587419,1.4672,15.06,1.251,3170.0,-4.347,549.3014378,144.1673897,-4.750606035,5.806791974,0.106705308,1.582446278,0.077409,266.2472529,-6.413254811,48.58934757,66.09932388,7.81617,279.4850701,-7.148808917,-36.66851584
Driver,100.7247674,-1.5,6.5,1.929133858,51.712,5.207,9.616,-2.046,-8.546,141.0578472,1.4004,8.381,-0.91,2180.0,-12.043,376.5491926,40.18863383,-19.26916144,5.743800784,-0.099612616,0.84793163,0.085112,203.3008187,-15.58684463,21.31954393,68.21228081,4.582852,246.066981,-21.65403184,-37.09678083
Driver,84.97673586,4.981,-0.818,-6.338582677,54.871,2.698,11.077,-8.213,-7.395,119.8463225,1.4104,10.327,-7.28,1410.0,-37.486,223.8537195,23.28115836,-39.48140265,6.316130339,-0.826380634,1.121207444,0.110800578,134.1283843,-29.55217361,15.7120811,77.26826152,2.975471562,189.7710205,-47.24571351,-38.20526942
Driver,77.0400859,-2.9,-6.9,2.795275591,58.883,-8.797,21.884,4.088,10.988,96.23188082,1.2491,16.004,1.428,6154.53,18.334,225.6530852,47.1910095,21.81663763,4.249883353,0.111894417,1.223894078,0.095519,121.6915079,17.75322012,35.14890284,50.10102336,4.382765,135.5223714,21.19729414,44.24253541
Driver,111.97432,2.9,0.7,-3.700787402,48.646,3.417,16.324,2.103,1.403,164.7660165,1.4715,14.883,1.95,3220.0,2.536,561.7410054,151.8632767,27.70299438,5.75402406,0.198665742,1.550593234,0.074917,269.4945148,16.22424082,49.97958565,66.78826312,7.991215,281.5159523,17.16872178,21.18388229
Driver,113.7907122,5.3,3.1,-6.299212598,50.647,7.593,18.571,2.764,-0.336,169.0750268,1.4858,16.714,2.914,3140.0,-1.33,581.3893496,175.139186,22.10432127,5.975529434,0.292797272,1.817866265,0.076556,276.7039782,9.716599616,52.73084564,70.32677371,8.358515,286.3982053,9.970211248,-13.06224318
Driver,94.31147101,-3.7,-7.9,4.37007874,51.429,-11.13,3.044,-6.863,1.154,135.4965999,1.4367,2.193,-7.004,1160.0,-14.789,122.3319972,2.625342473,-16.08654127,6.041472334,-0.744875442,0.219834763,0.092088,75.05107883,-10.49878451,3.173262219,107.4226396,1.276195,151.0618495,-22.54344461,-4.0763946
Driver,92.94470293,-0.9,3.9,1.338582677,48.626,3.017,27.388,-5.912,-9.812,120.6916607,1.2985,22.713,-3.877,5940.0,-4.308,332.8501083,125.7683454,-30.84611762,5.761207672,-0.397777896,2.460051347,0.108513,161.5750418,-18.51044899,55.31638224,61.13656095,6.614189,165.5359321,-19.05023049,-22.84546312
Driver,95.20177165,-1.718,11.172,2.047244094,56.449,10.032,27.355,-11.205,-22.378,118.3337062,1.243,22.673,-6.988,7090.0,-24.048,316.0888442,109.0302285,-82.65695863,6.112693712,-0.794313362,2.593959313,0.1174984,158.7562414,-56.58089339,50.79201376,58.46779178,6.172239461,163.6491192,-58.95443955,-114.3431985
Driver,89.01440587,-2.689,-1.345,3.464566929,49.139,-3.673,3.453,2.119,3.463,131.3956246,1.4761,2.699,1.693,1130.0,20.111,121.7987531,3.176424875,5.183523201,5.97659476,0.187442585,0.267008684,0.093977411,75.31908806,4.077911245,3.766322069,103.9972114,1.322890174,150.5736951,10.06902434,5.562475415
Driver,25.57265569,-7.8,-1.0,5.551181102,75.602,-3.647,42.082,-2.686,-1.616,28.28471725,1.1061,27.92,-2.123,3940.59,-1.317,23.8589258,6.375708146,-0.864741588,5.972959159,-0.223624456,2.016584366,0.506131,15.00452332,-0.574105006,30.57561748,25.64448882,1.322369,21.25054966,-0.820389825,-0.05483241
Driver,68.91105941,-5.0,1.2,4.015748031,64.926,-1.675,18.263,2.493,1.352,83.97257516,1.2186,13.029,2.283,4367.52,14.089,161.7425758,23.37408839,12.25420521,5.784615676,0.252450466,1.31365396,0.147425,92.82256797,9.601580779,23.26321477,51.09200071,3.169297,118.2019173,13.75439887,17.74853327
Driver,98.57507158,-3.61,-0.782,4.881889764,48.727,-3.956,11.024,-2.643,-1.861,143.4551718,1.4553,9.402,-2.432,2330.0,-5.644,417.1683344,53.109321,-25.74338701,5.856081166,-0.252768872,0.974848616,0.085617427,220.4013739,-16.66525599,26.10846676,64.97462221,5.216886753,256.623854,-20.66583716,-21.9737453
Driver,108.7844488,6.7,-5.3,-8.818897638,49.18,0.481,13.668,-10.812,-5.452,158.2339388,1.4546,12.91,-10.2,1514.64,-12.466,491.601188,82.06424916,-105.0571608,5.913690059,-1.055005763,1.358051998,0.079278,262.8312008,-63.86080599,31.33262936,71.69331153,5.89414,299.0197045,-74.96607019,-53.10866948
Driver,89.50205798,-2.382,1.482,2.795275591,56.72,-0.083,7.546,-5.738,-7.22,122.7427076,1.3714,5.896,-4.524,2490.0,-25.182,232.5658473,15.29952637,-30.03716636,6.437769403,-0.532842009,0.656429942,0.109243713,132.1855993,-22.36873106,11.84814882,72.36326432,2.95307815,185.2282965,-36.57117104,-36.06914256
Driver,91.4571403,-2.686,-6.965,3.503937008,47.009,-9.472,8.724,-8.043,-1.078,136.06165,1.4877,6.162,-7.798,3475.96,-3.491,390.8176122,41.93989689,-58.73215438,6.299872298,-0.858636743,0.698821521,0.0965021,196.502829,-31.48956952,25.56475459,57.77181688,5.0378,224.2152227,-36.63898518,-14.6437121
Driver,74.10075161,-3.923,2.521,3.818897638,64.829,0.674,34.11,-4.792,-7.313,89.17166249,1.2034,27.129,-3.169,6290.0,-7.746,217.7089531,76.46747525,-19.1102408,5.778896736,-0.337253828,2.968836039,0.153287,114.9861513,-13.05884378,48.03253141,52.75260233,5.070762,121.6189387,-14.02266832,-20.17025439
Driver,99.23720472,4.908,6.421,-6.181102362,45.754,11.219,15.29,5.466,-0.955,149.3911059,1.5054,13.467,5.639,2716.38,-5.077,492.1884612,99.55696115,35.34562856,5.703200693,0.5560299,1.385666241,0.0812781,249.663763,14.47653822,39.32290077,62.94906694,6.73124,262.4185818,14.7543516,-30.25284102
Driver,105.5028633,-5.528,0.306,8.149606299,43.467,-5.554,7.735,-2.077,-2.383,157.090417,1.489,5.721,-1.712,3192.75,1.684,472.2316872,59.96734055,-16.05431518,226.7336429,-9.629839606,-0.028197749,5.72051,226.6464817,-9.624516884,32.65609413,55.74234486,5.71671,248.6708352,-11.09280141,-8.565393286
Driver,117.4771832,3.128,1.208,-3.897637795,47.441,4.084,10.211,-1.594,-2.802,170.1279528,1.4482,9.182,-1.181,1870.0,-12.084,533.6853087,71.45313898,-34.10232552,5.916255499,-0.129542813,0.964202773,0.072809587,276.9257159,-25.64750081,28.4907002,70.44459208,5.908328188,315.3877804,-32.09047502,-59.87670568
Driver,102.458393,0.19,2.327,-0.236220472,44.635,2.52,16.668,2.612,0.285,147.0937724,1.4356,13.336,2.552,4866.34,0.964,460.9901448,123.8664705,22.89795751,6.320545986,0.282969141,1.55455012,0.0917727,221.1008562,12.14703289,49.5841708,61.5816502,7.17806,225.4523233,12.41595102,6.915301207
Driver,99.93512885,1.5,-6.3,-1.88976378,48.676,-5.179,21.131,2.776,9.076,139.839388,1.3993,19.198,1.699,4790.0,14.218,424.3233949,142.1636842,54.87704389,5.780715474,0.199858626,2.047941997,0.091225,204.6928741,38.51979292,53.43133735,64.33045685,7.273718,211.4968155,40.38641804,97.62716535
Driver,89.6206156,-4.9,9.1,5.866141732,59.246,6.187,7.781,-4.272,-13.372,115.6370795,1.2903,6.072,-2.214,2860.0,-36.952,197.7126304,13.16068962,-22.30012375,6.385294386,-0.2892185,0.667104707,0.11524,112.9825853,-19.51990131,11.76696299,68.68675852,2.669913,161.0663669,-34.91735519,-45.61867495
Driver,109.8246242,2.01,0.591,-2.283464567,59.205,1.79,21.52,0.675,0.084,142.1991321,1.2948,18.913,0.663,3680.0,0.152,461.9761089,143.2676603,5.528135829,5.452028372,0.063216933,1.902243571,0.0840704,225.2019115,2.952015926,51.50841624,65.92714027,7.45584,234.8348349,3.08740722,1.038506995
Driver,71.16812813,-0.541,-1.03,0.551181102,53.576,-1.429,11.462,13.318,14.348,92.25170007,1.2963,9.885,11.359,2280.0,39.614,133.1920949,12.78965824,32.50179744,6.0110273,1.221383855,0.996615283,0.13709,81.79614072,23.60801419,13.62005245,65.70953425,2.219519,128.5347778,41.58206396,23.16286408
Driver,95.24651038,0.905,3.29,-1.141732283,51.562,4.008,9.329,-2.715,-6.005,140.8068629,1.4783,7.841,-1.637,2560.0,-25.575,363.0638373,36.72280618,-38.89238295,6.051027002,-0.194204947,0.835725332,0.0898,194.638855,-31.98029719,20.60612349,66.5770741,4.435099,235.9363997,-45.00054029,-79.44760373
Driver,100.8970115,1.9,7.7,-2.165354331,51.423,9.196,19.414,11.197,3.497,142.1588672,1.4089,16.808,10.728,3750.0,3.128,460.0615514,128.6849041,91.01089661,5.865922171,1.095515647,1.79571076,0.089569,225.8124283,48.8801693,48.85145164,63.29228644,7.236578,237.6613555,51.68678538,20.96455181
Driver,100.8455619,-0.463,3.559,0.590551181,46.862,3.125,16.632,6.058,2.5,148.633903,1.4739,13.518,5.583,4644.54,8.09,469.6060541,125.0441684,70.21029148,5.514070766,0.545815985,1.365964912,0.0790951,225.535573,41.33173099,49.17209258,61.83183185,7.22463,230.2615875,42.46979987,58.6963432
Driver,98.78086972,-5.965,-2.685,7.637795276,48.041,-8.076,15.649,-2.011,0.674,137.727049,1.3943,12.974,-2.098,3660.0,1.138,434.8285805,92.91082883,-12.79856104,6.353726714,-0.231171776,1.494913151,0.0983213,216.9146924,-5.747956394,41.61796963,58.88349257,6.49208,232.8043099,-6.036396415,6.582300768
Driver,110.3614889,4.687,0.306,-5.157480315,58.631,3.172,18.554,-4.729,-5.036,154.1519775,1.3968,16.83,-4.069,2810.0,-12.674,521.8678071,133.9500025,-71.38229637,5.37284871,-0.39224907,1.650382802,0.0754176,260.3028654,-47.60460649,45.96663155,66.27549678,7.45888,275.7875226,-51.77409093,-87.97682038
Driver,102.2436471,-1.7,4.7,2.519685039,44.371,2.778,13.314,0.213,-4.487,147.4930655,1.4426,11.521,0.88,2740.0,-8.953,470.1996851,80.61874421,-11.8469812,5.759585473,0.081250395,1.184269542,0.082517,240.4205598,-12.37862255,34.98076272,62.06114546,6.236986,265.7155721,-15.32646811,-48.19414377
Driver,96.6468325,2.0,0.4,-2.007874016,66.349,0.969,40.325,-13.409,-13.845,97.09578561,1.0046,35.418,-10.648,5061.58,-13.962,248.4652251,120.6390779,-62.28689385,4.293676946,-0.841575301,3.068760468,0.113675,121.3153091,-39.82968963,58.46512778,60.28230308,6.121062,124.6778443,-41.07304761,-53.91124016
Driver,103.019864,-0.055,4.593,0.078740157,41.905,4.531,9.689,-0.783,-5.375,149.6832498,1.4529,8.518,-0.125,1990.0,-19.54,404.0148377,43.83375801,-23.55113773,6.359885434,-0.028293015,0.95555889,0.0888179,217.9678868,-21.48786373,21.56426166,70.88623392,4.69427,259.6409864,-29.93533316,-63.04379158
Driver,92.92680744,-1.017,1.643,1.220472441,46.454,0.676,20.994,2.427,0.784,125.652738,1.3522,18.191,2.319,3500.0,1.269,387.5524666,103.1130006,17.73827506,6.307613625,0.257035967,2.097476452,0.109908,197.1747162,10.1447113,45.02651444,60.05519104,6.46531,210.9305501,10.96139352,6.505987958
Driver,113.4730673,4.7,5.1,-5.433070866,51.016,8.941,15.748,-0.322,-5.412,165.86301,1.4617,14.26,0.438,2732.58,-9.07,571.4530644,134.4198397,-24.5955255,5.789372206,0.03705931,1.486946442,0.074587,281.5622264,-20.93578018,45.10270137,66.32734898,7.664673,298.7028734,-23.36660434,-69.24481044
Driver,96.2464209,-1.501,0.862,2.125984252,46.021,-0.587,11.481,-2.648,-3.51,137.3950877,1.4276,8.879,-1.93,3678.82,-8.295,415.887282,63.34145543,-31.28506383,5.690110243,-0.199903059,0.906153204,0.0869,208.1661801,-20.94251461,33.62262012,56.87144115,5.749998,230.5146508,-24.62867671,-41.86644577
Driver,103.4023801,-3.1,5.3,4.05511811,49.143,2.471,5.912,2.295,-3.005,151.7298228,1.4674,4.984,2.655,1470.0,-6.573,326.5076234,19.6207584,10.96077341,5.743032205,0.262423582,0.500373749,0.078439,181.2872803,4.448026721,11.63566886,84.94322353,3.365501,246.4801243,4.545066564,-11.85537888
Driver,101.2907122,5.221,6.148,-5.826771654,63.358,8.775,9.839,-1.635,-7.783,147.1555118,1.4528,9.064,-0.298,2235.37,-23.129,374.0172749,39.66171148,-37.47483314,204.816372,-33.83035055,-0.565550032,4.27835,202.9588013,-33.27802699,19.75046209,77.11441583,4.22536,250.6598307,-47.62922016,-96.70878803
Driver,85.11542591,0.3,-5.3,-0.275590551,49.376,-5.253,19.817,-2.824,2.627,120.3180923,1.4136,16.932,-3.237,3477.35,4.727,358.9012617,85.36877444,-11.43126674,6.069752298,-0.336453281,1.860479422,0.109716,185.855039,-3.470815208,41.32487985,58.01980975,5.977455,202.7811488,-3.281055151,21.08229279
Driver,90.96948819,2.283,-2.872,-2.716535433,46.12,-0.675,20.125,0.787,3.659,129.1027649,1.4192,17.534,0.221,3392.68,11.053,400.5507972,102.1988655,24.66777861,6.115595491,0.037277874,1.954256079,0.103213,204.0959054,20.13449134,43.93960679,60.30927664,6.48612,212.6754037,21.59938443,58.05284843
Driver,65.3722262,-6.0,0.2,5.275590551,60.059,-3.877,34.137,1.466,1.363,83.81889764,1.2822,27.388,1.297,5610.0,1.931,198.9869496,67.70300859,5.842621537,5.716217279,0.133740287,2.953303903,0.161582,107.1706264,3.842059126,46.26437513,51.42004812,4.776326,115.347976,4.197049654,4.250485103
Driver,100.5637079,-4.207,-5.712,5.31496063,49.276,-9.343,14.955,-0.879,4.832,142.2946492,1.415,12.617,-1.494,3410.0,9.139,454.4451356,92.86423148,10.77751667,6.31680003,-0.153765616,1.442205458,0.0944097,227.1627407,12.12416017,40.43295311,59.65979081,6.54476,244.6164801,14.25781963,54.10273234
Driver,67.5420544,-1.0,6.2,1.102362205,73.907,5.443,31.633,-1.726,-7.978,81.95776664,1.2134,25.664,0.103,5000.0,-8.002,190.4003389,58.74765043,-5.423523132,5.815783804,-0.006665079,2.773762178,0.16537,104.4727774,-5.059896515,42.85840865,50.35805293,4.499558,115.254155,-5.932592978,-15.74243223
Driver,104.1114889,1.847,2.575,-2.362204724,48.149,4.229,12.499,3.406,0.831,151.2616321,1.4529,11.039,3.289,2200.0,-2.025,472.1023279,72.53716659,23.14754793,5.922227098,0.338264578,1.162239577,0.082541,246.7517873,10.98374955,31.01397843,65.72858043,5.895601,279.3685186,12.0129228,-9.531125766
Driver,77.58142448,-1.203,2.117,1.57480315,51.139,1.147,23.115,-20.741,-22.858,88.40730136,1.1395,18.562,-15.925,5610.0,-28.999,191.8101999,41.8148686,-69.11617371,6.283502361,-1.782204658,2.088908896,0.1571256,107.1262658,-46.306043,33.50362626,50.00112478,3.9623769,122.7371697,-55.16090573,-54.07073133
Driver,89.55574445,-6.48,1.946,8.897637795,49.75,-3.572,9.571,3.446,1.501,126.4488636,1.412,6.221,3.129,4223.48,18.819,333.0524825,45.12065368,69.43671626,142.5077474,39.07812958,8.188620702,4.11719,155.3133592,45.67053669,36.97004715,56.33725212,4.70841,172.7554986,54.43198632,112.4988008
Driver,105.9032749,-0.814,-1.696,1.102362205,46.95,-2.456,15.508,0.832,2.528,152.9789281,1.4445,13.466,0.502,3140.5,11.076,492.598466,113.554399,43.54591526,233.181009,30.71542958,0.695831683,6.99409,233.8119924,30.85611154,46.68167078,56.91476865,7.02727,246.7436735,33.74479286,86.4729428
Driver,107.1850394,0.098,-0.65,-0.118110236,45.813,-0.555,15.955,-4.492,-3.842,149.828427,1.3978,13.983,-3.993,3020.0,-8.715,496.3151927,109.3865888,-56.65181823,6.196552292,-0.441051588,1.571368511,0.0884022,248.0836606,-35.93951235,42.28569852,62.59382411,6.98761,265.4557889,-39.55757092,-56.27790968
Driver,107.7666428,4.3,0.1,-5.31496063,48.218,3.889,16.218,-0.965,-1.065,157.3208214,1.4598,14.914,-0.758,2870.0,-4.542,526.4511509,131.4868734,-21.39483582,5.809918491,-0.088761906,1.565778253,0.079254,257.9083474,-14.78208875,46.80749621,64.41624999,7.517039,273.0512721,-16.14923252,-34.12344088
Driver,95.13913744,-4.7,-1.9,4.803149606,54.268,-5.426,12.687,-0.063,1.837,139.596233,1.4673,10.817,-0.108,4630.0,6.226,424.3363608,91.54188325,15.04825825,5.594342714,-0.017526793,1.09815783,0.084766,206.5316436,11.77031939,43.82968985,56.78476908,6.458777,219.4020458,13.12611216,36.47690551
Driver,91.99847888,-0.929,4.6,0.984251969,57.664,4.012,17.602,14.461,9.86,117.7227989,1.2796,15.12,13.059,3300.0,27.197,318.5611134,60.8409174,103.1805726,6.429104685,1.487211992,1.73928399,0.117561,170.8817237,68.51306949,33.2463455,57.4038382,5.0943,192.3157848,80.67035792,94.10709047
Driver,116.2535791,3.3,1.3,-4.05511811,50.176,4.091,14.436,-4.783,-6.083,162.7342072,1.3998,12.649,-3.654,3295.69,-7.284,550.9972259,128.0211213,-59.60885505,6.018459728,-0.398750032,1.372601357,0.078593,266.4819579,-36.29683491,46.14213599,63.84319208,7.57303,281.4521953,-39.18347374,-58.19440241
Driver,102.0177165,1.7,-3.5,-2.244094488,49.417,-2.012,15.613,-1.809,1.691,149.5309145,1.4657,13.265,-2.146,3513.27,3.6,490.2050189,114.2103812,-6.984449712,5.603732586,-0.203962325,1.340914627,0.079839,239.8331508,-0.60389022,45.26644509,61.5584526,7.121364,254.8358116,-0.23487621,25.13189756
Driver,100.3310666,5.966,0.438,-6.771653543,54.725,4.677,13.799,-0.636,-1.074,150.3270401,1.4983,12.412,-0.442,2090.0,-4.934,473.4697117,79.56532253,-12.31118698,6.158346549,-0.051437686,1.365608706,0.0867918,248.874766,-9.642240265,32.54442088,66.34715462,6.02338,278.3311536,-11.68131162,-23.17051648
Driver,92.52863278,1.651,3.444,-2.204724409,47.861,4.939,17.799,6.248,2.804,133.8142001,1.4462,14.792,5.701,4055.88,2.635,415.4834597,102.0044664,46.44528134,5.754740078,0.574800744,1.54307684,0.092446,206.3672716,25.55762717,45.00651251,59.12220555,6.584668,220.3185302,27.53956766,15.26730986
Driver,110.5180744,-0.649,-0.189,0.826771654,46.963,-0.796,12.668,0.916,1.106,157.9744542,1.4294,11.023,0.776,2590.0,-2.146,522.206374,90.33754581,1.724451901,5.801669813,0.076938318,1.142146095,0.0774344,263.6611593,-0.768377948,36.23835641,63.64612982,6.617401076,289.455126,-1.254331515,-13.01743585
Driver,111.0146743,6.5,4.9,-7.125984252,53.431,9.667,17.129,-0.18,-5.003,164.4253311,1.4811,15.991,0.379,2055.16,-10.265,563.8384882,130.5495755,-22.63807869,5.446561854,0.029671057,1.569159268,0.071265,287.7128993,-20.3881818,42.3351206,69.40238546,7.3524,309.1900057,-23.33992319,-66.85830044
Driver,108.952219,5.5,3.3,-6.377952756,49.407,8.055,18.138,-1.9,-5.2,158.1390927,1.4515,16.763,-1.279,3140.0,-12.816,533.2939268,147.9060818,-53.47483726,5.420469173,-0.134827042,1.649074741,0.074179,260.2326898,-38.85054181,49.06547367,66.64807914,7.788242,273.0715267,-41.91804731,-99.29198636
Driver,92.15506442,2.5,-2.3,-3.149606299,51.916,-0.347,13.106,-3.939,-1.639,130.3084735,1.414,11.912,-3.546,2160.0,-4.536,362.8295989,53.22399612,-28.60630299,5.603153746,-0.369802369,1.180829511,0.090946,197.3336265,-17.73881397,27.18343938,64.10351547,4.970256,231.9585362,-21.7103971,-16.64761498
Driver,112.2069613,1.8,0.4,-1.929133858,52.183,1.433,14.024,-1.13,-1.556,163.8370168,1.4601,11.98,-0.718,3350.0,-3.223,551.610381,127.3446116,-19.32337145,5.978590646,-0.092849131,1.291844535,0.077352,265.0442821,-12.46757931,46.57191622,63.53375139,7.558351,279.3876292,-13.50468867,-27.44691309
Driver,95.65810666,0.674,6.139,-0.787401575,52.966,6.648,11.31,-3.74,-9.88,140.5306013,1.4691,10.057,-2.541,2400.0,-42.321,330.5888489,38.07142934,-49.85263693,6.14362381,-0.303434648,1.083193531,0.09182,183.8632772,-43.49887058,20.75446677,70.51643339,4.07994,214.4794816,-57.45510784,-106.6081887
Driver,94.88188976,-3.142,-3.543,3.937007874,50.575,-6.129,12.235,-2.171,1.372,133.3509306,1.4054,10.076,-2.368,2870.0,-2.481,390.3769195,55.3912993,-19.84828878,5.891885401,-0.245775555,1.055076016,0.092989,203.5764414,-11.78998709,29.22035082,59.96937656,5.330396,232.6927268,-13.96403437,-10.14822181
Driver,99.31773443,-2.2,-5.8,3.031496063,45.818,-8.568,14.023,-4.166,1.678,139.7519238,1.4071,11.536,-4.167,3470.0,18.62,423.6460608,78.1167149,8.289505951,5.64751776,-0.418241183,1.167673438,0.085536,213.2393655,16.65407853,37.43233138,58.09380143,6.060512,232.9342287,21.05928529,96.1725043
Driver,71.36050465,0.6,0.4,-0.511811024,43.18,0.483,11.126,-1.698,-2.011,103.2388601,1.4467,8.861,-1.124,2370.0,-7.399,198.5988467,18.78279517,-7.27210851,5.723343366,-0.132068433,0.875137889,0.116258,115.2830298,-5.631280596,15.7141839,63.54055237,3.041343,157.5606369,-8.893369607,-10.11443021
Driver,102.9013064,1.747,5.516,-2.086614173,52.012,6.882,12.39,-4.495,-10.011,146.100349,1.4198,11.099,-3.236,2590.0,-26.469,425.9138032,63.18344519,-65.62514063,5.969677716,-0.358678163,1.175501363,0.08622,223.992602,-50.40699869,29.19477622,63.83189408,5.46378,255.6888754,-63.300509,-114.0204819
Driver,99.07167144,1.766,5.106,-2.165354331,52.71,6.452,10.059,-0.455,-5.561,147.4964209,1.4888,9.023,0.253,1830.0,-27.698,371.9185156,39.87565722,-23.86161828,6.064721855,0.007897698,0.960203485,0.086088,205.4790549,-23.79491513,20.06924067,73.91500746,4.323609,254.073781,-35.76210734,-74.08771903
Driver,82.14253758,-2.6,-0.6,2.283464567,52.519,-3.254,26.356,-1.013,-0.306,106.8445777,1.3007,20.334,-0.933,6380.0,-0.454,283.1274068,85.65617279,-5.16162805,5.630291938,-0.093557452,2.117359469,0.117687,144.9817012,-2.968259016,47.37881362,54.67325001,5.645733,152.2046217,-3.133796321,-1.822781809
Driver,97.30449177,-1.6,-2.8,2.322834646,42.527,-5.175,13.082,-2.996,-0.153,143.3699445,1.4734,11.244,-2.832,2617.25,-2.832,445.3479336,73.36220475,-28.26935292,5.896127272,-0.308617542,1.182371528,0.086871,228.9709205,-16.54877979,33.70152295,61.15603805,5.980969,254.7113615,-18.92234985,-15.73575224
Driver,67.53086972,-0.751,-10.542,0.708661417,57.013,-11.029,33.305,1.522,12.063,77.20606657,1.1433,23.211,-2.618,8180.54,36.182,156.2478348,43.12900358,13.80451816,87.35863313,19.24982922,-2.21197646,3.98484,84.94295206,17.88839726,40.68888504,43.62345339,3.82484,90.3703994,20.85366984,64.98791628
Driver,85.24740515,-2.7,1.7,3.543307087,52.373,-0.533,11.216,5.772,4.072,121.1524696,1.4212,8.781,5.071,3050.0,0.433,316.6957665,36.77036228,28.27997068,6.039048207,0.53424137,0.937506745,0.104604,168.837077,15.35268744,23.55514903,59.24076631,4.462779,202.1356781,18.46807335,1.292667164
Driver,96.7519685,-3.6,-2.4,4.724409449,51.616,-5.885,19.141,-1.414,1.018,131.0667949,1.3547,15.879,-1.552,4248.46,-0.532,397.4609425,105.4835634,-11.77928392,6.117781361,-0.16825947,1.772219855,0.101123,197.1351948,-6.408019713,46.99958694,58.52261354,6.611646,208.9104671,-6.832948219,-3.20772577
Driver,102.5545812,2.975,5.113,-3.858267717,49.115,7.692,15.114,0.815,-4.298,150.6918844,1.4694,13.408,1.441,2710.0,-18.301,484.9716247,94.68384232,-29.0173254,5.88841904,0.132758109,1.41349308,0.083213,247.7533095,-28.87069009,37.71508542,63.16453965,6.536071,271.4598376,-34.8496932,-105.1485008
Driver,92.81496063,-3.6,-1.6,4.803149606,49.078,-5.352,22.976,-6.59,-4.931,122.975349,1.325,19.359,-5.727,4490.0,-8.139,360.7976218,109.3158009,-52.73173106,6.072620972,-0.633107493,2.165848534,0.109301,180.1972036,-32.45477417,49.15168041,58.60329101,6.514688,190.0411046,-34.70713048,-43.81559749
Driver,79.70651396,0.689,-2.167,-0.984251969,49.002,-1.567,15.745,5.402,7.568,105.9674749,1.3295,13.789,4.373,2310.0,17.616,248.4306826,37.49387831,29.40347104,6.070010016,0.480742359,1.468322949,0.1223528,142.1444165,21.87813008,24.43441225,61.0362741,3.983084955,176.9120873,29.95558783,33.3155808
Driver,74.1678597,-2.561,-1.934,2.755905512,52.836,-3.876,17.456,11.691,13.624,89.13117394,1.2017,12.097,7.858,5755.68,37.799,153.236652,20.84765558,34.44202925,86.03407198,24.49092759,1.658583503,2.64427,90.86656709,26.41556641,19.67729289,56.35003064,2.82999,117.9205159,37.36106447,42.84275486
Driver,89.12848962,-0.779,0.41,1.220472441,43.186,1.241,15.278,-2.415,-2.825,127.7055744,1.4328,12.534,-1.914,3533.51,-7.344,364.4591304,70.91136145,-29.55869611,185.6344832,-20.88461951,3.794133597,5.15874,191.3156822,-21.92951743,34.85956289,63.80769809,5.37915,215.5314568,-26.28710164,-46.70871583
Driver,88.95177165,-1.414,-0.931,1.811023622,46.14,-2.29,16.227,-1.898,-0.967,131.7016374,1.4806,13.971,-1.769,2955.28,-3.061,406.2571488,79.91763799,-17.91686944,6.226270423,-0.195559349,1.565149825,0.101069,210.3001483,-11.3267316,37.02442817,59.7234402,6.02071,223.2046416,-12.28836193,-14.51639182
Driver,102.4964209,3.422,7.371,-3.700787402,61.655,9.219,13.639,5.092,-2.279,150.2740247,1.4661,11.381,5.608,3453.19,6.935,482.5316201,100.0068832,68.35596231,216.1312626,35.11735127,17.88744179,5.61556,241.6700076,40.35517001,39.92942087,62.48732081,6.68334,260.7456529,44.16515671,50.63149472
Driver,74.66669649,-1.199,-3.299,1.692913386,49.477,-4.324,15.921,-6.036,-2.737,101.6193182,1.361,11.139,-5.246,4883.36,17.742,211.7051853,29.59527411,-7.20797757,127.4993565,0.228182374,-4.124398679,3.77566,118.8393164,-0.381728829,23.53289325,59.57851601,3.44566,147.087052,1.507050271,31.4566263
Driver,81.35289907,-2.3,-9.1,1.968503937,63.992,-10.416,30.609,-3.804,5.296,88.74149964,1.0908,24.064,-5.141,5840.0,6.863,212.0282831,66.40401021,-11.42763312,5.976599725,-0.519287162,2.678774873,0.15531,112.8429627,-4.387097031,45.34344078,50.64210298,4.845058,121.0887734,-4.449299429,17.20328719
Driver,98.45427702,1.957,5.349,-2.519685039,49.351,7.03,6.347,11.546,6.197,143.4314603,1.4568,4.928,9.527,3504.66,19.524,400.3998363,36.21788424,99.00696612,5.869245529,0.989779366,0.520813388,0.08507,199.9081607,59.34463674,22.59304653,59.63113194,4.829257,233.224433,73.99068097,80.79120601
Driver,89.9158912,1.3,-8.1,-1.456692913,56.596,-7.376,15.356,-4.703,3.397,112.3979957,1.25,12.658,-5.351,3110.0,9.936,297.2993075,49.00890087,-15.94904654,5.539827301,-0.505995927,1.247447411,0.104889,158.7208174,-4.506723299,30.73378291,55.09068305,4.790764,183.1707235,-3.679767993,30.92626263
Driver,102.2235147,1.9,10.1,-2.125984252,58.121,11.354,1.213,-4.017,-14.117,147.0805744,1.4388,1.279,-2.773,1880.0,-63.481,58.473358,0.692404554,-3.986133073,5.850090072,-0.315237326,0.114395749,0.082145,37.68216107,-3.305362299,1.538195115,128.5397759,0.560556,113.7207173,-13.12910441,-4.456470748
Driver,99.52129563,-6.298,-8.589,9.488188976,42.483,-15.511,9.207,-6.492,2.097,141.2895938,1.4197,6.428,-6.873,3934.33,7.067,444.7195098,59.79138999,-34.62957156,205.0131997,-13.01239956,9.422153529,5.33179,222.4720201,-13.22441417,32.67942777,57.71701645,6.05878,244.0266465,-13.58181386,40.33963539
Driver,87.71027201,-4.6,1.0,5.590551181,44.346,-4.37,14.25,0.516,-0.392,126.0676897,1.4373,11.545,0.578,3390.0,-3.495,367.2828825,64.83121327,-2.573013146,5.99108893,0.056002943,1.240240415,0.100793,187.4547268,-3.26251533,35.60427729,55.48811846,5.589755,207.9437557,-4.134337999,-15.45922405
Driver,87.30314961,-2.867,4.505,3.543307087,52.884,2.333,13.115,-4.748,-9.253,120.990068,1.3859,10.493,-3.179,3650.0,-20.318,323.7780874,46.98475141,-44.4722671,5.502155041,-0.32572718,1.026485288,0.095929863,169.8896711,-32.75373468,28.71222329,56.34158274,4.812356489,195.9328544,-41.35392461,-70.37627232
Driver,83.4690408,-3.695,-1.459,3.818897638,55.606,-3.993,24.177,0.262,1.722,108.9667591,1.3055,20.265,-0.005,4240.0,2.675,305.9839013,86.56633871,4.137728654,5.864300643,0.003759283,2.181786494,0.119751,158.5595128,3.478987975,44.88042139,56.25239337,5.758471,171.1771952,3.943876903,10.47846467
Driver,89.24257337,1.41,6.707,-1.57480315,59.128,7.55,4.833,-2.358,-9.065,131.2605136,1.4708,4.369,-1.112,1728.29,-53.589,135.274021,5.646011802,-8.162939583,6.118799722,-0.151032131,0.443876632,0.096596168,84.03219758,-8.229702093,5.916153864,98.45934686,1.524027885,158.5955592,-21.71294083,-19.81557632
Driver,94.13922691,-2.1,-3.7,2.440944882,54.269,-5.252,11.745,2.804,6.54,127.2165802,1.3514,9.508,1.721,3130.0,-1.601,359.1300434,48.18102777,8.389185267,5.906740455,0.175725012,0.997935265,0.097609,187.6071796,3.639208368,27.81684325,58.44883946,5.031733,216.5918004,3.890725434,-5.987113261
Driver,95.71850394,3.624,7.039,-4.645669291,52.126,9.863,14.683,0.392,-6.647,142.4203651,1.4879,13.074,1.395,2660.0,-32.518,408.5663923,68.48858875,-39.25270516,5.837802302,0.115666907,1.356900236,0.087151366,216.7860171,-40.38338787,31.06678263,63.48310664,5.474574375,246.1185389,-52.61690406,-136.6700478
Driver,111.4307445,1.4,-1.4,-1.299212598,48.694,-0.925,14.609,-1.5,0.064,162.9666249,1.4625,12.847,-1.546,2851.15,7.671,552.1384312,120.9066611,9.54918521,5.84204635,-0.147476367,1.349275189,0.076173,271.0527903,11.63339932,43.81736979,64.21780962,7.388685,288.6856284,13.42873951,56.80589768
Driver,91.82399785,-5.98,-9.911,6.57480315,50.883,-14.798,12.686,0.45,10.361,133.265927,1.4513,10.48,-0.816,3350.0,19.592,386.2117407,59.05383909,27.87818524,6.332499255,-0.067915528,1.186006531,0.100227,199.1087064,25.68820255,31.25767218,58.09800831,5.41957,222.4866419,32.0863636,85.49246043
Driver,108.5428597,-3.725,-4.816,4.68503937,49.974,-7.95,18.19,3.833,8.649,156.7228883,1.4439,14.649,2.351,5935.91,13.976,475.5143293,150.9673767,71.4284481,6.210501551,0.282544816,1.696387952,0.0851364,222.3803994,46.73707459,55.10799597,66.71121228,7.58989,226.5871572,48.00213703,113.3375152
Driver,90.52881174,-2.226,-0.686,3.464566929,50.163,-2.544,33.907,-6.077,-5.391,105.865247,1.1694,27.399,-4.908,6910.0,-6.025,279.4098541,112.4376675,-32.20746,5.784673078,-0.508494176,3.039725552,0.1295304,139.2697427,-20.0522507,54.46105202,59.16186802,6.091814513,142.2992541,-20.56453264,-24.56253684
Driver,98.31558697,0.928,2.678,-1.141732283,47.974,3.514,11.582,-1.619,-4.297,147.3722709,1.499,10.311,-1.093,2008.48,-14.471,424.1814701,56.24716368,-27.34500068,6.371665995,-0.132915006,1.163431395,0.090893,227.5302221,-22.08068694,25.89161375,68.2470324,5.18109,263.7769832,-28.55489773,-53.27084947
Driver,75.65989621,-2.676,-4.598,3.74015748,47.883,-7.02,15.404,-2.698,1.9,101.7070061,1.3442,10.181,-3.264,5298.45,21.454,202.3826684,26.32606925,2.873811531,122.1352767,8.579994668,-4.64950483,3.73397,112.4598132,6.782606282,22.849328,56.56268312,3.34397,138.4905683,11.34873109,39.48912711
Driver,99.96197208,0.732,3.466,-0.984251969,50.19,4.076,17.782,4.417,0.951,144.6147996,1.4467,16.668,4.352,1601.89,2.305,435.7126692,97.50677236,34.76703678,223.8126895,17.49457247,0.518576959,6.07912,224.3922621,17.53085245,41.26270603,64.68927084,6.10349,245.6446454,18.86884276,1.513897977
Driver,103.6350215,1.9,10.3,-2.283464567,52.362,11.784,-0.027,-6.615,-16.915,137.2027112,1.3239,0.151,-4.959,2180.0,-43.534,13.28820162,0.019497735,-1.190619426,5.617323669,-0.509032043,0.006059501,0.084477,8.858852559,-0.827106799,0.186010368,133.0087845,0.133989,73.35102098,-7.368486667,-0.18471369
Driver,99.43852899,-1.195,0.064,1.57480315,48.746,-0.984,17.234,0.524,0.46,147.2257516,1.4806,15.424,0.477,2647.04,4.548,465.0824339,115.7974603,21.95360359,214.9509283,15.37977691,5.594809624,6.74611,219.9107432,15.99438258,48.36648196,56.5755171,7.01555,232.5012911,17.56163751,42.50367814
Driver,89.77496421,-4.6,-0.8,4.291338583,57.462,-4.519,16.566,-3.708,-2.771,130.135111,1.4496,12.664,-3.031,5080.0,-5.934,381.0679068,87.57142987,-34.46866485,6.076998286,-0.346100129,1.401944287,0.099758,188.0750503,-21.17404923,44.20185699,54.97623531,6.231086,199.4215136,-22.94858405,-33.78884507
Driver,113.0010737,5.1,1.9,-5.94488189,51.192,6.097,18.724,-0.281,-2.181,165.8732999,1.4679,17.013,0.169,2856.68,-5.663,576.906029,163.7079216,-19.63028579,5.811874991,-0.001913769,1.796481303,0.075948,280.2631486,-15.45634007,50.06012727,69.37379912,8.16905,292.7593077,-16.62749832,-48.84503861
Driver,119.1593593,2.122,-1.425,-2.795275591,44.356,0.747,13.803,1.325,2.75,174.6875,1.466,11.597,0.791,3931.85,3.855,594.1115652,153.7998855,24.60307061,5.985450789,0.086412858,1.256985576,0.072532842,277.6979125,15.82273169,50.93146006,66.40799658,8.146456028,287.9542389,16.71958518,35.98140022
Driver,96.92868647,-3.3,-1.5,3.385826772,56.831,-3.862,14.092,-1.85,-0.35,142.2130011,1.4672,12.048,-1.817,4970.0,-0.753,435.7330943,106.8640693,-15.6269201,5.820410475,-0.185586193,1.277640913,0.087048,210.478799,-8.326821754,47.29916397,58.79266482,6.789773,221.0481548,-8.804097242,-4.962424514
Driver,94.38976378,-3.292,-10.002,4.488188976,45.653,-13.225,17.835,3.723,13.725,130.5840641,1.3835,14.849,1.651,4650.0,22.248,380.3754041,90.32112978,58.85846822,6.117044316,0.20899014,1.647737491,0.100935734,191.4195506,44.53197222,42.96256269,57.25262928,6.154308205,204.7902905,49.80927599,117.4492161
Driver,92.25348962,-3.3,-2.1,3.346456693,57.51,-4.455,16.654,-3.757,-1.657,136.4777201,1.4794,14.272,-3.435,5450.0,-3.424,406.4556182,111.6084442,-33.9301793,5.92501653,-0.375005436,1.547953528,0.093377,197.3475504,-19.43254474,49.27726179,59.21540554,6.735016,205.7931328,-20.46170816,-22.89237263
Driver,99.69130279,-1.2,-7.6,2.047244094,37.523,-10.074,18.234,-2.478,5.319,139.7206067,1.4015,15.776,-2.937,3540.0,14.719,438.3305928,110.3904053,13.51257763,5.791144216,-0.305904209,1.655594252,0.089467,218.4129263,17.71416207,45.37314765,60.78747484,6.799287,232.8877958,20.40368095,86.53512301
Driver,95.31138153,-0.967,3.353,1.141732283,47.827,2.476,13.768,-0.072,-3.425,137.2834646,1.4404,11.982,0.357,2500.0,-8.436,412.0339121,66.05622733,-10.71528218,6.466412215,0.031852268,1.381400557,0.0997778,217.3043193,-10.49840758,31.0804614,62.36961337,5.59856,244.7589547,-13.31683195,-35.55179778
Driver,99.8523622,1.814,1.328,-2.519685039,48.933,2.91,15.914,-1.782,-3.11,139.9659986,1.4017,13.138,-1.147,3950.86,13.589,418.1151503,93.02123439,28.65111901,200.0267129,22.99976563,0.880016638,6.27396,200.8918289,23.18850316,45.33247254,53.74209063,6.32099,212.6422141,25.77935743,81.53504288
Driver,105.3440408,-0.4,-0.8,0.748031496,49.667,-1.821,14.106,-1.18,-0.271,154.8552702,1.47,11.895,-1.031,3400.0,9.117,507.3371647,109.6571185,17.78795348,6.037738762,-0.11048487,1.294143708,0.082665,247.3179007,16.40287322,43.86799875,61.30109451,7.074823,263.4389209,18.62764794,62.52150867
Driver,102.3264137,0.1,7.1,-0.196850394,54.401,7.148,9.503,0.33,-6.77,147.3988905,1.4405,8.44,1.432,1920.0,-18.723,387.1696702,40.59137874,-9.935678463,5.871752697,0.134359678,0.871604839,0.083252,210.8457467,-13.13108391,20.49447317,72.03718382,4.505428,257.6727998,-20.44809917,-55.15769398
Driver,97.35817824,0.146,-0.211,-0.236220472,48.362,-0.081,14.476,-4.885,-4.674,133.341088,1.3696,11.055,-3.735,4764.89,14.723,365.8134981,67.83187799,0.504631294,195.9230646,5.020275691,-3.09534644,5.42489,191.1863414,4.651692167,33.49841717,64.80936758,5.24489,214.9042259,6.566850544,51.27709322
Driver,79.98389406,-1.225,-0.742,1.456692913,52.101,-1.696,10.108,4.946,5.687,116.2533554,1.4535,7.741,3.738,3059.34,27.134,270.2680973,26.81066606,47.30714387,113.4587643,23.4496359,7.574105709,2.77051,145.2200898,34.76349227,20.29951403,56.64424377,3.91432,176.9068906,46.63791648,76.49192347
Driver,116.0790981,1.0,0.6,-1.141732283,44.396,1.284,14.456,0.819,0.145,168.3207319,1.4501,12.442,0.835,3370.0,-7.25,570.0744669,138.4906435,-19.28409961,3.62023795,0.047835368,0.807453578,0.045423,272.2906309,-16.41699557,48.0932123,64.92396466,7.801088,285.4663456,-17.95803253,-61.12836063
Driver,111.7506263,4.7,2.1,-5.590551181,50.741,6.089,13.483,-2.288,-4.388,164.6944345,1.4738,12.54,-1.709,2380.0,-14.424,549.2095747,105.1472821,-53.54818745,5.801392957,-0.19165573,1.301431581,0.074676,278.0094891,-39.46580454,38.39182291,65.77529562,6.924102,302.3369519,-45.48652946,-93.723209
Driver,84.33473515,-4.6,-0.8,3.937007874,55.236,-4.64,23.738,1.952,2.896,115.6399875,1.3712,17.97,1.235,6650.0,3.397,309.9950906,92.83468419,13.27759631,5.547036443,0.130707817,1.839528364,0.105541,154.7350764,8.618593208,49.02661664,55.20245136,5.942705,160.8002932,9.077865594,15.86022164
Driver,110.5851825,-6.023,-0.145,7.992125984,45.302,-6.137,9.361,3.095,3.24,162.0512706,1.4654,7.615,2.722,2870.98,11.811,521.7086111,70.46898431,53.91620461,6.178049597,0.30409832,0.847281423,0.0795931,258.7981974,35.76773526,31.61170113,61.65787759,6.21408,276.2886812,39.84245078,70.66500052
Driver,96.55735505,-2.307,-9.051,3.070866142,45.997,-11.281,19.54,5.804,14.856,129.4398712,1.3405,16.262,3.394,5140.0,22.991,371.4955448,97.40892399,71.92836597,6.169355017,0.402507844,1.830646826,0.103569928,186.1243463,51.59160653,45.28057826,57.58444838,6.239107013,197.5831559,56.59692723,122.7419523
Driver,94.25107373,-2.9,-1.3,2.834645669,56.936,-3.447,16.171,-1.506,-0.206,134.2982731,1.4249,13.876,-1.539,5300.0,-0.078,399.553319,104.7145915,-10.45407866,5.695101436,-0.151455279,1.4426644,0.090963,195.1188281,-5.341143792,47.8671193,58.25112868,6.586531,204.6507903,-5.607225329,-0.302396718
Driver,75.56147101,-3.543,4.392,3.188976378,62.371,2.535,29.807,10.558,6.166,99.07122405,1.3111,22.72,9.057,7079.23,7.678,251.6573057,79.55729679,47.35910811,5.829736667,0.933622746,2.466509796,0.133985,130.923956,28.71955822,46.94497494,53.47253855,5.328296,137.2435562,30.33860474,24.76142291
Driver,96.05851825,-5.5,8.9,6.299212598,57.831,5.39,7.457,-2.177,-11.077,129.7514764,1.3508,5.782,-0.627,2840.0,-32.133,274.7561487,19.83803208,-26.67871701,6.242015305,-0.101469659,0.632577292,0.100257,149.196112,-23.95712817,14.65352412,66.71027362,3.426942,194.0637014,-38.72865644,-67.0326812
Driver,23.04939155,-0.795,2.77,0.94488189,54.831,2.21,27.631,-7.532,-10.301,28.85603078,1.2519,19.878,-4.408,2360.0,-12.913,19.23614912,3.530313702,-1.538881225,6.035086204,-0.490017525,1.174576317,0.465812,12.44801481,-1.06354484,21.37406663,26.89655542,0.98114,22.96836081,-2.045110615,-0.321494242
Driver,93.16392269,-4.013,-2.975,4.37007874,56.111,-5.676,14.878,1.348,4.323,136.3126342,1.4631,12.647,0.816,3100.0,8.306,423.6154231,79.19945195,22.56881486,5.411481392,0.083937068,1.229552762,0.084224,216.7149619,17.10470381,36.67780449,59.42462339,6.09103,237.1190858,19.92759792,42.07881515
Driver,105.0510021,-3.9,2.3,4.921259843,50.793,-1.084,5.892,-1.541,-3.841,154.0367752,1.4663,4.921,-1.331,1590.0,-8.553,346.8908225,21.39089906,-14.30771103,5.917266521,-0.142576767,0.510563503,0.079633,190.1132074,-10.26600796,12.37703327,82.97024579,3.556447,253.0245119,-15.72681224,-17.5610561
Driver,98.58401933,3.685,4.912,-4.724409449,49.886,8.023,15.998,7.099,2.187,141.788878,1.4383,14.033,6.737,2810.0,2.717,457.1632826,93.79049203,58.34165258,6.018302024,0.708638877,1.515751407,0.090721,233.477155,32.32539756,39.04846439,61.84013042,6.493396,255.4594555,35.78195283,14.92887292
Driver,103.1205261,2.5,0.5,-3.267716535,47.167,2.876,14.464,3.609,3.109,149.7431997,1.4521,12.785,3.253,2580.0,4.625,488.4142137,91.69154111,37.41646399,5.6979556,0.326848665,1.302570504,0.080773,249.9930704,22.84394368,37.09029281,63.48164745,6.517744,274.6905141,25.90233793,26.04183847
Driver,67.39217967,-3.573,3.413,3.307086614,62.115,1.52,33.18,1.3,-2.113,84.28261453,1.2506,24.852,1.863,6960.36,-2.354,195.7297513,60.80798615,4.154048786,5.876161789,0.185591365,2.717985621,0.161759,105.7687047,1.767019905,43.88221678,49.97271338,4.584696,113.0784931,1.816767074,-5.015846608
Driver,116.152917,3.611,-2.367,-4.881889764,45.03,1.248,11.606,-1.493,0.874,165.0624105,1.4211,10.363,-1.632,2050.0,2.848,534.9617305,81.86532105,-9.049108108,5.693906811,-0.160345803,1.049613182,0.072486837,275.3770306,-2.732582682,31.93520661,67.85538253,6.260011977,308.5265458,-2.440545209,15.33256786
Driver,96.69828203,2.925,4.882,-3.937007874,47.696,7.547,14.278,2.445,-2.437,143.7180118,1.4863,12.442,2.851,2680.13,-14.386,448.6420899,78.99200569,-5.75188894,5.782678339,0.275791259,1.283877971,0.085336,231.9048597,-12.54185172,34.52038342,62.11286113,6.071262,257.8372642,-16.59308574,-72.13235384
Driver,98.61533644,1.762,-0.293,-2.007874016,54.016,0.986,13.682,-0.224,0.069,148.6781943,1.5076,12.301,-0.233,2040.0,0.211,462.5610792,75.86617771,-1.501255542,6.256235447,-0.025228228,1.372921884,0.0891169,244.4798399,-0.678652277,31.60375852,66.61241875,5.88159,275.095693,-0.724864144,0.946658027
Driver,99.57721904,-6.076,-3.93,7.913385827,49.36,-9.172,11.617,1.926,5.856,146.609252,1.4723,9.838,1.322,2730.0,12.016,450.5006285,65.56805535,33.09907615,6.373231731,0.158682489,1.120140109,0.0913749,231.4385893,24.81079661,30.72867789,61.76140279,5.78538,258.4592008,30.04065191,58.48618844
Driver,91.54214388,0.082,0.717,-0.078740157,48.953,0.788,16.823,6.442,5.725,130.567287,1.4263,14.79,5.71,2790.0,12.167,397.1335644,78.95201958,59.05918211,6.286199632,0.638650518,1.671215977,0.103302,208.2036344,38.7033288,36.27693199,60.44915342,5.90963,229.7944165,44.42160198,54.47236725
Driver,100.8254295,4.984,3.56,-5.748031496,52.582,7.386,18.53,0.729,-2.831,144.1027649,1.4292,15.798,1.326,3992.74,-7.376,462.5448592,126.9960751,-11.66647921,6.262208001,0.134728353,1.812180737,0.0938418,225.5266605,-11.66526749,48.76407705,62.73491261,7.22155,236.108297,-12.75112855,-50.62221007
Driver,93.70973515,-3.9,-2.5,4.488188976,56.286,-5.356,10.455,5.713,8.369,125.2433787,1.3365,8.573,4.601,2710.0,21.407,304.3521421,31.76226776,43.08452416,6.195874446,0.518243626,0.932146473,0.10369,166.492905,31.29015934,20.07993019,63.88474466,4.084322,206.3161216,43.40050786,54.21557125
Driver,28.77147459,-1.9,-1.9,1.771653543,70.487,-2.789,30.685,-3.328,-1.428,31.62737115,1.0993,25.558,-2.864,2970.0,-1.624,28.12123987,6.816628359,-1.490382364,2.505010493,-0.135118565,1.053984943,0.18181,17.79762829,-0.986059677,28.07337342,28.54803074,1.372233,27.63592206,-1.545234298,-0.290784082
Driver,99.77854331,0.2,-4.0,-0.393700787,38.54,-4.281,20.273,0.887,4.996,140.6645938,1.4098,17.338,0.15,4230.0,14.566,437.1540941,128.9467438,42.44450702,5.730816817,0.028732496,1.816431602,0.088777,213.4840566,32.64720508,50.09681633,62.55884211,7.132997,223.5048519,35.15346705,96.28430349
Driver,88.20016106,-2.9,5.7,3.858267717,50.131,3.284,1.077,-2.858,-8.558,122.9983894,1.3945,0.575,-1.888,1440.0,-10.895,35.53838868,0.190962934,-1.256129515,5.765772837,-0.196307605,0.046069657,0.096757,22.92055484,-0.864748426,0.703875815,113.5589484,0.396425,87.37130513,-3.623282141,-0.329038124
Driver,80.46930923,-5.876,-2.211,8.11023622,58.424,-5.838,18.023,0.753,2.964,91.30502863,1.1347,14.411,0.279,3300.0,4.489,202.7511346,33.01881501,3.570206462,5.850052328,0.034693493,1.483373252,0.1376712,114.8385335,3.131775572,26.51137031,53.43761628,3.763707488,141.5026254,4.41914335,7.718237996
Driver,98.66902291,1.009,6.48,-1.377952756,47.718,7.398,13.598,-1.672,-8.152,139.6373926,1.4152,11.933,-0.555,2760.0,-18.73,419.4531478,68.92743489,-36.10599948,5.718040204,-0.070866687,1.214632837,0.086681,218.9518184,-30.51846945,32.28811315,61.4549402,5.716924,246.2237734,-37.90066217,-85.25064069
Driver,96.66472799,-0.818,5.941,1.220472441,44.263,5.101,22.718,6.43,0.489,131.1307713,1.3565,19.062,6.348,4760.0,1.672,396.7250113,127.1365561,45.91699093,5.880069718,0.652617176,2.066596884,0.0989384,194.1342136,24.81079635,51.68493368,62.13264117,6.932085743,202.2820224,25.93245022,10.1095803
Driver,98.61757337,-2.171,-5.762,2.598425197,50.764,-7.537,8.399,-9.997,-4.235,143.3269953,1.4534,5.981,-9.018,3708.52,-14.512,424.0630743,48.90021658,-95.65616706,6.425655504,-1.023906463,0.696731439,0.0934365,209.4738496,-55.87922298,28.14571774,57.17955919,5.38049,234.3297196,-65.33651381,-70.63315356
Driver,90.59815676,2.929,6.453,-3.188976378,60.5,8.112,3.285,-11.34,-17.793,126.8369721,1.4,3.257,-9.129,2780.0,-65.839,91.06986479,2.77717175,-18.21524612,6.125551503,-1.020061883,0.320415728,0.100079772,57.54621072,-13.78819857,4.139365325,100.6756754,1.045644322,131.3834073,-37.77899291,-14.24803995
Driver,50.91267001,-9.927,1.664,8.070866142,65.626,-2.884,24.628,28.099,26.435,52.3105315,1.0274,17.312,21.814,4850.0,28.628,61.00935573,10.14281762,24.0981163,5.339328785,2.025407371,1.489342723,0.2234296,38.14201013,16.21554748,21.24585989,41.4726089,1.800838958,56.17166119,24.78166286,6.677103848
Driver,99.7718325,0.591,1.412,-0.787401575,44.972,2.004,18.205,5.528,4.116,145.7144775,1.4605,16.221,5.037,2950.0,5.131,477.8810937,76.99351426,45.04834538,6.054173073,0.533301933,1.739002001,0.088929,289.6944779,29.56797654,22.35641992,101.9158019,5.26839,371.5474798,39.05908009,12.4551751
Driver,104.2188618,-3.1,6.1,4.094488189,51.24,3.381,7.033,0.982,-5.118,150.998121,1.4489,6.045,1.535,1650.0,-7.65,360.9809725,27.11674595,3.355842555,5.851945772,0.152158759,0.620428321,0.080503,197.8382263,-0.595224507,14.92081414,78.91749687,3.873433,255.3687185,-2.594613656,-17.68379416
Driver,98.5884932,2.568,1.695,-2.952755906,51.725,3.723,9.531,-6.145,-7.84,144.6170365,1.4669,8.708,-5.198,1790.0,-35.754,328.0539775,32.03621654,-53.93601624,6.346117941,-0.598609101,0.964781166,0.091741,185.3294156,-41.33204905,17.30906214,77.31731909,3.79071,234.9996849,-59.5502369,-74.38355049
Driver,116.4034538,1.0,-3.0,-0.984251969,39.706,-2.602,13.659,-1.67,1.474,170.6581067,1.4661,11.776,-1.979,3210.0,-6.46,582.6225681,133.7715563,-42.57692665,3.639364643,-0.122491804,0.766963322,0.044915,278.8778028,-27.13850556,46.77936566,64.72606188,7.759395,293.4043091,-29.2982435,-52.61245431
Driver,85.24293128,-5.3,6.7,5.866141732,58.872,3.405,7.49,0.926,-5.774,109.3418933,1.2827,5.741,2.062,2080.0,-19.114,164.3032039,9.685335729,1.392686604,6.303466386,0.208023444,0.613766877,0.12006,97.52170745,-1.443899167,9.446070014,73.33345045,2.269102,151.9208744,-5.208084806,-14.8545013
Driver,45.35164639,-4.691,-5.666,5.196850394,49.431,-9.694,21.943,-3.629,2.037,54.53561203,1.2025,14.281,-4.252,4150.37,4.193,61.22398877,8.354060671,-4.22383548,3.185049998,-0.234021673,0.763846109,0.124687,38.31880644,-2.519715118,17.71804055,43.40772895,1.6969,52.91640784,-3.362817089,0.966461888
Driver,90.4952577,0.794,-0.025,-0.905511811,50.472,0.63,21.919,3.369,3.395,113.2310308,1.2512,19.301,2.913,2982.05,5.659,329.9949426,81.80823513,24.17738153,6.392087942,0.332696178,2.244603186,0.124448,175.321181,16.01312479,40.31321763,58.43415803,5.72374,192.6167705,18.14837508,21.35979907
Driver,92.83956693,-3.89,1.953,5.078740157,50.927,-1.212,16.422,8.322,6.37,128.2976915,1.3819,12.824,7.142,4807.03,28.041,342.7740533,72.13338721,101.1872219,147.2488214,53.78941429,16.06472042,4.3631,170.901674,67.02103935,40.7502025,53.00043307,5.54744,183.9973669,74.08430598,140.865176
Driver,101.82534,0.1,8.9,-0.039370079,52.604,8.846,11.394,4.484,-4.416,148.4833572,1.4582,10.015,5.115,2180.0,-13.578,437.7883751,61.1651183,16.77689564,5.639881887,0.493213014,1.002385444,0.07981,228.9636166,1.118496934,28.77577517,64.05843866,5.491381,261.6994096,-1.618399237,-57.89693356
Driver,94.19515032,-9.475,-7.5,11.22047244,54.361,-14.373,8.5,-1.913,5.587,141.8971457,1.5064,6.433,-2.562,3050.0,17.126,396.2313534,39.53199221,8.928621139,6.24519859,-0.26292021,0.716587705,0.0916829,202.9903228,13.34436941,22.9124747,61.49131311,4.86254,226.9093675,17.81953103,67.15547676
Driver,103.6663386,-0.4,4.935,0.511811024,46.928,4.561,8.844,-3.019,-7.954,147.6205709,1.424,7.478,-1.822,2650.91,-28.989,389.4224192,39.14018046,-49.18047948,5.826147737,-0.205721168,0.769635364,0.0822672,205.8791134,-39.88187003,21.13940977,66.64413679,4.60418,243.4120771,-54.03186018,-100.3196018
Driver,89.93154975,-3.7,6.3,4.803149606,52.566,3.295,6.483,-0.284,-6.584,129.3000626,1.4378,5.149,0.579,2030.0,-7.011,258.4595568,15.73503465,-1.166152593,6.059851892,0.055424998,0.543789499,0.097391,144.0846247,-2.219767643,11.6579243,73.73276317,3.105336,198.1343037,-4.546632562,-11.02649283
Driver,97.75858984,3.7,-6.7,-4.606299213,50.274,-3.864,21.11,3.977,10.677,131.6848604,1.347,19.428,2.733,2603.56,14.62,415.1960808,107.794061,47.5115448,5.658806214,0.296245487,2.000609984,0.094535,216.1623094,35.03359762,42.94807146,63.13123444,6.554948,234.9052681,39.74520551,74.46905187
Driver,85.88716893,3.302,-0.222,-5.157480315,46.208,2.949,19.399,0.099,0.321,129.9545902,1.5131,17.626,0.061,2288.8,-5.451,388.0341347,89.51501574,-11.26792138,195.1441814,-10.32609825,3.913313203,5.82422,199.6153863,-10.8212903,40.94260967,59.49331166,6.02735,219.0179801,-13.00271317,-33.10047692
Driver,101.9438976,4.747,3.89,-6.062992126,50.828,7.77,13.111,1.808,-2.082,152.4740515,1.4957,11.765,2.151,2100.0,-8.955,477.3265608,76.66629859,1.828879481,4.98341623,0.182414748,1.042099371,0.068948765,250.6096017,-4.637793746,31.68093496,66.68531818,5.96135188,283.1335059,-7.067228726,-42.1172967
Driver,103.8654259,0.5,6.5,-0.551181102,52.661,6.905,13.249,1.414,-5.086,149.3794739,1.4382,11.644,2.143,2570.0,-13.835,467.948463,82.03128225,-12.2743145,5.649052422,0.200364433,1.174720908,0.079965,238.2668174,-16.04768808,35.78636337,61.30053558,6.248556,262.5019721,-20.17490602,-74.77772332
Driver,68.94013958,-0.812,-3.514,1.023622047,49.768,-4.201,9.152,-5.976,-2.462,103.7956335,1.5056,7.994,-5.686,1230.0,-13.773,146.4705204,11.25730306,-16.31465839,5.94883716,-0.597744185,0.800113653,0.119543,90.58992157,-11.13726732,10.77559372,77.1664771,2.11496,135.9931247,-17.82896833,-6.525646076
Driver,104.7490157,3.162,3.997,-3.818897638,49.264,6.724,19.03,5.619,1.622,154.6751969,1.4766,16.731,5.371,3550.0,0.146,518.7665884,151.607374,46.93410812,6.008989574,0.562610901,1.831439852,0.084244,250.2034922,23.79860472,51.06102973,66.72286868,7.824318,260.7615924,24.81323238,1.140457607
Driver,106.426718,1.912,-1.131,-2.244094488,53.801,0.269,13.602,-4.348,-3.218,156.4298497,1.4698,12.212,-3.954,2240.0,-9.923,506.9673093,88.35901567,-55.01548909,6.279868723,-0.441657541,1.374578924,0.0850267,262.0221779,-35.84944414,34.57658566,65.78470352,6.3839,288.9246591,-41.31154401,-53.59840698
Driver,103.8676628,1.1,7.7,-1.299212598,51.472,8.432,8.809,-5.723,-13.423,139.0618289,1.3388,7.968,-4.212,2340.0,-20.073,355.9237953,35.6438542,-46.46819183,5.918237105,-0.450014631,0.829341853,0.08891,192.8424834,-33.32826857,19.92878018,68.03326634,4.350323,236.3838662,-45.57067047,-57.86300462
Driver,90.00984252,-0.866,1.54,0.94488189,55.456,0.944,9.218,-3.308,-4.848,136.7519685,1.5193,8.058,-2.741,1750.0,-25.476,301.1112263,27.04389757,-29.63859523,6.231283684,-0.314976501,0.874796575,0.0950964,171.0911678,-23.67686531,15.82001616,76.45463466,3.58747,211.034251,-33.07802656,-46.64013208
Driver,100.1856657,-4.616,-5.493,5.669291339,50.845,-9.262,17.646,2.825,8.318,138.2811382,1.3802,14.294,1.5,4921.92,13.296,419.1904744,108.9032921,46.8884001,6.57142226,0.194987824,1.725479941,0.102073,205.1380834,33.06310057,47.12466318,59.34095502,6.7222,214.9839597,35.5806445,83.25626494
Driver,86.61641016,0.56,3.603,-0.669291339,52.181,4.038,0.607,-0.032,-3.635,126.5036686,1.4605,0.599,0.629,830.0,-29.075,23.98218852,0.133209695,0.188641613,5.849236332,0.051365999,0.041109638,0.095316,15.8635389,0.072050446,0.686862886,120.7111218,0.262398,85.19072073,-0.095433946,-0.306301353
Driver,113.9115068,2.996,3.856,-3.346456693,52.379,6.168,13.668,2.014,-1.842,168.9379026,1.4831,12.321,2.253,2294.37,-6.248,577.8591526,110.9280643,5.405085325,6.406981011,0.245831172,1.425494293,0.0804172,291.2898174,-2.528007079,38.80987411,66.82591175,7.12118,314.237743,-3.753747955,-41.93053893
Driver,99.27299571,-2.27,-8.285,3.149606299,47.484,-10.368,21.241,-0.224,8.061,133.0180744,1.3399,15.878,-2.193,7490.69,12.032,374.1097137,112.559258,18.00311031,6.086609756,-0.210815867,1.783181094,0.099520828,182.3013015,16.73260884,50.78724506,59.01153376,6.569209104,186.6635724,17.47166393,71.00039665
Driver,105.4737831,1.71,3.505,-2.086614173,51.005,4.889,18.038,6.435,2.931,149.6165891,1.4185,15.767,6.006,3430.0,2.988,497.5324415,131.7635126,59.22524402,5.864234009,0.616628156,1.676747919,0.084526,243.4349208,32.51071372,47.86925951,64.09247773,7.421113,256.8636505,34.58268268,21.26759639
Driver,109.6658017,4.1,2.5,-4.842519685,51.593,5.748,13.951,-0.467,-2.967,160.1856657,1.4607,12.875,-0.112,2490.0,-7.7,531.7844681,109.4109012,-21.82858005,5.804276518,-0.01860245,1.3407501,0.07699,265.7105715,-17.49774695,41.11352893,63.77905202,7.05289,286.5628949,-20.06557842,-50.93831567
Driver,98.43638153,-3.163,1.06,3.622047244,53.213,-1.308,28.354,22.47,21.409,87.02733536,0.8841,21.284,16.927,7470.0,21.958,194.9679257,50.85518003,70.24303419,5.62902238,1.679181801,2.185825385,0.1456072,107.0448303,45.24025948,38.91315321,49.29369829,4.290775716,116.1113552,49.95536239,45.10221865
Driver,95.48362563,-0.674,4.678,0.866141732,50.599,4.124,11.058,-4.822,-9.5,129.7890569,1.3593,9.287,-3.349,2950.0,-27.426,332.5885112,39.27918963,-49.40272828,5.881806273,-0.368833215,0.963093426,0.095144653,178.6162531,-38.38460708,23.27357227,61.99658301,4.469211654,213.6413069,-51.87819644,-84.3854219
Driver,119.5060845,3.795,1.483,-4.68503937,48.286,4.873,12.143,1.209,-0.275,174.8930744,1.4635,10.848,1.252,2250.0,-3.294,599.1306956,105.6106482,3.701083662,5.889216516,0.126449109,1.14111093,0.070907297,300.594915,-0.943518258,37.38090765,67.33437308,7.073486101,326.8944586,-1.660668268,-22.53358322
Driver,112.7594846,6.7,0.7,-8.582677165,49.222,6.506,17.073,0.534,-0.166,167.5382516,1.4858,15.857,0.583,2023.12,-7.229,578.1223267,135.9239389,-14.20116307,5.922831474,0.050846691,1.693576095,0.076084,292.9894773,-13.56688383,43.2663581,69.70805446,7.500788,313.2709048,-15.46034003,-49.63253754
Driver,105.1181102,0.3,9.1,-0.31496063,52.413,9.369,9.489,0.815,-8.285,145.9744094,1.3887,8.446,1.85,2050.0,-14.544,398.7260253,44.9945105,-5.584493686,5.84303094,0.178004257,0.871986592,0.083733,212.028041,-9.750465341,23.26339212,66.63219453,4.820539,251.4984601,-14.88841324,-49.74911634
Driver,98.54822835,0.966,4.107,-1.299212598,47.0,5.007,16.058,1.631,-2.476,144.1081335,1.4623,13.976,1.987,3020.0,-9.692,466.9429749,99.2305288,-7.15655703,5.866316924,0.194327397,1.473403706,0.086977,235.7907549,-10.86470308,40.61700909,61.58026782,6.66534,255.837622,-13.20260964,-57.07499584
Driver,87.25393701,-1.456,4.046,1.811023622,55.611,3.049,6.727,-10.503,-14.549,109.0924749,1.2503,5.604,-8.465,2510.0,-48.914,124.2252034,6.717873993,-24.4180124,6.176763984,-0.952474692,0.57328589,0.117818503,76.1515256,-18.39992691,7.694975072,79.75803756,1.690791273,137.180773,-39.32988932,-21.96516246
Driver,86.20705082,-2.143,-0.801,2.637795276,45.703,-2.894,13.787,7.372,8.173,123.1900948,1.429,11.858,6.344,2660.0,18.131,330.0459053,48.11204869,55.62756338,6.437590349,0.73038106,1.350746594,0.110708,179.2802658,38.24702428,26.85587826,60.96101524,4.75895,208.8283258,47.66356579,55.97648743
Driver,105.1337688,2.855,3.724,-3.779527559,46.914,6.397,19.286,17.606,13.882,147.3098604,1.4012,17.089,15.6,4253.45,21.484,460.3788421,133.6491941,179.5357351,6.119422879,1.672947878,1.90978063,0.090427,224.3762787,107.4468444,49.50569336,63.30656254,7.257657,234.9265024,113.9424618,151.5533761
Driver,97.90175376,-0.357,10.227,0.433070866,53.984,9.967,5.052,-1.341,-11.568,124.333393,1.27,4.327,0.232,2132.66,-9.725,196.1982156,8.982220226,-3.762286597,141.7024232,-6.475284988,-6.127403398,3.23814,112.978501,-4.037940384,8.169406406,76.14016789,2.40814,166.6089099,-7.992722622,-13.48524665
Driver,109.1065676,3.462,1.397,-3.897637795,48.737,4.439,13.886,-0.772,-2.168,162.3955351,1.4884,12.66,-0.509,2020.0,-7.502,536.5351679,96.86455034,-20.92657702,6.349159473,-0.062816682,1.442738275,0.0829422,277.4173153,-16.44856699,35.47324512,67.94865932,6.58604,304.6232094,-19.37710435,-41.96336011
Driver,102.8386722,3.253,3.234,-4.409448819,47.24,6.246,14.288,3.589,0.356,149.5986936,1.4547,12.646,3.535,2440.0,-2.187,484.0280127,87.72285983,24.81965003,6.015288275,0.369087939,1.358896816,0.085343,249.4424463,11.48768724,35.62975361,64.08705059,6.365993,276.2758325,12.32293975,-11.69411136
Driver,98.26637437,0.171,0.438,-0.275590551,46.311,0.602,12.077,-4.265,-4.703,136.5249195,1.3893,8.888,-2.98,4648.64,12.855,374.8228419,60.06098387,10.4007661,200.0349623,15.51028623,-4.237816845,5.38233,193.3090503,14.18850649,31.42314314,62.95986148,5.12233,217.4713991,18.9382203,72.57552493
Driver,91.58240873,1.002,-8.992,-1.220472441,47.357,-8.069,23.594,2.642,11.634,129.488189,1.4139,19.882,0.534,5393.14,20.341,373.7559281,120.464374,52.7716296,5.817504344,0.086436474,2.137722582,0.099732,184.9068167,40.63992929,50.75355888,60.83638735,6.677828,192.4255012,43.22550194,116.8709558
Driver,110.3010916,1.5,1.3,-1.732283465,48.75,2.586,13.456,0.924,-0.376,164.4886364,1.4913,12.173,1.054,3040.0,-2.951,562.128833,122.5281218,-0.436322512,5.760233638,0.094923849,1.260548312,0.074199,273.7873193,-2.921954809,44.30344279,63.94939672,7.497432,290.8752354,-3.500565819,-23.87225455
Driver,104.9838941,-2.9,6.5,3.42519685,54.709,4.352,21.322,-4.685,-11.185,136.1084019,1.2965,17.894,-2.813,5120.0,-1.51,412.738755,131.9058478,-23.52592757,5.636918496,-0.278686714,1.855560114,0.09067,199.9345705,-13.07079773,52.44186872,62.80622912,7.0818,206.895018,-13.59019585,-9.791913851
Driver,86.75286328,-3.9,11.1,4.724409449,57.595,8.513,3.691,-3.202,-14.302,111.7580082,1.2882,2.645,-1.085,2440.0,-47.579,78.13799725,1.951448424,-3.892357031,6.279997773,-0.162960017,0.262624844,0.116512,49.1417327,-3.882210419,3.445259811,90.6965608,1.001117,113.4418431,-13.05834891,-8.861669998
Driver,92.98049392,-2.213,-2.048,2.755905512,53.933,-3.661,13.197,3.235,5.283,122.4615247,1.3171,10.484,2.277,3490.0,12.369,339.8901772,50.43168304,30.97841991,6.205926749,0.26210099,1.159436137,0.107056958,177.4621893,22.27648265,29.8961925,56.54399533,5.027880134,202.8903246,27.60296627,45.79190846
Driver,110.9587509,-1.761,-7.287,2.519685039,43.104,-9.169,16.273,-1.164,6.123,157.1830261,1.4166,14.098,-1.939,3590.0,5.8,527.0096386,135.0779737,2.423653375,6.112457558,-0.200597925,1.56033856,0.083226976,254.451763,6.372978299,48.24082101,64.33646425,7.602693377,267.3399541,7.250250395,44.92837403
Driver,25.22369363,-3.1,0.3,2.952755906,68.96,-0.849,32.657,-2.485,-2.785,29.98635469,1.1888,27.061,-1.787,2850.0,-3.295,26.16757014,6.73758724,-0.898308048,2.170796403,-0.074162602,0.984194778,0.16813,16.52428518,-0.611383717,29.51059248,27.31266368,1.355735,25.46989744,-0.966255752,-0.288438789
Driver,106.8137079,-1.174,4.749,1.377952756,50.355,3.776,12.945,4.189,-0.56,156.1954188,1.4623,11.876,4.233,1660.34,-1.454,483.3012678,75.15843775,32.9648313,6.36149676,0.468479802,1.344865387,0.0860607,257.6149867,16.9719981,29.87099547,70.67614994,5.77598,292.6925221,19.00826607,-6.144657949
Driver,103.3531675,1.3,8.3,-1.535433071,53.783,9.342,9.892,0.416,-7.884,145.3198819,1.4061,8.866,1.423,2030.0,-19.372,391.1829621,45.11194615,-13.64081963,5.766575493,0.129500232,0.902352337,0.083091,209.4476783,-16.16101496,23.23212897,67.08629915,4.757469,249.2107104,-23.61557453,-64.0255184
Driver,86.05493916,-2.692,6.718,3.582677165,49.391,4.408,6.368,2.324,-4.393,127.6122942,1.4829,5.027,2.98,1890.0,-10.686,223.2863208,12.1807868,7.777020246,5.962022974,0.302263601,0.516527775,0.096956,128.9981724,2.744228153,9.466651282,80.51765759,2.654613,191.2058914,2.021845324,-11.89272073
Driver,113.5379384,5.1,3.3,-5.669291339,52.34,7.299,14.805,-3.83,-7.13,166.457364,1.4661,13.604,-2.667,2475.29,-20.675,554.8154776,114.5641867,-82.53600516,5.814916242,-0.311288681,1.418197769,0.074396,279.9407123,-60.46712597,40.16322832,66.07095514,7.113398,302.1856729,-68.73236844,-143.0495185
Driver,89.43047602,-3.046,6.299,3.858267717,52.873,3.99,9.54,0.031,-6.269,129.0193271,1.4427,7.739,0.943,2580.0,-9.313,325.8882608,32.06719444,-3.788308418,5.376502426,0.081798251,0.732122377,0.086979,176.0434611,-5.574414822,19.81366611,64.42236405,4.226552,216.8755178,-8.980950455,-25.40843855
Driver,92.20875089,0.187,-2.753,-0.236220472,47.965,-2.584,20.466,10.121,12.873,126.4316392,1.3711,16.197,7.207,6379.45,14.997,355.7012213,99.3119626,76.38427053,6.019513253,0.781202753,1.789835709,0.103606,176.7380439,48.09457695,47.72516814,57.21627343,6.247763,184.4402172,50.92422244,79.13630557
Driver,104.3150501,0.643,0.632,-0.787401575,48.975,1.191,17.185,2.452,1.82,150.2668665,1.4405,14.034,2.089,4729.78,3.962,476.1343428,134.060263,30.17516841,5.622909657,0.210028837,1.451027395,0.0799829,227.1977823,18.20304082,50.82635947,63.117321,7.39642,235.1860809,19.06593611,29.80736261
Driver,79.6595383,1.064,1.68,-1.732283465,47.915,2.641,13.557,-6.273,-7.953,109.1300555,1.37,10.647,-4.365,3744.25,2.867,256.8318024,36.32929556,-15.41902767,146.0106366,-7.075847191,-4.618329458,4.37998,137.4523336,-6.923460029,26.46437549,56.6504773,4.02998,163.5760641,-7.45819875,10.63449766
Driver,71.50143164,2.798,-4.811,-3.385826772,54.121,-2.785,20.533,-2.549,2.261,99.90023264,1.3972,16.836,-3.049,3696.34,18.615,239.50349,50.85749253,5.879295081,136.0528757,10.95355737,-3.486629911,4.61041,131.095106,9.920250326,33.77871888,56.15952191,4.39041,151.3589285,14.0320884,50.57747922
Driver,82.10450966,-0.334,6.937,0.433070866,57.65,6.725,8.817,-6.911,-13.848,112.0230852,1.3644,7.667,-5.121,2350.0,-44.937,168.8558223,12.89337414,-25.35994302,5.74841571,-0.547005249,0.74864241,0.107137004,101.3349441,-20.71631728,11.47216429,74.7740738,2.323155913,156.8983701,-39.02485426,-35.33869074
Driver,119.66267,3.508,5.664,-3.779527559,52.414,8.368,14.756,3.296,-2.368,170.8406407,1.4277,13.378,3.596,2390.0,-7.569,595.141133,126.2293007,13.88537486,6.458195056,0.396970338,1.566989903,0.080557,296.4562028,0.223814076,42.71779396,68.29016364,7.48126,316.5867627,-0.863015453,-55.11181358
Driver,91.83070866,1.1,-5.7,-1.220472441,52.435,-4.945,26.034,2.015,7.715,117.8013153,1.2828,21.77,0.665,5230.0,11.658,326.8782047,112.4223953,28.0386467,5.768549944,0.088059149,2.341722374,0.110392,162.0591037,21.04559501,52.1010088,58.91755725,6.367122,168.8947632,22.36506237,57.53765451
Driver,88.97861489,-1.505,0.419,1.57480315,53.467,-0.696,17.497,-3.73,-4.15,126.9593325,1.4268,15.289,-3.221,2851.0,-7.845,384.3897722,78.83617002,-34.02392137,5.476145237,-0.31440073,1.506588336,0.0926208,201.6812814,-22.70619341,36.95676427,59.81453248,5.87794,222.3878876,-26.07806731,-34.23123962
Driver,82.72861489,-2.9,7.3,3.149606299,60.303,5.549,6.227,-5.073,-12.373,110.8135737,1.3395,5.045,-3.353,2190.0,-42.541,127.3970591,6.266075802,-13.07298271,6.055218714,-0.390170649,0.508132648,0.113585,77.9680431,-11.11991519,7.247640867,80.23824535,1.710753,138.1843058,-25.1214125,-19.7620235
Driver,90.99633142,1.049,4.394,-1.377952756,50.729,5.251,12.288,-3.708,-8.102,139.8288744,1.5366,11.019,-2.765,2180.0,-35.21,354.5186401,45.55000753,-50.16645004,6.240918258,-0.327548225,1.210292348,0.0940501,196.1674949,-42.26716421,23.12719507,69.28347056,4.46899,224.5358694,-53.64085755,-98.93154462
Driver,102.9684145,4.133,4.525,-4.803149606,58.227,7.09,11.238,-3.947,-8.472,147.9762437,1.4371,9.969,-2.395,2915.97,-37.046,400.9438312,52.63085626,-69.78164759,6.497239783,-0.306733208,1.147463726,0.0923297,211.1922193,-57.38620102,26.29971681,64.13747348,5.00092,241.9973777,-73.91220818,-146.5281923
Driver,74.03588046,-2.331,1.648,2.283464567,58.595,0.224,22.634,4.312,2.664,97.24141016,1.3134,19.009,3.89,3520.0,3.777,250.7327673,58.45327483,20.14001416,5.943450962,0.409010018,2.040435038,0.134804,136.5167242,12.56789268,36.91586297,53.69293493,4.801088212,155.1076921,14.64312011,9.950445116
Driver,109.8089656,3.3,3.9,-3.661417323,52.874,6.33,14.789,-0.066,-3.88,162.9377684,1.4838,13.561,0.365,2099.04,-7.048,546.718257,108.3623115,-13.33240301,5.477197319,0.030488623,1.329481486,0.0715,280.032113,-12.45154004,38.48282869,67.55506386,6.905266,305.3357289,-14.76783999,-42.70032604
Driver,100.7985863,-1.028,-8.89,1.377952756,48.889,-9.788,18.767,-0.467,8.423,144.4499374,1.433,15.344,-2.014,5347.2,14.928,437.0309424,128.1972661,31.75329613,6.07204498,-0.190965665,1.706679256,0.090841947,210.3915114,27.28056344,50.90105842,61.86848209,7.102358106,218.1799004,29.096759,103.7856743
Driver,64.89352183,-1.157,2.542,1.377952756,50.578,1.591,16.575,2.247,-0.295,85.44626879,1.3167,14.241,2.288,1980.0,-0.603,157.5675724,22.46217549,6.074715106,6.28149407,0.250092274,1.535068929,0.157395,95.03708996,3.623570434,20.34983903,58.76570833,2.93597,129.4806794,4.875670221,-0.512039172
Driver,96.02720115,-0.1,2.5,0.236220472,46.539,2.307,16.685,-0.418,-2.918,134.0188797,1.3956,14.012,0.199,3610.0,-4.604,411.7227039,95.18864159,-9.502462898,5.83027606,0.014745401,1.477189687,0.093199,204.7827777,-7.930540068,43.76310147,57.94071093,6.464558,220.0024965,-9.025158797,-25.9236296
Driver,101.0222799,2.249,6.046,-2.834645669,50.102,7.927,9.677,6.785,0.74,147.591267,1.461,8.618,6.679,1560.0,-1.681,386.1791255,40.49300255,43.07795246,5.925993832,0.688134134,0.897328782,0.083924,212.0044948,23.16218752,19.92379192,74.86002908,4.42106,262.5072636,28.30916953,-4.514852318
Driver,79.92797065,-6.272,-6.678,6.377952756,54.484,-11.177,17.783,-0.182,6.496,86.41038833,1.0811,13.982,-1.266,3380.0,9.704,176.4238913,26.99039233,0.499805096,5.219645811,-0.104366756,1.27712577,0.1293512,101.5697012,2.19643369,24.23622716,52.8305833,3.382464969,129.30388,3.951590766,13.31838268
Driver,100.9506979,-1.919,-4.106,2.637795276,48.741,-5.791,14.059,1.532,5.638,130.2002058,1.2897,11.784,0.7,3123.2,15.593,363.3867099,59.0125913,30.64949639,190.9640642,24.50836201,2.694942204,4.86184,196.0245931,25.63786103,28.63981248,65.70871079,5.0404,226.7689718,32.61145764,69.78505836
Driver,94.57542949,-4.094,5.681,5.118110236,51.24,2.387,15.257,11.233,5.551,130.3941482,1.3787,10.999,9.967,5736.63,33.686,338.9959511,67.41057877,127.2433096,121.3004395,48.69172551,21.93032568,3.17047,171.5457604,78.80063623,38.38106936,53.40105564,5.4518,184.8373394,86.58665052,153.7139576
Driver,91.56898712,-1.177,0.464,1.456692913,55.245,-0.353,17.534,0.409,-0.055,130.2397996,1.4223,14.572,0.418,3830.0,-2.788,400.3713763,92.10022233,-3.303975584,5.908123819,0.039707611,1.556431088,0.097428,201.5324163,-3.485216473,42.64513603,58.29424285,6.326093974,217.5257001,-4.071408873,-14.86549732
Driver,117.5688976,4.052,0.369,-5.275590551,43.534,4.644,14.816,6.076,5.707,173.0158375,1.4716,13.27,5.227,3010.0,15.397,597.5457439,139.4082728,107.0429166,6.077207634,0.566926791,1.452001388,0.074772,290.3347784,68.7928317,45.77389485,66.394625,7.852670066,306.32418,74.50383891,128.4297751
Driver,111.4217967,1.561,-0.439,-1.850393701,47.707,0.981,13.188,-1.237,-0.798,162.5503311,1.4589,11.792,-1.138,2260.0,-2.502,541.7308657,95.99447615,-16.51200829,6.551372628,-0.132537503,1.388955037,0.0852814,276.2681543,-10.47352033,36.04078803,66.04969885,6.69209,301.848069,-11.88688543,-14.96569151
Driver,115.7838225,7.1,-0.3,-8.818897638,50.077,5.57,17.094,-2.714,-2.414,169.6371689,1.4651,15.665,-2.333,2490.0,-9.467,589.5410373,148.9160276,-54.27335702,5.989306321,-0.255762197,1.695553773,0.075973,290.8368232,-36.70967538,46.63343179,68.56523673,7.914021,306.9061627,-39.81127185,-74.8042768
Driver,96.33589835,-3.9,-5.7,4.842519685,48.985,-9.265,23.5,8.442,14.142,123.8804134,1.2859,19.944,6.459,4960.0,18.498,349.2039207,111.3662441,77.90202466,6.003866777,0.707916529,2.214827296,0.107814,173.3076769,51.51086125,50.3950508,58.81990717,6.441192,181.6330451,54.89237048,97.70755408
Driver,99.34905154,0.51,2.557,-0.669291339,47.885,3.017,18.2,5.293,2.736,144.095383,1.4504,15.763,4.895,3530.0,2.287,471.4077226,122.3878166,45.25750347,5.938680531,0.50920705,1.697723022,0.088929,232.511056,24.89114017,46.96408066,62.81181839,7.1741,246.2272639,26.57608947,15.2226288
Driver,102.0423228,2.907,7.564,-3.779527559,49.681,10.033,11.527,-0.734,-8.297,145.8283375,1.4291,10.418,0.364,2240.0,-27.738,401.164603,52.3992479,-32.04109304,5.805874998,0.017345838,1.067843297,0.083737,216.3737416,-31.15936983,25.12849159,67.61055549,4.958609,254.8137343,-43.0350128,-97.55707726
Driver,103.4717251,1.4,5.806,-1.614173228,44.764,7.218,9.294,1.145,-4.661,150.741097,1.4568,8.346,1.714,1650.0,-20.783,384.5970024,38.807691,-8.023969248,6.369334967,0.176635807,0.93388638,0.0882369,211.6197822,-12.21575399,19.21309531,75.74566791,4.32971,259.2790582,-19.41954742,-55.58815053
Driver,103.8654259,0.7,5.7,-0.905511811,53.658,6.324,14.677,8.27,2.57,153.1079993,1.4741,12.864,8.039,2800.0,1.087,502.8694133,106.2831988,71.64301496,5.729387583,0.802184256,1.324301817,0.079552,249.5586552,37.23542556,42.17083885,61.8360558,6.973043,268.4676646,40.20989924,7.080357135
Driver,98.41177523,5.1,-0.7,-6.456692913,49.352,3.495,21.944,8.072,8.772,143.5336883,1.4585,18.549,6.037,2742.3,16.39,468.7693739,124.3167934,86.91027605,5.612055606,0.614361444,1.892840391,0.085514,238.2601505,58.19550891,45.11710157,64.7822959,7.085525,255.0588372,64.08252851,100.7212426
Driver,86.70365068,-0.954,3.961,1.25984252,48.714,3.123,1.159,-1.965,-5.925,123.0402201,1.4191,0.83,-1.04,1200.0,-61.232,21.62971834,0.165968982,-0.515190467,5.698555806,-0.128215394,0.052866817,0.095505785,13.78559328,-0.406402217,0.842522034,117.880699,0.234023118,84.13821979,-3.424449886,-0.468688829
Driver,105.616947,-3.239,-0.883,3.622047244,53.521,-3.281,16.821,0.73,1.613,152.4778543,1.4437,14.009,0.492,4271.27,4.484,494.8865335,134.4994536,19.50985091,6.287500073,0.060422477,1.615034549,0.0882751,236.3058446,13.41101486,50.45594577,64.20935745,7.46755,241.2688832,13.85222027,34.15395841
Driver,111.4352183,2.3,1.9,-2.952755906,49.676,3.917,10.934,-0.348,-2.248,164.1759127,1.4733,10.005,0.209,2530.0,-9.569,540.6402227,87.98855838,-25.08979668,6.04520782,-0.017640168,1.080164532,0.0774,271.4168642,-20.32132453,35.28949016,63.87971859,6.609669,298.0891478,-24.26899358,-63.92539772
Driver,102.2212777,2.5,-0.5,-3.11023622,47.359,1.602,16.112,1.331,1.831,148.998971,1.4576,14.166,1.131,2910.0,2.274,495.4809154,108.6683851,15.38456748,5.728564716,0.115064148,1.459308652,0.08216,248.9457133,9.708417216,41.99476905,63.08815013,6.963078,268.1967313,10.77407149,14.38942726
Driver,82.52505369,-4.871,4.405,4.645669291,59.01,1.471,24.856,2.552,-1.854,104.7664639,1.2695,20.45,2.857,4590.0,-2.697,285.1672686,80.27705694,9.837484131,5.989395545,0.293736952,2.250221913,0.127559,148.8403076,4.207219482,44.2378457,54.99768786,5.521987,161.0077942,4.373360003,-9.641255472
Driver,104.3687366,-3.9,5.9,4.724409449,53.368,2.953,7.047,-0.093,-5.993,142.6445061,1.3667,5.963,0.57,1750.0,-1.505,321.0340335,22.90393903,2.154521309,5.894591317,0.057661026,0.614435078,0.085853,178.1953583,0.781183555,13.71990564,78.13731175,3.584275,236.0670992,0.691314075,-2.974690146
Driver,99.65551181,0.796,5.443,-1.062992126,47.332,6.177,17.586,1.971,-3.472,141.7023085,1.4219,15.207,2.488,3420.0,-8.305,457.9648196,110.9727374,-2.2032267,5.987839318,0.250827495,1.64670731,0.090926,228.0422782,-7.363181768,44.56081865,61.4840172,6.896927,243.8969327,-8.813205843,-51.7512832
Driver,97.74069435,4.652,6.071,-6.141732283,48.768,10.161,15.24,-2.78,-8.851,133.1129205,1.3619,13.389,-1.17,3200.0,-17.341,402.1620563,76.87607698,-40.22319032,5.752187582,-0.134392709,1.378892344,0.092129,207.5405239,-31.90566031,36.47762737,59.08860167,5.922806,229.2517142,-37.94072322,-83.13488519
Driver,93.16615963,-1.978,2.408,2.559055118,48.589,0.663,17.437,2.635,0.227,132.9670723,1.4272,15.29,2.609,2835.0,0.422,417.4200443,88.99727281,19.36488037,5.576161502,0.254157964,1.538260304,0.0900608,216.0707541,10.52709656,38.91528603,60.8545034,6.24681,236.1188153,11.55971625,2.077033206
Driver,99.03811739,-0.881,2.504,1.181102362,46.895,1.68,14.347,-0.423,-2.927,142.1584198,1.4354,12.667,-0.088,2416.6,-7.306,441.3201239,76.12671867,-13.42778205,5.530046472,-0.01373577,1.248221033,0.082505,231.271733,-11.65329766,33.35859994,63.41572822,5.939184,259.9049426,-14.46167193,-33.89558215
Driver,93.27129563,0.781,2.939,-0.984251969,52.857,3.53,13.102,1.61,-1.328,139.0164191,1.4905,11.093,1.833,2790.0,-9.432,422.7911581,66.8191265,-3.399458198,5.927549125,0.181062274,1.170925927,0.090029,218.8626286,-7.475986492,31.95935114,60.8176825,5.723788,246.3873948,-10.23446624,-43.40612847
Driver,94.66490694,-1.1,-6.3,1.850393701,44.118,-7.725,16.4,-6.179,0.121,136.7709825,1.4448,13.611,-6.082,3789.0,0.977,425.2370199,97.91070072,-42.4115458,5.834299949,-0.630717146,1.436227016,0.091197,211.1461525,-20.9746867,43.83528433,58.61130798,6.561382,226.0554468,-22.35123981,4.212036832
Driver,90.25143164,-3.8,-1.2,3.11023622,58.926,-4.08,24.319,0.071,1.363,125.3245795,1.3886,18.898,-0.128,6750.0,-0.145,351.719243,116.4614671,-1.602946017,5.84736178,-0.02231275,2.04959948,0.103221,172.0326319,-0.914363154,52.46911609,59.69385974,6.54731,176.4587945,-0.941573088,-1.590126097
Driver,109.551718,-3.299,0.272,4.448818898,44.11,-3.137,9.617,3.763,3.491,159.4161596,1.4552,6.88,3.013,4489.51,15.016,506.1222687,88.00505789,75.92266584,6.065579755,0.336629832,0.771716534,0.0794301,240.1954768,48.56832947,40.46007603,57.38809438,6.69297,248.6697217,51.41688467,108.4101004
Driver,105.6102362,-2.9,4.1,3.582677165,53.249,1.842,12.756,-0.703,-4.803,148.4806729,1.4059,10.961,-0.063,2770.0,-4.995,475.3400147,79.3273783,-11.35856919,5.71033072,-0.010206276,1.116814756,0.081095,241.9496386,-9.358551844,34.72946343,61.84270319,6.244686,267.3720483,-11.27317355,-27.27812341
Driver,99.6980136,2.73,6.878,-3.464566929,49.707,9.195,15.218,1.698,-5.18,146.2951861,1.4674,13.452,2.459,2780.0,-21.24,458.926704,87.56105769,-24.31824846,5.880005831,0.233928054,1.414924337,0.085626,236.1960394,-27.85687306,36.50024207,62.34696616,6.279115,260.5703705,-34.57675985,-113.6830851
Driver,86.76181102,-3.84,1.51,5.157480315,53.679,-1.318,6.213,-7.063,-8.574,112.6641911,1.2985,4.862,-5.901,1990.0,-28.913,138.9184586,6.625292586,-18.42554037,6.086360226,-0.648435505,0.494783934,0.112148,84.36119984,-13.42069873,7.002887686,82.21722195,1.812369276,148.5417027,-27.49111846,-14.36061534
Driver,99.20141374,-1.0,1.2,1.102362205,54.292,-0.195,16.21,1.736,0.619,144.6356031,1.458,13.203,1.714,4320.0,5.394,453.1622559,114.6874879,28.635308,5.615601676,0.16429324,1.345965237,0.08285,219.0752723,18.38867713,47.89140171,60.19251638,7.001111,230.4511854,19.79527087,35.55278108
Driver,105.4022011,-1.872,-3.607,2.204724409,54.72,-4.932,8.067,-10.69,-7.083,152.0000447,1.4421,6.267,-9.391,3342.29,-18.681,457.8851715,52.67846123,-113.7612076,6.037555166,-1.002540572,0.679387216,0.082773,226.9234964,-68.31849636,28.00440305,59.43641632,5.556034,255.6675315,-81.20757982,-96.2804084
Driver,103.6417323,4.1,7.5,-5.31496063,47.074,11.381,16.014,4.44,-3.06,145.0154349,1.3992,14.119,4.977,2820.0,-8.183,465.4450304,101.5384948,19.76966566,5.735623314,0.49020598,1.456755457,0.084575,233.9670439,4.108722709,41.79920887,61.10693782,6.729343,252.926932,3.311026199,-48.60493659
Driver,86.30771296,-1.122,2.709,1.57480315,44.377,1.562,15.118,-2.564,-5.273,120.9193808,1.401,12.066,-1.536,3854.95,-17.602,336.5330934,58.14622774,-35.58420283,6.021132577,-0.182812765,1.301871107,0.105727,174.9776987,-27.5479396,33.3417493,55.50453214,5.22148,187.8820385,-31.15648495,-68.71874417
Driver,92.62482105,-2.54,-0.05,2.598425197,56.112,-1.757,17.827,3.793,3.843,135.4601378,1.4625,15.425,3.313,3290.0,6.791,429.9144795,100.0261297,39.46734376,5.121088963,0.301461258,1.431343629,0.0812032,217.4952541,25.17794628,42.50696945,60.45848025,6.57558,233.6813854,27.80625112,37.95360911
Driver,85.92743379,-0.207,4.086,0.236220472,53.4,3.933,17.77,-0.806,-4.892,110.7634664,1.289,14.792,0.048,3397.18,-14.742,298.2062993,56.42733173,-17.09867754,6.312130162,-0.014847574,1.670983046,0.122556,159.9848704,-15.62553878,33.27136063,55.6924937,4.97107,180.5880763,-19.49234853,-47.27676328
Driver,98.27755906,0.546,3.044,-0.787401575,45.05,3.59,14.348,-2.385,-5.43,140.5661686,1.4303,12.375,-1.581,2962.39,-13.086,438.5244815,79.54381863,-38.30970856,5.997013569,-0.178093337,1.326974969,0.090558,224.772847,-28.665314,35.94719848,60.49119667,6.121662,248.0381924,-33.84098827,-67.51056449
Driver,112.3747316,-0.855,-1.73,1.062992126,52.554,-2.385,23.108,0.166,1.896,148.390077,1.3205,20.443,-0.066,3940.03,2.787,481.7008472,169.9908432,8.993317646,6.470450632,-0.002848371,2.461330637,0.0968392,229.4563258,6.884025393,55.25157719,69.39765805,7.92076,235.5344358,7.163381592,21.4446495
Driver,82.21635648,-0.264,4.024,0.31496063,44.48,3.755,18.562,4.825,0.801,119.5445598,1.454,15.508,4.688,3628.35,12.302,321.0881751,67.99167951,43.55188442,176.1130606,29.75284885,-1.434910452,5.11133,174.0489552,29.25560291,34.54368891,64.32708622,5.03133,198.1148718,35.01911114,45.40542508
Driver,81.25894775,-4.3,10.1,5.0,60.384,7.668,8.443,-0.607,-10.707,109.8812187,1.3522,6.807,0.934,2340.0,-31.846,176.8718429,12.4785993,-6.33454293,6.097963114,0.068661968,0.708166939,0.115837,104.1868808,-8.352163909,11.44382829,70.31585544,2.488579,154.7983236,-17.70982893,-30.13170765
Driver,88.89808518,1.184,-9.737,-1.653543307,46.122,-8.599,20.585,-0.5,9.237,130.2921439,1.4656,18.291,-1.681,3298.38,16.405,404.095437,105.3921747,22.75110452,6.347095366,-0.164676987,2.119073483,0.10665,206.5881147,22.9249726,44.0864073,60.99976466,6.53459,221.5240995,26.19570797,86.81368111
Driver,94.56648175,-0.9,1.1,1.220472441,54.163,0.273,38.635,12.31,11.21,117.6852183,1.2445,29.475,8.837,10880.0,10.691,302.7170537,144.1052476,65.9919489,5.240363182,0.846707947,3.018261499,0.107749,142.6468556,40.3813945,60.62032242,65.03932973,6.681126,138.3520551,38.99330732,56.65341012
Driver,86.3904796,5.257,13.779,-4.881889764,62.619,16.511,9.816,8.161,-5.618,129.5387437,1.4995,8.536,9.761,2615.0,-38.006,280.4479574,27.07467178,21.95288252,5.522551235,0.911704589,0.822925932,0.089088,157.3647977,0.858156403,17.37045455,69.10590675,3.59995,199.6508992,-6.852954139,-77.49988617
Driver,99.54590193,0.216,1.668,-0.31496063,45.61,1.879,15.306,0.461,-1.207,143.9622853,1.4462,14.412,0.536,1282.99,-16.426,390.453639,67.05083554,-23.4303628,203.3806877,-21.52981312,3.099347787,4.84398,208.3833674,-22.56326613,31.19975456,70.12531257,5.0147,242.2749302,-29.77803208,-73.50062513
Driver,100.4362026,3.5,0.1,-4.527559055,48.698,3.224,14.939,0.153,0.053,148.392985,1.4775,13.223,0.193,2530.0,-2.415,483.2688279,92.33399568,-3.601763619,5.7368165,0.017409167,1.356999754,0.082219,248.3343858,-3.610223929,37.21634647,63.70449288,6.501083,273.0784053,-4.382356764,-13.33987269
Driver,96.28444882,-3.355,3.039,4.645669291,46.682,-0.131,13.526,-3.617,-6.656,128.2961256,1.3325,10.915,-2.553,3580.0,-14.154,372.1085246,60.64219823,-40.5934547,5.018604011,-0.235030943,0.977505276,0.082506564,191.2803822,-28.92070972,33.09412186,56.77015165,5.453626238,214.0471017,-34.6824816,-61.40896331
Driver,97.9107015,-2.21,-9.112,2.952755906,45.971,-11.249,15.972,5.088,14.2,138.9933787,1.4196,13.839,3.321,3770.0,26.287,417.5705547,87.94658524,80.63145991,6.085485471,0.383498674,1.515324687,0.093670067,211.3547785,59.84138487,39.68170916,58.83801043,6.207970589,229.0809738,68.48933248,143.9943799
Driver,64.1888869,-1.255,-11.466,1.102362205,67.616,-11.983,22.581,-3.316,8.15,81.76516643,1.2738,18.718,-4.757,3320.0,11.905,175.0200377,35.92082331,-8.609867814,5.249833542,-0.420425228,1.746115111,0.1411256,100.4587589,-2.67085737,30.2869299,50.96267527,3.687260145,122.9721221,-2.148529847,16.99931611
Driver,102.4024696,0.816,4.284,-0.984251969,52.562,4.909,7.724,-2.013,-6.297,146.97432,1.4353,6.44,-0.829,2540.0,-20.686,389.0969434,34.90284067,-31.55713763,5.884917215,-0.100956847,0.669959576,0.083356,204.5058848,-25.96253807,19.44251263,67.33439868,4.504913,247.7834373,-36.91016564,-69.07474163
Driver,101.3063708,2.981,7.518,-3.818897638,50.051,10.018,16.356,5.146,-2.372,149.0463941,1.4712,14.458,5.496,2854.57,-12.924,489.6757171,106.5540408,14.05014746,6.067728273,0.569019501,1.577706111,0.087173,247.593111,-2.856924406,41.21825699,63.14686732,6.865991,267.5959085,-4.977287207,-79.66726321
Driver,94.21528275,-2.013,1.674,2.244094488,53.444,0.18,17.729,0.463,-1.211,137.5055923,1.4595,15.359,0.617,3243.0,-2.217,441.3348921,103.3541974,-0.582912383,5.170330856,0.053819715,1.439702767,0.0807424,222.5096335,-1.86741483,42.95933267,60.96575972,6.68908,238.5526352,-2.247626041,-12.78993369
Driver,85.64557981,-0.828,-0.953,0.826771654,57.834,-1.474,21.948,-1.143,-0.19,114.4201861,1.336,19.017,-1.116,3330.0,-0.364,335.4316121,85.75009088,-6.88729744,5.82899204,-0.114043641,2.016425773,0.112122,175.65735,-3.916012493,42.12557678,57.95738914,5.868264,192.1557466,-4.31892578,-1.484713431
Driver,108.6994452,1.81,1.687,-2.165354331,47.952,3.32,12.352,3.243,1.556,160.8967878,1.4802,10.998,3.039,2186.57,5.383,522.9229063,84.4664263,38.8287508,6.419692346,0.345008981,1.264315131,0.084129,269.0230139,24.04978601,33.22617685,66.32554847,6.34221,297.658857,27.64488709,29.4318875
Driver,83.87616321,-6.663,-10.043,10.78740157,40.619,-17.871,17.08,-4.977,5.066,111.7430208,1.3322,12.062,-6.096,5691.18,26.67,264.7015429,46.74756551,1.848046845,142.8760033,9.707737282,0.878047635,4.29765,144.4172267,10.01634479,29.45305012,57.93948641,4.36051,165.6587442,14.30538889,75.77733573
Driver,101.8029707,7.027,9.696,-7.401574803,64.584,13.054,5.809,-5.816,-15.512,138.0934592,1.3565,6.016,-3.548,3106.66,52.33,227.7327961,12.40610388,-34.27353108,89.8857321,-15.89421082,3.876256177,1.67212,126.4998874,-31.3707507,10.64808386,74.97631147,2.60834,176.7336227,-55.33530462,-71.18025942
Driver,93.02523264,1.3,1.9,-1.417322835,57.496,2.854,13.938,-2.887,-4.876,128.1569882,1.3777,12.128,-2.162,2472.7,-0.084,365.9126202,57.36833788,-13.74652915,5.839887038,-0.220421526,1.257509521,0.096594,195.3806097,-7.473102699,29.82494185,60.78682205,5.211903,224.9997322,-8.621241949,-0.30729161
Driver,86.51798497,1.548,1.597,-1.850393701,58.604,2.542,7.548,-5.139,-6.735,127.4621958,1.4732,6.676,-4.147,1663.78,-31.804,197.0206784,11.66054968,-25.84897038,122.8352005,-22.43999781,-0.998816801,2.54106,116.9299045,-20.69797935,9.408449229,82.93120624,2.39106,176.3830196,-37.73723652,-36.96437251
Driver,87.44407659,-2.418,-3.49,3.937007874,39.899,-6.385,20.658,-0.242,3.247,124.8814424,1.4281,17.176,-0.769,4360.0,5.021,373.4775603,101.1507559,6.126064851,6.207273041,-0.075307582,1.947580212,0.1084872,187.5763767,6.222139039,46.42090175,58.5953423,6.385712678,199.6416061,7.008537895,26.21306799
Driver,102.7066929,-0.7,9.3,0.984251969,51.499,8.625,10.833,0.316,-8.984,143.3028364,1.3953,9.507,1.502,2390.0,-13.261,413.1115891,52.70784012,-8.283124886,5.759606062,0.141117738,0.96910097,0.08431,218.6394351,-11.39071553,25.99591441,64.91852472,5.179994,254.5627106,-16.24609372,-51.32988456
Driver,70.18163923,-3.714,4.107,3.464566929,60.21,1.978,31.198,14.968,10.86,71.62513422,1.0206,21.945,11.665,6876.46,15.719,138.8042305,33.78026004,33.07295709,6.477178441,1.349343467,2.541913549,0.205343,79.6845958,21.87536131,34.22540443,45.90120415,3.43809,89.98905548,25.28885567,17.79359704
Driver,89.70338225,-1.462,-4.397,1.968503937,47.848,-5.721,14.709,-7.693,-3.296,130.0199087,1.4495,12.099,-7.142,3440.0,-7.948,390.9431668,70.96987143,-62.54978402,6.196584368,-0.779953665,1.34369121,0.1012424,199.8983959,-37.14309809,35.89829824,57.49351396,5.791353222,221.273159,-42.31292274,-37.30370132
Driver,95.0071582,-3.198,-5.732,4.094488189,50.578,-8.365,18.105,-0.039,5.693,134.7517001,1.4183,15.119,-0.885,4140.0,9.57,416.8028594,104.7135998,17.65745728,6.159631812,-0.081892818,1.691588205,0.098540623,206.9348277,15.62596763,45.62763899,59.48367337,6.641456449,220.1518228,17.50877091,56.433601
Driver,100.984252,-1.806,1.553,2.401574803,49.008,-0.018,11.382,0.658,-0.894,150.3230136,1.4886,8.965,0.825,3615.95,-3.836,485.0748017,83.064989,-3.676154247,5.535373975,0.076274647,0.899000716,0.0771673,237.1034448,-4.700929756,38.11596915,58.40308852,6.49938,248.2543114,-5.272852661,-24.3410938
Driver,111.9407659,-3.102,-2.862,3.818897638,49.489,-5.515,11.902,2.455,5.317,159.6561829,1.4262,9.882,1.72,3401.51,12.115,517.7866317,93.17183427,58.55521071,255.5271698,40.64451461,0.890356098,6.42857,256.462836,40.89059395,36.62412363,67.07256917,6.46427,280.2201945,47.15014586,99.81861714
Driver,97.46107731,-1.969,-7.763,2.480314961,50.833,-9.369,11.107,-7.023,0.74,137.5776217,1.4116,9.397,-7.122,2340.0,2.084,385.6856929,47.37183408,-44.83289912,5.883615592,-0.727849283,0.977064827,0.089714312,205.7899746,-23.12990537,24.55323778,64.76484543,4.922783074,243.2180114,-26.8798669,7.20371789
Driver,81.71080888,-0.863,-7.934,0.748031496,68.274,-8.278,9.804,14.273,22.207,86.88081603,1.0633,8.144,10.639,3410.0,52.955,97.16532049,7.594220135,23.55504708,5.700555193,1.108845504,0.761973923,0.1375688,59.85520565,17.6812495,10.81574387,64.17532264,1.675207668,104.4406094,36.01436109,20.45988325
Driver,90.14182176,-2.3,-3.9,2.795275591,51.733,-5.933,7.499,-6.922,-2.898,132.1595383,1.4661,6.139,-6.521,1860.0,-12.862,266.7029574,18.32829642,-36.59026326,5.938049324,-0.683265582,0.632661477,0.093417,151.7803786,-23.67823084,12.33337306,77.6683337,3.159646,210.1314375,-35.4243336,-19.49635664
Driver,91.42582319,-1.5,-0.7,2.047244094,52.741,-1.994,7.492,-7.675,-6.975,130.8117842,1.4308,5.732,-6.506,2875.04,-16.804,313.3467927,24.04089664,-51.10450282,6.000563075,-0.69547356,0.60667589,0.095472,167.1204405,-33.11918613,16.37761603,65.35369836,3.886962,210.8911373,-45.86240219,-43.03651446
Driver,58.42430208,-0.8,1.4,0.984251969,57.938,0.324,32.281,11.906,10.566,73.54196492,1.2588,25.972,9.724,4840.0,15.528,154.3307367,46.06090132,32.56540736,5.972538639,1.046394217,2.857553109,0.190329,86.55922201,21.91404344,40.55206986,46.9644708,3.945148,97.94540546,25.45332626,22.36632065
Driver,115.7323729,0.2,0.0,0.0,47.582,-0.299,16.409,0.06,0.111,165.4728883,1.4298,14.007,0.297,3950.0,-7.626,545.2092489,155.8781836,-29.75203608,3.656899357,-0.000408722,0.923799849,0.04702,256.9831114,-21.86125835,52.30686314,66.26615289,8.007665,265.9472457,-23.12189905,-69.56470423
Driver,99.76735863,-2.845,3.876,3.661417323,45.754,1.102,17.191,3.992,0.116,140.5583393,1.4088,14.528,3.976,3717.09,0.323,450.8328876,109.5109875,31.18123343,6.249384481,0.433708001,1.653826634,0.095398,222.8810264,16.12833894,45.18719443,60.7306563,6.87546,230.4821694,16.69596829,2.027328314
Driver,90.66526485,0.882,4.497,-1.181102362,48.697,5.272,15.343,8.264,3.767,133.7446314,1.4751,13.092,7.655,3090.0,4.142,413.9281446,79.06512627,62.08355514,5.939581617,0.795402502,1.393008545,0.094589,212.3348681,35.00480245,36.94855678,59.31420333,6.044678,234.246774,39.24571777,20.38554343
Driver,99.81433429,-2.879,-2.498,3.700787402,49.779,-4.936,14.242,-10.875,-8.377,128.0717609,1.2831,11.135,-9.299,4407.63,-17.331,368.0040455,66.80780918,-91.11418348,6.257008197,-1.034792238,1.259175401,0.103473,186.1159081,-56.37348754,36.45572255,55.16671418,5.61079,202.6470231,-63.45392467,-80.91470104
Driver,113.0234431,3.4,-0.6,-3.779527559,46.443,2.0,14.31,-3.389,-2.692,167.3440855,1.4806,12.529,-2.706,3050.0,-9.791,568.9612461,129.277375,-61.7357121,6.063571839,-0.319666083,1.368039419,0.076942,275.5349323,-39.81158363,45.61296413,64.62043323,7.610328,291.2941255,-43.29235781,-80.68619736
Driver,110.9162491,-2.198,-2.987,2.795275591,46.576,-5.069,12.614,-0.399,2.588,159.9275233,1.4419,10.03,-0.862,4167.62,13.043,500.122631,104.2706463,47.52007079,242.6205408,38.33764963,1.585771307,6.5651,244.3881172,38.87704252,41.30472359,64.90798191,6.63988,261.7224341,44.17860865,127.5073222
Driver,86.80654975,2.371,-7.404,-3.307086614,46.801,-5.175,22.667,3.589,10.993,121.5284986,1.4,19.562,1.749,4280.0,19.529,353.2740575,101.1013513,48.51631362,6.036943759,0.214514239,2.166342218,0.1099464,179.9315375,37.13871645,46.21150005,58.66053195,6.239855093,192.3330345,41.20491678,95.24389844
Driver,101.1878132,-0.704,4.904,0.866141732,46.936,4.246,23.005,-0.48,-5.385,131.5224588,1.2998,20.131,0.236,3852.52,-12.125,408.5421374,126.6329554,-28.31178025,6.16429808,0.008100269,2.290600093,0.103839,203.21004,-23.10306823,49.71764049,62.86891853,6.96262,208.4549407,-24.08385494,-71.80338102
Driver,105.3104868,-0.3,3.3,0.433070866,52.767,2.958,22.147,4.729,1.429,140.2834198,1.3321,20.006,4.634,5979.58,2.076,411.6323426,155.5656392,36.69427101,5.808624605,0.461208722,2.164302545,0.092078,194.0185788,20.13878604,57.33154565,66.55732819,7.402465,196.4949869,20.42429431,13.4483507
Driver,87.8265927,-3.7,-4.5,3.503937008,57.939,-6.935,21.077,-2.055,2.445,123.2493737,1.4033,17.427,-2.371,6240.0,4.428,347.177901,103.9155,-4.325109286,5.811657228,-0.243455468,1.865961758,0.103306,171.8366607,0.2459227,49.61254743,57.72635607,6.315286,178.634051,0.438874926,22.06373522
Driver,106.3439513,1.913,-3.495,-2.598425197,44.993,-1.581,13.276,0.523,4.018,158.9587062,1.4948,11.62,-0.08,2775.03,8.204,531.3584435,99.89264132,21.23026844,5.844490511,-0.001561472,1.215656676,0.077717966,265.3910109,17.50844664,38.80669116,63.2350967,6.880519302,288.1274708,20.4415608,53.63453381
Driver,99.66222262,-2.0,-2.4,2.992125984,45.059,-5.164,12.573,-1.465,1.05,146.1079545,1.466,10.611,-1.52,2850.0,3.636,461.4055563,77.03218919,-4.80321301,5.86815062,-0.16150494,1.112866246,0.084669,233.0174119,0.026847979,35.34234473,60.21889688,6.179138,256.5355693,0.668862131,18.62350024
Driver,111.9832677,1.2,-0.8,-1.456692913,44.616,-0.127,13.718,-0.516,0.455,166.9398712,1.4908,12.039,-0.523,2790.0,6.643,563.5343136,121.0230707,15.89671091,5.599684435,-0.051529441,1.210952532,0.071018,274.6794307,14.00088396,43.96490411,63.68057422,7.456247,292.3935716,15.83497841,49.51290084
Driver,100.9596457,-1.499,-0.667,2.047244094,47.873,-2.023,18.06,-0.887,-0.221,145.8560755,1.4447,15.976,-0.863,3018.42,13.548,448.2638742,118.3093374,41.42864565,205.2873785,33.39810775,3.314244784,6.87349,207.7843841,34.27366915,51.46165277,55.86574823,7.02269,217.7953451,37.6334363,112.0694492
Driver,85.990068,-4.708,4.206,6.181102362,47.458,-0.128,24.413,-1.764,-5.97,114.438529,1.3308,20.111,-0.785,4992.69,-7.193,323.5478289,97.55164619,-17.53527488,6.309804189,-0.10027579,2.349164328,0.122629,164.2922143,-13.00009546,47.71063628,57.44313375,6.07286,173.3314936,-14.08289932,-32.26518887
Driver,111.2450787,3.7,2.9,-4.251968504,50.961,5.785,16.095,-3.178,-6.078,159.7228436,1.4358,14.723,-2.396,3280.0,-13.862,535.291887,135.6859312,-67.58794271,5.632019087,-0.254204289,1.498249201,0.075565,260.5958704,-46.62521729,47.3384846,64.81536218,7.614451,274.5877346,-50.57705279,-107.5974067
Driver,117.0901933,-0.59,4.727,0.748031496,47.319,4.182,15.927,5.82,1.093,162.0371779,1.3839,13.849,5.676,3350.0,3.692,553.9278346,138.598813,65.88971663,6.265376254,0.62434852,1.586145699,0.0826678,267.2720104,36.23297935,48.01774202,65.48388139,7.75352,274.0964171,37.3418127,29.59612889
Driver,114.4595562,-1.699,-2.691,2.086614173,50.836,-4.076,12.438,-3.102,-0.41,158.7526843,1.387,10.657,-3.049,2810.0,-1.066,529.6061859,93.66962657,-30.56147017,6.273351475,-0.334710452,1.207042851,0.0833078,263.8702326,-16.32600382,37.61529299,62.40976224,6.77624,285.7406684,-17.85874016,-6.883593469
Driver,90.1932713,4.9,2.597,-6.850393701,46.728,7.227,17.886,4.805,2.207,135.4417949,1.5017,15.724,4.421,2950.0,4.034,431.5840854,97.59447186,40.84123316,6.168355142,0.479895367,1.74879336,0.098234841,221.1185541,24.18691899,41.12592995,61.327667,6.500068026,240.5962575,26.84299404,21.51727379
Driver,93.23326772,-1.8,-2.4,2.362204724,50.22,-4.491,13.093,-9.955,-7.519,129.8774159,1.393,10.952,-8.708,3100.0,-6.311,380.7551967,60.85180456,-68.21908943,5.984675303,-0.92678436,1.169411961,0.097389,196.3254968,-39.01496273,32.59855963,57.80641062,5.47352,220.4753506,-44.853135,-28.30381994
Driver,101.5166428,-1.1,0.5,1.141732283,56.619,-0.198,17.998,3.896,3.396,140.801718,1.387,15.54,3.743,5160.0,7.107,423.8466078,126.8585583,45.69661592,5.766831389,0.354967589,1.642471184,0.088567,203.6862587,28.10336332,51.73595317,61.53202091,7.06204,211.0896484,29.4735824,44.62110689
Driver,110.5829456,5.551,0.298,-6.535433071,44.144,6.045,16.204,2.655,2.357,161.1063887,1.4569,14.515,2.268,2767.23,11.994,550.3088283,126.4659988,56.52363758,4.377522659,0.180187093,1.152575515,0.0579769,273.4223823,39.500247,44.20951519,66.00377725,7.4395,283.284636,41.7846013,86.2874065
Driver,77.59037223,1.262,0.377,-1.338582677,58.626,1.147,15.436,8.818,8.441,97.8509753,1.2611,14.235,8.067,1363.32,29.989,183.9411603,25.82571378,32.5069442,6.098782896,0.877307126,1.497355118,0.133021,111.8339661,23.64213719,19.6819949,67.43798362,2.9977,143.8515635,32.70916809,24.20734899
Driver,93.47485684,2.9,5.9,-3.622047244,52.104,8.108,4.867,1.052,-4.848,135.4990605,1.4496,4.581,1.939,1030.0,-29.151,184.5859167,8.51824541,0.862483929,5.568510029,0.174378602,0.434269753,0.085091,110.9346502,-2.192286764,7.174861798,94.54363316,2.029923,182.502697,-7.589247494,-17.83147514
Driver,108.2967967,-0.939,-3.28,1.25984252,48.585,-4.109,13.554,0.182,3.462,156.7942466,1.4478,11.799,-0.251,2810.0,1.81,524.6352148,100.2903076,2.575419754,5.924654936,-0.024422941,1.252275982,0.079950031,261.9125876,2.772888375,39.2596509,62.95318849,6.883823135,284.0949729,3.313000521,11.76052285
Driver,98.73613099,-3.614,0.133,4.645669291,47.336,-3.204,16.169,3.79,3.657,141.7266911,1.4354,13.787,3.328,3410.0,6.7,456.1907851,101.2051248,42.64098752,6.372265534,0.378313869,1.594176653,0.0961279,227.6968932,26.73010424,42.45937569,60.44283029,6.72081,243.7499018,29.39566927,40.6745567
Driver,106.6996242,2.259,1.415,-2.637795276,48.569,3.41,12.63,-1.083,-2.498,154.2591267,1.4457,11.374,-0.773,1980.0,-8.724,478.6343712,73.60389328,-21.17853128,6.386494582,-0.093225868,1.294181542,0.0873691,252.2988919,-16.55467719,30.34071752,67.80901293,5.84222,284.8565661,-20.40183657,-39.47023482
Driver,97.00921618,0.544,-1.06,-0.669291339,50.431,-0.61,12.255,0.678,1.738,140.4221099,1.4475,10.653,0.434,2260.0,-0.733,411.1139793,57.59284184,2.048859221,5.954005591,0.044549349,1.123721141,0.089307,218.5345904,0.719956626,27.55817334,64.7965976,5.293583,253.4334103,0.681054482,-2.806138514
Driver,99.68235505,0.059,-7.24,-0.078740157,47.717,-7.186,20.819,2.901,10.141,141.9213046,1.4237,18.044,1.432,4370.0,16.828,440.9841102,134.8268045,59.64521222,6.016578971,0.173422753,1.990617801,0.092832766,214.8394463,43.35030603,50.76930564,63.4173922,7.216766197,224.2929772,46.29853041,114.2347616
Driver,108.7195777,4.1,10.1,-4.448818898,53.839,13.139,12.811,5.674,-4.426,161.830485,1.4885,11.882,6.172,2330.0,-18.298,521.7050067,92.04615352,13.55396182,5.873959458,0.617182807,1.245751477,0.076771,266.4519397,-6.993566151,35.72847279,65.07341573,6.525834,293.2621533,-11.31417614,-106.7710276
Driver,100.105136,0.197,1.073,-0.236220472,48.632,1.246,6.511,-2.724,-3.797,142.9044381,1.4275,5.732,-2.252,1290.0,-21.253,266.5473407,16.50501442,-18.89550888,6.230704378,-0.256927378,0.617886625,0.0904533,154.1909832,-14.76343382,10.59000733,88.02112717,2.88296,217.1836771,-24.51359833,-26.1629416
Driver,112.4709198,6.9,1.1,-7.874015748,51.534,6.562,15.315,-2.822,-3.922,164.5846009,1.4634,13.977,-2.195,2407.36,-14.353,549.8533674,120.7080179,-60.55874699,5.716415014,-0.230888875,1.435778392,0.074117,274.8527995,-43.43133588,42.47986084,65.40145461,7.27422,294.8023353,-48.69167484,-99.01409001
Driver,89.78167502,-3.07,2.144,4.015748031,51.89,-0.267,13.592,-5.568,-7.712,112.1492484,1.2491,10.581,-4.128,3700.0,-16.479,283.2756143,39.41974858,-37.56265776,6.19927702,-0.468964017,1.163600232,0.116927584,151.2492687,-26.42924447,26.69269616,55.4672419,4.404029429,178.4249716,-33.93827355,-46.92158958
Driver,103.6931818,4.5,12.5,-5.669291339,48.899,16.491,15.191,8.289,-4.211,145.005145,1.3984,13.48,9.008,2650.0,-13.391,457.271666,91.25732934,41.36787466,5.588268124,0.864167648,1.350136004,0.082115,232.9042904,12.01197017,38.7232807,61.12136325,6.433742,254.8271634,10.99721031,-73.66207458
Driver,91.67188618,-4.4,-1.8,5.551181102,44.601,-6.91,15.674,-1.541,0.397,126.7128221,1.3822,12.693,-1.524,3750.0,-2.538,374.0644079,76.55011341,-15.55750018,5.846983844,-0.170172282,1.338266424,0.098354,188.4214041,-9.487746084,39.99320021,55.46702857,5.916847,205.0568312,-10.6296535,-13.43865409
Driver,98.13439513,-0.409,0.155,0.551181102,41.724,-0.304,15.282,0.537,0.382,145.2248121,1.4798,13.866,0.501,2043.15,-3.057,455.9098892,82.95094244,-1.16724775,5.520129879,0.046227905,1.365723924,0.080977,241.4547989,-2.459497777,33.74338727,66.33417984,6.018243,271.8796533,-3.321719662,-13.71171634
Driver,110.7730852,5.3,-0.5,-6.850393701,47.89,4.313,13.85,-3.731,-3.231,160.0825429,1.4451,12.909,-3.3,2220.0,-10.443,524.0979032,101.9583195,-54.81955282,5.726833576,-0.341727799,1.323376,0.075977,266.2824232,-36.3978994,38.58632379,64.894141,6.777462,290.3363624,-41.44917993,-63.45938326
Driver,70.91759127,-4.322,2.144,5.708661417,53.083,-1.111,14.498,-5.953,-8.097,94.02626163,1.3259,12.389,-5.006,2148.54,-15.356,179.6176865,22.71957803,-20.39441067,6.125488242,-0.550705695,1.305427108,0.138366634,106.9546414,-14.69081188,19.03091151,61.42482215,3.057707843,146.8797639,-22.21215106,-16.1710939
Driver,74.27746958,-6.679,1.845,6.141732283,58.42,-2.283,30.274,6.607,4.762,93.46188261,1.2583,24.113,5.681,5760.0,5.401,234.7804493,74.43939878,27.94024463,5.777577566,0.582926978,2.597290049,0.142151,124.3190554,17.36449042,45.95598335,53.02642103,5.133676,132.8746109,18.77013373,15.28057805
Driver,98.74507874,1.1,-3.3,-1.377952756,50.286,-2.436,17.402,-1.163,2.137,135.6035254,1.3733,15.523,-1.342,3460.0,3.637,428.8865137,104.4872,-1.600616708,5.845510718,-0.140714792,1.642242823,0.092932,214.8347545,1.703114,44.40582677,60.2607012,6.68305,230.3382373,2.215873477,20.20187018
Driver,108.3370616,-3.51,2.145,4.527559055,47.812,-1.042,27.035,8.346,6.201,133.5102004,1.2324,22.33,7.263,6367.44,10.706,382.895307,150.0686087,75.03696878,6.180267934,0.807373666,2.623625261,0.104607,182.4106236,45.66683381,57.03556422,65.74470398,7.171,183.3487786,45.94174097,68.92112897
Driver,98.52809592,1.485,5.973,-1.850393701,50.293,7.206,14.265,2.198,-3.775,145.8569703,1.4804,12.892,2.618,2076.29,-16.621,441.6120334,73.39293225,-5.504883706,5.555019991,0.24291419,1.273386922,0.080799,235.4276829,-12.49849266,31.07919224,66.58072205,5.702758,268.6548714,-17.59081308,-69.67161401
Driver,100.1275054,0.4,-2.4,-0.236220472,45.411,-2.651,21.334,8.484,10.992,131.1471009,1.3098,18.897,6.889,3602.42,14.051,403.0158326,115.5430159,79.68311625,5.994007682,0.75838355,2.073040866,0.100565,202.3632172,50.9728155,47.56642092,61.08943616,6.747315,215.056408,55.27614344,81.34422726
Driver,94.18396564,-3.947,5.564,5.078740157,50.347,2.286,10.285,-2.104,-7.668,128.0952487,1.36,8.247,-0.983,2950.0,-19.141,330.4077759,35.78275465,-26.90351294,5.689319887,-0.114450737,0.827978145,0.092944144,175.9698144,-22.30502154,22.01774563,61.50407883,4.405076074,212.2112898,-31.18557226,-57.92158742
Driver,94.05869721,-3.457,4.489,5.078740157,46.242,1.173,52.969,-26.968,-31.457,80.44492663,0.8553,44.843,-18.957,7690.0,-14.017,180.0766892,105.3995424,-61.161605,3.021895424,-0.998917248,3.01181919,0.1111752,85.31926524,-38.46994682,62.18138179,57.74727957,5.408970009,84.13266856,-37.90731364,-34.93244835
Driver,112.7997495,-1.759,-2.93,2.125984252,51.15,-4.347,19.621,2.264,5.193,160.829456,1.4258,17.02,1.586,4279.41,8.647,524.7308326,173.133939,47.86227492,6.35519711,0.189781199,1.999954236,0.0858824,246.0597476,31.7072171,55.14888178,69.54621313,8.12362,251.9532764,32.792186,74.82467421
Driver,99.53471725,-1.6,-1.8,2.480314961,41.14,-4.285,9.475,-8.261,-6.401,141.0721636,1.4173,7.599,-6.938,3039.63,-2.765,419.4626095,52.25906338,-56.99150719,5.822190495,-0.728200718,0.790401034,0.086258,211.7400333,-30.56631102,28.66987115,58.82436152,5.414714,239.6881758,-35.16777581,-15.09962177
Driver,77.71116679,0.678,5.122,-0.62992126,60.007,5.514,22.788,-0.431,-5.553,100.149651,1.2888,18.473,0.742,4424.53,-8.763,259.9344979,62.81580245,-6.641574452,6.292819911,0.065603789,2.113547478,0.138348,138.8582169,-6.927276557,39.16217801,53.0206739,4.99137,152.6881518,-8.286148755,-26.16800372
Driver,98.61981031,-1.4,-1.4,2.322834646,47.798,-3.23,18.594,6.948,8.405,139.5273354,1.4148,15.929,5.689,4013.45,14.983,431.3616615,115.3400242,81.29299697,6.129132533,0.635254225,1.778015041,0.095085,212.7372464,52.40803015,47.3861085,60.41180345,6.892902,224.8441343,56.64215478,95.13438248
Driver,100.2393522,3.3,3.3,-4.251968504,48.939,6.005,22.867,0.837,-2.463,137.1024964,1.3678,19.738,1.365,4290.0,-1.798,429.1824781,142.22586,4.454952803,5.60463902,0.131292935,2.039735347,0.090388,208.4383765,0.994639687,52.90825934,64.85857875,7.311804,216.370082,0.948374516,-11.91269667
Driver,90.36998926,1.7,-5.3,-1.968503937,49.654,-4.072,18.3,-4.447,0.997,133.2399785,1.4744,15.667,-4.612,3490.0,1.479,420.1023973,100.9368984,-29.4331356,6.028569402,-0.483013324,1.709080529,0.097651,211.8842366,-14.29881897,43.5770412,60.11753485,6.570179,228.0026663,-15.22456186,8.2372876
Driver,74.68459198,-5.682,3.904,5.551181102,60.433,0.668,32.6,-0.05,-3.954,93.25541339,1.2487,26.005,0.762,6130.0,-4.26,234.3174041,80.93815296,-1.958209565,5.944819734,0.069209887,2.91625782,0.149242,122.9205583,-2.493081279,48.37973452,53.85224616,5.271413,129.6672114,-2.754178417,-12.38174134
Driver,116.9872942,3.1,2.7,-3.622047244,50.594,5.301,17.449,-1.671,-4.371,168.1811471,1.4376,15.922,-1.215,2671.01,-9.082,586.1085606,152.4706704,-42.23500079,5.883829518,-0.130645518,1.694754776,0.075373,287.6874637,-30.26857386,47.56070228,68.57688033,7.992794,302.7592109,-32.82295131,-72.58636534
Driver,87.12195777,1.1,-5.5,-1.417322835,45.554,-4.575,20.079,-2.476,3.178,124.3280243,1.4271,17.076,-3.012,3760.0,6.263,376.6081903,95.39306056,-6.551690726,5.998453428,-0.306762741,1.860967232,0.105034,191.8219962,0.307513443,43.93194488,58.7083138,6.274652,206.8159141,0.937034458,31.1591493
Driver,95.85272011,2.669,4.035,-3.42519685,50.342,6.25,16.153,0.907,-3.128,140.6547513,1.4674,14.117,1.399,2920.0,-13.246,446.2847872,91.35991982,-17.39040521,5.814806169,0.129793377,1.472822304,0.08837,228.5696944,-18.33562798,38.79944539,61.34953342,6.402278,250.1679957,-22.11301084,-71.67793632
Driver,92.34744094,5.783,8.058,-7.480314961,54.147,12.255,15.129,7.968,-0.09,113.5654528,1.2298,13.036,7.989,2360.0,9.442,287.936879,43.11504291,47.09766329,5.804475429,0.815181854,1.333760225,0.10873,160.7700146,29.77095171,25.61054315,61.40214508,4.37727,194.8378343,37.66136144,22.57249065
Driver,91.06120258,-3.5,4.7,3.307086614,58.172,2.536,18.303,2.842,-1.858,126.1186918,1.385,15.159,3.284,5710.0,-3.918,361.9920926,96.92139884,10.15997809,5.826086405,0.314241707,1.61664844,0.099865,179.225089,2.930224107,47.26376031,56.86284818,6.264799,188.2654019,2.84465169,-22.02050048
Driver,99.8769685,-0.317,-1.272,0.393700787,51.073,-1.528,13.292,-4.687,-3.415,148.3994721,1.4858,11.693,-4.273,2430.0,-13.842,462.1524761,75.38194191,-59.46308167,6.053130865,-0.462514619,1.264441842,0.0862006,240.516052,-40.25479969,32.41781154,63.88907528,5.97489,259.2248606,-45.12875901,-67.42536536
Driver,111.5358805,3.1,2.9,-3.503937008,51.657,5.321,16.328,-0.183,-3.083,162.5767269,1.4576,14.885,0.286,3110.0,-6.795,555.912979,143.4706712,-21.7391966,5.792509251,0.009666078,1.558890809,0.076417,269.8767108,-17.28931434,48.11548561,66.16211996,7.820327,283.628643,-18.85424643,-55.9003618
Driver,110.8782212,0.8,-1.4,-0.62992126,49.154,-1.392,12.558,-1.827,-0.3,163.9007695,1.4782,10.745,-1.698,2953.16,4.014,552.1054906,107.4972198,-4.361976949,5.787950153,-0.176419802,1.115854168,0.074437,269.5152674,1.32105496,41.62081813,62.57027238,7.168268,288.6543925,2.031866482,27.91944278
Driver,97.96215104,3.7,-1.1,-4.68503937,50.62,1.839,17.311,-0.73,0.37,141.3338851,1.4428,15.808,-0.78,2900.0,-0.334,458.4667376,109.1697188,-6.867798362,5.987417405,-0.081957388,1.70989532,0.091385,231.2765719,-3.812023856,43.50001564,62.12934308,6.848327,248.9050984,-4.14304771,-1.991088582
Driver,104.03767,3.1,-1.3,-3.976377953,51.533,-3.967,12.114,0.733,2.033,153.9285075,1.4795,11.144,0.482,2480.0,2.087,497.3274391,83.67850054,8.827304804,6.076125581,0.05424795,1.208630489,0.083322,253.7111013,6.062187028,34.85943585,63.43066564,6.361617,280.7526867,7.112016194,11.78479713
Driver,118.7455261,1.771,1.648,-2.440944882,44.223,3.469,9.727,-4.663,-6.311,167.4085093,1.4098,8.749,-3.873,2080.0,-16.721,516.9529552,66.53955417,-66.35378302,5.951408217,-0.413128814,0.924103597,0.074365174,267.313852,-45.31372239,27.7398362,68.81564877,5.787149679,305.3894293,-55.90789489,-82.24738658
Driver,101.7671797,0.9,7.5,-1.181102362,51.393,8.231,20.982,-5.051,-12.551,137.1758679,1.3479,18.069,-3.001,4710.0,-17.091,416.4315772,126.6544539,-67.37060022,5.791783354,-0.326457756,1.919916112,0.092487,204.2072333,-46.84009456,50.330895,62.13744538,6.988903,213.2139203,-49.89507048,-109.1098808
Driver,100.0402649,4.49,6.324,-6.141732283,48.74,10.274,15.276,1.61,-4.714,150.8677076,1.5081,13.674,2.334,2620.0,-15.345,490.1278739,97.28571831,-14.95117897,5.239708968,0.203365936,1.282542666,0.073933415,250.6274477,-19.33580542,38.12860444,63.68185421,6.605913709,274.3259244,-23.79603952,-88.48822834
Driver,81.13591625,1.3,-5.7,-1.850393701,45.777,-4.452,23.805,0.48,6.278,114.0949356,1.4062,20.204,-0.625,4240.0,12.068,326.7256169,93.94934761,17.48710899,5.860130456,-0.045357214,2.174873042,0.11417,168.1335781,15.62051248,45.83288689,57.5940824,6.004332,180.5571205,17.64402228,52.33700211
Driver,97.59753042,-1.967,-3.008,3.267716535,42.745,-5.137,14.167,-3.069,-0.061,141.0075161,1.4448,11.373,-3.058,3912.32,6.604,442.8602704,85.32182822,-10.1894422,225.7523449,-3.567733963,-2.242155852,6.27023,222.7971029,-3.574412209,37.58562088,63.74911743,6.15023,243.8922651,-3.525570109,24.94400316
Driver,78.46501432,-1.364,0.036,1.338582677,58.444,-0.802,22.84,11.243,11.207,105.3151843,1.3422,17.837,8.719,5779.2,18.887,270.7678627,67.16850315,63.97061123,5.942784506,0.934672823,1.931171364,0.123975,142.3435269,42.20287821,40.8853031,52.85483048,5.137493,153.9975412,46.9247515,63.32310994
Driver,90.09708304,-2.263,-0.473,3.267716535,50.366,-2.349,18.421,-8.171,-7.698,122.134932,1.3556,15.807,-7.135,3390.0,-16.5,357.5646658,77.53603863,-70.1398518,6.345935012,-0.8106573,1.806493374,0.1123528,186.4113428,-46.38405417,38.38520493,57.72856191,5.753513444,205.8195155,-53.29366767,-70.79815069
Driver,101.1878132,0.654,2.869,-0.748031496,53.221,3.358,13.041,-0.65,-3.519,148.6781943,1.4693,11.014,-0.058,3112.07,-10.27,478.7350452,85.36758487,-25.3742097,6.349606419,-0.017707139,1.26089488,0.0902062,239.8115455,-20.50453421,37.18561909,60.31572349,6.4476,260.1429097,-23.86003676,-60.78796105
Driver,92.89772727,-0.009,3.967,0.0,46.485,3.958,23.72,8.631,4.664,133.4721725,1.4368,20.234,7.878,4710.0,6.378,405.9295955,138.1978636,69.76078387,6.088376701,0.8447764,2.282507454,0.1014728,197.0870364,40.28610618,53.26976313,63.87499118,7.133002174,204.2432666,42.00632462,40.38804902
Driver,108.5607552,-0.968,-3.59,1.299212598,44.986,-4.559,15.864,-4.227,-0.637,154.0340909,1.4189,13.8,-4.146,3160.0,-1.375,518.7365514,119.895808,-40.56647295,6.404045874,-0.464647893,1.609047423,0.088863,255.4264418,-21.69049501,44.54270639,63.2955632,7.29421,270.8221562,-23.15383542,-9.700680911
Driver,94.43002863,-2.3,-1.1,2.283464567,58.354,-2.576,15.075,-1.587,-0.487,140.4954814,1.4878,12.443,-1.557,3674.3,-1.339,444.9441364,94.83847672,-14.87473494,5.914912879,-0.157368129,1.327044658,0.089513,220.2855711,-8.492761378,42.31777693,58.87365375,6.584892,236.8457963,-9.297871555,-7.525803914
Driver,25.51449535,0.861,3.744,-0.866141732,62.84,4.186,21.601,-9.063,-12.807,34.43987115,1.3498,17.901,-6.579,1495.51,-21.435,25.24184117,4.149806415,-3.046338537,5.859044096,-0.703459845,1.260285778,0.372474,16.2270792,-2.100785022,18.94265222,31.80544378,1.061423,32.54538582,-4.44863491,-0.73023332
Driver,72.01592699,1.383,-6.68,-2.125984252,47.277,-5.403,22.788,3.258,9.938,99.74185755,1.385,17.307,0.516,5987.78,27.594,234.4647355,53.88555951,33.99484437,125.659004,30.20942407,-0.021687837,4.5276,125.4556777,30.12589509,36.90532083,52.19620982,4.51748,138.7376024,35.72001175,87.08371765
Driver,86.28086972,7.019,6.703,-7.165354331,61.747,10.497,8.011,2.808,-3.895,114.0790533,1.3222,7.881,3.327,600.0,-73.783,118.5068746,8.591948228,3.135159559,6.259033657,0.334238335,0.810446516,0.114258,75.71482724,-0.242677355,9.297629485,91.87298668,1.53413,139.6025427,-4.471383085,-13.90894875
Driver,97.9107015,-1.427,6.159,1.811023622,50.889,4.999,13.724,1.369,-4.79,142.8435934,1.4589,11.918,1.96,2690.0,-11.411,444.5420413,75.42255576,-6.694729259,5.278631434,0.172685116,1.125155922,0.07808,229.8375936,-10.90678441,33.74033181,61.7236603,5.99743,254.3471301,-14.03651901,-56.25720793
Driver,113.343325,-2.924,-0.527,3.42519685,52.771,-2.751,11.755,-1.903,-1.376,158.2120168,1.3959,9.957,-1.73,2837.83,-3.448,523.0435049,87.2619084,-24.53413084,6.391816834,-0.196536367,1.14800722,0.0849848,260.6258239,-15.09915133,36.22598273,61.91149813,6.62119,283.5014032,-17.03861556,-21.7118785
Driver,109.1848604,6.5,3.5,-7.952755906,50.012,8.994,14.91,-0.243,-3.743,162.8223425,1.4912,13.991,0.248,2230.0,-13.981,539.4491561,113.9453553,-34.10914293,5.756079929,0.005173784,1.445463794,0.075433,272.9487364,-29.08482989,40.75148423,65.81379758,7.052824,294.9998328,-33.62782357,-90.77778929
Driver,102.8856478,5.431,4.009,-6.850393701,50.354,8.527,6.578,-1.741,-5.751,145.464388,1.4138,6.426,-0.962,1140.0,-27.493,276.1594267,18.93697855,-15.65049348,6.025163366,-0.116276951,0.669217,0.08607,160.6484139,-14.17686591,11.548675,89.04038793,2.969511,229.240018,-25.3323004,-34.46465873
Driver,101.6732283,-0.179,3.664,0.196850394,47.349,3.499,17.323,5.013,1.349,150.3178686,1.4784,13.51,4.706,5707.35,4.273,459.8488895,134.968258,50.9751542,5.392797829,0.448582372,1.349357516,0.0764969,217.5999796,28.55054424,52.20248182,62.78257073,7.3296,220.2138982,28.9686927,32.26830222
Driver,102.5657659,-0.895,-0.504,1.102362205,51.062,-1.227,11.584,-4.533,-4.029,151.6669649,1.4787,9.652,-3.895,3059.79,4.522,474.5642094,79.33917368,-34.3187412,221.3883869,-22.39251547,2.926036555,6.20172,224.92261,-23.08249789,40.12438341,53.03460867,6.37932,240.7391104,-26.15748138,-23.49376858
Driver,91.51082677,-1.5,-0.9,1.653543307,56.828,-2.043,13.206,-3.418,-2.518,114.383053,1.2499,11.209,-2.756,3960.0,-7.421,307.2095606,50.03702004,-26.39765512,5.596204635,-0.309307745,1.122259482,0.103656,159.9766671,-17.17765429,32.13686676,53.57267179,4.918629,181.2749054,-20.51787266,-28.53043041
Driver,82.28346457,-6.684,6.559,6.88976378,53.727,1.625,28.333,4.54,-2.019,108.5187008,1.3189,20.78,5.031,8132.11,-2.455,285.010876,90.3691112,19.65156215,6.153459633,0.534154267,2.378988286,0.127472,144.7354507,9.464348629,48.78246809,55.19557358,5.72771,148.904161,9.683152301,-9.712451119
Driver,96.73183608,1.894,2.897,-2.401574803,50.17,4.478,14.384,-5.688,-8.585,129.1392269,1.335,12.205,-4.134,3400.0,-9.063,385.9239113,69.56794262,-43.75598312,5.879003525,-0.433705358,1.284508946,0.096669,198.0791226,-28.04815294,35.44215625,57.51983046,5.72893,219.8924454,-32.5311277,-41.51900324
Driver,101.8432355,3.063,1.343,-4.094488189,48.877,4.021,14.087,0.673,-0.67,146.5242484,1.4387,12.421,0.777,2430.0,-3.68,465.3653823,81.13041044,-0.848902138,6.093840666,0.079498671,1.350332939,0.088211,241.4568269,-2.864139317,34.20065821,63.77191397,6.144294,269.6134314,-3.893353268,-18.41397464
Driver,104.8921797,1.1,9.1,-1.25984252,53.881,9.836,11.077,0.852,-8.248,150.0006711,1.43,9.909,1.894,2260.0,-22.697,430.9390411,56.22707783,-18.64643856,5.681716108,0.172577842,0.995751873,0.079511,229.039408,-22.35549161,26.10980958,67.10258483,5.232658,266.3394428,-31.28716355,-89.63101303
Driver,90.47512527,-0.803,7.775,0.94488189,56.024,7.234,9.355,-9.188,-16.963,124.834243,1.3798,8.0,-6.842,3330.0,-33.549,287.1412743,28.56705303,-63.25802703,6.236678867,-0.780444711,0.876167579,0.104671226,155.5285329,-45.88289204,19.59017306,62.25099714,3.869851808,193.0610973,-64.17239632,-83.55712465
Driver,75.39593772,-5.367,4.501,5.078740157,62.317,1.676,28.684,1.151,-3.35,93.86900501,1.245,22.998,1.793,5320.0,-4.162,236.9785559,71.12820934,2.585340557,6.116785684,0.182287185,2.605600885,0.148602,126.110496,0.057637851,44.43159404,52.80544865,5.071669,136.2186318,-0.137850514,-11.6646499
Driver,90.67868647,-3.5,-1.7,3.503937008,57.598,-4.161,18.799,-2.058,-0.358,131.8700787,1.4543,15.81,-1.993,3913.77,-0.446,407.6259843,104.3913488,-15.14309118,5.845259023,-0.209350278,1.678710423,0.095811,203.1134789,-8.101851615,45.85364995,59.39606692,6.606764,216.5316611,-8.677548089,-3.116442416
Driver,88.47083035,-6.011,-3.737,7.086614173,54.323,-8.073,6.908,-10.269,-6.532,121.9161596,1.378,5.022,-9.308,2560.0,-18.115,228.8251912,13.16825615,-45.32063436,5.734945757,-0.942218566,0.499838185,0.097700688,128.8769192,-29.18081275,10.71521272,72.27039713,2.877723389,182.375056,-45.04809525,-25.47958446
Driver,86.20705082,-3.3,-2.1,3.188976378,55.984,-4.455,20.902,-1.324,0.776,121.1242842,1.405,17.311,-1.367,5940.0,1.559,341.3194621,99.15889613,-4.853452561,5.760314442,-0.142026803,1.833560506,0.104072,169.9874138,-1.673056249,48.55302297,57.0689002,6.204058,177.8251295,-1.675620587,7.147527256
Driver,98.90390122,3.857,4.255,-4.015748031,54.752,6.986,21.176,4.738,0.484,129.7930834,1.3123,18.882,4.67,2958.26,0.983,412.1818442,109.0895304,34.36882329,6.203494441,0.506239807,2.141246589,0.10494,211.461477,18.91961199,44.39944971,62.13811098,6.6412,227.0084937,20.40433193,5.128086871
Driver,88.92716535,-3.574,-2.309,5.236220472,44.314,-5.977,17.386,-8.68,-6.371,124.4434503,1.3994,14.129,-7.636,4210.0,-5.125,368.2124771,81.8952707,-57.81907526,6.164581159,-0.826634747,1.576173407,0.1063624,186.5724918,-32.96541847,41.38701357,56.45956751,5.981366223,201.7700565,-36.17741502,-24.81464451
Driver,111.023622,2.8,0.8,-2.834645669,49.99,2.722,15.96,3.001,2.116,163.9094936,1.4763,14.598,2.743,2245.77,2.219,560.2721968,124.6095182,32.432371,5.996706708,0.291893177,1.574597709,0.078298,282.4750802,18.6458951,42.33307093,67.28442806,7.337381,303.0465972,20.31691669,15.4075788
Driver,100.3265927,1.295,-1.108,-1.771653543,45.035,0.185,13.958,0.438,1.546,149.6913028,1.492,12.628,0.27,1992.18,-0.355,468.7943546,78.83093633,1.580366566,5.908110144,0.027599764,1.328156883,0.083688113,247.7959894,0.63367051,32.20559755,67.16700648,5.951898658,280.393526,0.648009051,-1.602118427
Driver,93.06102362,-4.3,-0.7,4.212598425,57.967,-3.642,14.961,-3.345,-2.645,137.9675197,1.4826,12.821,-2.851,5360.0,-5.681,412.5422881,104.70113,-37.15534093,5.778599324,-0.316598735,1.352350917,0.089431,200.3385531,-22.50298027,47.58845392,58.23819656,6.642728,209.9818125,-23.97937616,-37.7207627
Driver,82.53400143,-1.0,8.2,1.614173228,59.062,7.252,5.23,-16.059,-24.285,72.19778991,0.8748,4.499,-13.636,2160.0,-71.633,30.60950069,1.24926062,-7.772697393,5.805229342,-1.427493328,0.337310445,0.167137,20.08425542,-5.479664451,4.99006951,65.69718239,0.598519,66.0325104,-19.79262223,-2.309783914
Driver,96.875,4.179,1.321,-5.157480315,48.829,4.985,17.892,2.959,1.638,144.8324535,1.4951,16.12,2.737,2567.08,4.253,478.141264,109.8013745,31.78054285,6.426914346,0.311595598,1.879169092,0.0958374,244.954342,19.84677059,41.51075447,64.26628692,6.84535,264.1474398,21.93936808,24.49695079
Driver,54.66624911,-3.272,-6.489,2.834645669,62.926,-8.164,31.2,5.02,11.509,71.81460272,1.3137,24.392,2.357,5125.25,11.105,146.5405567,39.9362274,10.49348165,6.242765088,0.283422182,2.764971901,0.20075,83.55971484,8.014404564,37.2896516,46.83607548,3.69478,95.21996453,9.601719513,13.76101844
Driver,92.07677165,3.4,9.78,-4.842519685,51.73,12.466,10.979,-0.452,-10.232,135.536641,1.472,10.015,0.891,2200.66,-9.101,348.8143661,45.62747424,-9.165817064,184.1117423,-9.642293169,0.468904804,4.50147,185.0194167,-9.738051259,26.29307963,64.59913001,4.53355,218.2896938,-13.54090524,-37.82995632
Driver,99.78078024,2.764,0.583,-3.346456693,48.57,3.025,15.698,1.484,0.901,146.2842251,1.4661,14.153,1.372,2250.0,3.865,470.0645687,90.64786068,18.38308387,6.201050871,0.151953418,1.576612736,0.0905411,245.5948269,12.34049549,36.12026216,64.99101028,6.32675,261.7650637,13.54945062,19.391863
Driver,100.8522727,4.085,5.713,-5.039370079,47.428,9.475,10.194,-1.281,-6.994,139.1716625,1.38,9.288,-0.222,1910.0,-17.802,355.5448287,39.35700493,-17.56154665,6.139114362,-0.037153358,1.001027498,0.092476,196.3838526,-16.39854059,20.6926353,70.88578592,4.353868,242.1253049,-24.095696,-46.92048564
Driver,101.0133321,-0.45,1.203,0.590551181,44.188,0.74,13.472,2.686,1.483,147.2105404,1.4573,10.595,2.371,4229.22,3.889,469.1035353,98.80795514,30.51071282,5.586597023,0.235215064,1.078649428,0.0800037,227.3911322,18.07152209,43.45089831,58.71811848,6.7743,240.9349983,19.56408725,26.0359405
Driver,97.92188618,2.807,3.396,-3.188976378,50.857,5.683,12.597,1.04,-2.356,138.8041339,1.4175,11.122,1.404,2092.57,-8.707,395.832287,55.37453582,-1.247737061,6.3586985,0.148515704,1.252455062,0.0966146,213.7171113,-4.846975671,26.58995343,66.27224135,5.10973,248.0052507,-7.289216656,-30.24199194
Driver,100.4339656,0.252,5.564,-0.31496063,47.714,5.794,15.083,-1.264,-6.828,144.2365336,1.4361,13.292,-0.404,2830.0,-24.153,442.9018716,81.96264256,-49.59436367,6.360744133,-0.069756582,1.516771072,0.0939318,229.2958142,-42.58920918,35.28291596,61.85215375,6.08514,252.5660091,-51.06652707,-122.998508
Driver,108.4041696,2.7,2.9,-3.42519685,49.381,5.271,11.763,-5.112,-8.018,150.0650948,1.3843,10.736,-4.171,2058.79,-4.207,455.4637899,66.42727374,-39.53871355,5.342452041,-0.391051008,1.017489301,0.074888,240.0991083,-23.47389341,29.25197749,66.45430645,5.637726,275.0807384,-27.78526942,-18.09647233
Driver,85.51583751,-1.26,3.919,1.614173228,49.717,2.852,45.153,-18.91,-22.829,78.46143522,0.9175,36.874,-13.042,7280.0,4.602,178.3505638,83.24494161,-31.7980491,3.901134026,-0.873525296,2.924163295,0.130529,91.64284423,-17.52190542,54.91337311,53.10170123,4.989555,93.52208083,-17.85877967,9.687459821
Driver,87.30091267,0.005,8.427,0.0,56.225,8.43,14.499,-6.977,-15.404,117.0801271,1.3411,12.16,-4.359,4020.0,-22.826,310.6113995,52.0132413,-53.30195685,5.851833048,-0.473591921,1.270347792,0.106281983,163.4524439,-38.69011023,31.77047029,55.04828568,4.905490819,185.4726486,-47.28019473,-79.52387182
Driver,86.95195061,3.718,6.278,-3.661417323,61.415,8.307,11.841,2.482,-3.796,104.0504205,1.1966,8.86,3.895,3398.25,47.561,112.7400236,8.226015522,4.12252932,61.92557801,1.676670606,1.238687545,1.41211,69.94883243,1.590796814,9.789096751,79.40709122,1.61944,124.1910734,0.271254248,-9.489446298
Driver,94.54411238,2.512,7.023,-3.070866142,54.016,8.849,13.422,5.946,-1.077,141.3048049,1.4946,11.606,6.13,2560.0,-10.625,430.9772381,69.04439557,27.24907195,5.927802127,0.624032889,1.224290681,0.0887,225.2371328,8.003072696,31.81169992,62.46516853,5.758503,253.9854062,6.964069764,-48.23813253
Driver,94.49266285,-3.501,-1.528,3.976377953,51.765,-4.291,2.006,3.56,5.088,127.5185666,1.3495,0.927,2.563,1859.84,30.962,55.12233794,0.479113628,3.060843102,5.991789058,0.287434792,0.084471886,0.0970231,34.43956154,2.255385948,1.110311107,113.2595684,0.586292,93.01882205,7.413419924,2.149115647
Driver,106.2074982,0.5,7.3,-0.708661417,50.145,7.752,11.54,2.867,-4.433,154.5642448,1.4553,10.187,3.559,2240.0,-14.886,473.1035608,67.20404837,3.000465014,5.731377279,0.345703569,1.03609887,0.07791,247.3028624,-7.651775756,29.16255658,66.35298282,5.732854,282.0078696,-12.11516959,-68.94396804
Driver,106.0710451,1.1,5.9,-1.299212598,52.273,6.74,3.251,0.298,-5.602,150.6755548,1.4205,2.973,1.145,1140.0,-21.789,221.031995,7.27883111,-1.462975408,5.507923727,0.099643162,0.282926818,0.075532,127.1772752,-3.420693278,5.826835837,99.46565416,2.148233,200.2558786,-8.965702679,-17.88130459
Driver,100.1632963,1.973,1.109,-2.519685039,46.282,2.997,16.292,5.153,4.044,147.6659807,1.4743,14.6,4.653,2580.0,15.293,477.9791644,98.80932411,70.73077577,6.133921058,0.512193032,1.61513068,0.0889471,245.9466531,48.26498716,38.63250477,63.71553489,6.59182,259.4188744,52.32496308,85.62732155
Driver,98.46993558,-1.723,2.563,2.165354331,48.097,1.016,16.552,0.865,-1.697,141.3575966,1.4356,14.613,1.054,2735.07,-3.367,456.5309039,95.93157555,1.023158393,6.37337381,0.113597762,1.681829616,0.0966544,234.1074521,-1.813020879,39.34695955,62.23512105,6.52767,254.4230177,-2.437647263,-18.35678702
Driver,103.5679134,-2.909,5.479,3.42519685,50.248,3.056,13.459,5.433,-0.045,152.5973067,1.4734,11.525,5.439,2930.0,-0.101,503.8824106,94.10157952,46.66123836,6.592554218,0.624761492,1.372908522,0.0914555,251.9247988,23.66862263,38.56009681,61.67512752,6.71528,272.4865362,25.58433388,-0.6337537
Driver,101.0357015,-1.594,1.021,2.007874016,50.305,-0.302,9.883,-1.012,-2.033,150.4681908,1.4892,7.564,-0.595,3519.98,-9.961,475.3934305,68.83992625,-30.05830121,6.027671366,-0.072659106,0.825307538,0.0836947,233.2539587,-21.93418182,33.86356184,58.00747496,6.11664,247.1589862,-24.39385686,-58.5645044
Driver,91.1551539,2.789,-10.127,-3.74015748,47.101,-7.533,20.13,5.125,15.252,131.913699,1.4471,17.58,2.684,4504.61,28.321,382.7517552,101.8504694,78.74770315,6.373822888,0.342180699,2.049243969,0.105466,193.3266638,59.99089753,44.69035693,58.99517982,6.33257,205.2366301,66.10975244,153.9569239
Driver,41.99176807,-1.5,-1.9,1.496062992,56.695,-2.934,23.894,-2.68,-0.78,56.86023622,1.3541,19.203,-2.437,2900.0,-1.315,81.16399209,15.28163852,-3.656617393,5.112018664,-0.226997743,1.655196648,0.19847,49.9977225,-2.367738798,24.41431884,43.81522078,2.254586,71.98459936,-3.474264722,-0.72611081
Driver,84.45552971,-6.379,-8.922,10.70866142,38.219,-17.083,19.009,-7.692,1.23,109.8018074,1.3001,13.246,-7.986,6283.0,22.158,258.3479694,46.40146456,-11.52772607,147.5732364,3.249653098,-4.188697897,4.57026,140.8793524,2.047234171,30.3963321,57.98783999,4.29026,160.3787622,5.303855083,64.79352275
Driver,103.8162133,-0.9,3.9,1.338582677,48.575,2.882,16.638,4.106,0.206,147.8118289,1.4238,14.37,4.176,3330.0,-1.404,478.5819567,118.9505855,29.67055722,5.796370598,0.420693542,1.506918429,0.084039,233.7845557,13.84817064,46.81658796,61.62512703,7.168805,247.8135026,14.53551105,-9.548986344
Driver,81.82265569,-1.261,0.255,1.456692913,49.24,-0.832,14.041,10.238,9.982,120.9415265,1.4781,12.257,9.024,2570.0,22.551,312.5637034,45.37873348,69.56735548,6.509072178,1.044615711,1.408227936,0.114199,172.1727829,47.41936754,25.84898727,61.74523231,4.54888,203.059405,59.70980036,62.61564871
Driver,101.6799392,5.563,8.015,-7.125984252,46.117,13.39,13.038,2.116,-5.899,150.2279438,1.4775,11.547,3.321,2835.72,-37.271,423.2821627,64.31532454,-35.13404588,5.802190986,0.307769573,1.190735906,0.0815355,222.3056154,-41.75163643,29.52292345,63.99032638,5.37996,241.5457867,-50.86105086,-162.9915124
Driver,94.74991052,-0.1,-5.3,0.354330709,48.647,-5.607,9.221,0.471,5.771,134.2512974,1.4169,7.873,-0.43,2110.0,2.605,339.8353096,34.00872839,-0.005240637,5.787403815,-0.041459289,0.802072058,0.090067,183.8495625,0.970592142,20.07360595,66.18993403,4.277264,225.8203909,1.766269019,7.050924336
Driver,105.86301,-4.813,-6.246,5.94488189,50.77,-10.188,10.638,-3.064,3.182,151.7434681,1.4334,8.76,-3.459,2890.0,7.558,479.8996793,68.60488738,-11.91367453,6.289344169,-0.372106875,0.988964467,0.0868406,241.4875503,-0.846833556,31.85999776,60.92538898,6.03241,266.9473691,0.541615557,41.17378664
Driver,116.8374195,-3.494,0.751,4.173228346,50.52,-2.132,13.357,3.324,2.573,163.0283644,1.3954,11.257,2.993,3440.0,5.584,552.3338218,119.1433147,47.22808601,6.320502354,0.336839269,1.303465383,0.0820158,266.228312,28.35533472,44.74224041,62.77056447,7.42749,281.2521087,30.62633554,43.48468033
Driver,102.4315497,3.3,-3.9,-4.488188976,46.604,-0.802,18.055,3.626,7.528,143.9687724,1.4055,16.402,2.735,2657.73,8.53,471.7128483,111.6905776,41.46099237,5.309082856,0.259688149,1.571618745,0.079605,240.5236014,28.06949078,42.58868659,63.77563446,6.881999,259.726239,31.40717967,49.91689095
Driver,105.7556371,4.9,9.3,-6.062992126,48.796,13.587,15.279,4.716,-4.584,147.0320329,1.3903,13.613,5.535,2660.0,-12.263,474.7000767,93.15565595,18.48069644,5.754117726,0.545138728,1.402567842,0.083393,243.6703558,0.805853472,37.77384503,63.10257557,6.496081,267.3348744,-1.179253554,-68.10211213
Driver,104.2524159,-5.747,-9.725,7.086614173,46.422,-15.221,13.285,-1.86,7.866,145.1541249,1.3923,10.93,-2.867,3680.0,14.83,457.2153467,86.1166643,15.07995406,6.407130271,-0.302152078,1.267530427,0.0932983,226.5371425,18.46478806,39.05858007,58.56542905,6.41791,243.7313064,21.91917016,89.20453004
Driver,102.8990694,-4.305,-1.847,5.748031496,44.964,-6.17,15.315,-0.975,0.872,145.2811829,1.4119,12.736,-1.095,3724.92,1.623,470.0903505,105.2392435,-4.198496377,5.732677397,-0.107830974,1.326457292,0.083871,230.8655784,-0.875077494,43.89079806,60.2520869,6.88107,245.2442963,-0.754094982,10.6108084
Driver,87.28078024,1.549,-0.414,-2.165354331,47.382,1.012,15.698,-3.317,-2.903,124.4879653,1.4263,12.135,-2.562,4495.11,-7.384,360.978094,71.67511841,-30.10792669,4.742663232,-0.218447117,1.035483476,0.080795665,182.5427651,-19.61947304,38.88706303,55.10954577,5.727471201,198.6467555,-22.19543543,-34.46216174
Driver,106.0531496,2.781,3.12,-3.307086614,55.041,5.066,11.227,-0.831,-3.951,156.766956,1.4782,10.064,-0.276,2000.0,-16.632,469.5911858,63.7390518,-28.6553379,6.212942057,-0.042167521,1.110392978,0.083214,248.123001,-24.82434025,27.37032584,68.78373874,5.52691,284.0374459,-32.01196325,-70.90445513
Driver,94.88860057,1.938,1.92,-2.362204724,57.719,3.145,12.155,-6.563,-8.483,132.7769327,1.3993,10.755,-5.365,2409.6,-7.236,362.7122794,53.16900533,-46.13352817,191.964295,-28.81148568,0.087239114,4.75649,191.8574377,-28.79180397,27.83011748,67.03601706,4.7528,225.132387,-35.22327751,-32.79036829
Driver,93.26682176,-3.1,-6.9,3.74015748,49.247,-9.807,12.11,-0.29,6.758,133.8448461,1.4351,10.261,-1.13,2690.0,17.829,374.4970407,50.39944428,16.41642061,5.872372267,-0.100366251,1.066540481,0.092349,199.1758394,17.6963485,26.66633123,62.09623413,5.019912,231.9610015,24.36551093,64.81592395
Driver,99.84117752,0.0,-7.0,0.0,47.614,-7.519,18.294,-5.904,1.147,138.8108447,1.3903,15.895,-6.018,3310.0,10.979,439.6575267,108.9774393,-18.26071508,5.827975442,-0.603831131,1.67705734,0.090656,220.1089235,-1.565203628,44.7806723,61.11566732,6.772973,235.5192605,-0.498174019,64.55776673
Driver,32.37741589,-2.6,4.0,2.716535433,74.497,2.816,22.851,-0.904,-4.823,39.73939692,1.2273,19.472,-0.06,1357.96,-2.704,36.5233171,6.589028019,-0.084911721,5.899705181,-0.010015324,1.614570604,0.327828,23.48885645,-0.083379202,21.3238888,35.90576121,1.365966,43.04009555,-0.19801216,-0.17634553
Driver,100.1588225,-0.832,-8.547,1.141732283,49.129,-9.267,17.732,0.485,9.032,142.0691661,1.4184,15.35,-0.746,3750.0,17.008,449.2539433,111.6511017,39.07117645,6.120475491,-0.058952646,1.702131685,0.09284858,222.8975562,32.90967851,45.14131372,61.00726537,6.859146896,237.5316473,36.89476168,107.3314877
Driver,90.11497853,-5.859,1.071,7.440944882,55.93,-2.909,15.988,-4.657,-5.728,123.8810845,1.3747,13.262,-3.908,3470.0,-9.476,363.1348748,68.90589791,-40.15645685,6.141216173,-0.430453155,1.460108856,0.1058504,187.9200338,-26.2949542,35.97474703,56.94082061,5.613344532,208.8933778,-30.58077324,-40.65660397
Driver,102.8230136,-0.751,1.212,0.866141732,50.736,0.598,16.349,2.372,1.16,148.5341356,1.4445,14.826,2.264,2252.24,2.459,486.3693958,99.62287208,23.82450486,6.389231177,0.254715965,1.707299425,0.0922121,252.5864547,14.35374588,37.98632956,65.49936495,6.57809,276.0047209,16.0525962,13.14149275
Driver,85.60084109,1.9,-5.3,-2.204724409,50.044,-3.94,22.724,0.6,6.06,123.8421618,1.4467,19.548,-0.401,4070.0,12.593,371.343057,108.5553421,24.19127707,5.853797018,-0.023294706,2.099910005,0.104494,187.6304033,20.43628095,47.4941682,59.97709061,6.487499,199.5426577,22.64724423,65.22341833
Driver,101.7761274,-0.127,2.083,0.157480315,44.382,1.952,20.199,7.391,5.309,144.9483268,1.4242,17.134,6.534,4562.58,14.035,452.4579887,138.4535297,92.38765149,6.283040155,0.736923089,1.984856157,0.0943063,218.4559751,57.62377365,51.46843289,63.96063925,7.34067,222.2841126,58.97855734,99.81351296
Driver,106.3954009,11.116,-0.782,-14.68503937,52.681,7.833,6.558,0.972,1.754,146.6094757,1.378,8.705,0.152,3342.62,13.711,84.35694877,6.639240871,1.105897973,5.945605337,0.027624021,0.828112745,0.0847034,54.78582359,1.302238358,9.661516378,117.463202,0.861014,133.4298698,4.941282872,3.470801021
Driver,92.39889048,-3.6,-5.0,3.543307087,60.65,-7.494,7.795,-4.975,0.066,138.9063618,1.5033,6.238,-4.982,2147.78,-9.456,330.4218683,25.70156885,-36.43349221,5.679787026,-0.499640022,0.621573649,0.08502,180.4350343,-23.03224541,15.5760466,72.17756407,3.859472,231.4915939,-31.80934199,-22.21180713
Driver,110.7887437,5.9,1.5,-7.244094488,50.817,6.431,15.223,-2.683,-4.183,161.7061113,1.4596,14.214,-2.243,2480.0,-13.98,538.2435716,119.8861293,-58.56806324,5.788416282,-0.232767141,1.479758794,0.076496,268.9888298,-41.95855384,42.78893519,64.88234381,7.243051,288.4291608,-46.98921397,-94.58297518
Driver,99.66222262,-5.5,6.7,6.614173228,53.777,2.557,11.488,6.294,-0.406,143.6540354,1.4414,9.673,6.466,2590.0,-0.857,434.8327857,63.53384197,46.85541678,6.107240628,0.686912131,1.053119209,0.089397,222.6158644,23.72886251,31.29228684,60.22839437,5.715185,250.3648326,26.51723669,-4.046491621
Driver,86.29429134,-0.212,-1.133,0.236220472,51.919,-1.299,13.237,3.458,4.591,130.8173765,1.5159,11.694,2.914,2120.0,12.291,356.1930769,50.11771517,30.7407135,6.427951551,0.337629315,1.328077513,0.10389,195.3939191,22.20027518,25.65341587,65.55405018,4.8029,229.9081251,28.34941064,36.9079708
Driver,112.8713314,-1.9,-0.7,2.716535433,50.097,-2.45,6.868,-0.433,0.267,166.8141553,1.4779,5.596,-0.317,2670.0,-0.295,529.5341972,59.10598047,-5.066139096,5.920380562,-0.049071004,0.595822488,0.073776,260.2746014,-2.713368081,28.33723737,62.19218182,5.95432,291.1805904,-3.108309772,-3.820177491
Driver,97.46331424,-0.979,-0.02,1.338582677,45.131,-0.995,6.333,-4.641,-4.62,138.0979331,1.4169,5.495,-4.107,1360.0,-13.472,250.9634013,14.85377349,-22.89495286,5.908443593,-0.430999197,0.560560702,0.088766,145.5768423,-15.56002086,10.11775653,86.64655105,2.783603,213.1850941,-25.27802236,-15.46103593
Driver,112.5850036,-0.7,-0.5,1.102362205,45.952,-1.323,11.844,2.122,2.622,168.6254026,1.4978,10.145,1.889,2906.93,4.234,574.9742002,107.5486725,30.90190397,4.130876709,0.128595889,0.747841578,0.051337,280.4859828,19.16736464,40.76243601,63.08901626,7.247824,300.9253593,21.27236923,29.79845686
Driver,100.8947745,-1.7,6.5,2.204724409,52.807,5.074,8.126,1.13,-5.37,146.3945061,1.451,7.085,1.769,1720.0,-11.949,355.9052725,30.5586519,1.049376647,5.829032905,0.172574287,0.72371323,0.082903,196.2368135,-3.372073976,16.59658831,76.28432836,3.998846,250.0806118,-7.05543794,-28.2821906
Driver,69.89307445,-4.125,-4.479,3.74015748,59.653,-6.899,32.849,1.112,5.591,88.76431639,1.27,26.427,-0.049,5720.0,6.18,217.52375,73.55450306,5.875784599,5.781779199,0.008678004,2.876890537,0.152929,115.6570382,5.133110285,46.79841827,52.51679492,5.005021,123.7709629,5.703612476,15.69576642
Driver,96.38734789,0.76,-1.417,-1.023622047,49.409,-0.766,20.92,2.577,3.995,133.7030243,1.3871,17.37,1.825,4804.55,9.52,379.0192341,126.3615303,45.04142051,129.379301,17.4794471,40.99255159,3.87868,179.0163997,29.19956764,55.12828665,71.17705509,6.35649,184.091299,30.36705507,70.67998462
Driver,92.58679313,-4.502,2.485,5.236220472,56.169,-0.54,27.519,11.894,9.409,103.9710093,1.123,20.619,9.613,7423.38,25.006,255.8763259,79.57125886,79.76459754,108.7421998,41.59659009,17.60180511,4.1304,126.3991632,51.4493929,51.4487892,58.15297515,5.12801,130.4739734,53.68826458,94.340828
Driver,98.23953114,2.013,-0.357,-2.440944882,46.577,1.549,15.875,1.702,2.06,142.0977989,1.4464,14.2,1.443,2390.0,8.205,449.7752352,86.56399421,26.16598832,6.201068895,0.163737219,1.58122043,0.0932552,235.2661764,19.22675489,35.89784613,63.6942914,6.20069,251.1500213,21.36556212,39.94769668
Driver,87.39710093,-1.402,-1.528,1.850393701,45.704,-2.897,18.164,-4.377,-2.849,122.892806,1.4061,15.048,-3.898,3842.14,-8.025,364.1259201,81.40060344,-39.04564642,5.928629804,-0.412996312,1.615906002,0.103781,186.4316956,-25.03954169,40.57934119,56.94256993,5.93354,195.5067952,-26.74345365,-37.26820252
Driver,82.42886543,-3.1,-1.7,2.834645669,67.439,-3.168,22.641,-5.459,-3.582,98.47552792,1.1947,18.644,-4.853,3945.25,-6.043,254.2207873,60.42754386,-27.21890386,5.458914629,-0.470203467,1.843138811,0.121927,136.8571191,-17.24486371,38.37687397,52.99025292,4.902371,153.2395198,-19.84032984,-17.09180744
Driver,96.92197566,-2.821,-11.761,3.622047244,50.042,-14.127,19.031,-5.697,6.064,134.535612,1.3881,15.882,-6.629,4370.0,9.891,413.4540358,110.6396858,-20.67090828,6.289655655,-0.711143932,1.821527506,0.101268,204.3286672,-3.795700822,47.31705542,60.01409498,6.733669845,215.9530901,-3.225837266,59.43987498
Driver,83.41088046,1.928,-4.877,-2.677165354,46.652,-3.056,23.091,4.181,9.058,118.8703472,1.4251,19.867,2.671,4150.0,14.622,346.8671934,100.0417334,43.15788495,4.865822472,0.241559029,1.771717439,0.0904392,177.1120561,31.16524254,46.41099943,58.59244527,6.212061369,189.4526852,34.41256655,69.01977874
Driver,107.3192555,2.9,-0.7,-3.622047244,49.325,1.789,15.321,0.075,0.775,158.5343593,1.4772,13.879,-0.016,2275.51,1.38,530.726215,109.9373457,3.173246889,5.333288896,-0.001353772,1.326991398,0.071672,269.7734241,2.735703217,40.04668727,65.78862027,6.973773,292.6300722,3.184530299,8.433102563
Driver,91.9134753,2.577,1.377,-3.11023622,54.832,3.195,13.288,-3.003,-4.38,136.1236131,1.481,12.185,-2.538,1612.49,-19.798,359.3338694,50.17484666,-32.9474763,5.502631705,-0.255106433,1.181715511,0.085459,201.3523111,-25.90322484,24.26837118,71.2624045,4.60351,244.5355279,-35.19057638,-51.10688322
Driver,88.41043307,2.02,-2.392,-2.992125984,45.524,-0.408,17.25,6.469,8.861,123.1614621,1.3931,14.748,4.936,3550.0,13.038,362.2919118,76.02220517,52.85935232,5.843160076,0.518159952,1.550057058,0.101937771,187.4900397,35.19015975,38.35928232,57.22388508,5.775241565,206.5011609,40.41680807,57.64248385
Driver,24.8210451,-6.6,-2.0,4.960629921,66.26,-5.575,41.532,-0.295,1.781,26.40166428,1.0637,28.021,-0.815,3510.0,1.509,20.77522397,5.548412282,-0.306181586,5.90628149,-0.09084384,1.82396444,0.536022,13.10690202,-0.191975494,30.37340216,24.27146788,1.226117,19.16205037,-0.273638788,-0.016632312
Driver,99.34010379,0.875,2.564,-1.220472441,45.395,3.427,15.266,0.304,-2.26,144.964209,1.4593,13.548,0.585,2504.1,-8.794,463.2332569,87.98010618,-12.8198725,6.04805145,0.054012623,1.465704731,0.088922,240.0342368,-12.74204157,36.39302252,63.41068081,6.315496,265.4779002,-15.610471,-45.5660136
Driver,100.1342162,1.019,3.965,-1.377952756,48.053,4.881,20.742,-1.584,-5.548,137.2789907,1.371,17.68,-0.659,4340.0,-6.618,427.8586981,128.7521681,-23.2533957,6.033277911,-0.07878329,1.955093098,0.096071,208.8942257,-16.64762478,50.52116616,62.55590668,7.091675,218.5817799,-17.82862698,-42.75472654
Driver,109.2899964,-5.969,-3.52,6.653543307,58.206,-7.236,45.158,-17.525,-14.005,101.7342967,0.9309,34.517,-13.474,11130.0,-8.101,251.9939953,127.0539171,-64.09999724,4.31080411,-1.020591303,3.016427944,0.108078,120.4343608,-38.29055426,60.49637294,62.02078326,6.17109,116.3696516,-36.89439433,-31.89302325
Driver,100.3646206,4.062,5.891,-5.551181102,46.876,9.705,11.768,0.978,-4.913,144.250179,1.4373,10.314,1.923,2470.0,-19.549,321.1125802,31.10718435,5.573955208,5.89901625,0.192869095,1.049927686,0.085354,201.6715431,0.530429204,12.72642912,113.2866956,3.316901,327.7624524,-3.145270542,-18.71163959
Driver,107.9187545,4.3,-0.7,-5.393700787,49.884,2.941,13.878,-1.839,-1.12,160.9893969,1.4918,12.857,-1.716,1643.94,-4.031,517.182638,89.87096635,-22.59142491,5.214416873,-0.158148028,1.194341443,0.068615,272.4990724,-14.62592241,33.36937705,70.50275888,6.230842,305.5328613,-17.1515133,-19.4131179
Driver,90.31853973,0.161,1.531,-0.236220472,49.153,1.67,15.738,-3.998,-5.529,127.414549,1.4107,13.195,-3.058,3417.73,-12.659,378.5869518,72.12830106,-42.24003332,5.93466416,-0.330369014,1.407602759,0.0992475,195.290753,-29.46034352,36.34074607,57.53667506,5.75446,214.584701,-34.07018437,-57.3584232
Driver,89.07480315,-1.587,3.164,1.653543307,54.507,2.032,12.512,-0.148,-3.312,132.7165354,1.4899,9.892,0.483,3547.0,-8.559,395.3256632,61.87344651,-12.93446509,5.064761965,0.036139583,0.897195342,0.080128,200.6558123,-11.63101747,33.05499896,56.91420972,5.60788,221.9511538,-14.221144,-39.95776986
Driver,112.8981747,-6.343,-3.504,7.283464567,52.069,-8.474,21.608,0.173,3.677,138.2149248,1.2242,17.103,-0.469,6234.06,4.7,406.4173461,133.1589353,10.98153707,6.304969546,-0.041205269,2.018400921,0.0995278,194.8731096,8.79227159,53.38177269,62.47854011,7.05918,199.056468,9.09866737,31.15646111
Driver,94.73201503,-4.072,7.486,4.763779528,58.199,4.956,7.735,-1.657,-9.143,133.5066213,1.4093,6.278,-0.513,2450.0,-14.312,315.8046692,24.96616541,-14.95710958,6.14964128,-0.067592486,0.677783152,0.095931399,171.2718311,-12.86341545,15.90911608,68.7694285,3.834646952,219.0143937,-19.92597759,-34.00128725
Driver,111.2540265,2.2,0.0,-2.204724409,47.152,1.51,14.478,-3.578,-3.614,160.7028454,1.4445,12.815,-2.947,2768.2,1.318,543.5287295,116.2585913,-24.57988486,5.832722905,-0.31162386,1.342791981,0.077107,268.4200687,-11.29069141,42.89286567,63.94841113,7.272382,287.0084509,-11.88765799,7.536259625
Driver,98.72942019,-4.256,-0.266,5.236220472,49.636,-3.893,19.313,3.114,3.38,139.7501342,1.4155,13.287,2.204,8436.19,5.156,393.8721734,113.9622188,29.60174479,6.174172204,0.247037748,1.517187976,0.094951394,189.2481694,18.22405897,51.19029482,59.08002577,6.690377386,192.1332605,18.60217527,32.89912872
Driver,94.92439155,0.792,3.037,-1.062992126,48.248,3.744,8.104,-4.527,-7.564,133.0581156,1.4017,7.056,-3.426,2000.0,-18.226,291.4103811,23.56148813,-28.71230647,5.922541838,-0.36702088,0.728106881,0.092747,163.8955029,-21.09007429,14.84378208,73.94311594,3.524623,217.0092587,-31.86919062,-34.01856308
Driver,88.16437008,-1.6,6.062,2.047244094,53.39,4.873,13.242,-11.207,-17.27,113.0399964,1.2821,10.873,-8.315,4140.0,-16.201,292.392115,44.24218868,-61.10794304,6.067638332,-0.900207228,1.176923691,0.113712424,153.9090903,-38.95274543,29.39176869,54.14842621,4.624683939,177.4425186,-47.33431148,-51.03093962
Driver,96.1972083,-1.611,2.269,2.204724409,47.023,0.767,13.143,1.31,-0.959,141.5106031,1.471,11.396,1.427,2460.0,-2.381,432.0292836,67.61018105,6.630698212,5.653100415,0.139025441,1.148415963,0.0842752,226.2749265,2.110693083,31.09205239,62.91718678,5.71512,254.1222246,1.937173327,-10.57410831
Driver,101.369005,0.7,7.9,-0.94488189,53.525,8.443,13.777,4.03,-3.87,145.8361668,1.4387,12.05,4.711,2610.0,-11.539,455.7300678,81.9619985,12.77720188,5.779569774,0.464911006,1.244850792,0.083972,232.4616333,-1.283225123,36.25840069,60.80638449,6.222744,256.0383049,-3.410756623,-61.11191275
Driver,90.00089477,0.1,-5.3,-0.236220472,48.294,-5.293,17.568,0.783,6.248,130.7551897,1.4528,14.861,-0.242,3740.0,9.69,401.8747275,92.18906453,19.35189193,5.897868113,-0.013295587,1.583475112,0.096979,203.1769308,16.29067122,42.2542332,58.63752635,6.321153,219.5442063,18.70946482,51.43775463
Driver,84.23630995,-1.582,3.995,2.125984252,51.585,2.74,10.186,-0.639,-4.633,121.0719399,1.4373,7.968,0.25,2867.68,0.268,307.7905009,33.73006722,0.675351251,166.2567575,-0.346802492,-3.600784599,4.56779,158.9056291,-0.243276487,24.48841124,56.00082507,4.26779,187.6273609,-0.623452122,-2.809883296
Driver,98.94192913,2.595,5.791,-3.267716535,48.686,8.074,12.909,6.347,0.556,143.9893522,1.4553,11.365,6.262,2210.0,-2.698,435.1386123,65.92166059,42.7353759,6.070671329,0.659953174,1.22506327,0.089032,230.062702,21.3511345,29.66220883,65.14946392,5.58835,263.2223977,23.8819761,-11.28618349
Driver,96.26655333,-0.132,1.681,0.157480315,53.61,1.583,17.56,-3.156,-4.836,139.5886274,1.45,15.507,-2.563,2953.0,-9.759,449.2400763,101.7034429,-41.27639841,5.561433249,-0.257402072,1.561550249,0.0856576,228.8819362,-28.50428788,41.41316109,61.82148957,6.64092,246.8766452,-31.95117571,-54.96102463
Driver,91.66517538,-3.9,-1.9,3.74015748,58.37,-4.427,18.775,-2.74,-0.84,132.8136185,1.4489,15.794,-2.599,3933.72,-1.504,411.6454588,106.2010944,-21.95604288,5.8252105,-0.269684307,1.67159034,0.094789,204.6432209,-12.30677774,46.18497802,59.61706917,6.65802,217.8134333,-13.23276212,-9.093761674
Driver,101.4607194,2.736,5.418,-3.582677165,47.165,7.957,14.599,10.125,4.707,150.8677076,1.4869,12.969,9.456,2630.0,9.088,493.3414309,94.91922378,99.97694149,5.984001063,0.990726474,1.389247341,0.084318,251.2987184,58.50374748,37.81225424,63.33912537,6.599786,275.2699564,65.60959483,52.67189971
Driver,92.35862563,-6.4,3.0,5.433070866,58.271,-1.649,18.254,0.825,-2.092,130.2129563,1.4099,13.384,1.383,6310.0,-3.933,372.0945824,95.68661294,-1.699218281,5.863873714,0.124077257,1.438281779,0.096592,182.5434174,-3.231089594,47.10933667,56.46900953,6.289122,190.7228628,-3.597719193,-22.90573703
Driver,108.0574445,-3.102,-3.232,3.897637795,46.898,-6.138,16.076,-2.27,0.961,151.0768611,1.3981,13.699,-2.395,3570.0,1.825,500.4296591,120.8614369,-14.68163257,6.455484343,-0.267321414,1.613915255,0.0913462,244.1150171,-5.868971584,46.1287581,62.48222647,7.2722,257.4021307,-6.009110913,13.00319394
Driver,100.0022369,2.484,2.933,-3.031496063,57.522,4.516,15.078,1.994,-0.939,145.8453382,1.4584,13.57,2.11,2190.0,-2.699,462.3490181,84.458773,11.91368211,6.303150818,0.22972217,1.532454871,0.0920677,242.8686748,4.660222753,34.47910252,65.20629953,6.1404,269.741061,4.723742014,-12.84977877
Driver,82.78006442,-1.157,-1.206,1.535433071,44.875,-2.368,19.48,8.715,9.921,114.4340551,1.3824,14.741,6.296,5984.36,10.092,309.4711454,71.86242054,49.78771491,5.767045353,0.64866604,1.546718019,0.108769,158.2887687,30.89446104,41.56970925,53.50253713,5.478452,169.5048773,33.80323985,41.0497347
Driver,98.51914817,-4.494,-8.265,6.220472441,47.434,-12.405,15.602,5.653,13.918,135.713359,1.3775,13.422,4.057,3600.75,23.75,406.0806565,81.01808438,75.78699951,6.093284386,0.458663566,1.468334363,0.095868825,207.1686204,54.84235584,38.01975237,58.48973925,6.023966759,226.5008329,63.41980973,121.7126468
Driver,98.63994273,1.026,7.454,-1.338582677,50.485,8.301,13.367,-10.218,-17.672,123.9173228,1.2563,11.436,-7.295,4240.0,-13.916,352.7060832,63.09457993,-68.25183171,5.956003271,-0.774523435,1.224562386,0.101960536,180.050533,-42.67968905,35.62554033,54.99348524,5.457906021,199.0266891,-49.04310764,-60.37005795
Driver,100.8052971,-4.882,-6.995,6.57480315,46.614,-11.625,9.559,-1.474,5.521,141.8141553,1.4068,6.731,-2.571,4265.28,9.514,393.5869973,53.35377205,7.89574176,201.6485891,12.60557768,-1.823795256,5.1853,198.5261182,12.02838296,29.85795725,62.13460808,5.0653,224.1928824,16.77122829,62.71581521
Driver,106.8852899,0.014,0.43,0.0,56.791,0.439,18.679,-4.889,-5.319,143.7614084,1.345,16.124,-4.116,3794.94,-15.345,459.067227,122.0034547,-74.48468042,5.809132192,-0.434351488,1.709957809,0.0872758,226.2225009,-49.93183257,47.15748559,62.33049702,7.09725,232.755716,-52.07205342,-101.8984914
Driver,26.16320687,-5.0,2.8,5.590551181,60.028,-0.57,46.212,-7.267,-10.064,26.00304223,0.9939,34.64,-4.089,3030.0,-5.676,22.62143482,7.672365492,-1.589506314,5.80379395,-0.430373417,2.468979274,0.574407,13.93378821,-1.072656745,37.22350999,24.12491597,1.424943,19.49358237,-1.521334387,-0.237938258
Driver,100.6397638,0.0,-0.8,0.157480315,48.767,-1.414,21.817,5.101,5.957,128.4263153,1.2761,19.616,4.447,2913.37,4.675,403.3164527,111.1758636,39.57825017,5.763898493,0.452197178,2.064811001,0.099001,206.3827985,24.048803,45.54427643,61.8648512,6.652953,222.1185578,26.32596955,24.24940592
Driver,101.5188797,0.143,5.687,-0.196850394,43.227,5.838,22.259,2.721,-2.966,136.263869,1.3422,19.425,3.134,3870.0,-7.248,431.1906509,134.4281436,2.712807332,6.104907727,0.32371243,2.187746399,0.0987702,212.0175502,-3.844529278,50.7173705,63.99192636,7.19756,216.8123561,-4.143224355,-46.28447598
Driver,91.65399069,-0.779,4.656,0.984251969,52.586,4.06,14.424,1.01,-3.646,126.4674302,1.3798,11.831,1.653,3350.0,-8.682,370.0966722,63.01285859,-3.871142794,5.07272905,0.13927283,1.0708581,0.084880174,191.4541262,-6.747775817,33.53876339,57.26733631,5.49260049,214.7606408,-8.979510638,-36.79283367
Driver,68.66275948,-4.735,-5.152,4.251968504,61.955,-7.681,21.583,2.751,7.903,80.03601467,1.1657,13.879,0.291,6380.09,12.831,149.5413643,23.36565963,5.874861317,5.766980556,0.052049376,1.400129463,0.155207,85.3163219,5.466665961,24.81142723,48.42905974,3.104064,104.4907823,7.733994743,15.10252195
Driver,27.21456693,-2.014,3.56,1.692913386,71.857,2.9,39.506,-3.153,-6.714,29.26091625,1.0752,29.166,-1.068,3029.53,-6.191,26.06090285,7.284005934,-0.555007765,5.974247157,-0.126927234,2.224014278,0.492769,16.3624028,-0.407001183,31.66512131,26.78252154,1.402549,24.34412383,-0.643567921,-0.306136233
Driver,103.9370079,-1.383,0.274,1.732283465,54.139,-0.726,11.037,3.501,3.228,144.1955977,1.3873,9.241,3.025,2658.11,-1.02,410.6164667,54.14941946,24.12550588,217.7540087,15.58539118,-1.164359522,5.0095,215.2904526,15.32028912,26.62659616,70.7725755,4.9295,252.6850347,19.30693361,11.89951312
Driver,63.22476736,-2.49,-7.817,4.645669291,34.193,-11.487,16.622,0.035,7.852,89.76556908,1.4198,13.39,-1.359,3120.0,14.58,184.4987093,26.83241134,2.305432192,5.598511484,-0.115271732,1.307699602,0.133226593,106.416214,4.322669772,23.15214949,54.62550229,3.39333879,136.5930473,7.449460885,20.52966883
Driver,109.1334109,4.3,2.7,-5.078740157,49.455,6.364,18.011,-1.181,-3.881,157.9766911,1.4476,16.512,-0.602,3280.0,-9.783,532.368287,149.8587914,-39.75564361,5.605950071,-0.08384473,1.681145541,0.076746,258.0842559,-28.99833692,49.89256325,66.65165457,7.83399,270.0335046,-31.15441381,-78.90688931
Driver,114.5400859,7.3,4.1,-8.307086614,52.263,9.786,16.811,0.254,-3.846,170.1997584,1.4859,15.599,0.727,2208.87,-13.232,587.170268,139.8164142,-30.93427583,5.61543234,0.065839266,1.578996825,0.070882,294.6993284,-28.03825784,44.12282432,69.1045201,7.646953,313.6838969,-31.58503609,-95.27473104
Driver,112.325519,2.1,0.1,-2.598425197,47.853,1.926,11.915,-0.313,-0.413,166.4978525,1.4823,10.85,-0.244,2760.0,-1.283,566.6755816,107.2201624,-6.476073755,5.936833366,-0.028749365,1.15436936,0.075172,279.1003305,-4.378676257,40.31136769,63.66008166,7.18124,300.3807258,-4.928778835,-9.570626449
