Club,Club Speed,Attack Angle,Club Path,Low Point,Swing Plane,Swing Direction,Dyn. Loft,Face Angle,Face To Path,Ball Speed,Smash Factor,Launch Angle,Launch Direction,Spin Rate,Spin Axis,Max Height - Dist.,Max Height - Height,Max Height - Side,Last data Point - Length,Last data Point - Side,Last data Point - Height,Last data Point - Time,Carry Flat - Length,Carry Flat - Side,Carry Flat - Land. Angle,Carry Flat - Ball Speed,Carry Flat - Time,Total,Side Total,Curve
Driver,107.8382248,2.446,2.103,-2.598425197,51.57,4.046,12.68,-0.451,-2.554,161.5926986,1.4985,11.028,-0.029,2733.75,-9.029,540.7911586,97.5690344,-24.63712054,6.015932014,-0.011336851,1.197047591,0.0785351,269.8838639,-19.95127261,37.92053212,63.22522375,6.86238,291.8303919,-23.10573345,-59.44512999
Driver,65.1194524,-2.331,1.014,2.086614173,66.72,0.01,38.546,5.115,4.101,69.5505995,1.0681,31.663,4.232,4770.0,3.9,147.7017365,53.80553944,12.03163545,4.954633672,0.373074718,3.004202607,0.17589,81.94328602,7.786842781,45.65842562,47.90057092,4.118989,90.83079399,8.735074624,5.237866782
Driver,81.57882963,-3.8,-13.6,2.755905512,68.871,-15.512,25.303,-2.209,11.423,104.0803955,1.2758,18.642,-5.109,7401.65,13.01,260.5404691,72.26958552,-4.02293666,5.960040003,-0.503184964,2.046090864,0.126919,134.4125419,3.014417841,44.89801396,51.71509325,5.245962,141.0373412,3.659292263,44.9069086
Driver,45.33822477,-2.5,-10.7,2.204724409,59.732,-12.388,55.603,-0.857,9.843,21.77299571,0.4802,44.889,-3.952,4140.0,5.259,17.56835797,8.084747861,-1.034334202,2.584306459,-0.174944261,1.993382163,0.349987,10.25881889,-0.663842924,47.12909143,20.832986,1.441,11.89606204,-0.766504895,0.129897137
Driver,102.002058,2.612,2.203,-3.267716535,46.829,4.656,15.102,2.883,0.679,150.6574356,1.477,13.525,2.794,2363.04,3.026,492.7398401,94.83560201,29.99283586,6.192161019,0.304571618,1.506368714,0.0875552,254.124933,17.91691518,37.0377225,64.686553,6.53711,269.3526988,19.29837923,16.6172353
Driver,109.0103794,4.9,0.5,-6.102362205,49.511,4.794,17.444,-0.301,-0.801,160.0825429,1.4685,16.091,-0.088,2960.0,-4.477,539.1044817,148.3957008,-16.90326805,5.822104284,-0.025906139,1.699733171,0.078523,261.2254897,-12.59849752,49.61972276,66.35909688,7.842373,273.9576962,-13.61194723,-36.59320844
Driver,87.36578382,-6.328,5.388,6.653543307,61.87,1.989,8.27,3.554,-1.835,127.8514227,1.4634,6.527,3.775,2230.0,-4.643,282.462513,21.71271973,15.5117339,5.389148401,0.352040824,0.614675997,0.0876032,157.1887536,7.392501483,14.54834152,70.69552039,3.52123,203.8934109,8.639811061,-8.883485821
Driver,93.7746063,2.7,-3.5,-2.677165354,57.939,-1.931,17.032,1.578,5.183,124.1700966,1.3241,15.318,0.929,2248.99,12.066,355.2016811,66.61949254,20.22680373,5.580196817,0.100282523,1.525430891,0.096538,192.8270228,16.88084947,32.64634499,61.75709778,5.331051,220.7865706,21.23662701,41.29275745
Driver,99.3960272,0.517,3.283,-0.669291339,45.009,3.8,13.589,5.74,2.457,145.5739979,1.4646,11.863,5.406,2540.0,0.906,460.2492325,78.12825566,44.48276406,5.955983751,0.561847649,1.260083852,0.086586,237.9374841,23.92804319,34.01298105,62.84053699,6.104867,265.4806689,26.86836305,4.555658223
Driver,104.7199356,2.5,7.9,-2.795275591,55.701,9.664,6.748,4.713,-3.187,152.9187545,1.4603,6.193,5.27,1060.0,-18.084,329.4215115,23.7435183,19.29881428,5.704393931,0.514608277,0.616548129,0.077477,184.910662,6.428061475,13.39875456,84.85429869,3.447464,247.4303335,4.891625308,-31.71823233
Driver,98.62652112,1.046,6.77,-1.377952756,48.09,7.709,14.086,-2.631,-9.401,139.7326861,1.4168,12.387,-1.356,2920.0,-21.79,420.7159528,72.68899031,-48.97958238,5.826305437,-0.157290204,1.287002725,0.088463,218.1807334,-39.49757865,33.59080417,60.78100665,5.81356,243.7408381,-48.17247341,-103.2260947
Driver,85.70374016,-3.187,5.08,4.015748031,54.586,2.811,8.009,-8.13,-13.209,117.8503042,1.3751,6.604,-6.44,2560.0,-23.412,227.5442138,16.66621927,-36.44869971,6.19529292,-0.717518208,0.707686422,0.10963828,129.6094209,-25.77236636,13.03771471,69.40815392,3.030589594,179.3776142,-40.33719051,-34.0880978
Driver,100.6755548,2.3,-0.3,-2.874015748,46.153,1.733,17.158,2.446,2.746,146.5633948,1.4558,15.019,2.108,3170.0,4.133,485.0080195,115.5855025,28.42368669,5.63889196,0.211114563,1.528364403,0.08258,241.675535,17.84071824,44.39822422,62.86533884,7.083221,258.2245548,19.54859949,26.88987186
Driver,98.46993558,1.431,4.073,-1.88976378,46.915,5.412,19.28,2.7,-1.373,142.9558876,1.4518,17.167,2.873,3008.03,-6.015,472.1322648,121.8973558,7.592197055,5.762780079,0.283091315,1.794164319,0.087521,237.3421582,-0.6724753,45.47318245,63.9452837,7.119644,253.3520515,-1.362089524,-37.70315082
Driver,119.2175197,2.929,-1.071,-3.700787402,48.084,1.562,13.626,0.664,1.735,175.1650859,1.4693,12.083,0.407,2720.0,2.423,615.5019545,131.4828487,12.64177031,5.984059939,0.044357786,1.298213792,0.072324425,300.626266,8.704069843,43.77395959,66.5648801,7.765825947,319.1835861,9.592368071,19.7078033
Driver,85.81335004,6.37,6.582,-9.133858268,44.177,13.179,12.589,-11.04,-17.622,111.0679134,1.2943,11.558,-7.872,3600.0,-59.51,189.9316117,22.68351922,-48.01493481,6.250185552,-0.920731483,1.245189675,0.119192,110.7991495,-39.07991995,18.89096039,65.40333192,2.82591,147.2807161,-60.45232558,-73.53542215
Driver,97.226199,-1.4,-0.8,1.377952756,52.974,-2.544,15.156,1.686,2.629,144.0387885,1.4815,12.07,1.368,4470.0,7.686,446.6521396,106.1981585,31.44161904,5.793624878,0.126205431,1.269873206,0.08549,216.113862,21.34691743,46.44872225,58.88518215,6.824326,228.1245797,23.23561422,48.61979334
Driver,95.90193271,-7.736,-9.269,8.42519685,57.763,-14.183,18.701,3.624,12.893,119.5799034,1.2469,15.143,1.766,4720.0,25.306,327.061956,71.93698089,51.22620289,6.115835924,0.226030776,1.67795041,0.110268,169.1015061,40.28952533,38.94809307,55.05786423,5.48655,177.5449939,43.79831044,105.6274626
Driver,111.5269327,-3.959,-2.963,4.527559055,51.257,-6.146,11.232,-1.194,1.768,157.8341983,1.4152,9.363,-1.417,2950.0,4.284,519.67741,84.09535658,-1.39548064,6.418982401,-0.154195291,1.085224323,0.0854066,257.7106377,2.63968867,35.84682098,61.18726543,6.56404,279.8739743,3.622596725,27.03426157
Driver,22.27764853,-1.829,4.769,2.322834646,50.994,3.287,20.711,-4.244,-9.013,32.61386006,1.464,15.007,-1.815,1990.0,-14.67,19.65500395,2.692023887,-0.707171409,5.911057205,-0.212234643,0.89004561,0.391572,12.82483596,-0.522529884,16.17525678,30.41263427,0.867386,27.12569641,-1.231337489,-0.349233974
Driver,87.41947029,0.579,-0.8,-0.748031496,48.16,-0.282,19.097,-2.838,-2.038,123.067287,1.4078,16.104,-2.489,3680.0,-3.035,369.6890453,87.43140425,-21.36420669,5.915436591,-0.260781311,1.724123329,0.104055,189.3204823,-13.01395552,42.02450159,57.85279301,6.086033,205.3212368,-14.43021999,-14.39818407
Driver,99.88815319,-0.031,1.29,0.039370079,45.019,1.259,16.625,1.032,-0.258,146.2224857,1.4639,15.24,1.054,2011.34,6.747,423.8384978,86.08840718,20.78356499,218.5497398,14.7669314,1.188609705,5.67846,220.0501681,14.9263098,38.33413744,65.72932282,5.738,243.6433858,17.44058094,32.65602925
Driver,99.85012527,-10.504,-5.772,11.65354331,55.459,-13.104,7.874,3.769,9.541,144.0264853,1.4424,5.677,2.622,3540.0,27.192,390.3028784,36.91355796,61.60495122,6.172782855,0.309061359,0.627705491,0.0891765,197.0685442,44.99468696,22.52907773,60.38180486,4.73362,219.7546858,54.80792177,108.5114972
Driver,99.50116321,3.03,6.135,-4.094488189,46.685,8.996,7.184,13.421,7.286,142.5295276,1.4325,6.68,12.523,1450.0,59.79,198.5155942,12.93118839,54.21281167,6.051470134,1.339940764,0.688221409,0.0882168,120.990959,39.11059359,9.583407056,96.51079123,2.15087,174.8034474,62.48018233,40.06178057
Driver,94.81254474,-2.0,-5.6,3.307086614,37.35,-8.945,17.611,0.259,5.998,135.5102452,1.4292,14.786,-0.596,3980.0,13.085,414.1976014,101.4150528,27.35799888,5.870022638,-0.050544235,1.574184068,0.093168,206.1154215,23.02497573,44.87340571,58.64965207,6.571104,219.8657736,25.85233561,75.46295397
Driver,80.07337151,-5.876,-1.539,7.362204724,51.119,-6.299,2.972,-2.316,-0.778,113.0688529,1.4121,1.58,-2.194,1570.0,-3.26,58.392959,0.858814852,-2.307850175,6.001117128,-0.231924755,0.144489316,0.109647398,36.86162423,-1.499840813,1.879699451,99.68077701,0.710537964,104.9865074,-4.447561934,-0.266190768
Driver,89.73022548,-6.435,-5.36,7.362204724,49.952,-10.8,7.655,3.169,8.529,121.0806639,1.3494,5.842,2.06,2550.0,21.367,234.0653938,15.46431885,18.89432415,6.355857172,0.248553126,0.64393721,0.109233,132.2471035,15.31732167,12.04724532,70.86911625,3.00891,179.8298564,24.97470317,31.756971
Driver,112.851199,2.416,5.668,-2.913385827,48.544,7.804,12.032,6.261,0.593,166.042636,1.4713,10.578,6.169,2402.1,3.462,556.2131987,93.65504332,67.70172935,5.997340904,0.647373316,1.141080901,0.0760241,280.251237,37.35185129,35.74021274,65.14032909,6.74321,296.6075782,39.94354732,21.86410402
Driver,103.9191124,3.013,-0.935,-4.291338583,42.697,2.335,13.479,-1.02,-0.085,148.5797691,1.4297,11.92,-1.007,2300.0,-0.295,469.1315698,77.92935198,-8.678685115,6.240801998,-0.109949779,1.329989408,0.0888664,244.4439479,-4.77503889,32.87908601,64.55967233,6.05314,272.4060144,-5.375166335,-1.43737839
Driver,83.35495705,-5.177,5.111,5.31496063,55.133,1.492,20.854,1.061,-4.051,108.7625268,1.3048,17.461,1.632,3710.0,-6.81,301.901174,70.05026101,-0.778124026,6.106834715,0.163559894,1.928377639,0.122665,159.5911335,-3.454596159,38.97292257,55.37584243,5.358548,177.1256664,-4.539795463,-23.99181866
Driver,89.40363278,0.853,-2.409,-1.102362205,47.928,-1.639,23.469,4.177,6.586,120.09932,1.3433,19.882,3.034,4460.0,9.341,351.9262229,105.9116234,36.83557626,5.858155111,0.32442955,2.144288414,0.108206,177.3882654,24.72970506,48.15722195,59.00454504,6.35106,188.1908994,26.82418073,46.19347095
Driver,83.56075519,-7.045,-6.162,12.16535433,37.202,-15.531,17.573,-3.291,2.871,105.5458125,1.2631,10.736,-4.12,7200.46,22.795,228.2716095,32.94132078,5.452492102,130.0220177,13.15949084,-2.969428748,4.02452,124.3691344,11.54429727,25.95431828,55.13061433,3.78452,144.3172855,17.03368587,61.23379047
Driver,96.42761274,2.9,-1.7,-3.582677165,50.709,0.496,15.477,-2.559,-0.859,124.3168397,1.2892,13.921,-2.34,2650.0,-0.726,361.8547485,65.21729924,-16.34621012,5.84589883,-0.25262813,1.451461107,0.100476,192.7232893,-9.2188749,33.0835861,59.70964623,5.434604,218.6925879,-10.5774819,-4.054284784
Driver,99.78749105,-3.476,-8.711,5.0,45.188,-12.17,19.126,5.015,13.726,136.9879653,1.3728,16.244,3.126,4620.0,20.844,411.843828,111.2936454,74.83206095,6.122651988,0.364227259,1.813674116,0.0969672,203.6737552,53.02288957,46.98328925,59.86986198,6.686106663,215.1747877,57.69841589,126.6607221
Driver,83.24982105,3.161,-2.022,-4.645669291,46.325,1.0,14.51,8.159,10.182,117.4020222,1.4102,12.733,6.497,2800.0,29.427,292.1170513,43.46426106,58.44556588,4.851910137,0.568500548,1.090736782,0.087652109,161.4089784,43.4892242,25.88087378,60.58486172,4.374945997,193.6065899,57.45564882,76.86516994
Driver,111.307713,3.361,0.99,-3.661417323,48.49,3.97,16.918,3.676,2.686,155.7366231,1.3991,15.225,3.325,2670.0,7.074,529.7352949,123.2712265,49.18560338,6.468789009,0.383402684,1.787379995,0.0893238,265.3462272,31.23354678,43.50908059,65.52785742,7.29196,283.1189036,34.20406142,47.69392142
Driver,112.7706693,-2.708,-1.239,3.228346457,51.924,-3.362,11.289,-4.837,-3.598,151.1665623,1.3405,9.226,-4.295,3197.8,-9.386,484.6737579,77.06095822,-58.94383058,6.465900664,-0.494739011,1.076471405,0.0898316,240.7647436,-36.46882122,35.16328655,59.59463956,6.30446,262.3540232,-41.34808003,-55.62951657
Driver,97.84806729,4.7,6.7,-6.456692913,47.41,11.052,14.996,4.034,-2.666,147.1608805,1.504,13.355,4.515,2480.0,-20.483,454.5943693,85.89810542,-5.359101322,5.84307401,0.442851884,1.395537351,0.084567,234.4983011,-16.98828252,36.39890111,62.1363958,6.215369,259.0688786,-22.44173072,-106.0403555
Driver,78.15631711,-1.909,-6.938,1.929133858,58.413,-8.112,7.647,18.179,25.117,83.4339209,1.0675,6.176,14.135,3540.0,59.262,66.43520565,3.827046425,19.06420063,5.186510475,1.316905573,0.507176467,0.1295816,41.81685957,13.6894102,7.500991552,67.16981392,1.154445702,89.28241307,33.34216155,10.8769581
Driver,87.95857194,0.296,-1.609,-0.393700787,48.701,-1.349,18.446,-1.443,0.166,118.9862205,1.3528,16.118,-1.465,2750.0,0.506,347.2788002,71.34200425,-8.001415729,6.109436033,-0.155680754,1.770442525,0.11092,185.5712377,-4.117773061,35.68063157,59.14876098,5.53235,199.4888212,-4.384693925,1.880317126
Driver,98.28426986,3.474,3.463,-4.448818898,49.626,6.421,14.45,5.622,2.16,147.0955619,1.4966,12.892,5.306,2320.0,2.698,468.3456521,83.63576113,47.69911092,5.829888312,0.541198819,1.341219476,0.084166,244.1106882,27.02715823,34.62517992,64.52308609,6.190246,272.1665412,30.62520082,13.42809486
Driver,106.5631711,3.064,1.69,-3.503937008,48.963,4.36,13.038,0.305,-1.385,159.0394596,1.4924,11.381,0.541,2643.41,-5.041,530.4293495,95.85540691,-8.004021569,6.586936611,0.056710598,1.352163578,0.0875745,266.5476468,-8.10956447,37.48810015,63.46437619,6.77639,289.1547881,-9.651444035,-31.874415
Driver,90.34314603,-0.422,-3.026,0.62992126,47.347,-2.638,11.306,-1.354,1.673,133.8652022,1.4818,9.527,-1.613,2389.88,2.588,358.4013461,45.6421679,-5.712415258,202.3606139,-1.646113728,-4.72667419,4.85718,192.6144219,-1.745768708,24.31585317,69.2804882,4.53718,230.6389497,-1.431535065,11.02948889
Driver,71.25984252,0.4,10.2,0.039370079,70.828,9.85,3.939,-5.219,-15.32,75.0035791,1.0525,3.46,-3.03,1610.0,-61.698,27.17947397,0.853305404,-1.767968324,5.956315596,-0.361433097,0.250309382,0.164652,17.92461351,-1.392814612,3.809504268,69.65697025,0.50815,66.49898524,-6.437434779,-1.338774188
Driver,25.78516464,-2.183,3.777,2.519685039,56.835,2.35,21.85,-4.193,-7.97,37.67604689,1.4611,15.759,-2.029,2400.0,-12.292,28.04262744,4.066446043,-1.141479985,5.879886141,-0.229587094,1.169325352,0.338657,18.15268837,-0.843174121,17.35055365,34.06113186,1.08669,34.94178509,-1.800835142,-0.601911783
Driver,70.09663565,-1.6,1.2,2.677165354,41.059,-1.474,13.801,1.24,0.085,100.2026664,1.4295,10.867,1.286,2920.0,0.658,220.745367,27.4335438,5.071949398,5.964604119,0.128115498,1.132891016,0.125916,123.9703171,3.036159546,21.77889238,56.94786907,3.629055,156.3752623,3.931533975,0.761872086
Driver,94.64477452,-1.662,0.748,1.771653543,56.233,-0.363,14.783,-0.153,-0.902,140.7679402,1.4873,12.826,-0.042,2741.0,-2.001,445.3792722,82.14969575,-4.301954313,5.464828943,-0.005548048,1.25780539,0.0823808,229.3147593,-3.574469622,36.02695752,61.35435896,6.19075,252.2367831,-4.250029057,-10.21917781
Driver,77.63511095,-4.494,-3.631,4.173228346,59.814,-6.251,18.576,0.703,4.333,105.5952487,1.3602,15.672,0.122,3100.0,6.759,278.3595358,53.31056971,7.353644587,5.299451447,0.018056335,1.482712822,0.108185326,151.6347027,6.635791483,32.45742233,55.80349402,4.773060933,175.3606426,8.570392749,18.93962991
Driver,100.8142448,-0.9,5.5,1.102362205,54.073,4.854,5.286,-3.719,-9.219,146.5101557,1.4533,4.684,-2.891,1580.0,-28.439,258.6696905,13.29977385,-24.17908931,5.836940263,-0.310569782,0.472809871,0.082543,148.6499003,-18.90734723,9.056923816,89.93565226,2.702296,219.0831233,-33.62086562,-34.34058699
Driver,56.76002147,4.097,1.072,-4.212598425,60.981,3.35,16.99,5.293,4.221,81.32493737,1.4328,14.727,4.521,1923.47,12.842,128.159135,18.66468516,12.89476246,83.00856597,9.823616579,-1.698966147,2.60405,78.57944228,9.163226724,19.96390417,60.70349075,2.44405,114.9410523,14.51213236,8.948967615
Driver,65.62052613,-3.548,-5.263,3.976377953,57.05,-7.567,28.889,4.546,9.809,77.08750895,1.1747,22.755,2.419,4910.0,15.533,163.8303341,42.33710921,14.52201476,6.100830012,0.290507714,2.516294737,0.180025,92.72420624,11.50871993,36.56102016,48.20782283,3.86619,100.59984,12.98040932,22.84535486
Driver,99.19917681,1.655,4.447,-2.204724409,46.031,6.043,16.025,-0.316,-4.763,143.3625626,1.4452,14.007,0.382,3030.0,-14.363,459.3739047,95.94846522,-29.70447089,5.790892362,0.025469977,1.456449628,0.086299,233.1297434,-25.87154418,39.74407432,61.43274099,6.549436,253.8574228,-30.35273137,-82.24700954
Driver,98.76521117,-4.134,3.308,5.393700787,49.058,-0.287,13.923,6.494,3.187,139.9979868,1.4175,11.687,6.086,3157.41,2.064,441.4620988,80.10360702,50.47495089,5.830076791,0.620037422,1.219833051,0.088159,223.3216783,27.33867424,36.84758389,59.44328984,6.196078,245.2900129,30.36070247,11.05758612
Driver,97.91964925,1.883,3.29,-2.283464567,49.097,4.922,14.802,0.965,-2.325,145.9726199,1.4908,13.289,1.247,2230.0,-9.945,458.4740466,81.84471279,-7.731420294,6.32394248,0.12873281,1.504252111,0.0921829,241.0203602,-10.39722572,33.84183649,65.02071874,6.06444,259.117103,-12.31829573,-46.90528573
Driver,78.80055476,-6.3,8.1,5.433070866,64.044,5.054,23.133,1.485,-6.615,104.9939603,1.3324,19.179,2.384,6880.0,-9.768,269.9455251,76.3958979,-3.024178671,4.966006703,0.200403929,1.75049517,0.104609,139.2800477,-5.62402314,45.36152915,52.91733216,5.381277,146.6248779,-6.323172574,-34.22403893
Driver,92.22664639,-5.43,-8.908,6.141732283,49.881,-13.502,14.296,2.755,11.664,126.3723604,1.3703,11.761,1.191,3711.22,20.684,358.3515848,60.97651542,41.07551261,6.386892538,0.159612113,1.346233193,0.107222,185.3504048,32.69480338,33.31746231,56.47351081,5.36934,205.7430452,39.34097066,86.68671791
Driver,91.8821582,-5.0,-0.6,4.330708661,56.197,-4.599,23.734,1.097,1.742,126.205485,1.3736,17.94,0.768,7265.02,2.002,351.4640538,113.2140674,9.019259443,5.939637612,0.077872607,1.974090984,0.103587,171.849262,5.807271431,51.98207228,59.03936064,6.490328,175.8194157,5.988208518,10.51393403
Driver,95.30690766,-1.721,7.799,2.165354331,51.954,6.451,7.121,0.532,-7.267,132.1819077,1.3869,5.959,1.499,1980.0,-8.0,276.3558185,18.96888983,2.709158936,6.024722052,0.151598562,0.62474724,0.094769,155.4378427,-0.396246601,12.74165175,75.64564987,3.284395,211.6486743,-2.276489344,-13.38682256
Driver,87.58052971,-1.754,6.448,2.125984252,51.406,5.048,44.319,-9.033,-15.481,90.71358268,1.0358,35.904,-5.092,8020.0,-9.818,219.4958034,106.7718469,-29.45413231,3.966443866,-0.367263836,2.892934798,0.113029,108.753164,-19.56442598,57.84558852,58.17313065,5.67054,108.555095,-19.52120756,-29.97683622
Driver,80.18298139,1.206,-1.257,-1.771653543,48.999,-0.208,8.585,2.717,3.973,117.2217251,1.4619,7.7,2.234,1170.0,19.124,187.7127044,14.29709473,11.21038107,5.477045381,0.223170055,0.719553048,0.097322796,114.0008066,8.869777537,11.31785203,81.70786464,2.440294482,177.2443897,16.31374514,13.29800118
Driver,89.5646922,-1.935,-3.193,2.834645669,44.48,-5.164,23.876,-3.61,-0.417,120.2635111,1.3428,19.855,-3.538,4800.0,3.894,350.5764358,108.3849395,-12.34221908,6.120699423,-0.370925626,2.243543826,0.1130696,175.5038194,-4.309751351,49.25212424,59.12258528,6.396397585,185.0127346,-4.329837463,19.5768828
Driver,81.3730315,-3.956,-3.25,3.464566929,70.875,-4.624,24.736,-10.373,-7.123,83.93477094,1.0315,19.076,-8.824,4860.0,-8.661,186.4595739,41.81871641,-33.18843299,6.213857697,-0.970400399,2.130332876,0.163999,104.1726946,-21.00018402,34.2587503,49.33787058,3.99926,119.0315128,-24.57279326,-15.29890199
Driver,100.7941124,-2.8,1.8,3.267716535,62.247,-0.168,11.633,-24.87,-26.609,87.49351288,0.868,9.27,-20.309,4410.0,38.17,133.8397549,13.14238495,-36.28213037,6.083442997,-2.052920165,0.960696264,0.146913,78.20264681,-16.53004822,15.81751414,55.13224844,2.411609,110.2396672,-18.6674719,33.08121215
Driver,78.49856836,-3.392,-7.715,3.503937008,52.121,-10.358,3.762,2.653,10.368,96.73787581,1.2323,2.747,1.176,1720.0,43.228,46.49954205,1.166394537,1.590421494,5.141048938,0.12754146,0.211006575,0.109792643,29.84786737,1.418515659,3.03755242,86.72319657,0.667490206,93.88592119,6.326873902,2.41896735
Driver,94.49713672,2.174,-1.272,-2.874015748,52.195,0.416,8.851,-9.34,-8.067,126.2933966,1.3365,6.95,-7.007,3751.52,8.44,341.1681758,44.25511556,-28.69468753,180.4866636,-12.14117335,-7.080885761,5.30796,169.7299382,-11.89581344,30.63738395,52.55085106,4.80796,190.9543899,-12.40566276,26.54272335
Driver,101.6061203,2.372,-1.592,-3.74015748,38.383,1.406,12.438,-3.162,-1.57,146.0066213,1.437,10.532,-2.858,2796.25,-5.679,459.7205815,73.18546462,-34.29449961,6.306132409,-0.320116968,1.19032632,0.0910104,234.5959396,-21.50487243,33.29473924,61.14722749,6.04751,259.1143548,-24.76325741,-29.49067692
Driver,101.9371868,-1.12,1.628,1.377952756,48.454,0.636,18.594,1.842,0.214,140.9278812,1.3825,16.129,1.814,3450.0,0.601,457.750806,118.1402517,15.59490856,5.930659084,0.188400425,1.744948269,0.0909201,227.2370881,8.464954236,46.23796818,62.29656888,7.04137,234.6576401,8.771766368,3.817555288
Driver,92.36533644,-3.204,-4.11,5.0,44.318,-7.396,16.872,-0.301,3.809,127.2915175,1.3781,14.354,-0.804,3240.0,4.374,386.389835,79.24009213,2.667082418,6.246381092,-0.082192691,1.61111714,0.1052616,199.2704032,3.97722199,38.12405234,58.41124629,5.945651925,219.5419921,4.982213325,20.31729921
Driver,99.07614531,0.616,2.008,-0.787401575,49.761,2.529,15.342,-2.339,-4.347,139.6387348,1.4094,13.597,-1.803,2523.89,16.282,407.574546,76.16698304,23.01109677,202.3464902,22.48238688,2.212930751,5.62463,205.0475113,23.11395758,37.59276591,57.09395805,5.74732,225.2019173,27.85084893,88.53846975
Driver,101.5569077,4.7,1.7,-6.456692913,49.644,5.669,12.756,-3.79,-5.396,147.102049,1.4485,11.531,-2.943,2160.0,-20.49,432.7206849,64.36959422,-51.72462588,5.837925059,-0.314300816,1.193300638,0.083795,231.1411188,-39.21807263,28.60029973,66.80089231,5.448148,266.7076142,-49.6527501,-82.41319226
Driver,88.30306013,-1.5,2.1,1.771653543,53.856,0.926,17.438,5.033,2.958,125.668844,1.4231,15.337,4.688,2654.32,1.678,376.0445963,76.34218424,32.69329087,5.522242854,0.452786786,1.518509733,0.094472,198.2636144,18.52111992,36.55054669,59.68827048,5.780088,221.151874,20.89976952,6.977929924
Driver,117.5957409,-0.2,-0.6,0.62992126,41.919,-1.548,13.491,0.483,1.252,169.9205888,1.445,11.551,0.324,3290.0,-8.604,576.6169731,131.0424305,-28.64260266,3.616957172,0.016116108,0.747495165,0.044796,275.8825891,-22.2860288,46.53692052,64.21842401,7.695558,290.4259383,-24.46943407,-71.52193487
Driver,73.40059055,-4.3,6.7,4.015748031,62.429,4.336,37.304,5.189,-1.511,94.31124732,1.2849,28.071,5.582,8310.0,-1.368,231.6761768,90.27429918,19.01504349,5.71440445,0.552265079,3.079981376,0.144984,118.5028942,10.11449195,52.41422845,54.68161685,5.454504,120.4321007,10.268671,-4.254636202
Driver,104.7333572,-3.19,-0.102,3.661417323,51.694,-2.625,12.432,-4.484,-4.382,153.8703472,1.4692,10.196,-3.839,3551.61,-15.472,496.8643689,91.68459868,-76.0159144,6.099382626,-0.425073069,1.126872566,0.0834842,243.6264979,-50.13061672,39.41719094,59.57727016,6.68099,254.6708086,-53.80661382,-102.1669312
Driver,105.0890301,-2.9,3.7,3.582677165,52.858,1.514,7.608,-1.208,-4.908,151.5416965,1.442,6.575,-0.76,1720.0,-9.431,378.7561852,31.40974766,-13.75143289,5.922286648,-0.084550387,0.684008639,0.081284,206.2845274,-10.86161533,16.63976677,76.66929671,4.124876,260.387488,-15.98336392,-24.38482195
Driver,94.47253042,-4.8,1.0,5.905511811,40.343,-5.17,13.383,3.516,2.576,136.2014585,1.4417,10.701,3.159,3660.0,4.116,414.3794002,77.854945,31.61035373,5.965161855,0.329102108,1.150593972,0.092597,205.4013287,18.61241684,39.2999138,56.10085165,6.126007,222.9607263,20.76263069,21.93493638
Driver,99.57721904,-0.5,-6.1,0.94488189,45.921,-6.861,17.323,-0.223,5.877,146.2634216,1.4688,14.586,-1.161,4194.69,11.017,459.58942,123.1407543,24.46433328,5.697959232,-0.104741512,1.511220664,0.083655,222.8178517,20.9851403,48.80611241,61.19686532,7.170942,233.7333849,22.8838389,76.42642425
Driver,107.8605941,2.129,4.719,-2.677165354,46.838,6.717,17.668,6.862,2.143,154.0586972,1.4283,16.251,6.656,2189.87,1.479,520.8934073,119.2761763,62.1682879,5.569165143,0.646501781,1.630903011,0.077921,268.0228895,33.98436948,41.4087511,67.60512409,7.064082,290.0447411,36.98187889,8.820170917
Driver,112.2069613,2.4,-1.0,-2.716535433,52.262,0.398,14.51,-0.313,0.765,166.2148801,1.4813,12.775,-0.446,2870.63,3.736,568.9724099,127.6709586,8.157254407,6.04265709,-0.041786383,1.389196568,0.077255,277.3706731,7.520209353,44.95266178,64.9062454,7.575691,294.080015,8.452463065,29.03479817
Driver,88.95177165,1.397,1.006,-1.771653543,50.138,2.173,14.545,5.568,4.562,132.7026664,1.4919,12.374,4.789,3030.0,12.406,399.2238132,69.72956547,54.38663121,6.181406613,0.529171057,1.370058122,0.0988821,207.0084791,35.91447305,34.0588639,59.19883826,5.74194,229.4727141,41.73874532,56.30627482
Driver,26.21241947,-5.6,-1.8,4.05511811,74.922,-3.959,43.526,-1.65,0.283,28.57216356,1.09,29.628,-1.681,3905.84,0.23,25.24044101,7.216785248,-0.735959615,5.872656926,-0.178929664,2.219061342,0.501115,15.76336672,-0.4777726,32.49466796,25.83812712,1.405229,21.84836375,-0.660929013,-0.046093806
Driver,78.23908375,-1.709,0.499,1.732283465,55.728,-0.666,19.11,25.549,25.05,84.36247316,1.0783,15.756,21.078,4540.0,39.041,156.0761985,26.31654371,68.79360372,5.408802363,1.994032294,1.489300931,0.13877,90.50737727,46.41327281,25.24222497,51.63398485,3.116671,114.4782474,62.22740705,46.09105324
Driver,98.21492484,-2.953,7.02,3.818897638,51.091,4.634,2.583,3.179,-3.841,143.6292054,1.4624,1.915,3.643,1160.0,-7.538,147.7983305,2.908122295,8.513515647,6.180764319,0.388331436,0.199770391,0.088877633,88.26552702,4.654988707,3.143842447,109.4113526,1.445322833,164.6039459,7.82525469,-2.864883782
Driver,77.65300644,-3.323,1.612,3.582677165,53.371,-0.862,16.197,-1.897,-3.508,103.4715014,1.3325,13.669,-1.421,2640.0,-7.89,248.9371312,38.48100685,-11.57100287,6.100193817,-0.160412393,1.467069756,0.125998,140.3493257,-8.949986375,25.81741173,58.25701234,4.115202,171.7113709,-12.15152919,-16.42155908
Driver,82.6369005,-1.73,-6.787,2.047244094,53.359,-8.074,16.728,-1.058,5.729,113.9862205,1.3794,15.363,-1.506,1620.48,11.11,285.0813878,47.40283242,-0.506064454,6.226415187,-0.154681087,1.689248176,0.117268,164.0452993,2.815538105,26.09280419,66.38854081,4.29668,199.5458268,4.933413002,21.37592608
Driver,100.5301539,1.056,-0.484,-1.377952756,48.706,0.444,8.962,1.288,1.771,145.1597173,1.4439,7.92,1.051,1540.0,-0.992,359.3784242,33.90158351,5.754447505,6.067448564,0.110661033,0.841950645,0.087225,198.9916277,2.877747337,17.69180316,76.42069798,4.089422,252.626975,3.435271785,-2.317006519
Driver,106.2477631,-1.1,6.9,1.377952756,53.315,5.991,5.906,0.3,-6.6,151.1186918,1.4223,5.18,0.91,1490.0,-13.704,332.5955699,21.46284603,-4.361224714,5.629212691,0.081658196,0.511115864,0.077257,182.5247224,-6.120802401,12.87341193,80.69695792,3.503802,241.8993161,-11.23796318,-27.05167913
Driver,98.46322477,-1.098,-2.388,1.614173228,48.428,-3.362,10.116,-8.235,-5.847,144.413699,1.4667,8.782,-7.525,2160.0,-25.198,375.5077602,40.81048577,-75.17594102,5.886517087,-0.788593228,0.909273984,0.085305171,203.9488433,-51.45739618,21.0654237,69.75225662,4.494150046,248.2838168,-68.52823853,-75.5083179
Driver,82.67045455,-1.7,9.1,2.047244094,59.399,8.102,9.563,-3.793,-12.893,104.3488278,1.2622,8.018,-1.744,2450.0,-37.734,164.8600896,13.45321735,-14.96323213,6.070397503,-0.222869464,0.827654524,0.121831,98.03491642,-14.0683114,12.77352798,67.60735553,2.462349,145.5036728,-26.68038163,-33.32728795
Driver,24.70472441,-6.6,-3.2,4.921259843,68.492,-6.432,44.378,-2.791,0.431,25.5021922,1.0323,30.277,-2.771,3536.14,0.334,20.3076357,5.910056869,-0.994917506,5.780104846,-0.296097992,1.946228394,0.555677,12.72423718,-0.649802768,32.70276524,23.54623679,1.260118,18.04081534,-0.9200068,-0.104106843
Driver,100.9551718,0.823,7.331,-1.102362205,49.065,8.044,9.329,3.403,-3.928,146.4032301,1.4502,8.269,3.9,1700.0,-14.232,372.6770997,37.23308732,12.28824915,6.082029382,0.404102319,0.882544592,0.086787,205.3119918,1.627091743,19.06733979,74.59710305,4.286519,255.8423935,-1.19253632,-37.02177728
Driver,80.10245168,-1.713,4.15,1.653543307,58.674,3.107,30.063,-2.843,-6.994,97.35996779,1.2154,24.548,-1.436,5460.0,-9.044,251.4060463,82.91966501,-17.24638974,5.931920243,-0.167838745,2.726155485,0.140615,131.6152389,-12.85846253,47.54563888,54.54137313,5.403354,139.9886808,-14.03004814,-28.71565464
Driver,81.97029349,-4.6,3.2,3.897637795,59.432,-0.205,28.013,4.415,1.31,109.6812366,1.3381,22.975,4.294,5486.27,1.324,299.057122,102.9652546,22.84402687,3.664487973,0.268401815,1.567692084,0.075379,150.6954921,12.87451923,51.08614335,57.58979872,6.06069,157.6135687,13.51149458,4.789241523
Driver,106.9143701,2.115,0.78,-2.480314961,46.927,2.759,13.632,3.219,2.439,154.5503758,1.4455,11.19,2.688,3832.35,7.662,507.4189154,109.9167288,47.6692779,6.445942933,0.312362734,1.31710266,0.0882614,245.2834189,29.96656775,44.34059178,60.72051455,7.11702,259.2411067,32.52242146,55.54994831
Driver,60.49570508,0.715,3.579,-0.62992126,66.944,3.884,31.246,5.705,2.125,66.35088583,1.0968,25.363,5.23,3880.0,2.855,128.7532666,35.14587359,12.1863615,4.901305589,0.451019131,2.256933516,0.1708984,74.82969691,7.725510962,36.13662558,45.98526077,3.420576408,89.98773209,9.426244962,2.726310963
Driver,88.47530422,-0.668,-0.411,0.866141732,51.439,-0.943,19.163,-3.609,-3.198,127.5881353,1.4421,15.85,-3.042,4252.78,-8.828,384.2203135,96.95499755,-39.21210462,6.129124567,-0.337738613,1.772564359,0.103849,192.9059889,-25.79978226,44.71984117,58.23981788,6.35054,199.9103057,-27.14921112,-46.85480118
Driver,100.6710809,-8.259,-4.53,11.77165354,42.115,-13.77,7.717,-0.059,4.471,139.2638243,1.3834,6.221,-0.482,2150.0,10.243,332.1741259,25.86395089,5.846718574,6.369128474,-0.045483417,0.695665639,0.0951231,181.0649355,6.579624965,15.60309788,72.0414163,3.87396,228.1105065,10.58086789,24.30472377
Driver,97.64897996,0.9,-2.1,-1.220472441,50.9,-1.346,21.296,-0.074,2.062,129.0305118,1.3214,19.112,-0.313,2813.04,-0.678,406.2084889,108.1048989,-3.494329101,5.498966237,-0.030733132,1.914039468,0.093614,208.7267379,-2.295089538,44.52370548,61.83794164,6.598638,225.5049774,-2.54904949,-3.464641971
Driver,98.23953114,0.5,-6.9,-0.472440945,48.22,-6.71,12.138,-1.778,5.122,138.3187187,1.408,10.521,-2.675,2440.0,4.329,406.5417743,59.82076369,-11.90355269,5.828025537,-0.268274795,1.089947382,0.088785,212.1931728,-3.890280494,30.05407674,60.92222742,5.457331,241.6049515,-3.582368847,18.04642937
Driver,87.30538654,-5.8,-1.4,4.606299213,59.827,-5.371,21.634,-1.556,-0.089,119.6434324,1.3704,16.208,-1.625,6440.0,-0.671,325.8445319,92.19159927,-9.907057346,5.633789824,-0.154477709,1.679312816,0.102536,161.7172776,-5.47637628,48.2788029,55.17131359,6.0142,168.5386288,-5.736013185,-2.672574613
Driver,96.40524338,0.7,-6.9,-0.826771654,48.102,-6.382,20.331,5.742,12.642,129.3875268,1.3421,17.285,3.487,4700.0,14.519,376.274229,109.8825101,57.01366038,5.775994838,0.37282179,1.830393295,0.097504,185.3520607,38.51267303,49.27502203,58.71605771,6.561865,194.8675951,41.38319272,82.24174868
Driver,87.851199,0.28,0.478,-0.31496063,48.598,0.725,17.85,10.208,9.729,120.4174123,1.3707,14.387,8.184,4746.04,11.299,330.1534377,71.52127305,71.62396914,171.9957015,48.79851826,-0.728593048,5.48479,171.0595899,48.41626861,37.99584959,56.62000512,5.44149,186.9253347,55.01140048,73.70449034
Driver,99.02469578,-0.778,5.135,0.94488189,50.942,4.503,12.708,-2.013,-7.148,148.7949624,1.5026,10.227,-0.661,4155.0,-18.711,463.960202,89.59275894,-57.12013952,5.506005817,-0.081525969,1.020997413,0.0778752,226.6689256,-42.58277182,40.50366151,58.07689282,6.51943,241.7711659,-47.78267244,-120.0346796
Driver,89.37455261,0.903,-1.099,-1.220472441,50.27,-0.348,19.062,3.007,4.106,126.3732552,1.414,15.686,2.2,4343.75,8.036,377.7257414,94.49937184,31.43644146,5.065129131,0.202656062,1.440981713,0.086452106,189.7223522,21.16191551,44.49563618,57.71034346,6.267124384,203.2291476,23.39357437,41.72621903
Driver,104.986131,2.502,4.8,-3.188976378,49.062,6.972,18.097,6.962,2.162,150.4514137,1.4331,15.703,6.613,3610.39,1.711,498.5629104,135.7628727,60.63515688,5.782964759,0.667747688,1.648607364,0.082873,242.1852783,32.03258999,48.97419452,64.32907447,7.497819,254.4192392,33.79558577,12.52149345
Driver,94.77675376,-4.947,-2.984,5.787401575,50.403,-7.09,13.385,0.724,3.708,136.5130637,1.4404,11.18,0.263,3050.0,7.386,417.22568,68.91305129,15.79781319,6.515054173,0.038518115,1.305789861,0.100916,214.1098945,12.75286047,33.61210444,59.22235586,5.81867,236.9772293,15.32746777,35.31499141
Driver,97.53489621,1.46,0.837,-1.88976378,50.501,2.041,13.884,-1.601,-2.438,140.8129026,1.4437,11.882,-1.197,2853.31,-8.194,426.9193915,71.16059156,-33.22399409,212.801279,-26.01407099,3.849990041,5.45522,218.78361,-27.39075769,33.72732516,62.40174953,5.68994,243.9831253,-33.24068751,-68.55100444
Driver,93.04312813,5.347,8.385,-6.456692913,57.367,11.821,13.531,2.3,-6.085,137.4541428,1.4773,12.568,3.038,1640.0,-25.677,362.4774402,51.99667091,-3.595011303,5.967106479,0.298907871,1.321956797,0.091991513,202.8921859,-11.69598083,24.63174527,71.4244165,4.62634767,246.6283049,-19.28304319,-67.24378493
Driver,110.3122763,6.1,1.9,-7.086614173,50.24,6.941,13.692,-0.863,-2.763,163.6611936,1.4836,12.865,-0.395,2080.0,-14.297,538.0092831,99.60810431,-37.06482672,5.796861396,-0.06612062,1.332176386,0.075157,277.1692631,-30.17987288,36.36820171,67.56410056,6.657593,304.7786873,-35.83779419,-84.83913931
Driver,85.57176092,-1.416,-1.338,1.692913386,50.188,-2.519,28.125,4.983,6.321,110.6384216,1.2929,22.927,3.719,5840.0,9.671,302.2475005,102.9826046,35.60615892,5.995548038,0.408465552,2.571308636,0.123386,152.756839,23.66338538,50.46419819,57.74326894,6.048755,159.6395315,25.06633984,41.47457457
Driver,110.1087151,-0.147,-1.885,0.196850394,53.127,-1.995,16.667,-2.378,-0.493,161.5271564,1.467,14.308,-2.306,3784.85,-1.06,544.1409834,149.4880786,-25.02912362,6.171643042,-0.249685612,1.619928579,0.0818653,258.5068572,-13.34313625,51.36931053,67.06055438,7.88746,268.4304391,-13.93065348,-8.834410288
Driver,104.8004653,2.138,1.513,-2.677165354,46.243,3.561,19.117,-0.727,-2.24,146.9613457,1.4023,17.012,-0.433,3100.0,-4.697,490.4420107,130.4769993,-16.66852255,6.465359344,-0.054995347,2.012569522,0.095587,243.5567423,-12.38450942,46.92455542,64.64638707,7.35155,257.2208837,-13.50952919,-31.63778672
Driver,93.23550465,-1.5,-7.5,1.929133858,52.913,-8.887,13.954,-4.194,3.455,127.5543576,1.3681,10.373,-5.011,4645.69,0.052,372.1923277,67.94797217,-31.853613,5.922155058,-0.517162422,1.111006228,0.09815,186.3948317,-16.19558245,37.7135748,54.74902087,5.704998,203.0067313,-17.63254889,0.257317252
Driver,101.8231031,-4.404,-1.762,5.31496063,52.416,-5.161,13.274,-3.811,-2.049,141.6316213,1.391,9.412,-3.352,5464.97,-4.247,426.7065794,89.63313823,-36.44775225,6.186988521,-0.36830208,1.078219908,0.0919909,206.1022164,-20.88519898,43.51148222,56.29919389,6.42261,216.7064852,-22.31232754,-26.58206735
Driver,87.06379742,-4.3,12.7,4.960629921,60.808,10.254,1.978,-0.517,-13.217,107.690587,1.2369,1.071,1.662,2220.0,-51.166,27.85907956,0.274681539,0.512803031,6.22013636,0.137848426,0.081221889,0.119546,18.29949309,0.134600041,1.228306782,99.93294263,0.360624,79.48314829,-0.835344521,-1.188563983
Driver,104.4783465,-0.5,-1.7,0.826771654,47.136,-2.336,10.462,2.194,3.894,150.4827309,1.4403,9.163,1.775,2060.0,1.109,440.8462404,54.4968004,15.15857131,5.866462691,0.182458405,0.951139053,0.081657,233.6462951,8.676198326,25.35618616,68.0883825,5.246515,273.0196349,10.39230952,4.319751025
Driver,86.72378311,3.282,0.487,-5.826771654,40.85,4.29,15.325,1.346,0.86,125.4664012,1.4467,13.868,1.239,1820.0,3.143,340.9025488,54.52418991,10.12344836,5.839136006,0.128560636,1.432928941,0.09922,190.2576057,6.910262479,27.27903218,66.48176213,4.794167903,227.2114863,8.790065569,8.392295016
Driver,112.3434145,6.9,2.9,-8.267716535,50.728,8.474,18.903,1.591,-1.309,167.8746868,1.4943,16.8,1.856,3526.13,-4.736,565.4954785,179.4046817,-2.105408649,5.915564247,0.183480196,1.813328516,0.076412,266.257172,-5.69730643,54.38179595,70.3679935,8.380004,274.0836398,-6.110901723,-42.94735846
Driver,102.9124911,1.852,1.561,-2.322834646,48.739,3.187,8.46,-1.237,-2.798,149.6615515,1.4543,7.593,-0.866,1400.0,-13.83,361.2622188,32.33451507,-16.09447515,6.02819099,-0.099490482,0.800998525,0.083955,200.8914475,-13.27064755,16.64842213,79.59489918,3.965233,258.1256617,-20.10674206,-30.71848584
Driver,77.07587688,-5.4,5.2,4.803149606,63.588,2.079,13.217,-2.398,-7.677,111.1882606,1.4426,11.15,-1.415,2470.0,-17.556,259.7210852,33.32482712,-18.8414805,5.85367426,-0.162055424,1.144416219,0.111303,145.1941222,-15.96763614,22.65595259,59.95213943,3.961086,180.0570917,-22.8994833,-37.19731683
Driver,96.27550107,-2.7,4.9,3.42519685,52.023,2.718,6.887,-3.351,-8.251,133.1601199,1.3831,5.733,-2.425,2010.0,-7.911,278.7752978,18.56190474,-16.29648963,5.886366584,-0.254674882,0.587778406,0.091848,156.3259665,-11.07452627,12.48424639,75.94803358,3.281402,212.9851432,-16.83065528,-13.40047673
Driver,92.13716893,-3.32,0.214,3.897637795,56.6,-1.978,25.914,6.323,6.109,113.3021654,1.2297,20.86,5.143,5810.0,7.255,313.1013905,99.62053249,39.97775247,6.172260715,0.568069639,2.390075047,0.1221832,158.2689729,24.85376967,49.29313951,57.34070506,6.058542441,165.7847634,26.32808034,32.22665923
Driver,63.32766643,-4.205,2.918,4.448818898,56.645,0.144,8.046,28.283,25.365,56.77165354,0.8965,5.773,23.429,3000.0,51.141,26.67601027,1.400149682,11.01830017,5.009049899,2.035681948,0.375484775,0.183903,17.21304919,7.385790921,6.214093058,51.62082234,0.654411,48.60131762,21.89575701,1.784388083
Driver,98.47888332,1.5,4.7,-1.929133858,45.491,6.004,17.205,1.727,-2.973,142.5879116,1.4479,14.948,2.132,3250.0,-9.653,453.6759384,110.2604548,-8.82783484,5.769783192,0.204596648,1.559425115,0.086958,224.7452548,-11.77483009,45.18075666,60.67656413,6.894851,240.0244069,-13.64633116,-60.34839545
Driver,90.11050465,1.038,4.938,-1.338582677,52.134,5.744,19.556,-14.341,-19.278,111.2244989,1.2343,16.545,-10.909,4900.0,-13.693,302.4949051,72.19185039,-75.88492952,5.833849002,-1.125162437,1.752777167,0.1141448,157.0267431,-46.67154289,40.95852448,54.18786682,5.430133619,170.7056267,-51.85934038,-52.36150416
Driver,98.4341446,1.338,3.186,-1.850393701,43.308,4.605,9.57,0.281,-2.905,137.4472083,1.3963,8.32,0.728,1810.0,-8.013,336.7214253,33.05468072,-2.127625522,5.850995133,0.068994683,0.85261264,0.08894,187.1563223,-3.817526575,18.33615992,72.63807715,4.06576,236.4883039,-6.549588216,-18.5840021
Driver,111.2942913,3.3,1.5,-4.133858268,50.384,4.238,12.609,-0.746,-2.246,162.2447656,1.4578,11.011,-0.356,2645.7,-6.416,540.6846274,99.00098575,-20.85873195,5.858862402,-0.041921484,1.154718401,0.07617,269.0911903,-15.85777572,38.70884497,63.12215507,6.901687,291.8897696,-18.33522232,-42.56526723
Driver,106.1560487,-2.416,-1.652,3.031496063,49.681,-3.704,26.037,-6.538,-4.886,133.1938976,1.2547,21.497,-5.665,6092.9,-5.959,386.8280746,146.9258294,-52.37804657,6.589651518,-0.665891295,2.680695092,0.111237,184.7496902,-30.87576353,56.29260685,65.06855606,7.163,187.4126225,-31.39903821,-38.23337689
Driver,41.7345204,-4.7,-0.5,4.05511811,65.136,-2.853,38.756,-0.49,0.01,39.29491768,0.9416,33.266,-0.283,5740.0,0.146,50.29876088,16.89530268,-0.396793228,3.151048861,-0.026851062,1.911999703,0.200122,30.2833515,-0.249970161,38.45646431,33.31514794,2.179599,36.08994147,-0.296750814,-0.301184429
Driver,106.2567108,-4.064,0.387,5.078740157,49.496,-3.093,14.651,5.626,5.239,150.5100215,1.4165,12.365,4.96,3550.0,10.131,492.1946188,106.5575635,70.65572502,6.460126474,0.571445574,1.452651741,0.0912246,241.5597005,43.59630448,43.14412925,60.87426638,6.97184,256.9296771,47.56586592,68.67209082
Driver,99.28641732,-8.301,-4.048,12.04724409,40.913,-13.74,15.855,6.347,10.395,136.0969936,1.3708,11.161,4.243,6912.71,15.32,385.1713095,88.95362831,66.69879953,6.205364921,0.488263903,1.290752496,0.0967766,188.0631843,42.929031,44.4279157,55.4131412,6.1802,195.8862844,45.59913319,87.79370404
Driver,110.3883321,0.112,-4.327,-0.157480315,45.672,-4.218,16.588,1.74,6.067,156.9342788,1.4216,14.052,0.761,4216.36,14.446,483.7456651,133.2113186,70.76346605,227.7426004,49.45696822,11.99380444,6.50416,240.0005644,54.09163689,45.85052315,69.1503649,7.02843,253.2714751,58.88383141,152.9438915
Driver,79.24794202,0.038,7.408,-0.039370079,56.38,7.434,4.937,0.766,-6.643,115.9444345,1.4631,3.966,2.092,1890.0,-29.096,126.7178853,4.886439916,1.315161955,6.42826677,0.210495187,0.421938546,0.114977256,77.85971667,-1.01716478,5.647408716,87.38564011,1.593851471,145.4380256,-5.449889935,-11.57534722
Driver,116.081335,4.5,2.1,-5.196850394,50.174,5.825,14.947,-4.249,-6.349,166.2321045,1.432,13.783,-3.361,3140.0,-16.711,561.5739998,134.2320654,-89.3286419,5.657422476,-0.360463419,1.404917827,0.072587,273.3780512,-60.65188088,46.0442564,65.0644089,7.660005,288.7331721,-66.05675709,-134.7590472
Driver,85.23398354,2.1,-4.9,-2.559055118,49.354,-3.336,18.927,-4.12,0.94,124.5351646,1.4611,16.198,-4.28,3380.0,1.927,378.8558079,87.69128,-23.92018896,5.931949764,-0.440432286,1.73592729,0.103089,195.1256302,-11.53131208,41.14924538,58.68073012,6.114391,212.5836809,-12.34456816,9.113235255
Driver,110.8446671,5.318,0.687,-6.220472441,45.124,6.005,16.663,4.403,3.716,157.8813976,1.4243,15.444,3.987,2012.5,17.423,520.6128118,109.2012426,71.65172028,5.779757669,0.414733184,1.609838726,0.0785701,271.4427349,50.86026936,38.20151444,68.47788627,6.74152,286.5931342,55.34725486,96.59397403
Driver,70.53954903,2.2,2.6,-2.086614173,43.231,4.355,17.413,-1.867,-4.476,100.2975125,1.4219,15.273,-1.163,2220.0,-2.964,237.1225833,39.71705621,-6.681332447,5.937532349,-0.128004595,1.597391783,0.127388,135.6448023,-4.666205197,26.61666775,58.66332658,4.049273,166.4654681,-6.12594845,-5.741160001
Driver,83.62115247,-4.5,-0.9,4.133858268,61.345,-3.53,18.61,-3.503,-2.603,115.2089298,1.3777,15.522,-3.038,5650.0,-4.802,316.578397,78.24974856,-25.54483391,5.720056183,-0.325168882,1.619094917,0.107555,160.9245878,-15.7451601,43.50725881,54.16263831,5.668483,171.6144183,-17.11602733,-21.70568898
Driver,93.92671797,0.1,-4.7,0.0,52.547,-4.901,9.152,-5.849,-1.149,133.6126521,1.4225,7.698,-5.762,1940.0,-7.278,320.9269516,30.08849006,-37.98244124,6.054873093,-0.613744584,0.817502706,0.09466,176.3322516,-23.32015319,18.15882477,68.91119967,3.986362,222.1138721,-30.92969396,-16.96409218
Driver,100.7829277,1.513,3.226,-2.165354331,46.778,4.649,14.855,1.557,-1.669,149.4286865,1.4827,13.115,1.783,2602.79,-5.849,478.5431088,97.33934411,-0.044154358,230.4796361,-4.018200591,2.088400916,6.59668,232.5749111,-4.156051151,42.87076838,56.77013885,6.69947,248.9078829,-5.232045738,-34.16779598
Driver,94.82372942,-0.016,9.616,0.0,58.672,9.607,3.109,-2.126,-11.742,136.4000984,1.4385,2.807,-0.975,1610.0,-46.976,116.3407448,3.116861994,-5.473111106,5.369687132,-0.112454386,0.24977668,0.081303697,72.48816025,-5.401848477,3.786685094,107.2122697,1.230760624,149.0109315,-15.71777546,-12.51308232
Driver,94.04527559,0.2,7.4,0.078740157,75.199,7.065,1.338,-5.217,-12.574,105.6227631,1.1231,1.185,-3.552,1790.0,-73.959,19.11027225,0.209325732,-1.330184256,5.892786759,-0.406447426,0.069377021,0.115322,12.70842666,-0.991013032,1.331885707,100.619723,0.252004,75.14197489,-6.950457653,-0.612491966
Driver,97.32909807,-0.882,-0.679,1.141732283,45.733,-1.538,16.979,-0.614,0.064,143.5008053,1.4744,14.902,-0.622,2959.97,0.201,470.3909206,106.0698624,-4.491789015,6.205445742,-0.067180636,1.676765998,0.0928384,237.4467452,-2.177638708,42.10659565,62.26833667,6.82571,247.9044998,-2.258898232,1.200120245
Driver,107.1581961,0.313,3.6,-0.393700787,48.645,3.876,12.377,2.845,-0.755,157.5961883,1.4707,10.853,2.943,2390.0,-6.631,510.7697915,82.93301142,11.40476082,5.937635648,0.299806973,1.148567826,0.079389822,261.1661179,1.154468883,33.69768372,64.7475187,6.331612324,290.3395934,-0.085078951,-36.76749812
Driver,94.74096278,-0.406,-0.346,0.472440945,47.443,-0.718,14.934,3.486,3.831,137.2163565,1.4483,13.091,3.007,2590.0,9.017,421.5394168,74.97809764,37.19302765,6.31079902,0.339988995,1.47900502,0.0978617,220.7512353,25.21984454,33.91807236,61.81716748,5.88043,245.3275765,29.48613746,41.04234293
Driver,99.8456514,2.377,3.785,-3.267716535,49.25,5.834,12.663,-1.812,-5.597,144.9447477,1.4517,10.945,-0.853,2816.99,-1.033,434.3201545,73.73938669,-10.35464459,215.1585829,-6.784240133,-0.389864925,5.82179,214.5046892,-6.74754004,38.33728556,56.97292264,5.79179,233.6170843,-7.825121515,-10.66505398
Driver,103.3732999,2.5,-3.5,-2.952755906,50.647,-1.609,16.652,-2.785,0.715,148.2733089,1.4344,10.496,-3.104,2266.18,4.084,452.9892428,66.41256479,-17.62638252,5.749248724,-0.312814989,1.071847394,0.081591,236.6967636,-6.871488701,29.95699937,64.56215977,5.7085,268.8630201,-6.954790389,17.84991249
Driver,90.00313171,-1.102,-0.044,1.417322835,50.97,-0.937,14.222,-3.122,-3.078,129.5253221,1.4391,12.288,-2.719,2538.88,-11.141,371.4514154,58.37162278,-32.12600663,6.13381511,-0.301227913,1.339832282,0.100388,198.8463592,-22.95388697,29.54196654,61.59203088,5.2339,218.3282658,-26.52914154,-40.67487401
Driver,104.2591267,-2.815,-6.652,3.976377953,44.996,-9.471,15.639,6.646,13.298,146.2804223,1.403,13.588,5.084,3700.0,24.557,454.5618293,98.71097576,100.3436365,6.083204168,0.566436439,1.488634867,0.088830516,226.7286953,69.76325634,41.40794773,60.01905705,6.582695627,244.1692531,78.5022864,151.1151814
Driver,28.38448461,-4.17,0.768,3.858267717,58.714,-1.772,24.852,5.86,5.092,38.52295097,1.3572,17.733,4.496,2760.0,7.515,32.51796945,5.35626821,2.651595569,5.953026514,0.48087777,1.421200532,0.339476,20.73043433,1.792234891,19.46800415,34.17386869,1.241721,36.89399977,3.313157384,0.503267958
Driver,92.53310666,-4.7,4.9,6.141732283,50.522,0.941,5.995,1.335,-3.565,132.4608536,1.4315,4.74,1.836,1740.0,-2.549,246.3993313,13.37764415,6.764311443,6.031323216,0.191325332,0.49624815,0.094495,139.2735056,3.35126982,10.03248726,79.28288145,2.842923,199.0100076,4.279272863,-3.333927742
Driver,103.1361847,1.662,1.453,-2.165354331,43.86,3.183,17.614,8.634,7.181,145.7189513,1.4129,15.665,7.707,3100.0,15.741,474.2503229,112.6689751,100.8397059,6.313498001,0.865037255,1.797361019,0.0934002,238.5013735,64.21785463,43.3322518,62.70075834,6.94452,254.7824448,70.3923413,98.50271047
Driver,88.86900501,-2.131,0.496,2.244094488,56.33,-0.925,22.889,-2.039,-2.535,120.7560845,1.3588,19.745,-1.69,3790.0,-3.581,363.4239808,104.7004774,-17.38356732,5.267607059,-0.159163803,1.909986678,0.0962048,184.8195235,-11.30141577,46.71997253,59.68564651,6.39102,196.7740328,-12.28469815,-17.56812503
Driver,83.48246242,-0.1,5.5,0.433070866,46.594,5.128,8.866,-4.149,-9.649,118.9484162,1.4248,7.239,-2.291,2790.0,-22.545,262.1048955,23.12522514,-26.81316869,5.822433506,-0.254715974,0.738202494,0.102285,143.5757111,-21.35580102,17.22920384,62.34731176,3.600343,183.6670643,-32.06839604,-46.98948161
Driver,91.24686829,-4.487,0.14,5.748031496,52.093,-3.363,17.82,-4.375,-4.515,115.6209735,1.2671,14.056,-3.571,4410.0,-7.297,323.4692321,67.46845096,-31.38015155,6.162298867,-0.395336123,1.563793773,0.114505374,166.8515828,-20.08086305,38.31320057,54.40991865,5.432167589,183.3481985,-22.85494857,-29.17500319
Driver,100.1811918,0.895,5.946,-1.181102362,49.542,6.709,18.181,-4.18,-10.126,136.9456872,1.367,16.114,-2.889,3273.38,-14.557,433.288434,103.7711287,-54.14706188,5.879016981,-0.311773433,1.712534292,0.092769,219.3984715,-38.44171235,42.92214318,61.00937735,6.626821,236.7347191,-43.22995541,-82.51791453
Driver,103.8721367,1.34,0.345,-1.653543307,44.866,1.692,17.778,6.059,5.713,148.4187097,1.4289,15.787,5.328,3110.0,12.288,490.8823028,120.8420691,77.25851983,6.206861621,0.590560512,1.784553807,0.0901946,244.7869146,49.59813489,44.83987911,63.55150051,7.17292,259.9792606,53.98438931,81.37527702
Driver,100.1834288,3.723,4.324,-5.0,47.227,7.775,14.173,-0.323,-4.647,142.5870168,1.4232,12.458,0.463,2660.0,-14.022,370.4695564,44.09043346,-2.388045548,5.909705397,0.043746547,1.281848523,0.087185,230.0000241,-4.500024021,15.93408602,107.5925533,3.961868,342.1006467,-9.838480952,-19.07430724
Driver,99.66222262,1.615,5.27,-2.047244094,49.473,6.651,16.058,9.041,3.772,146.205485,1.467,13.543,8.358,3775.04,11.533,459.526042,109.8867755,112.7576185,210.2776601,65.99012682,12.76939566,6.15969,224.3990762,72.85335442,44.32794679,60.80492104,6.83223,238.6407417,79.49191277,123.6849841
Driver,95.25769506,-2.864,0.431,3.503937008,49.596,-2.009,42.73,4.198,3.766,98.60683608,1.0352,35.583,3.391,7008.8,13.381,248.0812273,123.6715577,33.83384568,4.253193677,0.27310064,3.067829954,0.111329,120.4891958,23.69305614,59.30831845,61.63968473,6.100745,120.6813534,23.73847658,49.99150908
Driver,100.5100215,-0.606,4.744,0.748031496,45.867,4.157,14.721,0.256,-4.488,145.7200698,1.4498,12.994,0.782,2607.09,-15.979,458.9108344,83.77009819,-25.29593829,6.052150185,0.068309248,1.410409178,0.0882691,237.5297289,-24.20555013,35.29285781,62.76895595,6.20001,253.3336605,-27.59326623,-82.28471077
Driver,94.44345025,-4.0,-1.6,3.307086614,55.43,-4.992,13.51,0.366,2.088,140.1058071,1.4835,11.316,0.259,3075.13,6.944,435.792968,76.97970567,15.5279933,5.796327986,0.016686752,1.173805066,0.087474,220.4581723,12.5843417,36.38954214,58.8608923,6.115169,242.458245,14.98377631,34.76784515
Driver,93.03194345,-1.037,-2.069,1.299212598,50.256,-2.932,15.673,8.214,10.283,129.0539996,1.3872,13.109,6.559,3873.95,29.424,348.8767929,67.56486457,95.76945176,135.6182141,42.29050623,20.38210944,3.57025,177.7009475,62.76323275,37.98741134,53.75705793,5.47438,194.3815509,70.61596386,130.0876197
Driver,73.16571224,-1.469,-2.707,1.377952756,58.67,-3.602,24.472,6.118,8.826,80.14897996,1.0954,19.481,4.248,4200.0,14.159,169.9281177,37.12382153,19.24934016,5.904515215,0.462878803,2.051092985,0.163423,96.89619703,14.0604506,32.36099047,49.35443359,3.727792,115.4716546,17.86407649,20.76100013
Driver,111.9787938,-0.022,0.792,0.039370079,50.724,0.774,12.795,1.43,0.639,157.8104868,1.4093,10.834,1.33,3078.16,-2.407,508.1227821,108.9479458,-3.136671071,231.6748264,-5.679361265,8.185104009,6.51021,240.0753246,-6.337499192,45.7327166,58.38391861,6.93118,254.3180553,-7.44700302,-35.71856685
Driver,90.48407301,-2.742,4.195,3.622047244,51.952,2.047,13.105,-3.382,-7.577,126.7870884,1.4012,10.623,-2.157,3470.0,-10.75,365.0551894,56.96622395,-31.01532996,5.890861485,-0.233562996,1.116960875,0.098101044,188.553213,-21.89140459,31.82693703,56.86595428,5.329338751,212.5916693,-26.50181873,-44.48144113
Driver,77.89235863,-7.1,9.7,5.787401575,67.952,6.702,25.503,1.944,-7.756,105.1333214,1.3497,20.911,3.474,7500.0,-10.016,269.7750152,83.7018067,-1.015493861,5.824177319,0.300150783,2.260992808,0.124525,138.2588013,-4.670387185,47.80549931,53.86814358,5.530647,143.5239866,-5.129430447,-39.10469325
Driver,103.1518432,2.321,6.485,-3.031496063,49.317,8.481,17.732,2.099,-4.385,146.526709,1.4205,15.519,2.761,3350.0,-11.682,479.7399326,119.5207112,-9.84362342,5.91552926,0.272925663,1.661106283,0.086958,237.9646698,-14.41482392,45.5691775,62.83047631,7.132441,253.1262318,-16.6093005,-77.51931978
Driver,98.34690408,3.217,3.164,-4.251968504,43.769,6.528,15.386,5.703,2.539,140.8276664,1.4319,13.903,5.382,2120.0,11.432,430.4694128,76.8030115,57.07737192,5.958014515,0.567603152,1.480209733,0.0901817,229.7763032,37.40934066,32.71529429,65.39129153,5.80046,249.0771212,41.84428913,47.93993396
Driver,84.52487473,-1.1,6.1,1.496062992,51.678,5.127,8.048,-4.182,-10.282,117.7427076,1.393,6.475,-2.367,2760.0,-16.11,254.9750661,20.32420823,-21.62489058,5.991845552,-0.264191753,0.679616328,0.106198,139.4897544,-16.29938847,15.80140796,62.81853405,3.474642,181.0566613,-24.56122733,-31.69197829
Driver,82.30807087,0.093,-3.471,-0.118110236,51.593,-3.397,12.489,3.701,7.172,119.1971636,1.4482,10.358,2.433,2920.0,20.277,300.2869864,38.18871342,32.11120122,6.208286043,0.286107497,1.132782918,0.109863272,163.2772527,25.27489807,23.83197086,60.1131701,4.33695973,197.0431134,34.48629244,55.2130895
Driver,84.48237294,-0.43,-6.467,0.551181102,48.618,-6.845,23.567,6.476,12.943,114.9534717,1.3607,19.891,4.278,4797.46,16.487,322.6723759,93.57371322,52.10454339,5.823585592,0.460884213,2.12975197,0.112475,165.086183,36.26253837,46.1696474,56.96089505,5.960708,176.3578831,39.82606965,72.442587
Driver,104.1718862,-2.509,-1.94,3.700787402,45.56,-4.403,14.154,-3.357,-1.417,153.0221009,1.4689,12.456,-3.207,2590.64,2.021,469.624627,91.63887062,-20.58911907,227.2212932,-9.352144933,1.811571785,6.26099,229.0899218,-9.411326459,41.56480907,59.90903806,6.34618,247.5799995,-9.995242588,10.22604623
Driver,84.19828203,-3.1,7.5,4.212598425,51.021,4.856,5.04,1.135,-6.365,118.4274338,1.4065,3.651,2.188,2060.0,-5.058,170.2034442,6.664918537,5.27507698,5.956891097,0.223263028,0.37183638,0.104296,99.04810494,2.499013013,6.710733766,79.70530217,2.108345,159.1217638,3.1794991,-3.849346527
Driver,103.7379205,2.154,4.307,-2.874015748,47.861,6.257,12.509,0.349,-3.958,142.334243,1.3721,11.075,0.911,2170.0,-13.687,413.3334623,58.91936679,-12.2517336,4.895590905,0.070727604,0.959909544,0.072383156,221.3451156,-13.72378374,27.57930841,65.99657094,5.282596082,256.8438996,-18.79421732,-51.70351817
Driver,107.9232283,-0.477,-1.449,0.748031496,36.538,-2.093,14.953,3.598,5.047,151.4580351,1.4034,12.122,2.638,4482.95,11.736,481.5403996,116.9295715,59.61785569,6.366629931,0.309841664,1.414606305,0.0892922,231.3288006,38.96912975,46.99237387,60.69740655,7.12507,242.3295451,41.8141444,85.29888702
Driver,44.37186829,-1.9,-1.3,1.692913386,63.478,-2.426,36.599,-1.022,0.278,47.03471725,1.06,30.595,-1.104,5410.0,0.375,69.33040193,21.77426088,-1.21516916,3.6938552,-0.070109188,2.061087882,0.190746,41.37765911,-0.746661445,37.53132297,37.41752188,2.536781,49.68131032,-0.890614596,0.151742242
Driver,89.88681102,1.272,0.991,-1.692913386,51.207,2.014,18.996,3.061,2.07,128.9783912,1.4349,16.165,2.711,3650.0,4.17,398.5610471,97.96758497,27.28669283,6.113666646,0.294498416,1.798277725,0.102548,201.5659911,16.88797573,43.70724477,59.25394589,6.42501,215.9183796,18.48808321,22.10664823
Driver,69.22199356,0.39,-0.465,-0.393700787,60.546,-0.244,23.289,-3.278,-2.814,90.57422155,1.3085,19.457,-2.766,3471.71,-4.308,220.031538,50.32067741,-13.5645852,5.789714754,-0.285885366,2.027843036,0.14138502,122.2805056,-8.971357326,35.24260562,52.50342334,4.419391919,141.5393112,-10.78048128,-9.227732084
Driver,93.50393701,-2.61,-9.597,3.42519685,48.191,-11.933,19.351,7.308,16.905,126.3974141,1.3518,16.088,4.583,5230.0,25.656,354.2000978,88.89962118,78.67023634,6.05028511,0.523974795,1.772034369,0.10390353,179.3939353,56.15849542,43.5567194,56.55626186,5.982857617,191.165113,61.95498328,127.0957603
Driver,87.41723336,-3.646,2.042,6.102362205,38.95,-2.479,12.183,4.956,2.915,122.3959825,1.4001,9.696,4.487,3074.85,0.621,328.6947416,45.53496115,25.62546551,178.8631088,14.28623072,-4.54620574,4.98038,170.8178547,13.61601186,28.20242491,59.01419613,4.66038,198.0151345,15.87629121,0.759679353
Driver,102.3040444,1.1,10.7,-1.377952756,53.156,11.637,4.868,-5.345,-16.045,133.5249642,1.3052,4.5,-3.663,2240.0,-23.791,244.3987428,12.54496392,-26.31772693,5.758034778,-0.384449985,0.449611422,0.089414,138.0934049,-19.56333981,9.500593084,79.65587768,2.797062,198.978507,-33.35918559,-32.36958338
Driver,86.58285612,-4.424,4.2,6.496062992,47.914,0.193,8.988,-3.338,-7.538,108.4339209,1.2524,7.129,-2.276,2300.0,-19.941,184.8014696,13.66211475,-13.39903082,5.999805989,-0.256324535,0.731383783,0.115473833,108.6213173,-10.88282531,11.84335265,70.22395677,2.616127629,160.4633157,-19.44542145,-19.74672056
Driver,107.0351646,-5.579,-3.018,7.480314961,50.404,-7.652,5.878,-9.435,-6.417,148.0102452,1.3828,4.786,-8.82,1840.0,-19.939,310.502215,17.97076496,-59.91119072,6.3254688,-0.983083449,0.529332407,0.088586,171.8162439,-38.17799012,11.27045923,82.07495586,3.28278,229.3951873,-55.24623519,-36.12124943
Driver,49.81880816,-13.216,1.071,10.23622047,65.572,-5.053,30.73,1.94,0.869,58.39231389,1.1721,23.454,1.772,4210.0,0.839,96.00403428,23.10943435,3.029093585,5.263452203,0.164178275,2.163489027,0.2057912,57.48613536,1.93516368,31.32364743,42.89996735,2.749616397,73.21231299,2.499270136,0.472925936
Driver,89.115068,-2.293,9.29,2.795275591,55.673,7.724,12.98,-5.749,-15.039,122.1606568,1.3708,10.642,-3.348,4020.0,-32.121,309.4785295,44.4139037,-57.12207893,5.46594716,-0.352210096,1.032767379,0.0944584,163.1488613,-44.34766886,27.84842139,56.54413186,4.577374471,188.972651,-57.1204085,-105.3083335
Driver,101.0849141,2.324,3.222,-2.677165354,48.607,5.272,13.713,0.509,-2.714,146.2743826,1.447,11.617,1.022,3129.71,-13.097,466.4070149,85.3057995,-22.38652322,6.210045209,0.096821326,1.29966305,0.0898507,234.8202913,-20.97152895,37.32197065,60.22581733,6.38791,247.3834428,-23.35635335,-75.41935742
Driver,94.42331782,-2.7,3.1,2.637795276,56.137,1.15,14.192,0.73,-2.37,138.766777,1.4696,12.36,1.176,2547.77,-5.677,425.1142687,73.35272783,-3.000043579,5.814927655,0.092719683,1.281862839,0.088883,221.1787691,-5.043327264,33.86900001,61.27210285,5.878566,247.3639614,-6.645378065,-28.74142847
Driver,80.63484252,-2.694,-5.715,2.480314961,67.894,-6.81,23.357,-3.661,2.054,78.26928239,0.9707,17.822,-4.134,4310.0,2.786,159.0259807,31.46427571,-10.02779751,5.176127081,-0.369319555,1.634725193,0.1448632,91.24777128,-5.372864941,29.78322099,48.74149987,3.482671813,111.0342239,-6.312602817,3.623073969
Driver,91.8083393,-5.3,9.9,6.102362205,55.552,6.182,7.224,3.24,-6.66,125.9934234,1.3724,5.614,4.286,2280.0,-21.789,247.5345541,16.13111187,6.923374581,6.222018422,0.444841246,0.607390335,0.102792,138.6023501,-1.075199759,12.26547753,71.40599325,3.08344,189.8998621,-6.139145214,-34.29101108
Driver,96.00930565,2.569,3.242,-3.582677165,47.725,5.58,18.663,7.61,4.368,137.0069792,1.427,16.082,6.871,3640.0,9.594,434.2703932,110.6203288,73.93084498,6.036589271,0.73372916,1.76145735,0.095313832,216.5204641,44.85702927,45.49254625,60.91459871,6.79859195,231.0960546,48.82355146,57.58070552
Driver,98.78310666,0.412,-5.09,-0.62992126,43.139,-4.651,16.934,-0.523,4.567,140.1574803,1.4188,13.816,-1.424,4503.65,12.861,418.0449388,96.8881556,23.05842845,214.2148874,20.87272227,-2.575517842,6.27243,211.1069977,20.23887688,41.0974704,65.34485366,6.14243,228.2142506,23.74064261,76.36400048
Driver,72.59976736,-3.026,-4.403,2.559055118,71.061,-5.443,23.963,-10.712,-6.308,63.5569524,0.8754,19.847,-9.65,2669.15,-8.182,104.4868484,20.70631506,-18.51761126,5.251448964,-0.890786266,1.796592789,0.182956,63.50888618,-12.15446157,26.2254143,46.96059244,2.654924861,87.23263953,-17.19804128,-4.599965915
Driver,98.88824266,7.045,6.374,-8.385826772,50.489,12.223,12.666,5.414,-0.96,145.868155,1.4751,11.455,5.624,1780.0,-4.662,425.78124,61.26569118,35.33086022,5.750700487,0.560554839,1.166013045,0.083166903,230.0344328,17.0372841,27.09566709,69.39607086,5.261913842,269.8345503,19.01855518,-16.57839643
Driver,90.5511811,-2.476,-0.745,3.070866142,46.388,-3.106,8.257,-8.382,-7.637,127.345204,1.4063,6.926,-7.421,2070.0,-24.683,252.4656261,19.14381415,-44.22145849,6.311310752,-0.834210173,0.757296343,0.103245,144.6778568,-30.75429788,13.19208308,74.86569515,3.13745,195.4104735,-46.09682819,-36.71192419
Driver,103.5656764,4.358,-1.653,-4.881889764,46.835,2.446,16.509,-0.229,1.424,149.2043218,1.4407,15.034,-0.409,2200.0,4.196,489.3160742,101.059118,5.122049212,6.322439872,-0.041165734,1.71358758,0.090908,254.5155924,5.648077966,38.07582794,65.96277933,6.59745,278.0722603,6.796351013,22.39291341
Driver,81.84055118,-0.305,-5.538,0.393700787,50.615,-5.788,14.788,-1.481,4.056,112.6440587,1.3764,11.049,-2.518,4330.97,9.692,296.9655215,47.30949343,-0.293297188,6.340340399,-0.263781214,1.255926643,0.119323,155.3055598,3.894864365,31.14063035,53.45795525,4.77752,175.031986,5.646184904,32.1361051
Driver,65.81290265,-4.0,1.6,3.543307087,65.87,-0.671,14.231,-6.972,-8.536,84.5785612,1.2851,12.004,-5.835,2070.0,-22.282,136.4241247,16.19438251,-18.16497568,5.818177727,-0.614577169,1.183758548,0.14594,82.93428345,-13.47579102,17.01907906,58.9474705,2.522334,121.7780505,-22.2068601,-15.25975969
Driver,109.0148533,1.5,-2.3,-1.732283465,49.447,-1.14,16.039,0.686,3.046,158.7931729,1.4566,14.45,0.34,2561.06,1.82,540.5089111,121.4059126,8.153694544,5.195285472,0.031982036,1.349347073,0.069882,270.8289846,5.735916461,42.89013146,65.57276783,7.301172,290.3175081,6.401178651,12.38716151
Driver,96.51709019,-0.756,2.929,1.062992126,44.823,2.168,12.817,0.949,-1.98,140.8283375,1.4591,11.07,1.211,2470.0,-7.688,423.4325479,63.83531491,-3.514182153,5.798413916,0.116423659,1.140093134,0.086851,222.521707,-6.278351274,30.09419361,63.04488237,5.578703,253.3887346,-8.694898393,-32.93379415
Driver,98.61757337,-0.7,7.1,1.023622047,55.314,6.464,5.343,-3.957,-11.057,142.3038207,1.443,4.756,-2.878,1700.0,-30.941,240.9324746,12.34330031,-23.00883132,5.658796637,-0.301262947,0.464292115,0.08239,139.5597201,-18.39232966,8.823192516,88.97783932,2.585011,209.1586474,-33.63457211,-34.26909516
Driver,92.17295991,-5.3,-0.1,5.31496063,57.332,-3.591,13.982,-0.391,-0.291,129.3022996,1.4028,11.81,-0.21,5150.0,-0.276,375.8493559,83.1679536,-2.918202657,5.558364846,-0.034902311,1.193684053,0.091383,185.5642118,-1.641984265,43.28451273,55.12885221,6.074672,197.5402161,-1.772075486,-2.88561908
Driver,28.09815676,-2.0,6.0,1.496062992,82.759,5.205,46.865,-0.329,-6.33,25.2527738,0.8988,35.206,1.852,2930.0,-3.644,21.51534313,7.426261287,0.610003007,5.812545433,0.177024948,2.42718482,0.596577,13.23540664,0.381262663,37.7075044,23.5399606,1.399253,18.56233324,0.522709765,-0.139497389
Driver,92.17967072,0.1,-3.5,0.0,55.29,-3.574,9.779,-3.164,0.401,124.4123568,1.3497,7.805,-3.246,2440.0,-4.137,295.8389593,27.75398776,-19.92553556,5.975720763,-0.34202343,0.816929141,0.10038,163.0731387,-12.35510806,17.99393455,65.96065882,3.897435,206.892203,-16.57160443,-9.384363805
Driver,92.04098067,-4.87,-2.162,5.669291339,53.859,-5.729,23.854,5.694,7.856,115.1762706,1.2514,19.422,4.354,5261.22,9.58,323.2106136,95.35410277,41.18053072,5.87186669,0.462146344,2.100169758,0.1129672,164.0649419,26.7387431,47.40719333,56.97199679,6.027944632,173.6332633,28.82496276,43.11762053
Driver,109.6479062,4.7,0.5,-5.708661417,51.534,4.174,10.075,-4.541,-5.004,163.9403633,1.4952,9.499,-3.999,1279.1,-22.723,452.6987351,53.48256348,-57.59510444,5.169677467,-0.370250278,0.865352191,0.065965,246.5413114,-41.47708684,22.73027925,77.77566473,4.882373,296.9578525,-55.07787687,-73.28281477
Driver,95.96009306,-2.661,7.198,3.503937008,51.92,5.111,17.553,-2.799,-9.996,130.0315408,1.355,14.99,-1.452,3705.94,-10.525,398.0057383,91.24389826,-32.17242292,6.490737441,-0.179809741,1.759566718,0.1075656,201.6366932,-23.43702187,42.07353477,58.51652508,6.2828797,218.1628802,-26.56453005,-55.06428516
Driver,80.98380458,1.259,1.315,-1.496062992,46.794,2.498,15.84,8.491,7.176,119.0331961,1.4699,13.453,7.265,3150.0,17.244,329.8323924,57.49552323,63.09282576,6.250206058,0.810662172,1.500592492,0.112077,175.8420016,42.15948745,31.89078525,57.52864102,5.11505,198.8016316,50.14746449,60.69859501
Driver,85.30332856,-2.051,0.54,2.677165354,52.669,-1.025,17.105,5.374,4.834,120.7665981,1.4157,13.943,4.536,3912.6,9.065,349.7326718,71.88572774,42.61637788,6.137179645,0.498092534,1.541152203,0.108964836,179.9151065,27.1947002,38.20658956,55.87037325,5.646195888,197.9255195,31.0145952,39.13300397
Driver,96.40300644,-2.491,-4.976,3.307086614,50.058,-7.063,21.889,13.512,18.487,124.8910612,1.2955,17.15,9.562,7461.24,25.031,334.5856454,93.95469003,103.4891041,6.089323727,1.057979016,1.919395423,0.106804255,168.1185661,67.61400748,46.66394295,56.20194062,5.992027658,174.4455555,71.16054716,123.3173176
Driver,69.95123479,1.0,1.8,-0.708661417,39.801,2.33,19.305,2.558,0.697,101.5226825,1.4513,16.625,2.555,2700.0,3.221,259.1325104,50.44647169,13.56709712,5.891358018,0.255769867,1.745593736,0.125909,143.5909934,8.737496077,31.91438205,56.04160114,4.571569,167.9075912,10.61464953,7.01885139
Driver,101.1050465,0.279,2.798,-0.354330709,45.816,3.069,19.32,0.729,-2.069,141.2511185,1.3971,16.96,1.002,3330.0,-5.962,460.6086751,122.240142,-7.976893037,6.164218703,0.100458672,1.910439583,0.094751,229.2621868,-8.64884845,46.63336824,63.06689811,7.11056,236.6262748,-9.221029241,-37.96155139
Driver,114.5512706,5.1,0.7,-6.299212598,50.799,4.908,12.06,-1.26,-1.96,170.2545634,1.4863,10.917,-0.667,2340.0,-7.192,572.7621764,102.2432236,-28.75307312,5.880970853,-0.100247637,1.147682603,0.072793,286.6251477,-20.66472587,37.80955301,65.47538229,6.972921,311.1919026,-23.75987216,-52.0061446
Driver,113.2695061,2.1,4.3,-2.519685039,50.612,6.098,21.894,4.7,0.391,164.7360415,1.4544,19.896,4.657,3268.95,-2.258,562.9322723,195.2372775,34.01237264,5.835355174,0.471589382,2.136270003,0.078202,266.0020846,14.93379275,55.66993533,73.29583595,8.564757,272.8931809,15.22747419,-20.03488314
Driver,84.36605225,-3.5,10.3,4.173228346,58.069,8.145,6.497,-4.127,-14.427,103.2171618,1.2234,5.085,-1.907,2560.0,-39.349,119.4354931,5.97062729,-9.423142829,6.205965917,-0.24816256,0.523159812,0.125172,72.7278905,-8.719174178,7.473885818,74.32935574,1.719112,127.2353087,-20.30893122,-18.93484241
Driver,92.64942734,3.344,5.528,-4.330708661,55.131,7.861,10.869,-3.58,-9.108,136.6023175,1.4744,9.988,-2.483,1890.0,-37.289,308.9178891,33.91465575,-37.33439552,5.964545374,-0.283586957,1.039533721,0.091687765,175.9938151,-32.40511831,18.84414208,74.25602112,3.806038915,225.6114147,-49.17264271,-74.64144334
Driver,93.60459914,-5.148,-9.304,8.385826772,37.311,-16.093,13.084,-5.069,4.235,131.9875179,1.41,9.449,-5.936,4890.39,13.488,346.1284838,54.65315783,-19.34354118,190.1378544,-9.25519601,-5.199052752,5.15494,181.6077259,-8.95831056,29.94269067,63.56892965,4.83494,207.1207366,-9.929137138,29.54483431
Driver,96.75420544,-5.158,-7.163,6.417322835,47.39,-11.926,19.72,1.105,8.268,130.641777,1.3502,16.202,-0.15,4817.57,11.794,390.2283115,106.3503571,27.74857044,6.228223581,0.002583161,1.852368721,0.103327,193.4001543,21.90465562,47.25215107,59.02203391,6.54856,203.258961,23.7973028,67.22292713
Driver,78.19658196,-3.4,5.8,3.622047244,54.196,2.901,29.404,4.165,-1.676,98.16660702,1.2554,22.136,4.562,7078.23,-1.441,248.5814432,76.21775674,17.02467566,5.555604877,0.439207806,2.281887626,0.128122,129.989146,8.838351882,46.16357969,53.08326944,5.253622,136.540342,9.237436599,-4.514327175
Driver,99.6980136,3.144,0.494,-3.74015748,50.56,3.084,14.332,1.617,1.122,148.7354599,1.4918,12.689,1.447,2440.0,-0.269,479.6884191,87.03801354,11.35772133,5.989667926,0.151012075,1.357651915,0.085489,247.3637031,5.770235842,35.60928491,63.88715104,6.339175,274.123613,6.345335995,-1.429168634
Driver,99.60853615,-2.924,-8.872,3.897637795,49.421,-11.379,17.101,0.695,9.567,139.961301,1.4051,14.643,-0.549,3800.0,16.806,438.0926998,103.7177073,38.18987409,5.99222327,-0.037571273,1.586596725,0.09193815,218.3308599,31.89683776,43.88960789,60.04157626,6.680655116,233.5555936,36.0165781,101.8947336
Driver,88.73478883,-3.578,0.534,4.68503937,49.265,-2.553,6.843,-6.027,-6.561,105.4350841,1.1882,4.978,-4.842,2310.0,-22.175,134.7953191,6.66259445,-14.91528681,6.023149252,-0.528534958,0.502041119,0.118711388,81.26380063,-10.86378062,7.417199558,75.95695934,1.879634211,139.3462665,-21.69755918,-12.08172852
Driver,114.607194,7.0,2.6,-7.598425197,46.215,8.949,20.944,2.694,0.015,169.2309413,1.4766,18.79,2.604,3620.0,-2.832,571.4277333,201.3012586,13.17375012,5.880895945,0.27515554,2.029504223,0.076224,265.8605472,3.70181534,57.01523017,73.97142921,8.671891,271.1510013,3.683177773,-25.13881946
Driver,99.7718325,-4.689,-3.646,6.57480315,42.018,-8.869,16.727,-1.293,2.353,140.1071492,1.4043,13.051,-1.716,5143.89,3.991,427.8597494,109.2807161,-0.815734745,6.388714442,-0.18455911,1.533451377,0.0973616,207.1088404,2.39417335,47.80240584,59.42089436,6.77555,216.5092855,2.7720747,25.78390998
Driver,92.6404796,-1.8,1.4,1.88976378,58.44,-0.285,18.164,-1.256,-2.71,134.8205977,1.4553,14.49,-0.626,4960.0,-5.67,403.8272567,107.0501772,-20.05039511,5.931873238,-0.084385977,1.569845789,0.094693,197.1945838,-14.01848809,48.10917329,57.81489265,6.6996,206.9893683,-15.10735562,-35.60593279
Driver,75.80529707,2.5,7.5,-3.188976378,57.471,9.119,10.162,3.707,-3.793,97.50201324,1.2862,8.322,4.684,1990.0,-0.238,157.3392913,13.22026732,12.74730693,5.819479753,0.474996544,0.822926694,0.124974,94.31208593,7.639547425,12.89302831,65.97566024,2.47874,141.3689647,11.4189969,-0.18660499
Driver,104.4179492,5.1,4.9,-6.57480315,49.052,9.348,12.081,-3.03,-7.93,149.6754205,1.4334,11.112,-1.827,2190.0,-30.907,418.1014584,58.04178532,-53.51539982,5.746628218,-0.203854462,1.128730524,0.080918,225.3677713,-45.19066872,26.37704112,68.42527888,5.119903,263.1141718,-59.75735633,-114.3855193
Driver,83.42206514,-4.5,0.9,4.173228346,60.793,-1.768,22.678,-0.22,-1.12,114.3016285,1.3702,18.78,0.245,7000.0,-1.468,308.6514861,93.26596763,-3.153298752,5.779877314,-0.010493763,2.005944588,0.111861,155.2602842,-2.37327332,48.65302439,55.78926485,5.926462,161.2442036,-2.514853779,-9.11122142
Driver,27.15864352,1.3,3.5,-1.456692913,62.634,4.146,27.734,3.291,-0.209,39.92886543,1.4703,19.639,3.422,3200.0,-0.196,38.30368125,7.094192473,2.240970779,5.740186083,0.342201708,1.638659576,0.320174,24.31556692,1.444548283,22.47598702,34.38285401,1.454212,39.1206183,2.320412368,-0.020555817
Driver,108.8314245,2.884,1.531,-3.307086614,56.952,3.409,18.764,-3.443,-4.975,154.8134395,1.4225,16.118,-2.569,4265.0,-11.024,501.0690964,151.6387922,-60.74597069,5.629014626,-0.265475798,1.664220088,0.0784896,238.3230725,-39.82017297,52.73543877,66.68091503,7.73722,246.2255937,-41.72525816,-87.7442549
Driver,95.46573014,0.602,4.786,-0.787401575,48.188,5.324,20.513,18.098,13.312,134.7382785,1.4114,17.603,15.986,4720.0,18.16,404.599758,118.148744,150.9127855,6.021675463,1.684235296,1.94200285,0.097717,199.5442958,89.36529601,48.91628274,60.72368038,6.784301,209.5848767,94.96347227,110.320893
Driver,120.1301897,3.5,-1.9,-4.842519685,42.881,1.603,13.322,-4.087,-2.187,170.0348962,1.4154,11.86,-3.719,2520.0,-6.173,581.1010946,115.8516503,-56.11921331,6.066790474,-0.405099517,1.290051924,0.075499,287.6622343,-33.87173729,41.17647624,65.29203721,7.330762,308.5595848,-37.31637383,-45.81452455
Driver,97.38949535,1.612,-2.448,-2.165354331,48.896,-3.855,11.106,2.955,5.403,138.6005727,1.4231,9.962,2.29,1814.48,7.198,367.7066793,44.00062112,21.53556832,6.040876808,0.246554776,1.058661683,0.091538,202.5798396,14.73997666,22.31973256,70.26169073,4.562996,246.7052004,19.45382248,19.96529121
Driver,103.8497674,1.7,9.1,-2.007874016,49.392,10.559,15.283,-0.394,-9.494,144.9384843,1.3957,13.504,1.096,3140.0,-20.292,457.5539636,92.38014006,-37.37986351,5.915636229,0.093779703,1.432902008,0.087034,232.3029074,-34.36998245,38.90233987,61.08404742,6.457481,253.2020843,-40.71064162,-116.2745962
Driver,78.31961346,-3.513,2.477,3.307086614,61.597,0.575,19.006,2.056,-0.422,95.1263869,1.2146,15.82,2.119,3010.0,-0.83,226.6399754,40.98048637,7.676636302,5.908291763,0.217394932,1.655564775,0.134292,127.1924698,4.148779815,29.11933973,54.53947449,4.133519,153.1532696,4.890992881,-1.663525569
Driver,30.32838225,-8.121,13.021,7.795275591,69.397,9.946,25.169,-1.109,-14.13,31.36005727,1.034,15.421,3.398,3290.0,-17.324,18.58720473,2.623258222,0.984280215,5.912403364,0.317485349,0.873251571,0.409287,11.97311629,0.576748977,16.29443489,29.05276518,0.846192,23.25517364,0.996393917,-0.399318252
Driver,101.9550823,4.7,3.3,-6.25984252,50.117,7.139,15.726,3.576,0.336,149.8197029,1.4695,13.972,3.521,2610.0,-1.479,496.1701641,102.3480291,26.36078153,6.009460318,0.367819756,1.506687586,0.085647,252.8145041,12.61049332,39.61353372,63.93993336,6.778143,275.1029952,13.49220527,-8.761281523
Driver,100.3623837,3.043,7.12,-4.015748031,48.473,9.818,15.617,-1.268,-8.388,143.6542591,1.4314,13.862,-0.045,3020.0,-25.533,441.8145828,86.8073418,-52.17831138,5.924138453,-0.028423745,1.47065299,0.088063,227.0698691,-45.32425508,37.02910746,61.28237686,6.20147,249.960397,-54.35906599,-135.4484691
Driver,111.8803686,1.0,-2.2,-0.905511811,52.566,-2.038,12.986,-0.84,1.478,165.3858715,1.4782,11.729,-0.943,2080.29,4.688,546.603716,96.56333949,1.587591665,5.702192228,-0.096375181,1.193732726,0.07283,279.0498212,4.372161507,36.07923623,66.80094778,6.672204,306.2575436,5.669008258,26.89058146
Driver,101.333214,3.132,0.867,-3.858267717,47.745,3.716,16.987,3.599,2.732,151.0605315,1.4907,14.612,3.11,3632.36,10.759,496.75158,125.8110826,59.14322747,6.253954344,0.353013944,1.668674858,0.088833,242.4163638,38.79245213,47.00757464,63.05455479,7.32712,249.2531667,40.42011392,77.25890628
Driver,99.18128132,-0.6,2.4,0.62992126,58.138,1.548,16.099,0.42,-2.015,145.9536059,1.4716,13.147,1.035,4310.0,-2.188,459.6411838,117.3497451,-0.543023462,5.867268586,0.079683764,1.40194334,0.085814,221.5603028,-1.953402093,48.32516791,60.57959245,7.076374,232.6889884,-2.231005942,-17.86503132
Driver,97.14790623,-6.971,7.905,7.559055118,56.46,3.256,31.347,0.988,-6.916,117.0850483,1.2052,24.587,2.425,7980.0,6.646,315.5955117,124.777466,26.61034231,6.177158227,0.277295838,2.885256612,0.1221576,154.0676798,17.4602543,55.56345855,61.19119071,6.472915772,155.1164161,17.61144515,32.90329576
Driver,93.78355404,0.06,-0.23,-0.078740157,49.159,-0.178,12.743,2.483,2.713,137.1868289,1.4628,10.647,2.023,2920.49,1.034,417.1128911,64.91621292,16.41292227,6.047606843,0.214520348,1.147708974,0.092985,214.9884202,9.182075241,32.12592526,59.87254141,5.705841,241.5047826,10.50792709,4.782122984
Driver,93.63367931,-0.856,0.546,1.181102362,51.349,-0.139,15.33,-2.626,-3.172,129.1416875,1.3792,13.379,-2.228,2550.28,-7.636,381.6352053,63.75011089,-33.23804155,189.0701937,-23.65870745,6.947699848,4.92633,201.7744586,-26.43479095,31.12271746,62.55015102,5.40462,229.2298709,-32.42206556,-55.91461912
Driver,109.9185755,4.097,1.862,-5.275590551,45.107,5.954,17.078,-0.263,-2.125,159.2671797,1.449,15.143,0.067,3101.71,-5.84,545.7267361,138.8342691,-18.43144342,5.432405682,0.00086362,1.501025227,0.0732092,266.1941222,-14.57664652,47.72766161,66.35267989,7.6879,279.9595048,-15.90588319,-44.66234702
Driver,83.7710272,-0.5,2.9,0.708661417,48.676,2.413,8.01,-8.153,-11.053,116.41352,1.3897,6.558,-6.248,2760.0,-20.305,242.4754245,19.01757906,-38.84955204,5.800287556,-0.650927301,0.664312621,0.103952,133.933463,-26.66739095,15.13751224,63.52367364,3.326555,176.4058709,-39.27586952,-36.6737293
Driver,105.8182713,5.3,8.5,-6.535433071,50.376,12.856,10.866,0.618,-7.882,145.8220741,1.378,10.071,1.7,2000.0,-22.953,397.1646527,49.33513279,-14.47675224,5.946828721,0.160371548,1.05568777,0.085667,216.0947001,-18.37160351,23.68777336,69.80948902,4.816222,258.0897648,-27.12577756,-74.25307757
Driver,104.9637616,-3.841,0.464,4.37007874,53.737,-2.359,16.702,-1.907,-2.371,145.7200698,1.3883,13.532,-1.523,4616.45,-6.43,458.5406787,119.8830472,-31.79458484,6.268091731,-0.176192938,1.557257455,0.0919237,221.2929589,-20.83010014,48.44466346,61.11011645,7.09677,226.3444487,-21.53944731,-44.90183906
Driver,81.29473873,0.314,-4.162,-0.433070866,50.238,-3.901,12.999,-3.815,0.347,117.596412,1.4466,10.456,-3.887,2970.8,13.147,292.692635,39.76910378,-4.265179615,166.39212,3.210901615,-3.578055262,4.40112,158.8882913,2.465180768,24.58576648,65.71881841,4.14112,193.3426657,5.629630939,39.68723858
Driver,86.2428418,-0.775,0.076,1.062992126,48.556,-0.608,12.814,-1.807,-1.883,113.7081693,1.3185,10.253,-1.443,2920.0,-5.065,284.0621578,35.71039785,-11.66366275,5.105764941,-0.132594571,0.922216022,0.094469586,155.1238782,-8.20613257,23.64970548,58.93517838,4.245880083,188.3039242,-10.89846476,-12.9078072
Driver,98.45875089,3.631,8.493,-4.330708661,47.744,11.798,12.121,5.578,-2.915,140.8408644,1.4304,10.755,6.056,2020.0,-11.753,396.7795785,53.35595622,27.38052347,6.020224456,0.626335125,1.143940256,0.090035,214.6313612,9.48919285,25.5296516,67.52332023,5.007623,253.5949494,8.715004476,-39.55597928
Driver,96.28221188,-0.5,-3.3,0.866141732,47.406,-4.062,17.275,2.537,5.837,132.8109341,1.3794,15.27,1.81,3950.0,9.619,408.2653466,101.1169147,35.43195216,5.620672808,0.189814141,1.555716508,0.091162,203.6669507,24.65601598,44.96272597,58.97735389,6.539841,217.604724,27.27381335,54.77449363
Driver,106.6459377,1.757,1.203,-2.047244094,48.938,2.734,13.601,-1.766,-2.969,157.9498479,1.4811,11.936,-1.336,2692.59,-9.055,526.0284804,98.81278002,-35.33394431,6.267195694,-0.155200335,1.349563596,0.0840288,264.3863978,-25.34921311,38.31330829,63.3994852,6.82404,286.0872295,-28.90299599,-57.61927193
Driver,102.3912849,-3.642,3.365,5.078740157,41.729,-0.728,14.792,3.892,0.527,149.4063171,1.4592,12.581,3.826,3281.63,1.609,492.8387119,104.2345824,36.56716504,4.976113992,0.33324672,1.132797676,0.0705862,243.7766508,19.77392497,42.15338495,61.21376965,6.92283,253.7307812,20.70158889,10.55114854
Driver,106.5810666,4.7,0.3,-5.94488189,47.933,4.6,2.145,-12.433,-12.733,144.4727541,1.3555,2.545,-10.473,2490.0,-65.561,101.9931152,2.452181806,-22.68913107,5.858493444,-1.10451736,0.243066134,0.083886,63.97190512,-16.66182204,3.34052035,113.1634501,1.026481,140.1972436,-42.80902978,-15.47183027
Driver,109.6165891,-2.119,-0.52,3.346456693,38.583,-3.178,13.725,5.03,5.549,160.1212419,1.4607,11.911,4.371,3060.0,5.057,542.3273502,111.8751658,55.74901429,6.204572656,0.477720682,1.328102181,0.082095907,266.4682487,32.36929946,42.2748151,63.04160134,7.220971955,285.3769686,35.41168862,36.35052185
Driver,91.14620616,-2.5,-3.7,2.992125984,56.667,-5.538,12.672,1.138,4.93,123.5063976,1.355,10.027,0.263,3410.0,-1.592,347.5643518,50.06330943,-0.748936651,6.066948438,0.026017567,1.083896954,0.103554,180.8877892,-1.165912487,29.55457214,56.83053282,5.067224,206.9948028,-1.616035486,-5.988582156
Driver,101.2437366,1.712,1.124,-2.165354331,46.547,2.746,14.241,3.151,2.027,148.0563261,1.4624,13.071,2.955,1743.23,8.975,450.46944,74.46867014,35.75230036,6.190580401,0.325663954,1.44135301,0.0887705,242.4058683,24.29611006,30.52043881,69.22461684,5.67301,265.3694509,27.69463674,35.49094961
Driver,97.89280601,8.159,8.109,-9.645669291,52.226,14.488,14.457,5.597,-2.511,142.6840999,1.4575,13.124,6.139,2030.0,-13.236,429.0469112,71.58700718,26.18159837,5.958526669,0.627278342,1.390484291,0.088755239,230.200401,7.006785794,30.93452273,66.53914813,5.625327419,263.5143058,5.466174798,-52.91946153
Driver,105.5274696,0.1,4.5,-0.157480315,50.695,4.637,10.048,4.937,0.437,153.6045991,1.4556,8.83,5.002,1860.0,-3.754,444.7721246,54.51718923,32.95567466,5.709696745,0.495344958,0.892984126,0.07779,234.1344043,15.54404959,25.63774268,67.65741575,5.23553,272.6701635,17.26440664,-14.65322661
Driver,90.5019685,-0.307,-0.245,0.433070866,47.06,-0.531,13.984,-1.645,-1.4,128.6871421,1.4219,10.829,-1.328,4049.76,-3.573,381.5288494,68.19107942,-15.80976142,6.011607555,-0.143646621,1.17540723,0.0987261,192.3705635,-10.16223345,36.58221202,55.65033099,5.73788,209.7355923,-11.53575131,-17.12210592
Driver,100.6151575,1.143,2.834,-1.456692913,47.846,3.868,16.862,0.024,-2.81,138.9759306,1.3813,14.502,0.465,3310.0,-4.249,445.6484036,100.6089848,-6.63190439,5.860282562,0.043157374,1.532114115,0.090388,223.8167521,-6.443007741,42.38196933,60.55400554,6.650932,241.5384864,-7.488984637,-24.77541174
Driver,75.9864889,-0.886,6.16,0.787401575,66.095,5.767,26.2,7.555,1.396,84.56357373,1.1129,21.533,7.287,3921.49,2.195,197.4980036,49.78007881,25.7055359,5.911338515,0.753775334,2.308129152,0.157204,109.8819312,15.3178845,37.10443663,50.69592209,4.28158,126.4453945,17.78652011,4.178638086
Driver,96.90855404,6.028,5.423,-7.244094488,49.09,10.673,13.316,-3.365,-8.788,133.9721278,1.3825,12.405,-2.227,1910.0,-48.894,296.43244,39.03263317,-39.77886677,6.294797781,-0.278438449,1.365711002,0.0994809,170.9821522,-36.89135287,21.28393879,74.01746601,3.78882,204.5328996,-50.74004108,-91.12752388
Driver,89.74812097,-3.848,-7.871,5.157480315,50.772,-11.019,19.351,-12.742,-4.871,117.6292949,1.3107,16.32,-12.061,3620.0,-7.519,342.4581643,78.16578098,-81.66110121,6.254495603,-1.317657052,1.844599571,0.1153736,178.077753,-47.43301129,40.03756499,56.84383187,5.75057163,195.3706215,-52.83656233,-31.56107401
Driver,66.20884037,-1.3,0.987,1.141732283,68.243,0.468,36.511,10.371,9.383,71.13524517,1.0744,29.766,8.288,4910.0,9.649,151.4675235,51.69605097,25.20217631,5.578045369,0.825863469,3.131178611,0.190201,84.36230698,16.52431753,43.73237929,47.78483039,4.069062,94.18801348,18.75283036,13.27968707
Driver,91.91571224,-2.703,2.327,3.307086614,52.07,0.219,6.04,-3.61,-5.937,132.3114263,1.4395,4.964,-2.874,1710.0,-13.234,231.1327576,12.42787292,-16.24583465,5.860893674,-0.302342142,0.501786373,0.091865349,133.7078437,-11.55462389,9.295854402,83.61725271,2.650904617,198.8170746,-19.69096765,-14.58328484
Driver,79.39557981,-2.426,0.774,2.874015748,49.84,-1.275,18.776,13.037,12.263,103.3826951,1.3021,16.019,11.324,3290.0,19.935,261.5381726,50.20933563,68.12014398,6.489698931,1.303485613,1.854912393,0.135947,143.7559723,45.02547129,31.84090223,55.21287898,4.5818,165.3114596,54.0832227,52.02521247
Driver,106.7823908,-2.7,6.1,3.385826772,51.013,3.837,7.785,3.645,-2.455,157.6393611,1.4763,6.727,3.946,1700.0,-6.307,419.1075473,37.27804784,21.67060035,5.726427786,0.390432939,0.678738174,0.075548,225.030511,9.10138771,18.4599031,75.80444483,4.482635,277.1178712,9.634871653,-19.17982738
Driver,83.14468504,-4.38,-0.597,4.173228346,54.954,-3.677,27.928,1.04,1.637,106.9183966,1.2859,22.986,0.754,5250.0,1.753,292.3995992,96.64455964,6.483592572,6.316669018,0.086909239,2.717017767,0.13438,149.4855816,4.291944228,49.14793477,57.02747135,5.89869,157.1724319,4.5801513,6.97572778
Driver,86.92734431,-4.0,-1.0,3.385826772,54.928,-4.434,24.258,0.214,1.349,119.6743021,1.3767,18.726,-0.15,6570.0,2.085,325.7086897,104.5743107,4.122484023,5.657403762,-0.003609966,1.962885886,0.104518,160.5394785,3.244401282,51.33289803,57.19588327,6.234702,165.789851,3.413698903,10.99378566
Driver,96.61104152,-8.397,-7.501,9.251968504,55.558,-13.311,21.316,2.652,10.153,120.9650143,1.2521,16.919,1.021,5592.72,18.199,337.8632313,90.15022377,41.5371162,6.194652627,0.143092239,1.926310723,0.111621,170.8886407,31.77268791,45.14370213,56.21752657,5.97489,175.7589847,33.25377722,86.32708634
Driver,111.1802076,3.0,1.6,-2.913385827,50.839,3.413,11.631,-4.144,-5.661,162.9769148,1.4659,10.158,-3.081,2850.0,-10.212,540.3998267,96.05559053,-58.34130959,5.90139824,-0.334072751,1.073726004,0.076182,266.2913659,-37.69451968,38.7187623,62.06466542,6.87282,288.024773,-42.55595616,-70.41482766
Driver,93.12589477,-4.1,-6.3,4.763779528,53.06,-9.541,2.317,-0.709,5.729,130.6144864,1.4026,1.574,-1.37,1290.0,-11.939,88.32051685,1.330495037,-2.63238536,5.831901668,-0.145885909,0.148557667,0.092158,55.12097668,-1.938122603,2.128799941,109.6888363,0.942958,128.6921894,-5.385379286,-1.861532423
Driver,68.3249821,4.0,8.2,-2.795275591,72.648,9.071,24.584,0.795,-7.469,67.15730136,0.9829,19.55,3.026,3570.0,-11.136,118.3469277,24.18834744,3.295027194,5.606555853,0.276484951,1.912081341,0.185337,70.02765655,0.712635806,28.50541607,45.8098132,2.942011,89.97453314,0.173819461,-8.954593188
Driver,97.66911238,-0.5,-2.689,0.826771654,44.964,-3.189,14.337,-5.272,-2.583,139.1548855,1.4247,11.203,-4.71,4394.69,9.227,400.4643908,79.65196394,-17.27354526,215.3872152,-7.066334691,-4.34414328,5.89794,209.3512582,-7.042449558,35.34787984,66.18044081,5.66794,232.5865622,-7.156064134,30.48584581
Driver,25.94398712,-1.5,-2.7,1.417322835,67.791,-3.45,38.141,-5.362,-2.662,29.48818898,1.1366,27.719,-4.387,3042.52,-2.507,25.67810649,6.787862332,-1.993507351,2.258448913,-0.179517439,1.044524034,0.179072,16.18670765,-1.320887805,30.19437558,26.89809567,1.358515,24.47759395,-2.013943381,-0.248941719
Driver,109.7731747,6.5,-1.7,-8.267716535,49.711,3.796,17.532,-1.867,-0.167,162.8657391,1.4837,16.355,-1.9,2600.0,-1.726,556.427863,148.4954693,-22.94318844,5.704710724,-0.186769207,1.690543934,0.075655,272.898096,-13.25431902,48.22164013,67.39091856,7.852729,287.4580739,-14.13467702,-12.62917501
Driver,115.7390838,1.871,7.238,-2.007874016,53.758,8.61,14.083,2.541,-4.697,167.7078114,1.449,12.611,3.127,2630.0,-13.711,572.2771292,116.4173511,-9.619854197,6.544508117,0.341754831,1.495553907,0.0829095,284.976893,-17.28644582,40.70033281,65.55819307,7.29019,304.8716419,-20.59749596,-98.33216289
Driver,85.7126879,-6.9,2.446,8.346456693,51.971,-2.985,14.929,11.684,9.238,114.3264585,1.3338,8.974,9.087,7336.22,15.111,284.9802383,43.95058723,65.29085656,5.135549215,0.830032481,0.835332237,0.094642533,145.7080127,39.62798195,31.99727572,50.85870634,4.628739422,160.1958924,45.03108075,50.95741331
Driver,112.0615605,8.5,2.9,-9.645669291,53.04,9.383,13.956,-1.646,-4.546,166.1578382,1.4827,13.367,-1.02,2060.0,-24.242,530.8238352,101.6007759,-64.2796767,5.681824895,-0.129202787,1.357899773,0.072723,272.9004155,-52.24344842,37.06602208,66.85185279,6.626544,299.1060735,-61.74942977,-142.4010175
Driver,100.0917144,1.004,-0.882,-1.181102362,54.082,-0.156,13.022,-1.659,-0.777,148.8452935,1.4871,11.605,-1.565,2100.0,-2.36,459.5823113,71.81752721,-16.31335406,6.478359217,-0.178986747,1.339851927,0.0919741,242.3876446,-10.10716823,30.65293829,66.23596657,5.79399,273.6570459,-11.86106644,-10.46791566
Driver,100.666607,2.919,6.411,-3.779527559,50.592,8.812,14.727,0.852,-5.558,148.7296439,1.4775,13.37,1.515,2217.78,-24.63,451.1490269,78.28427199,-28.45744341,5.265331872,0.124615876,1.253473014,0.07522,239.2441616,-30.57615625,32.25914695,66.17559393,5.839849,270.5329752,-39.5857094,-110.5166763
Driver,99.00232641,2.201,5.304,-3.031496063,45.997,7.432,7.069,0.713,-4.591,140.2874463,1.417,5.733,1.983,2560.78,3.155,369.4174609,34.05626493,20.02458783,194.5996392,13.93061064,-3.874404317,4.81074,186.2490056,12.92376629,22.99509687,59.1785505,4.49074,218.4766082,16.69197154,19.46037685
Driver,68.66723336,-2.773,-5.234,2.952755906,61.336,-6.751,45.287,10.499,15.733,62.43244452,0.9092,37.874,6.99,4860.0,14.391,123.9198775,53.45697028,19.11982002,3.938601299,0.50006879,3.002698414,0.167429,67.8188016,13.27052602,49.49117692,46.26129812,3.95271,70.921229,13.97814952,15.23446551
Driver,96.49472083,3.803,-0.496,-5.236220472,42.495,3.665,17.538,5.746,6.242,143.2594399,1.4846,15.934,4.979,2510.0,23.5,448.5139822,95.03853386,81.66089984,6.053960236,0.546765722,1.739284416,0.0910477,234.8326407,59.60590075,37.6975132,63.98894826,6.32497,249.0217462,65.44293226,119.0015572
Driver,101.650859,2.5,0.1,-3.267716535,47.923,2.461,14.703,1.602,1.502,149.1745705,1.4675,12.974,1.464,2580.0,0.681,487.3854469,92.73042697,13.73240071,5.871355249,0.150577964,1.362961255,0.083647,249.4717253,7.653566588,37.40793773,63.47892535,6.53982,273.8611897,8.518160218,3.84106586
Driver,105.6393164,-3.197,-8.232,3.818897638,48.705,-11.044,13.224,-3.79,4.442,150.5196403,1.4249,10.456,-4.561,4286.81,9.825,480.2148173,102.0230445,-6.906658873,6.420850409,-0.497144202,1.228617229,0.0900673,231.5999738,4.319122087,43.95294183,59.14015521,6.86196,244.981179,5.636463076,68.15750628
Driver,101.2728168,3.673,4.295,-4.291338583,45.61,7.898,9.922,2.15,-2.145,151.2050376,1.493,9.185,2.406,1170.0,-18.668,379.1822849,40.17340254,1.033475173,6.162904536,0.24840424,0.992758084,0.0852313,212.6482243,-5.478917672,19.07992265,80.09711418,4.21673,253.2687253,-9.350513859,-43.1944692
Driver,109.9901575,-1.963,-2.01,2.440944882,52.192,-3.534,15.186,-1.13,0.88,161.6278185,1.4695,13.814,-1.203,2205.55,1.87,548.1210343,111.3376278,-6.685544551,6.495289258,-0.134538401,1.620251815,0.0857594,279.8035846,-2.000380049,39.17866551,67.11567907,7.00531,302.5999318,-1.877173874,11.62296645
Driver,112.466446,5.5,-0.9,-6.771653543,51.263,3.472,14.666,-1.483,-0.583,167.9431371,1.4933,13.461,-1.32,2012.97,-2.751,569.6934477,115.0540884,-20.78030831,5.89068438,-0.147722309,1.420805981,0.074631,289.847763,-13.01442837,39.51971012,68.26580552,7.094104,313.9205138,-14.53750378,-19.02205939
Driver,97.85701503,-3.569,-1.635,5.078740157,43.337,-5.425,25.735,10.103,11.739,121.4996421,1.2416,18.092,6.73,9932.1,34.704,284.235346,87.1624211,91.74594644,94.2768383,32.7465017,28.90651511,2.80829,145.0941563,59.35178105,47.07653347,65.94483393,5.08767,149.0120099,61.39795903,130.2803817
Driver,102.2794381,5.071,8.517,-6.456692913,46.472,13.352,15.362,1.368,-7.149,149.4573193,1.4613,13.863,2.45,2714.85,-33.64,446.1566294,82.09958082,-41.87572217,5.603335976,0.214368785,1.390622693,0.0798772,233.3347733,-45.51482116,34.1089688,63.7376445,5.94096,249.712472,-52.95329865,-165.7683053
Driver,93.00957409,-1.126,-1.793,1.57480315,47.743,-2.816,17.674,-0.477,1.316,133.4949893,1.4353,15.476,-0.64,2920.62,2.526,421.2425012,92.3575047,0.436758323,5.984777902,-0.064199152,1.674448514,0.0964808,216.8998479,1.869336962,39.93294069,60.80853487,6.3465,235.9283332,2.353800462,12.87562361
Driver,79.98165712,-2.949,4.322,2.598425197,68.438,3.155,23.981,-1.182,-5.504,101.8694077,1.2737,18.167,0.114,5998.08,-8.744,260.9876698,66.14914837,-10.48338324,5.800585546,-0.004217432,1.923467367,0.125383,137.2364558,-9.032356974,41.51880484,52.30945438,5.090444,148.0126728,-10.27029173,-27.91440858
Driver,20.7408733,-1.956,3.878,2.362204724,51.124,2.301,26.765,-7.033,-10.912,29.94608984,1.4438,19.311,-3.893,2370.0,-13.596,20.3047681,3.617033466,-1.455659363,5.956191195,-0.430885012,1.191814613,0.44118,13.14051372,-1.016208492,20.82171577,27.8020319,0.996442,24.39741008,-1.9849121,-0.373143911
Driver,89.39692198,1.258,4.747,-1.653543307,49.79,5.811,19.8,9.707,4.96,131.0875984,1.4664,16.959,8.897,3830.0,6.751,407.0168593,107.9579728,76.28358781,5.829286706,0.909810844,1.798855756,0.096678,203.8920296,44.02999758,46.17389329,60.23915905,6.652349,217.3251488,47.51448941,38.13179447
Driver,93.21089835,2.729,-7.591,-3.543307087,46.575,-5.005,20.563,4.596,12.187,130.7683876,1.4029,17.847,2.588,4300.0,21.717,389.567648,107.1061241,66.0308302,5.895239041,0.295797986,1.920617599,0.098606,195.6231723,48.75988604,46.20232573,59.57171076,6.502144,208.1584716,53.72087578,120.4674629
Driver,93.67394417,-2.855,-1.694,3.307086614,48.26,-4.244,18.627,-2.08,-0.386,131.0370437,1.3989,16.052,-2.03,3351.39,-0.997,410.7493553,98.02758696,-16.27020937,6.265071801,-0.223230064,1.827082531,0.103362,208.6470745,-9.160275927,42.78059913,59.93587508,6.46451,217.9381146,-9.629956132,-5.312387244
Driver,84.99239442,-4.8,1.6,4.37007874,53.002,-2.493,19.836,2.54,0.934,120.2002058,1.4143,17.047,2.535,3331.29,0.846,357.330903,85.95759405,16.31352035,5.664550565,0.243196222,1.748352568,0.102466,184.5312458,9.148072445,41.8134265,57.68068193,5.995235,201.194579,10.06327996,2.962202249
Driver,101.297423,4.405,7.623,-5.590551181,51.211,11.173,14.862,0.527,-7.096,147.0951145,1.4521,13.342,1.598,2690.0,-29.014,443.6515448,79.68944422,-40.25839503,6.002654961,0.142440376,1.428542872,0.086892,231.6159499,-40.86997047,33.84447932,63.24424433,5.934644,258.8205687,-51.5407592,-141.6352188
Driver,58.82247674,-0.631,-5.996,0.669291339,53.943,-6.455,27.179,4.123,10.119,76.0357015,1.2926,21.373,1.751,4670.0,12.306,157.6184225,37.71559313,10.28850183,5.653726551,0.195207292,2.17013991,0.167193026,89.97586318,8.26879963,34.34810189,47.95090847,3.684770964,105.7844794,10.4951131,16.58182281
Driver,108.2654796,2.6,-1.4,-3.031496063,44.756,0.554,14.874,-0.355,1.203,160.9750805,1.4869,13.298,-0.502,2530.0,4.34,543.8784101,114.7780654,7.218061886,5.884963877,-0.049335751,1.404971549,0.077804,271.9311728,7.362133901,41.66067172,64.82974495,7.192015,292.506321,8.574177875,29.23046059
Driver,87.06379742,-5.2,0.0,4.094488189,60.891,-3.514,31.317,1.95,2.043,116.1054939,1.3336,23.913,1.49,8530.0,1.849,302.852921,120.3312262,10.73155472,5.697519773,0.142807476,2.583858573,0.112981,146.8971817,6.567439284,56.26435611,59.9685531,6.364551,146.9312137,6.569257588,8.248043096
Driver,115.4527559,4.7,-0.3,-5.905511811,49.476,3.72,16.388,3.831,4.131,169.289549,1.4663,14.339,2.91,3657.33,13.943,563.5461782,157.3003404,83.5250424,6.004546573,0.336202504,1.561864062,0.075978,267.05985,54.85055904,51.31157527,66.86642329,8.060093,277.1875395,57.97229094,124.532935
Driver,101.3779528,3.927,3.498,-3.543307087,56.496,6.103,22.463,3.859,0.361,121.9005011,1.2024,19.63,3.8,3429.7,1.046,372.248572,103.8237317,25.71619067,6.106875852,0.406094346,2.198825258,0.110623,190.5618406,14.32258727,45.59694173,60.16262873,6.40377,198.1810255,14.94231717,5.092632095
Driver,100.1319792,-3.3,7.3,4.133858268,52.191,4.636,18.221,-6.307,-13.607,128.9967341,1.2883,14.971,-4.01,4950.0,-0.998,384.3786585,99.14214009,-28.33822702,5.738915039,-0.402713352,1.565504921,0.095891,190.6933042,-15.16961435,46.311616,57.93397821,6.406749,201.7884019,-16.12652338,-5.518333597
Driver,100.7068719,-3.33,3.137,4.448818898,43.399,-0.391,9.937,1.686,-1.452,151.163878,1.501,7.986,1.903,2946.12,-6.195,473.678669,63.29584579,2.077372654,6.340561462,0.204390695,0.909334598,0.0877082,237.719187,-3.094457936,30.53461056,60.55822523,5.89168,255.6036748,-4.181237235,-32.95843371
Driver,90.26261632,-0.1,8.7,0.31496063,54.82,8.416,5.979,-0.021,-8.721,132.2004742,1.4646,5.2,0.976,1750.0,-29.714,211.5697686,11.45249341,-4.942308339,5.661218664,0.079123027,0.504971937,0.088809,124.6178166,-7.088381266,8.876864792,86.11038231,2.432013,191.8611693,-16.2309932,-27.61981477
Driver,94.66043307,-4.4,-3.143,5.393700787,47.784,-7.146,11.252,6.408,9.551,129.8485594,1.3717,9.146,5.089,3190.0,21.418,351.9629681,44.23207118,59.49694296,6.424348717,0.593601181,1.043011566,0.103903,184.826644,41.59139464,25.83325261,59.37817272,4.81086,213.3868837,52.1161946,76.3597388
Driver,101.0334646,1.808,2.543,-2.480314961,47.551,4.197,11.997,2.999,0.456,147.7981836,1.4629,10.581,2.934,2080.0,-3.3,442.3744722,62.21523546,17.45673738,6.024322422,0.305891433,1.129837042,0.085798,234.5532367,7.55240953,27.85703664,66.97172767,5.462751,270.863621,8.01256955,-13.37102815
Driver,102.9124911,0.5,10.7,-0.669291339,53.666,11.035,4.327,-1.275,-11.975,146.0395043,1.4191,3.972,-0.082,1730.0,-35.932,222.4470624,9.399278753,-10.85716023,5.68344075,-0.027604776,0.388112279,0.080539,129.7026019,-11.30356642,7.17346605,94.43226591,2.290939,202.7324744,-24.37462428,-33.3559041
Driver,89.93154975,-2.597,4.338,3.11023622,52.783,2.364,19.465,-0.59,-4.929,123.1543039,1.3694,15.995,0.236,4350.0,-2.461,364.7737428,91.43505473,-3.599386519,5.836568913,0.020633103,1.697168795,0.102654233,184.1113595,-3.297560237,44.20668203,57.22409841,6.152510037,197.3450163,-3.7475372,-12.16727681
Driver,94.72306729,0.7,-5.5,-0.787401575,52.639,-5.158,14.855,3.009,8.509,125.5200877,1.3251,12.416,1.417,3580.0,5.328,367.3676118,71.01495518,18.88785231,5.888045576,0.152219846,1.314735436,0.099852,186.5409519,12.78314004,38.05655657,55.34185029,5.748702,204.8166354,14.73420835,24.53142579
Driver,105.6303686,-2.7,5.3,3.307086614,50.634,3.079,12.571,7.761,2.461,152.6955082,1.4456,10.84,7.585,2660.0,1.119,495.3442471,82.53389217,66.96948962,5.766009575,0.761920928,1.115285684,0.079578,251.6313036,35.3043464,34.90648717,62.78100915,6.368639,278.0938494,39.2318593,6.32826639
Driver,89.06138153,-1.543,6.046,1.771653543,58.258,5.091,19.837,-0.195,-6.241,118.4556192,1.3301,16.364,0.888,4260.0,-4.588,343.8096535,84.22216585,-3.216114215,6.133966687,0.087906133,1.823914238,0.1125064,175.8800269,-4.16019572,42.84412117,56.42476471,5.91192908,189.8736396,-4.901042016,-20.6541153
Driver,69.12356836,-7.793,0.251,10.03937008,51.726,-5.948,4.809,-12.399,-12.65,92.79639406,1.3425,3.215,-10.798,2080.0,-32.973,56.66334172,1.678792865,-11.48006661,5.859408199,-1.124213525,0.285547975,0.1308104,36.45928025,-7.936501974,3.826249763,80.2535881,0.866402129,96.44655679,-22.89580919,-3.387707309
Driver,112.5469757,5.09,0.5,-5.669291339,57.822,3.712,21.54,-3.886,-4.385,153.6976557,1.3656,17.61,-2.775,6203.0,-9.234,460.2905834,168.7037433,-55.92133671,5.417604012,-0.279355268,1.788439113,0.0768,213.3296743,-35.23501382,58.09603087,69.30113863,7.76675,214.8784091,-35.55821913,-75.02223969
Driver,100.6397638,-3.9,2.1,5.31496063,47.435,-1.455,10.258,3.734,1.634,138.0379832,1.3716,8.562,3.538,2340.0,-2.361,382.8427673,45.04184215,20.32152665,5.834380307,0.35805823,0.884562598,0.088507,201.7563708,9.662819538,24.66847906,62.68130683,4.903222,236.9600141,10.83405228,-8.375396123
Driver,100.1990873,1.4,-4.2,-1.929133858,45.535,-3.279,23.265,1.86,6.142,134.018656,1.3375,20.202,0.867,4240.0,10.469,411.5428074,135.8634893,34.56785167,5.788149513,0.107348264,2.159449492,0.095882,201.1872305,25.1883755,52.29051358,63.66673332,7.133988,209.6297079,26.76643647,66.49558484
Driver,105.5901038,-5.468,2.987,6.102362205,54.046,-0.994,22.848,1.294,-1.693,141.3636364,1.3388,18.896,1.553,5555.28,-3.27,425.7392383,150.5173397,0.253229044,6.257482205,0.162749703,2.210422969,0.0974733,202.1195842,-2.242791423,55.57140297,65.83578346,7.40034,203.7600744,-2.290039089,-23.15821043
Driver,117.9916786,5.5,3.3,-6.220472441,52.01,7.659,18.298,-2.944,-6.244,169.3550913,1.4353,16.899,-2.287,3570.0,-15.737,568.7140417,176.0037634,-83.83418837,5.522725288,-0.23083172,1.69961988,0.070662,269.3802205,-57.66987421,53.22335253,69.86709689,8.328603,278.0298986,-60.45731253,-141.370577
Driver,75.34672513,-2.577,5.068,2.992125984,56.519,3.362,6.379,-2.578,-7.646,109.718146,1.4562,4.874,-1.281,2160.0,-28.93,134.9615613,6.466856955,-7.260541503,5.683016054,-0.148410434,0.464171473,0.107491087,81.85153723,-6.676999009,7.063576124,79.87391889,1.808149272,143.6783041,-15.65794554,-14.55471518
Driver,101.1028096,-1.629,1.139,2.125984252,50.432,-0.207,13.093,0.451,-0.688,146.650859,1.4505,10.501,0.576,3778.84,11.315,454.7352428,80.7595569,43.22345835,228.6009773,34.77221708,-0.419351498,6.03586,228.0082162,34.60116284,35.73216263,63.76047517,6.01219,250.7088831,41.19261751,97.00143421
Driver,86.26968504,6.953,9.39,-8.228346457,59.84,13.454,12.92,-2.592,-11.982,112.7930387,1.3075,11.807,-0.249,2850.0,-23.595,272.7739079,37.54642161,-20.18334246,5.93454873,-0.050485833,1.232048646,0.11151,151.5094551,-19.34885295,24.28776161,59.73944002,4.162716,184.5346849,-27.81094055,-56.08686986
Driver,101.3667681,6.059,5.802,-7.677165354,45.276,11.836,14.775,2.686,-3.115,151.5497495,1.4951,13.177,3.273,2553.65,-18.996,484.3273814,90.68377702,-12.99054793,6.223600909,0.3375874,1.473151887,0.0873625,249.5135834,-20.71407798,36.18904204,63.81712305,6.40956,264.8692703,-24.09939445,-104.6302031
Driver,98.77863278,-2.723,2.775,3.267716535,51.427,0.601,10.934,-8.19,-10.965,135.7091088,1.3739,9.219,-6.773,2980.0,-27.279,364.5269139,44.72049405,-77.92551028,5.515970905,-0.670610043,0.899894863,0.0851456,192.7189,-54.527032,24.87681321,61.75115865,4.78581,223.5727713,-68.78280379,-97.04012235
Driver,90.5757874,-4.716,-1.445,6.338582677,47.904,-5.719,6.726,-2.393,-0.948,127.7529975,1.4105,5.304,-2.274,1810.0,-3.07,229.3672336,13.20123504,-10.22214283,6.263004815,-0.250755677,0.573276919,0.101749,132.4097132,-6.429962249,9.938886813,80.22383271,2.73346,189.3820828,-9.73493424,-3.531886987
Driver,103.3263243,-5.01,-5.903,6.850393701,45.388,-10.864,13.229,-7.075,-1.172,144.0976199,1.3946,10.963,-6.924,3250.0,-2.359,460.4797664,82.62006267,-60.15853392,6.404831749,-0.774884694,1.267074281,0.0939131,230.5107065,-32.26400753,37.40864781,59.3403577,6.3513,250.1144712,-35.35735848,-13.54071315
Driver,94.6805655,2.3,-4.7,-2.874015748,49.322,-2.913,21.375,1.928,6.628,139.4597799,1.4729,18.209,0.601,4656.39,11.446,426.8737352,136.5301242,38.92367095,5.629982288,0.085871529,1.884077969,0.08848,206.5015394,28.24613845,52.43266853,63.47930082,7.211572,214.2065043,29.85238016,78.29669991
Driver,110.4151754,5.247,-4.841,-8.385826772,36.986,2.162,17.077,-3.507,1.334,153.4151306,1.3894,14.926,-3.759,3297.69,4.02,516.2120429,130.0034197,-20.28092904,6.279362112,-0.40664853,1.712677209,0.0879451,252.3538211,-6.810046697,47.17268297,64.5861083,7.45668,265.954487,-6.783857474,29.22858913
Driver,90.94040802,-4.032,4.923,5.0,52.411,1.813,33.212,-24.546,-29.47,99.7964388,1.0974,26.567,-17.918,8670.0,-24.264,245.5906105,88.55442221,-99.89491263,5.791742353,-1.834622188,2.91891111,0.1366216,127.3855461,-63.71854574,49.5354962,54.73632768,5.428593059,130.3036546,-65.47365787,-80.0770359
Driver,111.2428418,-1.187,-3.19,1.417322835,52.504,-4.101,18.415,0.155,3.345,159.8369273,1.4368,14.986,-0.463,5522.44,6.123,496.8094012,164.2986555,21.07428822,6.298820752,-0.038729664,1.75880171,0.0847854,230.1680361,15.62883683,56.53074341,68.83614987,7.87536,233.8750117,16.02201405,52.45191773
Driver,76.4361131,-5.215,3.595,5.078740157,57.557,0.269,27.688,0.784,-2.811,97.87423944,1.2805,22.475,1.291,5080.0,-3.637,254.5657621,76.40591036,1.055486628,6.037719594,0.128603936,2.511921582,0.13995,134.2667523,-0.752411287,45.06666612,53.87525603,5.286162,144.6418489,-0.997104288,-11.33172664
Driver,95.36730494,-1.6,-2.0,2.677165354,39.822,-4.61,19.278,0.386,2.444,134.4081067,1.4094,16.05,-0.02,4340.0,9.712,408.7005075,111.4935012,24.85610296,5.766758666,0.011336604,1.68844033,0.092928,201.5127018,19.42253939,47.9379823,59.26667748,6.763465,212.5758279,21.22215219,58.47765576
Driver,89.30744452,-4.338,4.045,5.393700787,55.144,1.017,17.173,7.275,3.229,121.0683608,1.3556,13.257,6.658,4760.37,22.309,316.8427475,59.2561419,74.08490349,148.0836259,42.85456356,11.56727471,4.08128,170.586617,52.51777831,31.87675467,59.32245497,4.977,192.5007058,61.82669092,100.0378782
Driver,75.35790981,2.939,4.728,-3.188976378,58.624,6.523,12.108,5.898,1.17,108.5102004,1.4399,10.945,5.747,1263.97,2.054,210.9448991,25.07364708,22.37496141,133.4407971,15.32162039,-4.276771614,3.48082,122.2180321,13.76557009,18.94904386,66.91415394,3.11082,164.787895,19.36871015,4.607505939
Driver,104.9413923,0.7,9.3,-0.748031496,54.843,9.825,11.777,4.844,-4.456,155.6288028,1.483,10.411,5.511,2280.0,-18.664,474.9016749,72.06352343,9.33803097,5.946215721,0.556540335,1.101725842,0.080434,244.7365518,-7.455411059,31.58487549,63.75091368,5.909077,274.3936663,-12.31297922,-92.74131174
Driver,112.9988368,5.3,3.7,-6.102362205,51.645,7.873,21.135,3.914,0.289,165.4471636,1.4642,19.428,3.881,2805.86,-1.368,577.9317921,184.1857268,32.12968924,5.464700595,0.368827378,1.944072908,0.07257,279.067113,15.03175429,52.73212078,72.26280255,8.451117,289.1404775,15.48902619,-11.59139295
Driver,83.15810666,-2.38,-5.057,2.362204724,60.874,-6.385,17.134,1.946,7.003,105.4433608,1.268,14.487,0.943,2950.0,12.781,266.9439291,45.75745712,15.42440688,5.70298086,0.107906071,1.464974229,0.115988,147.5494701,13.11114193,29.211123,56.65640363,4.473625725,174.5022195,17.37095459,32.07193661
Driver,112.5111847,-1.068,-3.209,1.614173228,37.931,-4.579,13.078,0.941,4.15,168.0303776,1.4935,11.418,0.438,2890.0,4.283,579.0813076,116.9683906,18.16253576,6.017335869,0.049610385,1.232967651,0.075660693,283.4722,13.02472623,42.17861258,64.33027338,7.417613848,303.0636778,14.59199597,32.57892062
Driver,99.24838941,-3.373,-6.016,4.173228346,49.434,-8.908,14.385,-3.319,2.698,143.7186829,1.4481,12.259,-3.654,3070.0,5.541,461.5289583,87.99124028,-16.10366976,6.318092529,-0.396497733,1.396783552,0.0933027,232.9121335,-4.326781583,38.22015378,60.381903,6.44077,253.0289776,-3.874673033,31.56960445
Driver,101.3645311,-2.1,6.3,2.598425197,54.004,4.634,13.529,1.25,-5.05,142.4973157,1.4058,11.612,2.016,2850.0,-5.894,448.6313767,77.08234987,3.593977465,5.765224626,0.197773695,1.195053024,0.085554,229.8402205,-2.047181113,34.86334578,60.99822868,6.105269,254.6006296,-3.318042551,-30.39313609
Driver,98.71599857,-0.915,5.633,1.25984252,46.874,4.776,5.75,-5.21,-10.843,141.0918486,1.4293,4.771,-3.596,2636.79,-27.179,312.3414297,19.36709344,-41.51332715,6.075735917,-0.403718362,0.509646105,0.089421,167.9076339,-30.71613492,12.94025417,72.54004734,3.520255,220.2833912,-47.39815388,-60.90619463
Driver,84.05735505,-4.1,2.5,4.212598425,61.556,0.223,22.54,0.519,-1.981,105.539549,1.2556,18.751,0.886,3981.49,-3.32,288.2015048,72.81900088,-0.397617909,6.026706937,0.08208034,2.05680867,0.12587,151.834014,-1.637965839,41.36265019,54.61748959,5.384122,166.7332748,-2.080062471,-11.95632863
Driver,99.11641016,-2.7,4.3,3.188976378,53.51,2.334,1.084,0.785,-3.515,147.0868379,1.484,0.575,1.294,1020.0,-12.983,62.72332875,0.346865831,1.166848355,5.729911312,0.123609852,0.051731762,0.080303,39.21619644,0.586576694,0.783712406,130.8724977,0.577946,112.5375114,1.098826779,-0.897237281
Driver,98.59744094,0.9,4.7,-1.141732283,52.882,5.35,25.564,8.44,3.74,124.9498926,1.2673,21.469,7.811,5140.0,6.139,356.5200045,128.1566298,60.19872005,5.778084307,0.795843584,2.314950616,0.103956,173.1703229,34.91413835,54.37730925,61.64285483,6.773079,178.8649177,36.24767209,34.61595592
Driver,92.66284896,1.3,0.1,-1.377952756,62.169,0.705,5.237,-2.23,-2.272,113.9511006,1.2297,4.669,-1.905,740.0,-21.035,109.3782465,4.773383732,-4.85867051,6.015778827,-0.210650368,0.458736613,0.109301,69.26871555,-3.797915675,5.848576063,92.9388901,1.386089,141.5655737,-9.357181037,-4.489866697
Driver,83.37285254,9.538,10.454,-9.212598425,56.315,16.884,13.56,10.302,-0.152,123.509753,1.4814,13.088,10.32,580.0,-2.076,280.8543829,37.79161752,49.0575372,6.287954634,1.12532124,1.436925352,0.107928,166.577734,28.99253664,20.30565803,78.57389764,3.69805,205.9742684,35.65702875,-2.588084799
Driver,60.36596278,-4.202,-7.906,5.118110236,49.293,-11.53,11.744,-4.857,3.049,79.43137079,1.3158,6.994,-5.781,3811.99,10.708,99.55301685,6.984593807,-8.450175535,6.059819599,-0.594209959,0.702156473,0.159897,60.04758838,-4.32150379,10.56823149,57.33851629,1.85996,87.4172536,-5.488970149,5.199500653
Driver,47.94872942,-1.3,-4.9,1.220472441,65.497,-5.642,49.298,-1.065,3.894,43.59632248,0.9092,41.487,-1.977,3383.35,2.78,66.01064537,29.46791702,-1.68385138,3.676296308,-0.122259782,3.055101143,0.236793,37.29354366,-0.946414395,48.47339718,36.54595435,2.86695,44.10708866,-1.092365538,1.020896802
Driver,92.46376163,-2.132,-1.662,2.637795276,52.513,-3.298,3.805,-0.846,0.816,126.1723783,1.3646,0.786,-1.261,3818.07,5.099,264.7421679,7.206995233,-1.582052712,2.355851028,-0.050938586,0.034827514,0.038391074,129.4470119,0.307877021,7.696759425,67.46037909,2.914093591,177.1628466,1.704340371,9.469536481
Driver,92.94470293,3.6,-4.0,-4.05511811,54.413,-1.957,30.217,6.379,10.535,110.7006084,1.191,24.701,3.799,6527.5,15.065,295.1884833,108.8547957,45.82496913,5.496539665,0.400220648,2.56273252,0.1146,148.149954,31.72821374,52.52716011,58.51098274,6.116,152.698957,33.03005738,66.21104502
Driver,82.42439155,-0.89,4.427,1.102362205,53.577,3.77,47.286,-1.926,-6.353,86.1482194,1.0452,38.84,-0.315,7270.0,-3.748,204.2040487,105.9506819,-5.344053042,3.541687118,-0.024437558,2.863907397,0.1106872,100.0345278,-4.033218293,59.34447268,58.07552751,5.576462743,100.0145703,-4.032228382,-10.45091626
Driver,65.86211525,10.7,-3.1,-11.41732283,58.352,3.496,17.029,-0.226,2.874,77.40828561,1.1753,14.993,-0.901,1720.0,16.451,126.4555498,18.51831071,0.730760349,5.537387008,-0.071898133,1.412676602,0.153592,77.65752125,1.923387827,19.96896108,56.2868847,2.566541,113.2392865,4.236102782,9.43176586
Driver,111.1690229,-1.411,-4.197,2.165354331,38.811,-5.952,14.541,1.864,6.061,164.7411865,1.4819,12.681,1.128,3260.0,7.878,563.4050544,130.1146948,37.93346041,6.08364168,0.127251294,1.390352877,0.078471869,272.7415726,26.24908553,45.86684629,64.45190611,7.635339214,288.2563246,28.69848681,62.69916136
Driver,80.42457051,-3.606,-5.809,3.818897638,56.964,-8.158,20.463,4.543,10.352,93.85647817,1.167,16.048,2.502,4490.0,15.037,220.4080266,43.29751219,21.3586233,5.211771403,0.24681455,1.495454189,0.1203144,121.1612702,16.35633035,32.44333121,51.36162533,4.225721723,140.1949563,20.43606365,33.29984713
Driver,86.39271654,-5.444,-3.926,6.023622047,51.672,-8.247,12.289,-1.15,2.776,125.6545276,1.4544,10.175,-1.49,2670.0,5.743,340.606359,44.28676883,-2.169481447,5.426328836,-0.13691123,0.976469325,0.0907264,182.968257,1.322730685,25.31078711,61.12313817,4.73834,214.0402983,2.612606442,18.23935982
Driver,99.9261811,-0.639,-2.857,0.984251969,46.197,-3.47,15.012,-1.69,1.167,139.6389585,1.3974,12.724,-1.867,3180.67,7.562,429.3572934,82.42228646,2.141504908,223.7537622,5.165215399,-1.55706949,5.87585,221.6149735,5.017323117,35.89310037,67.76318519,5.79585,246.6457495,6.727744487,36.69876276
Driver,99.49221546,1.464,3.327,-1.929133858,48.6,4.618,15.082,-2.395,-5.721,144.2273622,1.4496,13.23,-1.586,2880.0,-17.167,455.5594076,87.31675037,-48.43424347,5.755102113,-0.173942405,1.362551454,0.084924,233.3589554,-37.3075565,37.04077537,61.64633639,6.310596,256.8847373,-44.02025533,-92.75271702
Driver,116.5868826,5.7,-1.7,-7.244094488,49.06,3.291,18.271,-0.429,1.271,171.3766106,1.4699,16.488,-0.556,3430.0,3.643,582.6185131,182.9737285,9.183713459,5.873167007,-0.060087665,1.764469583,0.074157,273.8251451,8.224328657,54.35808933,70.98849193,8.485047,281.7513742,8.656241661,32.63972561
Driver,82.36175734,-4.838,4.207,4.881889764,60.04,1.41,20.326,0.127,-4.08,102.6811918,1.2467,16.88,0.728,3560.0,-7.102,270.1188385,57.28527989,-4.160393184,6.100706073,0.066783444,1.849822734,0.129377,145.8885521,-4.978382297,35.32942294,54.32266633,4.869981,165.8747564,-6.456717916,-20.4915315
Driver,43.80592341,-1.6,4.0,2.007874016,73.985,3.245,16.632,-10.463,-14.516,52.81048676,1.2056,13.205,-7.613,2310.0,-30.196,50.02911635,6.144010563,-7.672482277,5.750279249,-0.805006919,1.146811354,0.232953,31.96923173,-5.596477009,15.385801,44.4739481,1.40172,58.45524734,-11.35547926,-4.131670472
Driver,103.2435576,-2.175,-1.982,2.874015748,45.457,-4.124,10.463,-0.249,1.733,145.3617126,1.408,6.918,-0.742,5164.4,5.045,443.0644719,77.25560574,8.946550482,6.246473292,-0.073601535,0.798564675,0.0898504,211.9243712,7.759122829,40.01371107,55.34195695,6.23067,225.3470225,8.821166106,31.50314622
Driver,95.95338225,-1.0,-2.4,1.456692913,52.563,-3.751,20.756,0.864,3.367,127.1577487,1.3252,18.636,0.578,2710.02,-1.803,395.57885,100.1456871,0.106175168,5.944971483,0.050987108,2.011992252,0.102498,205.2009253,-1.030493331,42.77096992,61.42935756,6.371143,223.3563376,-1.319405569,-9.301341746
Driver,112.3367037,4.1,1.9,-4.803149606,51.252,5.208,17.053,-3.014,-4.914,160.7697298,1.4311,15.419,-2.387,2791.0,1.979,553.012958,138.8638101,-16.10729801,5.436469109,-0.225073805,1.513624097,0.072626,272.4527183,-6.404739283,46.54168457,66.49156255,7.696694,288.1822543,-6.553245767,14.83516305
Driver,87.89593772,-2.687,5.619,3.503937008,51.283,3.464,14.098,-8.472,-14.091,117.298452,1.3345,11.383,-6.09,4160.0,-8.964,322.7636633,54.52345062,-47.00706289,5.935092631,-0.641685071,1.211352903,0.107339,167.2088218,-28.85777976,33.3190494,54.28542729,5.106086,187.6334704,-33.61258143,-33.66550108
Driver,104.3597888,-0.3,6.7,0.551181102,51.493,6.33,10.41,-0.509,-7.209,149.7385021,1.4348,9.197,0.356,2170.0,-16.978,428.2764625,52.24495915,-21.05866341,5.777203894,0.024294111,0.93916006,0.080819,227.7450291,-20.0732237,24.78091724,67.83064895,5.122264,267.1245454,-27.52927284,-64.44715382
Driver,73.62652112,3.779,2.691,-4.566929134,53.103,5.533,13.657,8.865,6.174,105.4780333,1.4326,11.795,7.668,2302.24,11.749,252.2209999,34.92256886,44.33106322,142.4466907,30.64183934,-2.017552783,4.17317,138.1788346,29.32510235,25.07521788,57.41673618,4.00317,168.1761001,38.41066346,33.1358847
Driver,94.49266285,-1.856,-8.022,2.401574803,50.766,-9.538,15.292,-0.688,7.333,129.8767448,1.3745,12.602,-1.888,3780.0,15.2,386.376043,74.69239226,17.21643993,6.087230868,-0.181541058,1.378457026,0.099803495,196.7218607,18.1278699,37.68805698,57.00676119,5.865014818,215.6209922,21.98377234,73.71486657
Driver,89.29625984,-0.917,-0.372,1.496062992,41.585,0.661,14.684,-2.874,-2.502,128.9877863,1.4445,11.963,-2.423,3530.16,-4.417,375.6665808,67.50587553,-29.3061349,190.8552522,-19.95510409,3.081135883,5.1573,195.8404789,-20.78648963,32.63510213,65.27439901,5.34183,221.7252856,-25.06158373,-37.60554162
Driver,91.04554402,-6.197,-6.922,7.125984252,49.81,-12.185,11.422,1.637,8.559,125.7404259,1.3811,9.221,0.541,3060.0,17.348,333.860903,40.86227433,23.91744547,6.43739472,0.080182547,1.051192996,0.107543,177.2939243,20.4016901,24.67294537,59.65801589,4.63156,207.2750541,27.17799838,56.21362715
Driver,99.22825698,-5.367,-4.631,7.598425197,40.414,-10.965,15.104,7.809,12.44,135.038699,1.3609,12.542,6.176,4040.0,21.161,402.6363653,80.63563509,87.50656158,6.317426551,0.707254857,1.432340833,0.0995497,202.7986006,58.45390305,38.95046247,57.25245008,6.04582,218.8944493,65.65872233,111.6688035
Driver,96.12786328,5.047,9.07,-6.299212598,50.43,13.256,13.902,7.35,-1.72,141.8161686,1.4753,11.885,7.75,2893.6,-13.562,440.744365,76.43190932,31.82064343,5.81129933,0.771871067,1.232924938,0.086760441,226.3845202,7.623509797,34.77202034,60.78986415,6.043687962,250.95271,6.014611864,-68.87091829
Driver,80.73774159,-4.791,-7.014,4.68503937,56.253,-10.224,5.713,-2.412,4.602,99.3260111,1.2302,4.219,-3.07,1610.0,15.851,85.3954588,3.367008879,-3.740707392,5.296047681,-0.274531458,0.361382422,0.1103816,53.72716873,-1.87022044,5.186855847,81.9216307,1.224843426,117.6872373,-2.82706228,3.024391767
Driver,97.9599141,-8.743,-6.554,9.803149606,54.804,-12.781,10.649,0.273,6.826,142.9650591,1.4594,8.358,-0.549,3450.0,19.205,426.0651396,58.52505016,34.5974784,6.198870491,-0.039184138,0.929521841,0.0908066,214.3827322,29.54378552,30.60325459,58.2748212,5.59218,230.5350406,34.23885114,94.73095122
Driver,106.6101467,-0.257,-2.919,0.354330709,45.584,-3.171,9.786,1.388,4.307,157.3677971,1.4761,8.629,0.883,1970.0,3.912,467.6657149,56.18315965,13.2540987,5.973289527,0.094684502,0.9127359,0.079382287,246.0029343,9.16023275,25.26558558,69.35165111,5.353062122,286.445163,11.59369933,16.11212898
Driver,87.13090551,-3.5,-3.9,3.228346457,59.144,-6.198,18.97,-3.629,0.271,120.8972351,1.3875,15.753,-3.502,5620.0,0.829,341.8920672,90.24190492,-19.5161614,5.889584922,-0.377762031,1.697689236,0.105684,171.199316,-9.682632718,46.1098189,55.89246153,6.041158,180.6736803,-10.16819537,2.32842652
Driver,70.6424481,-1.98,-4.83,2.559055118,53.304,-6.307,22.038,-1.391,3.439,93.01292949,1.3167,17.377,-2.111,4346.48,20.48,210.8023486,44.8144052,8.593116624,122.4005993,12.29343051,-4.374821934,4.37987,116.317693,10.84812209,33.72565026,52.59840251,4.08987,134.0222208,14.84182124,45.32014026
Driver,104.5119005,0.914,4.991,-1.102362205,43.1,5.967,9.689,1.821,-3.169,153.4399606,1.4682,8.64,2.206,1700.0,-13.072,420.4761575,46.12332445,1.0070308,6.503000622,0.240936215,0.991297528,0.0886063,227.5090763,-5.156477927,21.6511077,73.39944648,4.75537,271.524116,-8.990517958,-41.72336661
Driver,102.5612921,1.241,0.105,-1.692913386,46.75,1.273,13.105,2.274,2.17,149.0345383,1.4531,11.523,1.977,2380.0,0.922,471.3548575,76.89824616,17.79780099,5.890593137,0.203939471,1.208851798,0.083494,244.4409109,9.953694122,32.73730574,64.24130588,6.052272,274.4085969,11.3588852,4.565893608
Driver,88.37016822,-3.397,4.783,4.645669291,50.3,1.958,2.641,-4.083,-8.866,127.5089477,1.4429,1.97,-3.097,1510.0,-16.56,102.148225,1.949969384,-6.562294346,5.982407766,-0.333355148,0.193054675,0.09693,62.66026811,-4.589412019,2.705356447,103.5994773,1.117412,135.4715141,-11.40693742,-3.619454507
Driver,108.1715283,5.5,9.7,-6.496062992,50.581,14.149,16.042,8.688,-1.012,163.7741589,1.514,14.928,8.791,2610.0,-4.865,562.9341246,135.9155611,68.68708775,5.925764854,0.90218022,1.595699316,0.077591,278.3324417,30.60066885,45.48863974,66.57904954,7.651448,295.3518136,31.87997347,-36.11598942
Driver,90.5511811,-4.479,-7.797,5.078740157,48.839,-11.723,9.191,0.798,8.594,128.1008411,1.4147,6.038,-1.212,4741.93,22.08,335.7568626,36.94194059,27.47228895,6.350550952,-0.103602451,0.695955624,0.103521,168.7718358,23.86319562,25.67435176,54.75555306,4.61301,192.2351787,31.09461934,82.17546865
Driver,82.92546528,-0.201,-0.654,0.275590551,50.728,-0.818,14.715,-2.659,-2.006,120.3939245,1.4518,12.195,-2.309,3040.0,-6.889,336.6437296,54.03811654,-22.36418118,5.96199205,-0.247694616,1.292834923,0.105143,178.6889398,-15.23476225,30.40061645,57.88646089,5.06685,205.3737807,-18.67385458,-24.14835841
Driver,109.5964567,5.8,0.6,-6.535433071,45.709,5.807,17.317,0.134,-0.513,158.3451145,1.4448,15.474,0.202,2900.0,-0.411,538.3773363,137.986385,0.706835855,5.794933852,0.021914454,1.621820122,0.078722,264.0069977,-0.007944786,47.28941231,65.71357047,7.656787,278.8063432,-0.051679838,-2.816149988
Driver,101.6530959,1.597,4.312,-2.086614173,51.907,5.564,7.956,-7.207,-11.519,135.248971,1.3305,7.102,-5.621,2404.29,-21.272,293.0220406,22.30847737,-50.21140491,153.8475456,-34.56882405,1.31669789,3.43404,158.9859574,-36.34657004,14.9430683,67.02060177,3.59595,202.3037995,-51.56961988,-63.03569864
Driver,92.11703651,6.31,9.149,-7.362204724,56.369,13.367,16.875,3.105,-6.044,131.3468593,1.4259,14.998,4.221,2820.0,-23.384,388.1022436,76.01138185,-8.864261069,5.957417514,0.415687567,1.598962507,0.097397,204.9554595,-18.53535437,35.08790362,60.7540331,5.730083,229.2982871,-24.64958406,-100.5262436
Driver,107.5675555,-0.9,4.5,1.338582677,50.142,3.619,13.174,2.218,-2.282,154.704277,1.4382,11.603,2.536,3330.0,-6.054,511.9408335,106.2360344,3.74272223,5.80664788,0.246925936,1.211627061,0.079422,250.488465,-3.154333854,42.71067351,61.2210613,7.047036,267.9312449,-4.212248682,-42.7012611
Driver,92.06335004,5.442,4.227,-6.929133858,53.153,8.32,16.54,2.904,-1.323,137.9397817,1.4983,15.46,3.038,1490.51,-10.71,406.6329866,74.22720242,9.156043186,5.896207229,0.305257444,1.624733129,0.091745,224.5101565,0.369484714,31.03535457,70.22163146,5.422282,260.5402545,-1.333089292,-34.58899886
Driver,101.2101825,-1.369,-5.058,1.811023622,50.347,-6.193,16.514,-1.758,3.3,140.420544,1.3874,14.125,-2.22,3390.0,6.663,450.5690127,101.0521699,-0.600187948,6.116047062,-0.229370628,1.557909712,0.093263497,225.3545752,4.520377959,42.52066001,60.44637159,6.683650674,242.7865847,5.712567131,39.73410696
Driver,110.1579277,-5.741,0.586,7.795275591,43.863,-5.419,16.686,9.274,8.688,138.8611757,1.2606,14.009,8.179,3967.18,20.715,425.3534632,96.02461203,107.7821853,6.243056207,0.914491685,1.586755745,0.0962358,212.6252546,69.54731662,42.27466773,58.94299482,6.46155,221.2693411,73.6905093,120.7633294
Driver,80.44470293,0.781,-7.312,-1.023622047,52.222,-6.706,14.656,-2.51,4.801,114.8740605,1.428,11.759,-3.546,3498.44,15.303,295.5279513,46.18707341,2.322698266,162.0069386,9.299594738,-2.832711789,4.73649,157.1004711,8.42491522,29.08137074,58.27363082,4.53649,182.5380826,12.97188837,54.33434261
Driver,98.87482105,-1.348,-6.819,1.732283465,50.994,-7.911,18.373,3.593,10.412,140.2606031,1.4186,15.864,2.177,3970.0,18.327,437.4618731,112.918624,63.87934312,6.078862716,0.254232783,1.751208672,0.093692242,216.9872823,46.37949881,46.06196067,60.89527093,6.841515266,230.3126417,50.97489645,114.8816585
Driver,103.7759485,1.6,-4.2,-1.692913386,46.151,-6.32,12.253,4.596,8.914,148.4891732,1.4309,10.875,3.511,2670.0,22.015,449.1209796,69.55642675,66.8716309,5.940214286,0.369668812,1.149361484,0.084367,232.2656479,49.19054017,31.59001022,62.41233074,5.806786,260.677925,59.74291746,105.5906416
Driver,74.83222978,-2.171,-0.055,2.047244094,59.601,-1.329,24.646,4.851,4.906,98.74328919,1.3195,20.655,4.041,3980.0,6.389,260.1300638,68.78978151,24.79831834,6.177383538,0.446972064,2.330587566,0.139767218,139.1654876,16.11224794,41.03012865,53.91176974,5.120300782,154.171803,18.34705375,18.99332495
Driver,84.53829635,-5.685,-2.259,6.850393701,50.102,-7.033,17.229,7.476,9.735,115.4552165,1.3657,13.665,5.877,4450.0,15.067,316.5668578,63.01314233,54.45408378,5.230239194,0.55240222,1.285113779,0.096872321,164.3694574,35.9373781,36.83033728,54.21494704,5.279322608,181.5542499,41.39884961,57.97608935
Driver,98.24176807,-2.3,3.1,2.322834646,55.055,1.553,15.018,0.934,-2.166,145.1176628,1.4772,12.989,1.496,4410.0,-1.345,454.3179289,115.630314,5.138748575,5.739013444,0.119541844,1.354810393,0.084353,218.9986114,1.541025465,48.26045181,60.23939798,7.025771,229.9651744,1.509452711,-12.53036943
Driver,95.50823193,-0.82,-4.134,1.141732283,47.855,-3.391,20.088,-3.281,0.853,129.1577935,1.3523,16.737,-3.427,4300.0,2.986,393.3686034,106.9209049,-15.56639945,5.925886109,-0.350087462,1.809425606,0.099764,195.9493032,-6.144307139,47.12656084,59.49785561,6.584823,207.7568687,-6.285433087,16.72241438
Driver,92.30941303,-5.1,-2.1,5.078740157,57.048,-5.561,16.34,-1.324,0.776,136.1052702,1.4744,13.441,-1.343,5740.0,1.614,401.5163612,106.7385523,-5.335329812,5.879841166,-0.146286835,1.447045842,0.092589,194.9426729,-1.619830684,48.61843662,58.35508054,6.628751,203.2956999,-1.595180352,8.848349744
Driver,100.9954366,-0.1,7.3,0.196850394,54.485,7.242,20.039,-2.312,-9.612,136.789549,1.3544,17.087,-0.68,4460.0,-10.575,422.7691811,122.8769951,-33.73383043,5.845172736,-0.083434739,1.826480559,0.09305,207.3704695,-24.81684398,49.57053031,61.74649523,6.977592,217.3475624,-26.70180859,-67.11515631
Driver,101.5032212,-1.034,3.431,1.377952756,44.921,2.394,14.157,1.259,-2.172,148.0496152,1.4586,12.34,1.528,2700.0,-7.983,477.7683048,87.48382001,-4.989238065,6.431859176,0.163200935,1.427224504,0.0921836,243.8564628,-8.305372334,36.5159297,62.2892175,6.4133,258.5776764,-9.652168897,-44.40358116
Driver,88.86453114,-3.668,6.251,4.566929134,51.843,3.364,21.042,-0.397,-6.649,119.6821314,1.3468,17.969,0.5,3786.4,-0.843,356.3441129,92.89786919,1.425901214,6.005756857,0.051176704,1.965487634,0.10987,182.601559,0.285012647,44.13413638,58.12883889,6.136613,197.2444868,0.2317295,-3.925425755
Driver,100.0,1.075,1.099,-1.220472441,54.767,1.859,13.304,-2.694,-3.793,139.1114889,1.3911,10.048,-1.66,4708.11,3.871,413.9850897,76.8744113,-2.047026977,201.2403351,2.198125221,4.92899814,5.66785,208.2029117,2.591792626,36.46949265,58.66388551,5.967,226.1190085,3.626520933,25.86463625
Driver,95.59099857,3.758,3.486,-5.62992126,47.727,6.909,14.06,-1.718,-5.204,143.5757427,1.502,12.508,-0.91,2481.93,-8.391,430.5268836,74.18112279,-36.69619523,213.101743,-30.7601547,2.484308266,5.60049,216.5692138,-31.8214835,35.79152887,62.02126539,5.74271,240.6193648,-39.04746894,-85.24585996
Driver,95.38296349,0.833,-2.067,-1.062992126,45.317,-1.244,14.781,-6.117,-4.05,142.0253221,1.489,13.148,-5.624,2400.0,-15.812,435.3392594,76.16094909,-68.34364907,6.073969113,-0.608730232,1.427491523,0.0909218,229.3891559,-46.11587626,33.07348734,63.66340962,5.87552,247.4954996,-51.59404502,-71.6183236
Driver,108.3124553,1.5,-0.7,-1.88976378,48.157,0.441,13.439,0.639,1.339,156.4956156,1.4449,11.212,0.351,3488.96,5.396,515.9779046,110.2142746,20.245904,4.626473132,0.031676227,0.931126539,0.062316,249.6776396,14.59076764,44.22462392,60.95012257,7.159472,265.4929237,16.20180629,39.19069735
Driver,95.07874016,1.172,5.456,-1.614173228,48.024,6.51,11.066,-4.477,-9.933,133.495213,1.404,9.653,-3.018,2670.0,-22.774,356.8598479,43.99777082,-45.45241913,6.065027588,-0.340038267,1.033348479,0.095476,191.4949002,-34.92540701,24.27146517,63.15205126,4.710253,226.9565606,-46.35126862,-74.89177021
Driver,100.1789549,2.057,2.056,-2.834645669,47.364,3.951,16.124,-1.558,-3.614,145.992976,1.4573,14.134,-1.025,2980.0,-12.274,474.5743719,101.6455986,-37.78364195,6.037498393,-0.120025707,1.534135081,0.088444,239.8484023,-28.8277171,40.86155389,62.11298913,6.737352,259.6978032,-32.98905834,-73.69091589
Driver,112.0503758,2.1,0.1,-2.677165354,47.893,2.018,12.237,-0.45,-0.55,166.1180208,1.4825,11.062,-0.379,1942.16,-2.425,540.781697,88.6673786,-8.80698348,5.631622072,-0.038885022,1.109658971,0.071413,278.0259558,-6.312926652,33.83255804,67.75605994,6.424532,308.8318634,-7.5003065,-13.42257181
Driver,76.65980673,6.034,9.482,-6.25984252,66.246,12.148,16.701,5.078,-4.404,110.7934413,1.4452,13.716,6.349,3550.06,19.193,292.2886626,51.80627828,60.49061788,152.1976968,43.13057658,1.342904126,4.71577,154.3111212,44.06256043,32.350053,54.1399911,4.81103,175.1811013,53.33713269,82.31516212
Driver,103.0467072,2.1,1.5,-2.677165354,47.151,3.524,19.446,3.115,1.615,145.5109162,1.4121,16.896,2.979,3700.0,1.862,476.1432538,135.716215,29.33148976,5.738950027,0.300233957,1.766105469,0.085601,232.4448867,16.42666135,49.645295,64.34754039,7.414511,243.8182651,17.37142068,13.06355969
Driver,98.32900859,0.5,-5.7,-0.669291339,53.3,-5.359,25.199,2.776,8.476,132.1581961,1.344,21.713,1.412,4854.06,9.947,394.1155481,143.1027896,36.35322903,5.402575004,0.145391201,2.184211365,0.091737,190.5615727,25.48673093,54.79530777,64.64383136,7.156249,196.3314701,26.57043447,62.47633875
Driver,107.4154438,-0.381,1.14,0.393700787,54.714,0.87,5.429,-12.023,-13.163,144.8033733,1.3481,4.585,-10.077,3041.19,-65.972,166.0141357,7.512872614,-41.53584282,6.133425663,-1.117669084,0.47529522,0.0878548,100.0354589,-31.71704054,6.928809766,96.53839625,1.75342,153.4742756,-56.83343881,-43.88240367
Driver,93.19971367,2.3,-8.3,-2.637795276,53.339,-6.59,15.115,-0.896,7.404,131.1981031,1.4077,12.967,-2.286,3250.0,13.616,395.3501684,73.7250701,9.366270478,5.879093905,-0.220298958,1.364459254,0.095408,203.9842476,13.14364008,35.98557352,58.60771123,5.843534,225.8879009,16.67776342,63.7581677
Driver,98.29321761,-2.443,-9.554,3.346456693,46.796,-11.851,7.358,-9.117,0.437,136.9810308,1.3936,3.893,-9.272,4717.28,9.784,369.627069,33.39399366,-43.49225016,191.7559074,-18.77015667,-4.190684338,4.93849,182.7113758,-18.30311636,22.93074601,58.47253625,4.58849,211.2882323,-19.69444712,33.68003053
Driver,78.33750895,-1.636,-1.051,1.456692913,66.202,-1.773,25.327,5.554,6.605,81.52089298,1.0406,19.854,4.073,4560.0,8.482,178.2262607,40.80131989,17.10516918,5.886934222,0.434031204,2.097993307,0.1607096,100.3890951,11.72419667,34.28283257,49.17849109,3.914820752,117.0115338,14.27817638,13.83900779
Driver,86.36139943,1.249,-3.898,-1.692913386,49.643,-2.836,21.659,5.746,9.644,121.2752774,1.4043,18.515,4.134,4200.0,16.201,354.5986135,96.72425466,55.86471537,4.914585031,0.37050402,1.659897506,0.088772003,180.6308991,38.79586701,45.18201039,58.09556781,6.172321687,193.8583789,42.9754032,77.93177459
Driver,44.5083214,-4.334,-1.041,3.818897638,63.606,-3.197,45.599,4.08,5.122,45.8952219,1.0312,33.574,2.409,5472.55,3.719,68.43523091,23.79605408,3.109024732,4.979694994,0.217467078,3.041161338,0.274681,40.318733,2.112525343,40.2050636,37.11317127,2.60974,47.49874034,2.534521188,1.254855695
Driver,112.815408,-1.13,1.09,1.57480315,50.353,0.153,14.14,1.315,0.226,155.2903543,1.3765,11.941,1.282,3391.71,-9.079,487.8368027,119.0651984,-25.70284802,194.4320899,-14.4181935,29.82396082,5.40454,228.4343429,-19.27461657,49.53467362,60.11370343,7.17893,239.6496432,-20.64403596,-73.08715734
Driver,109.8402827,0.0,-0.6,0.472440945,46.21,-1.441,12.892,0.568,1.333,162.8127237,1.4823,11.229,0.468,2704.31,4.968,546.2455249,103.662888,17.8115139,5.680886452,0.042681041,1.142351027,0.073634,270.5983956,13.19034177,39.90388796,63.15121927,7.033096,291.8598321,15.05066122,32.94680385
Driver,98.59296707,0.5,-2.1,-0.590551181,53.993,-1.779,20.576,3.924,6.073,135.7010558,1.3764,18.516,3.251,2905.29,3.393,438.4142958,117.3372441,31.6531405,5.252628482,0.300721321,1.769183358,0.084628,222.5509478,19.05481501,45.5360866,63.13595331,6.903691,238.5406686,20.76599587,19.34875149
Driver,102.5948461,3.437,6.059,-4.527559055,49.573,8.992,12.387,-2.713,-8.772,148.0250089,1.4428,11.232,-1.545,2390.0,-31.915,415.1573331,59.17523367,-55.03790177,5.921248286,-0.183555737,1.176837744,0.084403,222.1749009,-47.1276634,27.31544814,66.47085666,5.193547,257.2685325,-61.7805835,-123.7696571
Driver,111.9094488,3.7,0.3,-4.527559055,49.344,3.38,15.543,3.513,3.213,165.3165265,1.4772,14.218,3.039,2256.6,14.109,557.2430168,119.2493739,66.71906376,5.971945332,0.337256409,1.524835458,0.077165,281.9921335,46.42832963,41.03372259,67.00507982,7.19572,303.7118583,52.15895729,94.8511534
Driver,101.4070329,5.072,2.994,-6.181102362,52.886,6.845,11.017,-3.545,-6.539,141.3951772,1.3943,10.095,-2.509,1930.0,-34.841,341.7966748,39.28167818,-42.68346621,5.125983248,-0.241849218,0.907401121,0.07603502,191.6193436,-36.27699298,20.46294154,73.03427524,4.15047234,238.8283265,-52.73955869,-84.01657283
Driver,100.6151575,-3.5,2.9,4.173228346,53.668,0.217,15.021,-2.059,-4.959,139.5273354,1.3867,12.714,-1.373,3310.0,-2.766,443.9495617,88.89196994,-16.78713494,5.69155331,-0.138968884,1.299000381,0.086702,223.5936079,-10.55035069,39.60562525,59.66058013,6.420081,243.3187243,-11.88155975,-15.58723621
Driver,114.115068,0.194,3.136,-0.236220472,49.984,3.299,6.829,2.916,-0.221,167.2713851,1.4658,6.035,2.942,1320.0,-1.895,436.8006088,35.12189408,20.32006018,6.314252056,0.323001299,0.672147006,0.0783501,234.769055,10.2352974,16.72043467,81.61712222,4.3422,278.5835031,11.79216681,-5.448791033
Driver,71.00930565,-2.115,-3.501,1.968503937,63.707,-4.547,26.7,5.872,9.373,73.24534717,1.0315,20.532,3.63,4720.0,13.432,143.7795068,32.26288258,13.90831428,5.786921019,0.391757351,2.111533128,0.17671,82.94874488,10.30354085,31.86780938,47.22773815,3.39783,99.98328393,13.2813884,15.21540685
Driver,97.19488189,1.0,-4.4,-1.299212598,53.11,-4.025,27.321,-3.775,0.638,118.1538565,1.2156,23.707,-3.882,4239.98,0.569,346.6953067,123.0639311,-20.70084512,5.750101294,-0.387653636,2.552414073,0.111027,172.756548,-10.71822378,52.38675414,61.71448707,6.634986,181.0356309,-11.20803479,2.939324912
Driver,98.73165712,-2.916,-5.945,3.858267717,48.313,-8.544,12.553,-0.767,5.178,146.4774964,1.4836,10.828,-1.362,2650.0,12.112,454.4174515,71.22624611,12.48692133,6.094936144,-0.134144988,1.175368533,0.087760261,234.4508828,14.3960392,32.23115153,62.33816413,5.921191617,262.5703141,18.54634077,59.86246108
Driver,107.4825519,2.072,-1.251,-2.716535433,45.181,0.809,14.887,1.325,2.576,158.7611847,1.4771,13.785,1.095,1773.0,3.423,518.8002799,96.672733,16.27336809,6.053121304,0.11804352,1.490776684,0.081223,272.3966014,10.95178991,35.06430456,69.78547223,6.419167,303.1556373,12.80149409,17.2453428
Driver,76.69783465,-2.628,2.093,2.637795276,58.44,0.478,26.061,6.496,4.403,98.61444166,1.2857,21.589,5.727,4430.0,5.332,259.3060992,73.41814669,31.09109984,5.71536569,0.579275232,2.268964092,0.1302728,137.6660327,19.19098257,43.31632206,53.97942123,5.241055114,150.2512951,21.28490452,16.4754666
Driver,107.3058339,-1.71,-0.287,1.929133858,54.13,-1.524,15.593,-0.216,0.071,153.7012348,1.4324,13.492,-0.225,3206.79,0.231,516.2813782,117.7380884,-1.28494384,6.271561372,-0.024330293,1.539783064,0.087071,253.970565,-0.45491252,44.30871296,62.92270351,7.25263,262.8409864,-0.45558881,1.627280704
Driver,98.92179671,-1.8,-6.0,1.968503937,47.423,-8.168,34.629,-11.165,-5.011,116.410612,1.1768,30.934,-10.518,4313.29,-4.999,331.7589647,153.9111899,-64.90181014,3.592734232,-0.66047938,2.168682451,0.074777,158.3736824,-37.53307739,59.4001799,67.226065,7.006825,161.9429465,-38.44459109,-26.44739144
Driver,99.44747674,6.547,9.455,-8.267716535,52.371,14.531,11.231,2.583,-6.872,143.1858447,1.4398,10.477,3.715,1910.0,-38.375,344.75299,40.79552039,-8.364113369,5.929646438,0.359037201,1.088570069,0.087085082,193.6825761,-18.38021746,20.85552611,73.75719382,4.158557633,241.0227988,-31.29358491,-92.50302701
Driver,108.0954724,5.5,10.7,-6.456692913,50.044,15.221,14.261,9.085,-1.615,162.7433787,1.5055,13.299,9.258,2200.0,-8.588,544.1277672,108.3484746,64.85878416,5.89796949,0.943018848,1.405024269,0.077087,276.7695869,26.85978995,39.08053465,66.4121224,6.945917,300.8904563,27.76625744,-53.42011623
Driver,91.14396922,-6.038,-3.699,7.952755906,52.421,-8.368,1.056,-0.652,3.047,129.0235773,1.4156,-0.272,-1.221,1850.89,-8.349,0.0,0.0,0.0,99.05367829,-4.986983529,-1.923452627,1.87527,49.37749896,-1.83805226,0.476119188,108.4433169,0.855269,98.46848985,-4.282559811,-2.358558214
Driver,112.2338046,4.9,4.1,-5.393700787,51.849,7.892,14.552,-0.701,-4.801,164.0510916,1.4617,13.499,-0.17,2550.0,-13.999,554.2268027,116.9627525,-40.49417779,5.552821037,-0.025946059,1.344526737,0.072028,277.7635579,-32.97489115,41.34018713,65.56644897,7.227686,298.7208297,-37.65603663,-96.46930266
Driver,94.19515032,2.902,3.2,-3.818897638,49.792,5.656,13.393,5.99,2.791,139.380145,1.4797,11.613,5.505,2550.0,4.361,424.4113031,67.80892844,47.47527879,5.933512452,0.572899085,1.226129468,0.090021,222.1385474,27.72674234,31.68309236,62.23800102,5.716111,250.9560375,32.14894806,19.36554641
Driver,101.2236042,-1.1,4.9,1.417322835,53.603,4.053,8.805,3.806,-1.094,144.8850215,1.4313,7.639,3.967,1690.0,-5.459,367.6227009,35.44327596,20.09829351,5.757038048,0.394781633,0.773501374,0.082889,199.7951383,8.982230112,19.18973183,71.68962517,4.281359,246.974816,9.893699428,-14.54257171
Driver,98.9396922,-1.293,4.959,1.535433071,52.048,3.95,16.3,5.667,0.709,140.3380011,1.4184,13.948,5.568,3280.0,-0.748,451.6654628,98.93517585,40.96537639,5.807812683,0.562805815,1.458495859,0.088459,226.574746,20.52715303,41.81196983,60.50827167,6.643704,244.8444146,22.08429051,-4.389510557
Driver,117.7098246,3.0,-0.4,-3.385826772,42.918,2.181,13.772,0.292,0.749,168.318495,1.4299,12.119,0.174,2769.56,-12.271,571.0629341,118.9497221,-36.85137689,6.025739151,0.007945686,1.311100891,0.075853,280.3907933,-29.77749751,42.64232961,64.43131542,7.395291,299.2312057,-33.61229608,-91.87216387
Driver,95.19506084,-1.121,10.161,1.338582677,56.727,9.425,19.204,-0.729,-10.889,127.7458393,1.3419,16.454,0.853,3975.47,-13.828,385.3598918,96.87746999,-23.95715294,6.074853352,0.071311732,1.815614952,0.1032136,194.7283229,-21.17742037,44.06640344,58.55972458,6.324618112,209.3369556,-24.13271358,-72.17046236
Driver,107.6637437,-3.56,-5.351,4.133858268,52.169,-8.12,13.483,-3.763,1.589,149.3481568,1.3872,11.348,-3.968,3180.0,3.416,488.1736175,92.35297262,-24.33394909,6.38742058,-0.43811065,1.310936259,0.0904758,242.783836,-9.722320775,39.17387234,60.46354472,6.65768,261.977085,-9.985334351,21.26395429
Driver,100.4183071,-0.234,3.838,0.275590551,48.14,3.628,22.43,-3.307,-7.145,132.2796618,1.3173,19.873,-2.423,3528.16,-16.614,413.0292377,121.224508,-55.31915804,5.87705807,-0.268417155,2.147262449,0.0981302,207.9271721,-40.59519355,47.68804372,62.56943186,6.86799,214.4563579,-42.54821211,-95.81275049
Driver,90.92474946,-1.41,6.226,1.653543307,56.6,5.296,3.634,-2.316,-8.542,133.7354599,1.4708,3.108,-1.419,1380.0,-32.522,137.2814304,4.1616244,-6.79036731,6.074643148,-0.16933893,0.314863374,0.0939305,83.74399612,-5.943740658,4.39406186,102.0744006,1.473854309,159.2944248,-14.99436235,-11.62001247
Driver,99.36471009,-4.236,-7.222,6.062992126,47.265,-11.146,16.708,1.174,8.396,139.6074177,1.405,12.493,-0.596,6301.49,14.262,406.2733688,103.3807388,35.89043972,6.132407644,-0.040348039,1.404381591,0.093846704,197.0748513,27.65395684,47.41826771,57.79032973,6.550996391,205.403813,29.69654202,89.04643729
Driver,103.5947566,2.3,6.3,-2.755905512,50.689,8.124,19.431,4.877,-1.423,154.2515211,1.489,17.622,5.325,3810.0,-3.733,503.3655242,161.545666,28.48969256,5.797966993,0.50377495,1.870370435,0.081959,239.2196156,11.04760705,53.87544402,67.62842835,7.911803,247.1897563,11.22395364,-33.53151381
Driver,97.71832498,1.704,5.655,-2.244094488,50.349,7.068,23.985,13.999,8.343,124.1170812,1.2702,20.329,12.494,4820.0,7.807,365.787391,118.2042745,92.36590948,5.971981719,1.304586846,2.246430552,0.107156,181.555264,52.94480417,50.86200306,60.76099622,6.641554,189.9260874,55.74461548,42.36300369
Driver,87.12866858,1.19,1.534,-1.88976378,45.563,2.702,20.769,-0.206,-1.741,123.3281138,1.4155,17.153,0.137,4444.92,17.537,340.178357,96.69622734,40.43503384,161.8771452,30.24714711,1.626185685,6.02481,163.0824348,30.67620989,52.93710208,56.40131965,6.09838,170.0373718,33.2047316,90.87941025
Driver,101.6419112,-1.445,-0.557,1.929133858,48.098,-1.854,14.989,-0.33,0.227,150.1670991,1.4774,12.67,-0.364,3458.69,0.773,495.7830875,109.4137577,-0.817346882,6.141795613,-0.038079533,1.414862688,0.0869686,243.3489352,0.211947282,43.6798411,61.32981311,7.04681,252.1738458,0.271336075,5.273782301
Driver,106.3640838,3.237,1.574,-3.897637795,45.814,4.725,13.626,-0.915,-2.489,154.5013869,1.4526,11.223,-0.325,3792.15,-8.634,507.1663043,109.0437237,-30.1345938,6.301859787,-0.046556715,1.290093695,0.086293,245.5403869,-22.12972926,44.04113165,60.68814373,7.09637,259.7895372,-24.39776499,-62.22679564
Driver,101.1184681,-1.609,3.917,2.007874016,52.025,2.66,9.634,2.851,-1.066,147.8283822,1.4619,8.284,2.981,1990.0,-3.497,409.3682297,44.39299295,16.89015113,5.464833649,0.282268761,0.799453277,0.0771072,219.3259922,7.517983103,22.0249323,69.70489716,4.80058,259.9676702,8.147037476,-11.6744716
Driver,93.62473157,-4.99,-1.689,6.023622047,47.043,-6.352,8.5,0.179,1.869,138.0909986,1.4749,6.904,-0.045,2210.0,7.843,343.9385372,30.02432771,7.059069856,6.007509145,0.000967257,0.729336337,0.0905683,186.5832531,6.683268989,17.56559472,69.66032808,4.11635,220.6126151,9.251275865,20.48914506
Driver,97.30896564,-8.994,-7.621,10.15748031,55.259,-13.923,10.794,0.656,8.277,142.9033196,1.4686,8.475,-0.333,3570.0,22.473,421.1663574,58.50142491,42.55958878,6.178695626,-0.012071481,0.939307804,0.0905871,211.896888,35.61502564,30.74235078,58.04800782,5.55622,227.6361357,41.11902167,110.485292
Driver,91.41016464,-2.4,-1.8,2.874015748,51.244,-4.398,31.93,-4.371,-2.385,110.3447119,1.2071,25.8,-3.779,6723.6,-0.655,290.3260709,116.7778184,-19.25950382,5.797180509,-0.393952858,2.853716012,0.122852,142.3878669,-10.61393867,55.69560573,59.53198001,6.250683,145.0116938,-10.81716077,-3.697333191
Driver,100.9193808,0.398,-5.039,-0.511811024,51.947,-4.728,15.482,0.439,5.478,149.8713762,1.4851,13.589,-0.278,3000.0,12.95,491.3410677,103.853413,30.60034462,5.956754289,-0.016899454,1.454301639,0.084768464,246.7876952,25.94300507,41.0311434,62.37824473,6.846128351,266.5170225,29.93189156,81.40043435
Driver,96.44550823,4.492,3.351,-6.614173228,48.869,7.285,17.543,0.117,-3.234,144.7176986,1.5005,15.932,0.535,2386.79,-4.277,470.1154814,107.9011343,-11.02100119,226.0372922,-12.44899263,7.84528905,6.5618,234.8499227,-13.71281771,43.19803076,58.31665965,6.98378,251.8635121,-16.13112194,-47.70408165
Driver,96.10996779,-2.5,7.3,2.952755906,53.439,5.5,10.217,-4.351,-11.651,130.2874463,1.3556,8.52,-2.608,3000.0,-7.817,361.5779576,43.22314047,-27.01758303,5.570697845,-0.260175371,0.841392316,0.089522,189.350608,-17.95771313,25.26126079,59.92769171,4.861276,221.6693244,-22.68296566,-28.08608192
Driver,89.2380995,-1.977,2.266,2.401574803,51.122,0.671,47.093,-13.071,-15.337,90.11654438,1.0099,38.626,-9.19,7960.0,-8.84,216.0760925,113.7181197,-40.78232172,3.533542313,-0.575790135,2.839922207,0.105236,104.4165183,-25.63418419,60.11598783,59.50903415,5.759467271,103.5824326,-25.41112421,-27.41774364
Driver,43.6023622,-1.49,-13.697,1.417322835,60.401,-14.544,15.458,-7.089,6.608,52.30024159,1.1995,13.126,-8.039,1301.68,20.835,46.45338834,5.574660119,-6.012799795,3.132767653,-0.432431857,0.666746589,0.126697,30.02742477,-3.643091733,14.48701851,46.38814039,1.2894,51.8315697,-5.884878177,1.682810145
Driver,113.8265032,-0.333,-5.204,0.393700787,52.784,-5.457,12.474,-2.921,2.283,160.5437992,1.4104,10.888,-3.211,2570.0,6.507,532.7594687,91.72703791,-13.13999234,6.287497718,-0.346060915,1.232047556,0.082591,268.4075975,-1.60462795,36.17645805,63.76940093,6.67245,292.4786286,-0.578728222,40.29596575
Driver,98.77639585,1.3,7.1,-1.614173228,52.568,8.085,15.323,10.069,2.969,146.8566571,1.4868,13.427,9.679,2830.0,2.475,481.276024,97.64733871,84.97214933,5.912839408,0.996258434,1.42416943,0.085785,243.9833219,45.80238534,39.54656036,62.4246314,6.678122,265.4981639,50.21699336,14.57772771
Driver,100.9596457,-2.788,-0.626,3.503937008,51.968,-2.808,17.006,-12.328,-11.702,126.6598067,1.2546,13.302,-10.019,5433.28,-20.472,355.9412168,78.95046174,-101.0179775,6.151399021,-1.102351401,1.492943343,0.103865,179.1098349,-63.385428,41.28264585,55.11652169,5.82159,190.7424424,-69.15811584,-99.8241898
Driver,103.5008053,3.056,4.307,-3.937007874,50.175,6.859,10.739,-1.184,-5.492,148.3556281,1.4334,9.691,-0.42,1900.0,-19.695,407.4461379,49.21073375,-25.79851241,5.969745861,-0.057261567,1.019811234,0.084415,221.2030542,-23.02826356,23.31110168,70.83484251,4.838371,264.5518732,-32.00646207,-64.24490072
Driver,92.45034001,-3.1,-2.7,3.267716535,57.872,-4.926,19.984,5.413,8.113,126.4564692,1.3678,16.678,3.999,4417.45,14.741,372.8598998,98.33312741,57.89940082,5.959555215,0.452428238,1.811758803,0.102508,187.2958552,39.10342471,45.68512174,57.99057915,6.316671,199.6565424,42.88531856,78.7026791
Driver,118.9557981,4.309,6.186,-4.724409449,50.168,9.789,12.598,4.167,-2.019,174.7434234,1.469,11.607,4.414,1770.0,-8.784,583.5403983,99.20247141,24.21214061,6.502141248,0.493119046,1.3538064,0.0785989,300.5997611,6.107938842,34.43046035,70.78260205,6.66568,330.3787753,5.070050909,-51.12106753
Driver,111.2182355,3.3,0.5,-4.015748031,49.633,3.352,12.894,-1.754,-2.254,166.2121958,1.4945,11.874,-1.343,2420.0,-6.143,562.5004405,106.5882932,-31.19911645,5.754305595,-0.15564817,1.222348174,0.073199,282.1966977,-21.11120377,38.96625077,65.45498359,7.047797,305.863626,-23.95804461,-43.52975374
Driver,109.936471,0.725,0.729,-0.866141732,46.482,1.417,13.878,2.202,1.473,161.3276217,1.4674,12.309,2.021,2530.0,4.078,545.209399,105.0504485,29.60521618,6.54729814,0.235211332,1.455855163,0.0861085,274.2904993,18.52838594,38.9482279,64.72007581,6.98278,296.1278392,20.65336735,26.597652
Driver,95.10334646,-2.9,-0.5,2.992125984,57.153,-2.604,14.263,-1.698,-1.198,142.1096546,1.4943,12.21,-1.545,4840.0,-2.922,437.0758978,106.801506,-20.04939372,5.92335034,-0.164043588,1.317160509,0.088718,211.4548936,-12.10792637,47.08888587,58.87483134,6.79374,222.3960015,-12.97197999,-19.23485172
Driver,93.67841804,2.276,6.461,-2.519685039,56.919,7.945,1.419,-3.446,-9.907,136.6492931,1.4587,1.511,-2.411,1410.0,-61.589,51.03855934,0.707011748,-2.883802526,6.260230527,-0.294464089,0.13896504,0.094592093,32.6724098,-2.303403291,1.664217612,123.1490926,0.515213593,110.8165381,-10.23377849,-2.791015588
Driver,100.8947745,-2.6,-1.8,2.677165354,53.411,-4.51,14.691,0.085,1.986,146.3844399,1.4509,11.931,-0.167,4037.77,7.005,462.2122497,104.8783161,18.56296789,6.097360558,-0.016841887,1.318468897,0.08848,224.9350283,14.60731541,45.04138767,59.09833382,6.863069,238.6440206,16.23939823,45.78445989
Driver,88.24266285,2.072,3.276,-2.795275591,48.718,5.096,21.062,11.22,7.943,127.0702845,1.44,18.151,9.908,3990.0,12.652,385.0866052,106.3928561,90.87384115,5.834642032,1.02042424,1.933829705,0.100577,193.8916986,55.33674094,46.4068599,59.68391426,6.503899,206.8867325,60.06165194,67.61012119
Driver,108.5227273,-0.9,7.7,1.220472441,51.552,6.777,20.502,4.641,-3.059,149.5801271,1.3783,17.668,5.225,4250.0,-2.836,482.3389829,155.2581169,31.88907656,5.827860077,0.527321431,1.887720959,0.085031,230.2771521,13.73409817,53.59846177,66.79212441,7.728999,237.7596112,14.04575075,-21.76894141
Driver,86.22718325,-1.764,8.95,2.047244094,58.773,7.881,5.812,-5.96,-14.911,121.2099588,1.4057,4.885,-4.103,2490.0,-40.842,167.271171,8.311183965,-21.10754966,6.129730592,-0.473202979,0.507363607,0.105056042,99.59784377,-17.27894186,7.915586815,81.4775185,2.080154219,161.8531935,-34.94462685,-30.64957292
Driver,100.7158196,2.621,0.157,-3.267716535,46.251,2.669,16.362,1.766,1.609,146.9040802,1.4586,14.037,1.483,3415.11,6.463,481.7760397,112.3742516,30.10747525,5.536207297,0.14947556,1.411525811,0.0804931,238.0597,20.39143437,44.36431887,61.75135064,7.03324,246.5538699,21.51972454,42.73854395
Driver,107.4378132,-0.8,-0.2,1.220472441,51.571,-1.659,13.643,-1.714,-1.382,155.5668397,1.448,12.018,-1.372,2520.0,12.414,504.351288,92.04940172,15.46815386,6.10768981,-0.15508175,1.312662948,0.083166,256.0236392,17.39133254,37.02126241,63.26840192,6.569214,280.2378512,21.25949692,70.50696646
Driver,94.04527559,2.146,4.577,-2.677165354,52.591,6.219,13.08,7.65,3.073,139.6212867,1.4846,11.463,7.184,2330.0,4.153,416.4862695,63.22365595,57.66330189,5.754186476,0.722699641,1.170836382,0.087034,220.8145767,33.1835531,29.66433242,63.90629108,5.498502,252.8501323,38.81221219,16.86725061
Driver,95.27559055,-5.797,1.509,9.566929134,39.304,-5.614,8.877,-0.126,-1.635,132.6948372,1.3928,6.49,0.144,3165.42,-0.875,368.6034586,42.35101136,4.622436945,184.3303755,5.790952633,-3.73962927,5.19485,178.3318898,5.225002943,30.76738387,50.35433244,4.90485,199.2186734,7.146991932,14.33094722
Driver,111.2159986,6.4,0.0,-6.88976378,47.354,5.435,17.798,-0.888,-0.894,162.1141285,1.4577,16.274,-0.786,2460.0,-4.85,552.6594227,142.5346168,-21.76456354,5.687500004,-0.079713687,1.675049281,0.075725,273.56468,-15.47629255,46.85506427,67.19584881,7.709105,289.5672921,-16.91477109,-35.1843751
Driver,92.62705798,-3.138,-0.842,4.37007874,43.208,-4.188,18.71,1.836,2.679,128.5676897,1.388,14.485,1.289,5432.42,4.415,376.4001841,96.71902039,18.65867338,6.32872302,0.150291611,1.687056294,0.105915,186.2302778,12.22899546,46.18314598,57.18522099,6.32285,195.5996663,13.12326732,24.13685682
Driver,105.1315319,-2.019,1.539,2.677165354,43.736,-0.572,13.618,2.253,0.714,152.8686471,1.4541,11.209,2.14,3659.59,2.572,503.6202879,105.8224034,26.25274242,6.380666575,0.241465566,1.303359798,0.0883123,244.8531174,15.15232406,43.28160766,60.52451895,7.02658,253.6141085,15.87175699,18.04839348
Driver,106.8875268,-0.484,4.33,0.590551181,44.031,3.829,8.506,0.401,-3.929,153.6873658,1.4379,7.408,0.887,1830.0,-15.747,406.1334715,38.75348818,-11.09080716,6.521213967,0.08946737,0.851541459,0.0884418,219.0548037,-12.5511727,19.3125764,73.85822732,4.50001,264.9817022,-18.77782442,-47.80549555
Driver,95.10782033,-4.9,1.3,6.377952756,49.229,-3.022,10.519,-0.449,-1.749,139.134753,1.4629,8.836,-0.271,3300.0,-6.482,419.9520121,63.85708256,-15.56069945,5.983814893,-0.033514248,0.948943216,0.090309,209.549733,-11.89527639,33.91860138,56.4489735,5.790711,231.9638348,-14.3115528,-32.71682408
Driver,76.33321403,-5.555,5.33,5.393700787,59.585,2.057,36.991,2.676,-2.654,92.96237473,1.2179,29.295,3.276,7100.0,-2.49,231.7200808,91.74442551,9.118612318,5.382826319,0.302252337,3.0411611,0.13977,119.0628514,4.305684075,52.1960141,55.31689484,5.463089,122.8046634,4.405495464,-7.502543985
Driver,95.94667144,-4.014,-7.085,5.196850394,49.678,-10.5,20.511,5.555,12.64,128.249821,1.3367,15.145,2.588,7709.46,17.83,351.2666857,95.6838404,55.81125901,6.073626735,0.307070593,1.690628865,0.102633489,173.8893145,38.93742345,47.24966186,56.2522099,6.134276687,179.9376601,41.01200293,93.73598726
Driver,109.5136901,6.7,4.1,-7.874015748,51.728,9.561,13.796,-0.876,-5.062,161.3591625,1.4734,13.038,-0.315,1495.91,-13.85,507.4647718,86.44272839,-25.69105435,4.956848315,-0.033340866,1.150156077,0.06508,270.286716,-22.06674179,32.07259391,72.09536341,6.03004,305.7456322,-27.58848478,-61.75619261
Driver,92.99838941,0.874,2.032,-1.220472441,51.357,2.731,13.629,-2.021,-4.054,134.1906764,1.4429,11.624,-1.365,2804.52,-16.496,367.4834544,52.94886487,-37.73675314,200.6507282,-34.21021945,-1.157938581,5.02251,198.3846797,-33.4120644,26.60233195,66.08219341,4.94251,231.0068485,-44.82814211,-86.2328143
Driver,100.9305655,-0.93,1.471,1.299212598,41.843,0.433,16.5,4.072,2.601,145.0194613,1.4368,14.407,3.745,3048.38,8.265,474.0928289,105.0834823,50.5955354,6.18438788,0.413067168,1.614735928,0.0913383,238.462426,32.32873112,41.92273514,61.96683615,6.82438,248.890484,34.35653568,50.48421874
Driver,88.89137437,-5.074,6.269,5.196850394,63.971,3.784,1.745,0.539,-5.731,131.8814871,1.4836,0.937,1.216,1380.0,-28.594,52.95283525,0.461625652,0.687762754,5.479345547,0.103507741,0.078559507,0.0856576,33.27651684,0.17742398,1.087766209,118.6530421,0.544201,95.33340758,-0.562804338,-1.586361653
Driver,101.7269148,-2.802,1.991,4.212598425,39.113,-1.461,18.837,7.635,5.644,132.6203472,1.3037,16.571,7.003,3087.88,14.157,414.3149208,97.15968507,77.39351472,6.265737691,0.780643782,1.883522468,0.102357,212.9145268,50.08167295,41.43500629,60.75491202,6.40899,223.3989556,53.525858,73.43273877
Driver,87.82882963,2.673,4.37,-3.385826772,53.089,6.379,17.259,0.899,-3.471,124.8472173,1.4215,15.856,1.25,1789.03,-9.375,350.7925019,64.28489869,-1.586851746,5.81564563,0.119801949,1.642039036,0.100255,195.1090901,-4.653507809,30.32972451,66.06776371,5.077385,229.4374375,-6.979330559,-26.72241595
Driver,105.2232462,0.1,10.3,0.0,49.708,10.266,3.259,-1.421,-11.721,149.7141195,1.4228,2.953,-0.246,1720.0,-34.765,206.7681435,6.551893432,-9.552598349,5.670658237,-0.042827331,0.287685134,0.078285,120.3018925,-9.586610282,5.433875709,100.2314181,2.028084,195.4835815,-21.62130105,-27.21494618
Driver,97.88833214,3.176,5.812,-4.37007874,47.364,8.741,15.144,1.331,-4.481,144.3331693,1.4745,13.381,2.015,2700.0,-20.291,448.9518213,83.57220299,-23.73115336,5.897039642,0.189897175,1.410077803,0.087012,232.5725994,-26.3068431,35.49729053,62.4414632,6.142094,258.1210571,-32.93621823,-103.2468342
Driver,89.19783465,-1.313,4.395,1.377952756,58.528,3.591,8.058,-0.79,-5.184,127.3894953,1.4282,6.531,0.066,2210.0,-11.789,272.71063,20.55737814,-6.753445816,5.797925441,-0.002218199,0.659543151,0.094747,153.0083896,-6.82787904,14.0119183,71.77095543,3.398708,204.8592652,-11.70903724,-21.01185572
Driver,99.84117752,2.72,6.661,-3.543307087,49.19,9.013,15.655,0.225,-6.436,144.2159538,1.4444,13.82,1.177,2940.0,-21.208,452.1763919,89.85939015,-35.67357843,5.893941701,0.101670695,1.459533857,0.087242,231.8801016,-33.88923718,37.81330727,61.63546932,6.346031,254.2922202,-40.72253443,-115.7820334
Driver,86.29429134,1.127,-3.852,-1.417322835,52.606,-2.991,19.29,1.395,5.247,125.1187813,1.4499,16.188,0.444,4014.16,10.206,374.6717058,92.41807123,23.69961465,4.827796391,0.04651587,1.415221501,0.08334572,190.0695545,18.53272998,43.58537454,57.95308839,6.210390499,204.7088618,20.95294237,51.19892328
Driver,95.61560487,-0.252,-1.361,0.31496063,48.367,-1.585,21.068,0.186,1.547,130.2632874,1.3624,17.837,-0.066,4189.07,3.314,400.3973082,115.1123892,7.667398869,5.939909753,-0.002262146,1.938720851,0.099758,198.8129273,6.154153018,48.53264861,60.76548043,6.757075,209.911141,6.729846203,19.14916557
Driver,112.4217072,6.1,2.3,-6.88976378,51.834,7.095,19.055,-1.657,-3.957,164.2117037,1.4607,17.402,-1.176,2817.01,-10.831,556.9253756,161.8491427,-47.61433218,5.726149287,-0.12107053,1.813252386,0.075779,269.8375026,-34.41355302,50.64634911,68.48329208,8.075706,281.9032951,-36.8406327,-86.74044585
Driver,94.77004295,-2.1,-2.1,2.086614173,59.643,-3.565,15.827,-3.243,-1.143,133.8965193,1.4128,13.604,-3.017,5030.0,-2.543,400.7513191,101.1557382,-27.64619206,5.715749034,-0.31371643,1.416704404,0.091421,196.3957877,-15.66206018,46.78325278,57.90234551,6.52839,207.0582877,-16.7028443,-16.00956193
Driver,90.00313171,1.994,4.585,-2.755905512,48.805,6.331,16.561,3.78,-0.805,130.6118021,1.4512,14.352,3.907,2870.25,-5.304,400.434504,79.17082288,17.44861805,5.822151477,0.391622799,1.497085634,0.095426,208.4095586,6.10544159,36.68007234,60.02297381,5.953163,231.2059819,5.969150429,-24.30927748
Driver,92.90443808,-3.1,-2.3,3.070866142,57.627,-4.454,16.198,-3.846,-1.546,138.2093325,1.4876,13.879,-3.467,5290.0,-3.327,415.3794066,112.1167108,-35.12443695,5.95206931,-0.386620001,1.510609691,0.092431,201.3128029,-19.96561966,49.05848567,59.36897816,6.785214,210.1818923,-21.05019499,-23.44494104
Driver,90.22235147,0.929,-2.024,-0.984251969,51.371,-1.282,14.238,-9.135,-7.111,123.877058,1.373,11.515,-7.631,3803.85,-27.513,332.5898128,52.77915145,-81.55312245,6.057780814,-0.836238925,1.244101465,0.103569,174.2692438,-56.37864639,30.65184785,56.47644625,4.97786,189.1186896,-64.0119349,-101.9464671
Driver,109.8112026,2.9,-1.1,-3.779527559,48.236,1.405,15.718,-0.358,0.742,161.2549213,1.4685,14.34,-0.466,3200.0,1.233,539.5442732,141.506517,-0.082618346,5.827958321,-0.047813474,1.51257401,0.077386,259.1672858,1.085634016,49.27700048,64.93347495,7.765271,271.7544094,1.252851554,9.580273918
Driver,98.78310666,-1.0,-4.8,1.614173228,41.577,-6.708,18.149,-0.245,4.688,139.9767359,1.417,15.921,-0.719,3190.0,19.704,437.4827988,103.9764816,39.08058129,5.686281795,-0.062342221,1.634931461,0.087657,221.1952481,34.52908536,42.90269459,61.10733888,6.616829,238.2433305,39.60753729,111.8040817
Driver,92.89996421,-5.469,-2.24,7.244094488,49.226,-6.976,16.289,0.902,3.141,118.3460093,1.2739,12.617,0.348,4360.0,5.248,333.675775,64.35385084,10.70737718,6.349631863,0.04697627,1.444532561,0.114562556,171.1940838,8.210517857,36.92311853,54.38229657,5.412187844,188.7903374,9.683810564,21.51533999
Driver,108.1066571,2.6,1.0,-2.559055118,48.499,2.833,15.696,-0.891,-1.97,157.2586346,1.4547,13.865,-0.728,2892.26,2.918,529.6375745,121.9313289,3.223944645,5.850484627,-0.059252459,1.461019171,0.079424,260.9662802,4.122130119,44.64346974,64.08095786,7.334967,277.7804942,4.749425424,22.31139376
Driver,86.22047244,-5.371,-6.804,5.433070866,60.455,-9.859,17.115,-4.179,2.625,124.1338583,1.4397,14.432,-4.51,3330.0,4.237,370.9230899,75.83264126,-21.21712305,5.446246246,-0.424244847,1.415475462,0.0939008,192.1123775,-8.845488254,37.76860589,57.70323101,5.81714,210.5835603,-9.174454596,18.81680789
Driver,94.21528275,-4.664,-0.047,5.62992126,55.833,-3.221,12.182,-0.609,-0.562,133.72517,1.4194,9.97,-0.533,2940.0,-1.227,393.8989814,56.29401612,-5.619375194,6.312943173,-0.060080896,1.120148955,0.099425303,204.4514406,-3.619860396,29.69462461,59.57762855,5.385113971,232.8142924,-4.361542901,-5.154295042
Driver,91.00304223,0.783,6.533,-0.94488189,54.806,7.085,13.428,1.088,-5.445,131.4985236,1.445,11.32,2.023,3000.0,-15.939,381.7571054,59.53714318,-11.53930933,5.678888064,0.186161663,1.143392523,0.091264,199.5205996,-14.82012634,30.80584022,59.36743792,5.376838,226.7408541,-19.8516508,-65.50393394
Driver,72.3559413,-6.436,-6.771,8.070866142,53.358,-11.584,23.66,10.096,16.867,85.32346099,1.1792,18.695,6.998,4860.0,27.941,181.3587054,38.63333055,37.06194412,6.170346925,0.803841123,2.059536483,0.159647,102.5087565,27.66950145,32.09820621,49.97992823,3.80075,113.044698,31.88903354,46.31347507
Driver,105.4022011,1.66,3.555,-2.086614173,52.671,4.822,14.935,1.725,-1.83,152.3962062,1.4458,12.506,2.071,3711.0,-4.99,502.2979596,115.5407628,2.048303539,6.293166911,0.221146271,1.435437305,0.0877999,243.9923093,-3.119663342,45.34391611,61.58342938,7.19371,257.5227878,-3.811714361,-35.80282249
Driver,106.847262,-0.86,1.409,1.141732283,44.531,0.535,16.446,4.756,3.347,150.7030691,1.4105,14.144,4.29,3509.62,10.66,496.2778467,119.7716635,67.61511999,6.375884536,0.490481179,1.643639506,0.090596,243.3971734,42.92489529,45.61512888,62.50448541,7.21784,251.1041351,44.88740728,74.64827003
Driver,112.2002505,-1.259,0.818,1.456692913,48.637,-0.291,11.422,5.009,4.191,165.5413386,1.4754,9.922,4.501,2600.0,11.977,548.1663401,88.94137847,73.32314006,6.464705696,0.519113339,1.154890851,0.0821061,274.5587192,46.79109399,35.17467622,63.82521682,6.65449,299.4817808,53.32434203,76.24675397
Driver,27.6932713,-0.9,-0.9,0.905511811,69.845,-1.432,33.812,-2.157,-1.257,29.99217072,1.083,28.201,-1.875,3030.0,-1.304,26.87646961,7.249215405,-0.895888622,2.312945925,-0.078772448,1.095380537,0.181191,16.89590552,-0.595021333,30.79083471,27.26836126,1.405009,25.32270734,-0.900838601,-0.12668141
Driver,93.75671081,2.212,5.49,-2.795275591,50.641,7.305,21.81,0.188,-5.302,126.6613726,1.351,19.628,0.828,2847.0,-5.67,397.5486255,105.967188,-5.156927928,5.763351185,0.07734361,2.062277902,0.100324,206.0264712,-6.279987991,43.89734807,62.0407937,6.50262,223.3393651,-7.394623776,-27.76560277
Driver,112.8310666,0.2,1.6,-0.236220472,43.048,1.434,12.563,-0.018,-1.586,168.014719,1.4891,10.972,0.191,2680.0,-4.28,570.6353576,109.1350049,-11.12635811,5.675991286,0.015927728,1.115483829,0.071214,280.9295832,-9.37845997,40.61075661,63.85344049,7.219213,302.0713508,-10.80005978,-30.94315516
Driver,85.75071582,-0.398,5.593,0.511811024,50.358,5.263,11.043,1.998,-3.595,120.3319613,1.4033,8.92,2.678,2660.0,-11.404,293.8949405,31.73550333,3.930302087,6.271237641,0.281772895,0.982482801,0.109284,161.1914235,-1.753146401,20.52276359,62.5775939,4.08255,197.0365007,-4.33248669,-27.84635174
Driver,92.57784538,-3.2,-3.0,2.834645669,53.724,-6.083,17.021,1.988,5.138,135.3039996,1.4615,13.164,1.168,5340.0,10.584,397.5596641,100.4097797,34.43736352,5.738558237,0.11184445,1.378529722,0.090717,194.0409371,24.31932329,47.0165555,57.39870119,6.49421,203.9464059,26.31536893,61.17036344
Driver,100.9417502,3.306,4.682,-3.976377953,49.428,7.517,14.127,1.193,-3.489,148.0663923,1.4669,12.84,1.621,1990.0,-17.41,448.7728009,74.00674515,-13.96870242,6.362289029,0.165779851,1.455611868,0.0912009,239.8062991,-17.53521008,30.84400145,67.47485572,5.71358,261.5220434,-21.3528696,-72.88102942
Driver,91.83518253,0.503,3.822,-0.669291339,48.133,4.272,16.161,7.969,4.147,131.2763958,1.4295,14.257,7.441,2570.0,14.431,391.8833745,72.42953784,71.42459376,6.379759233,0.841074313,1.627935236,0.103972,208.1217981,46.51090479,33.69373592,61.52597938,5.67484,224.290746,51.57579922,59.5441348
Driver,100.0223694,-4.436,1.652,7.047244094,38.563,-3.932,9.301,2.447,0.795,145.6849499,1.4565,7.448,2.338,2684.86,3.292,428.3327819,48.26903254,22.84271223,6.252861226,0.25801044,0.829825878,0.0895687,220.4031897,13.64705359,25.21434432,62.69710612,5.23542,243.6578198,15.61082645,13.98513982
Driver,103.0399964,0.723,-0.644,-0.866141732,46.749,0.036,20.228,1.719,2.362,139.3061024,1.3519,17.708,1.392,3511.45,4.306,450.5387754,126.4388126,22.03402521,6.46995199,0.163294513,2.100991063,0.101381,223.186328,14.58503758,48.13626253,63.28010098,7.14985,235.0589952,15.69279868,27.51164397
Driver,71.21957767,-2.665,-10.638,2.519685039,63.035,-11.995,25.699,-3.256,7.381,88.0547602,1.2364,18.935,-5.195,6104.74,9.002,202.0545143,47.49593972,-10.88693499,5.339971406,-0.468990608,1.829937678,0.1340616,110.6974821,-3.752683848,36.82375344,49.43799102,4.270425267,123.272549,-3.625252524,18.84044359
Driver,89.18664996,-4.112,-0.607,4.645669291,54.719,-3.523,10.061,-1.238,-0.632,127.1156943,1.4253,7.908,-1.141,2720.0,-1.646,328.3658866,33.83264493,-8.237595355,6.202652063,-0.125160155,0.86512202,0.102101787,175.9772419,-5.086895202,21.06755533,62.50105932,4.351900961,214.169888,-6.556042781,-4.74940607
Driver,94.34726199,-3.239,1.193,4.212598425,46.924,-1.84,9.528,3.798,2.605,131.9566482,1.3986,6.795,3.233,3654.7,-0.243,347.1678636,40.72726708,20.29908227,192.4444154,12.19077324,-5.770464308,4.96459,180.8732485,11.32765758,24.45306116,62.92880904,4.54459,212.499708,13.64196031,3.387074608
Driver,96.90184324,-8.519,-7.472,9.724409449,54.719,-13.556,9.981,-0.702,6.77,141.5005369,1.4603,7.791,-1.517,3280.0,19.924,409.1497356,50.04829577,24.56386614,6.266505681,-0.14553005,0.872456713,0.0925923,208.1417836,24.00260666,27.36931083,59.32018939,5.25876,227.2456055,29.10703532,88.40305501
Driver,98.7115247,0.161,-0.012,-0.196850394,50.874,0.119,13.154,-2.02,-2.008,142.2418576,1.441,10.546,-1.606,3728.23,2.046,439.268798,88.00543796,-3.66390065,215.5795883,2.051724586,1.694325059,6.22793,217.4514924,2.152132047,39.89440446,58.48999952,6.31326,234.5362473,3.185081035,24.73605822
Driver,92.3630995,-3.204,3.691,3.858267717,54.796,1.428,14.845,7.679,3.988,129.1857552,1.3987,10.705,6.734,5437.73,25.547,342.3699056,60.24544919,88.0320867,158.2918829,51.02338216,10.79023678,4.36247,177.9065783,60.73871151,33.20135311,56.45794619,5.19998,196.1533126,69.54776674,122.1353988
Driver,108.2789012,0.2,-1.0,0.078740157,48.31,-1.533,14.899,1.139,2.28,161.9311471,1.4955,12.863,0.894,3313.03,2.371,545.0425436,130.7732147,15.64347878,6.020357503,0.087718647,1.397984008,0.0791,262.6978406,9.900220195,47.16327616,64.03550986,7.586144,276.6633372,10.67917765,17.40946427
Driver,95.55968146,-4.3,-2.5,5.590551181,47.813,-6.532,5.86,-7.467,-4.967,140.4203203,1.4694,4.037,-6.562,2816.39,-13.512,344.171449,21.20072435,-53.61049905,6.087896591,-0.707722857,0.438026743,0.089961,178.8959894,-32.75860951,14.41114332,67.87375885,3.906736,226.2844506,-45.07051656,-37.33724841
Driver,87.956335,-5.294,-0.571,6.653543307,52.498,-4.648,6.98,6.209,6.78,126.5354331,1.4386,4.702,4.942,3271.11,18.321,271.5620406,18.07918478,40.76593766,159.4287839,31.35859075,-4.29228482,3.78011,144.6392886,27.02106487,13.76238605,69.69371863,3.32011,189.8046327,39.86470879,44.03909933
Driver,67.16624911,-7.433,3.127,6.811023622,64.809,-0.391,15.55,-10.948,-14.075,70.0982015,1.0437,11.805,-8.545,3070.0,-21.293,93.23922981,10.70555172,-16.3564388,5.981870705,-0.920203744,1.16264241,0.1815224,57.48661911,-11.5516971,15.87626302,52.18263772,2.028922282,89.89178898,-19.7488306,-9.167950114
Driver,107.9030959,3.714,-1.38,-4.842519685,45.895,2.227,20.206,2.733,4.114,156.0896117,1.4466,17.778,2.089,3880.0,9.313,514.6424601,164.351725,51.34046636,5.849540381,0.22352187,1.903367091,0.081761,245.1401025,34.10744097,53.42679397,68.16577894,7.969825,253.4065395,35.75520107,75.70763186
Driver,116.2379205,0.74,5.436,-0.984251969,50.469,6.046,9.164,-3.55,-8.985,162.7521027,1.4002,7.796,-2.062,3247.55,-19.783,486.6398789,59.28823766,-73.45266219,202.3887828,-38.1479387,15.00423483,4.25133,240.4440782,-50.94671278,29.30373439,62.54076872,5.59732,269.0492293,-60.35536456,-127.3762781
Driver,95.25769506,-6.163,-1.131,9.68503937,40.173,-8.479,11.792,1.438,2.569,133.4506979,1.4009,8.449,0.949,4474.49,13.218,388.3056691,67.2069559,47.69980917,171.5748059,31.96982686,5.408948681,5.57053,177.2471603,34.16555852,45.40481494,49.75927158,5.90793,187.1263976,37.91516363,93.84085194
Driver,109.7687008,3.2,2.2,-3.228346457,47.645,4.635,16.773,0.639,-1.543,160.4039907,1.4613,14.939,0.865,2940.0,5.943,539.0740943,138.5589672,27.21487041,5.772021786,0.091841705,1.559343104,0.077227,262.0924061,19.05983316,47.96327691,65.11897041,7.686815,276.1870546,20.6952941,45.3343588
Driver,105.2344309,2.1,3.5,-2.755905512,43.569,5.584,12.076,-5.345,-8.845,152.9930208,1.4538,10.864,-4.214,2460.0,-29.726,446.0484963,64.46447716,-79.93272818,5.693134426,-0.438837298,1.096230139,0.078376,235.0882537,-60.41373669,28.63924639,65.904796,5.493759,268.4769424,-75.72111815,-130.6675203
Driver,95.10558339,-1.1,0.3,1.57480315,48.008,-0.689,9.945,-3.22,-3.52,136.5580261,1.4359,8.716,-2.703,2710.0,-10.211,386.585551,47.17947527,-33.56603661,5.58140969,-0.282486187,0.862141454,0.085585,202.3075445,-22.8544952,25.77428586,61.41573852,5.035378,235.3999201,-28.81775082,-40.04870992
Driver,103.3397459,-3.1,4.1,3.976377953,44.845,1.008,14.414,4.026,-0.074,151.2227094,1.4634,12.403,4.232,3020.0,-1.508,501.2334989,100.6107022,32.27433079,5.573904212,0.410079303,1.239699807,0.07815,250.2390926,15.26066619,40.45900923,62.04330247,6.850158,270.4752004,16.26499528,-9.639041347
Driver,93.78802792,-2.1,4.9,2.047244094,56.519,3.477,13.135,1.567,-3.333,127.6205709,1.3607,11.123,2.217,4150.0,-9.298,372.088625,69.21220382,-5.752424718,5.671294165,0.187323597,1.136473456,0.0941,187.1333243,-8.277416692,37.80038868,54.91266271,5.728926,204.5082209,-10.25069313,-46.5097689
Driver,101.335451,-0.652,1.917,0.905511811,42.137,1.197,18.073,2.943,1.026,143.7797513,1.4188,15.972,2.821,3004.15,3.035,474.2415621,115.2044356,30.29585968,5.999858575,0.298599144,1.743427005,0.0900406,238.3220692,18.00700935,44.09334263,63.07562335,7.01466,254.1702502,19.53340889,18.86848098
Driver,108.6166786,3.7,2.5,-4.133858268,50.939,5.424,17.73,0.411,-2.089,156.7852989,1.4435,16.179,0.738,3280.0,-4.738,529.2491963,146.9100324,-10.04878836,5.793108831,0.061242178,1.701600756,0.079811,256.6243822,-9.325417968,49.6653796,66.25394183,7.787542,268.7762616,-10.16786696,-37.88348376
Driver,114.3700787,-3.506,-2.118,4.05511811,53.574,-4.71,13.592,-1.077,1.041,150.6815945,1.3175,11.338,-1.219,3380.0,2.232,495.2779655,98.32831355,-4.084395408,6.434546474,-0.134177806,1.324000164,0.0903734,243.8174916,-0.293158768,41.05530998,60.38859732,6.82978,261.0978151,-0.012279045,14.68160112
Driver,108.741947,1.9,3.9,-2.283464567,49.753,5.587,10.289,0.885,-3.078,163.5806639,1.5043,9.401,1.217,1537.04,-4.515,488.0334449,61.95142417,3.491106339,5.204515739,0.108387975,0.865453292,0.066564,259.1207353,-0.510971566,25.82789868,73.03618668,5.412651,302.6836501,-1.628337393,-18.04297924
Driver,102.1832498,-0.64,3.528,0.787401575,46.876,2.928,22.914,0.498,-3.029,132.538699,1.2971,20.301,0.867,3467.87,-6.944,421.0440568,128.7783124,-10.95410684,6.123053381,0.083378554,2.293322642,0.102413,210.24051,-10.56816199,49.28447939,63.65727423,7.05268,216.0849635,-11.10442955,-41.23250809
Driver,32.82480315,-1.3,-3.7,1.417322835,56.899,-4.776,21.402,-1.324,2.376,46.53498568,1.4177,16.829,-1.84,2123.96,4.834,46.87121847,7.368189482,-1.338175494,4.287948997,-0.134870098,1.142242201,0.199748,29.90423914,-0.770267905,19.27899777,39.97889176,1.504697,52.03454344,-1.200715293,0.569976284
Driver,106.0128848,3.829,3.618,-4.606299213,50.088,6.827,16.233,0.113,-3.505,152.2322387,1.436,14.725,0.556,2370.0,-10.05,503.8174306,105.4678472,-17.75689479,6.523109956,0.052893794,1.734546482,0.0918582,259.0547791,-16.8820903,39.16284441,65.40006369,6.78128,281.065216,-19.80558475,-58.16936351
Driver,86.85576235,-4.4,0.4,3.818897638,58.798,-2.781,26.226,0.213,-0.26,119.551718,1.3765,20.332,0.083,6988.31,-0.034,328.8995688,111.4527374,1.363824643,5.148209154,0.023877071,1.944261477,0.095966,162.3397385,0.697491192,52.26225808,58.82809908,6.350689,166.4829807,0.714523855,1.386970765
Driver,95.70731926,2.088,4.767,-2.755905512,48.242,6.632,18.199,3.703,-1.064,141.4949445,1.4784,15.806,3.869,3370.0,-7.752,458.7538912,114.3950739,9.902477542,5.986859537,0.395490294,1.713506241,0.091315,228.5688391,-0.741799065,45.15507936,61.98002853,6.95843,244.0898278,-1.634524671,-48.48845918
Driver,78.88555834,-2.359,-8.201,2.047244094,66.466,-9.229,21.39,-3.435,4.766,94.78346457,1.2015,17.724,-4.23,3520.0,7.116,234.141963,49.63182986,-11.03097297,5.760786438,-0.414753537,1.8303019,0.1329352,129.0187015,-4.019848729,33.86221203,53.02208188,4.466785973,149.6079731,-3.911172334,16.50884858
Driver,86.58509306,-1.7,2.1,2.362204724,47.305,0.422,34.242,-16.836,-18.936,102.5539102,1.1844,27.355,-12.195,7990.0,-9.07,257.6290091,104.1310694,-63.88266719,5.467789791,-1.174656771,2.871247844,0.12651,128.4837911,-38.2299061,54.66632215,57.04795111,5.854957,129.9120602,-38.70702405,-34.36695873
Driver,69.59332498,-3.305,-2.892,3.031496063,58.398,-4.928,25.615,0.666,3.558,92.66665175,1.3316,21.17,0.055,4120.0,5.266,232.8724749,61.0705921,5.096293828,5.825450483,0.014633389,2.250455209,0.140898,126.3849815,4.536206241,39.79417863,52.47517834,4.785459,141.4416361,5.465189448,13.2448844
Driver,100.7583214,-0.612,3.201,0.708661417,48.278,2.656,22.25,-4.057,-7.259,130.6880816,1.297,19.425,-3.077,3854.4,-16.754,401.1768681,117.7658928,-59.5163079,6.150988756,-0.353319202,2.196894777,0.103788,201.2785476,-42.46229598,47.893484,61.61878684,6.76736,207.332399,-44.37599131,-95.52003936
Driver,118.9289549,2.538,1.77,-3.543307087,42.879,4.506,10.051,-2.281,-4.05,159.0922513,1.3377,7.977,-1.148,3722.01,-4.614,524.0306203,90.44707097,-25.03237471,5.930143708,-0.123308047,0.854670616,0.078001824,251.7193705,-15.98442239,39.83468741,59.07380077,6.812904306,270.1059745,-17.88412056,-32.84455447
Driver,96.96671439,-0.792,-3.611,1.220472441,45.982,-4.376,15.123,-3.235,0.377,137.4894864,1.4179,11.809,-3.316,4524.63,12.067,402.7664505,84.1442191,5.912938966,206.4503058,10.15985966,0.168044016,5.83611,206.6042278,10.17853424,37.91502522,63.80313281,5.84238,226.263467,12.74480169,66.29265231
Driver,97.36041518,-0.453,1.5,0.472440945,55.256,1.186,17.739,-1.815,-3.315,138.550689,1.4231,15.523,-1.389,3100.0,-6.544,446.0208122,103.4260191,-25.57353255,5.320043095,-0.134485587,1.496807453,0.0825344,225.8762096,-17.96221085,42.40773375,61.43050102,6.68911,242.7083879,-20.05897663,-37.49693149
Driver,112.4060487,3.2,2.2,-3.188976378,49.807,4.352,14.359,-1.467,-3.648,167.7404707,1.4923,13.125,-0.991,2162.56,-13.547,562.2735612,111.3537408,-44.61869212,5.991826867,-0.119950549,1.40840093,0.075924,285.4093908,-34.25392513,39.0761261,67.17901701,7.026643,309.3505998,-39.41140233,-88.0446782
Driver,83.07310308,-0.4,11.6,0.866141732,64.323,10.931,5.745,-2.954,-14.457,97.08146922,1.1686,4.883,-0.98,2150.0,-56.268,74.08582632,3.352913497,-3.747036814,5.909635027,-0.146009111,0.45436501,0.126484,47.26370097,-3.929859146,5.946292555,79.41995933,1.108103,106.5431592,-12.99272931,-9.371141563
Driver,101.6038833,5.674,4.575,-6.57480315,54.963,8.57,12.634,-1.607,-6.182,143.0936829,1.4083,10.837,0.023,3415.0,-29.204,417.981711,66.8473545,-55.39896412,6.492467524,-0.030981637,1.259081842,0.0958164,213.6246278,-47.52881818,32.54401488,59.2846826,5.6608,236.1842689,-57.86636107,-142.8372581
Driver,99.9015748,1.427,5.396,-1.929133858,47.908,6.685,16.608,0.228,-5.168,142.1901843,1.4233,14.464,0.992,3200.0,-12.696,456.6101515,101.1895476,-22.68995016,5.927031685,0.089771165,1.54380905,0.089313,229.9328452,-21.07108227,41.6763033,61.12483628,6.674849,248.5518385,-24.50314669,-75.09586633
Driver,106.529617,0.3,8.5,-0.354330709,55.632,8.676,14.507,9.623,1.123,153.8316482,1.444,12.668,9.614,2820.0,-1.415,505.7754416,106.3178263,78.76388646,5.856797137,0.97690522,1.333296735,0.080897,250.5280352,38.78100361,42.19075282,61.77848633,6.988535,269.3730853,41.4981179,-9.29980354
Driver,104.0891195,3.151,0.375,-3.779527559,46.503,3.369,17.798,0.939,0.564,152.9115963,1.469,16.061,0.869,2640.0,1.379,519.5990134,125.6691432,11.32215709,6.452755754,0.099447167,1.887208976,0.0911364,261.415217,7.00532253,44.05629781,65.656449,7.30929,278.457372,7.621485496,9.123693755
Driver,93.13036865,-1.1,-4.7,1.417322835,54.253,-5.664,13.971,1.103,5.873,126.8745526,1.3623,10.39,-0.321,4837.78,1.437,367.6218749,67.94947787,0.911995725,6.002419961,-0.031572265,1.129859485,0.100077,183.9921799,1.265840839,38.04139228,54.48188795,5.68578,199.9350404,1.54450627,6.889825924
Driver,98.78981747,3.958,1.673,-5.078740157,49.553,5.055,13.771,2.686,1.014,145.7406496,1.4753,12.507,2.552,1839.4,0.729,439.5282675,69.9694062,20.3538254,5.915277736,0.263924271,1.313672483,0.086006,235.9754408,11.45142036,29.74515801,68.27059693,5.566043,272.1198004,13.34880553,2.83614514
Driver,86.81102362,-4.631,0.678,5.354330709,56.06,-2.447,29.813,-5.792,-6.47,107.6415981,1.24,23.566,-4.435,6790.0,-6.397,286.6299947,100.3090315,-31.53558591,5.607887583,-0.445832665,2.480670204,0.1192136,145.0877288,-19.82774859,51.08762426,57.14409507,5.93142167,149.9966267,-20.65027041,-25.96285077
Driver,93.36524696,-5.593,-4.354,6.732283465,49.064,-9.227,6.581,0.656,5.01,132.7990784,1.4224,5.207,0.086,1960.0,14.918,254.6862104,14.96117114,7.328870898,5.427937542,0.017030511,0.490599235,0.084768423,144.1968661,7.174718104,10.59603426,79.20099653,2.946923838,204.9059691,13.37270941,20.87562336
Driver,110.9095383,6.7,2.7,-8.149606299,50.356,8.376,17.679,1.838,-0.862,164.494005,1.4831,16.398,1.935,2900.0,1.517,559.904494,159.0279342,23.50991041,5.870396242,0.19986019,1.748507152,0.077166,269.8166832,13.25453041,50.68844215,67.93051766,8.072124,281.7686174,13.96682079,12.4422664
Driver,105.4223336,1.6,-1.0,-1.732283465,48.292,-0.279,14.97,-4.426,-3.256,151.3884664,1.436,12.703,-3.682,3510.0,-4.781,493.7818232,113.2992795,-46.67442459,5.732131443,-0.390376279,1.313712239,0.080509,240.7738081,-27.2200454,45.20633655,61.34599639,7.105257,255.645619,-29.43832829,-35.40234435
Driver,111.97432,-2.654,-0.675,3.070866142,52.668,-2.701,12.286,-0.255,0.42,157.6306371,1.4077,10.435,-0.308,2900.0,1.034,524.2100913,92.14408088,-0.001656433,6.449225045,-0.033572704,1.216083998,0.086231,260.4976373,0.825641591,37.64637867,61.84262639,6.74517,281.9883294,1.067240521,6.677851966
Driver,90.20669291,0.104,1.52,-0.118110236,51.63,1.602,5.757,-2.305,-3.825,126.839209,1.4061,4.679,-1.572,1640.0,-12.408,194.0361784,9.421268611,-8.38180521,5.856289994,-0.16857826,0.468385904,0.095705,114.2723617,-6.418482787,7.827834269,85.80534477,2.272365,182.0877476,-12.30007475,-9.858501259
Driver,33.51601646,-4.592,-1.174,4.015748031,62.262,-3.594,37.354,-1.573,-0.399,39.10969936,1.1669,25.699,-1.439,4497.15,-0.308,43.72939663,10.86045444,-1.076184701,6.272781916,-0.15840057,2.448462409,0.375583,27.08475906,-0.694019824,29.10984968,33.30439393,1.76004,37.53767423,-0.966138852,-0.041562814
Driver,80.74668933,-1.131,-5.704,1.496062992,53.299,-6.547,9.731,-8.817,-3.112,116.8300376,1.4469,7.345,-8.123,2880.35,6.773,248.5514063,21.18254577,-30.36526611,157.2463941,-17.04474842,-6.808611324,4.02528,138.2018954,-15.49725103,16.07294678,64.9374173,3.37528,178.9658663,-18.9313954,12.18843359
Driver,96.4991947,1.892,2.603,-2.755905512,46.843,4.378,17.363,1.25,-1.353,144.3839477,1.4962,15.846,1.39,2184.91,-6.929,444.7721747,94.28717897,-11.8820822,213.3092852,-13.26037105,11.49524528,5.61984,229.2077655,-15.8488398,38.89788181,62.91103431,6.27568,251.2351663,-19.47100415,-64.17276253
Driver,90.49078382,-4.246,4.169,5.708661417,50.43,0.652,7.09,0.106,-4.063,125.5306013,1.3872,4.275,1.122,3727.87,-2.742,316.343683,23.52371228,2.844855822,5.92454287,0.112870281,0.457783302,0.098132,160.8395646,0.443885078,18.1613303,58.765751,4.058855,196.7759557,-0.099707033,-8.116927983
Driver,91.16633858,-1.192,3.529,1.614173228,46.593,2.402,14.409,-0.864,-4.394,127.6118468,1.3998,11.805,-0.105,3430.0,-6.483,377.8402574,65.87311464,-12.07123643,5.950922464,-0.018274793,1.256986126,0.098898706,194.4326601,-9.952779883,34.68067884,57.17396565,5.622052339,216.4934147,-12.09005289,-28.79074213
Driver,104.2770222,2.4,1.6,-2.952755906,42.509,3.876,15.183,-1.011,-2.691,154.751029,1.484,14.008,-0.831,1850.0,13.768,490.1566092,93.49806032,19.40003047,5.763739593,-0.067191922,1.443747425,0.079447,256.5405534,19.3517003,35.91618843,67.03251843,6.319619,284.6700143,23.85664122,69.17915237
Driver,92.23335719,4.587,6.587,-5.826771654,52.833,10.074,14.265,12.111,5.524,135.4766911,1.4688,12.549,11.102,2660.0,15.213,404.2193395,67.90081577,100.339236,5.933664328,1.155972534,1.32576823,0.092984,212.6496266,61.97640673,32.11633033,61.46972403,5.619836,240.5125921,72.81428244,64.94166022
Driver,99.00456335,2.1,3.1,-2.716535433,46.654,5.072,14.821,-1.442,-4.542,145.8189424,1.4729,13.053,-0.75,2720.0,-17.786,454.6964951,88.01965289,-44.00652122,5.903623869,-0.093561104,1.380318823,0.086174,231.5309675,-35.44429272,37.91722556,60.75329071,6.344903,253.8425034,-41.82666225,-97.33899693
Driver,109.5315855,-0.84,1.259,1.023622047,48.211,0.508,12.232,0.599,-0.66,161.2488815,1.4722,10.953,0.666,2050.83,-1.852,519.9848886,81.97625049,2.220711931,6.435775792,0.073203656,1.26019153,0.0841199,269.2687806,-0.094455362,32.22202635,67.42953998,6.22381,299.6647933,-0.467863531,-9.67298925
Driver,103.3419828,0.864,3.399,-1.102362205,44.584,4.276,14.776,2.593,-0.806,150.9750805,1.4609,12.106,2.753,4009.07,-3.239,491.4674233,114.3930988,12.68081532,6.16556141,0.292015273,1.363417894,0.0866837,237.5534934,3.671095045,45.95150677,60.97699799,7.14217,244.4663181,3.606490437,-23.22472595
Driver,87.94515032,-1.614,3.491,2.322834646,46.055,1.935,15.703,1.312,-2.178,117.2756353,1.3335,13.029,1.663,3138.64,-22.139,300.2033334,49.91645955,-22.71187814,161.4266981,-23.38311007,-0.686271593,4.56662,160.2124416,-23.04842213,29.84964047,61.31237118,4.51944,187.0431148,-30.78005021,-82.91950441
Driver,98.48112026,-1.9,0.3,2.637795276,49.311,-1.552,18.637,-1.216,-1.426,136.7331782,1.3884,16.479,-1.058,2936.49,-1.716,437.57306,106.343966,-11.69208934,5.542194063,-0.103865902,1.65147967,0.087674,221.9331799,-7.309443513,43.51393383,61.55771021,6.714741,239.3485895,-8.08305405,-9.637583305
Driver,92.82614531,-0.9,7.3,1.535433071,46.958,6.307,12.765,7.147,-0.153,131.7593504,1.4194,10.557,7.238,2890.0,-2.414,385.9470147,59.7182904,44.02071557,6.061990993,0.761219708,1.141549306,0.097119,198.9009817,21.63394615,31.98774589,57.66766022,5.480965,224.1271344,23.94975774,-10.34863993
Driver,85.61649964,-2.092,8.879,2.519685039,56.383,7.488,8.689,7.019,-1.861,128.2963493,1.4985,7.241,7.272,1872.53,-6.361,273.5760206,22.17027118,31.06428514,5.686658338,0.715619028,0.715994566,0.092351979,155.5089668,16.19481641,14.45540194,74.08230153,3.393101994,209.3553254,20.51591995,-10.5381586
Driver,69.75885827,0.553,0.914,-0.551181102,57.628,1.265,29.767,-1.285,-2.199,91.02742484,1.3049,22.549,-0.672,6527.52,-9.548,216.2629976,64.19784322,-9.420532648,120.0583448,-7.945394373,-4.590338652,5.09096,115.4247375,-7.372411468,43.42963964,48.67115615,4.82096,123.2688147,-8.33724759,-18.06278284
Driver,104.773622,-1.5,7.1,2.047244094,51.337,5.725,10.372,1.058,-6.042,150.475349,1.4362,9.056,1.749,2200.0,-11.399,440.7375566,54.50254959,-3.796290181,5.865723358,0.17094992,0.940326086,0.08164,232.5017874,-8.191502015,25.61350431,67.05166701,5.275531,270.6036377,-12.19485279,-45.83844919
Driver,101.0714925,3.024,5.589,-4.133858268,47.421,8.372,13.746,2.591,-2.998,147.1047334,1.4555,12.25,3.021,2270.0,-10.051,457.8419683,76.25650306,6.17958223,4.974488918,0.256691067,1.0841917,0.071493373,240.0214459,-2.967250087,32.37839245,64.9028321,5.934194116,270.7896682,-5.346059604,-46.83528821
Driver,78.09815676,2.521,0.348,-3.661417323,48.162,2.607,18.065,-1.879,-2.226,111.5790533,1.4287,14.889,-1.403,3553.88,2.25,291.310458,57.04134757,-2.405147931,161.4285862,1.211461986,-2.681034404,4.92571,157.2584435,1.010316494,32.9517731,60.11276904,4.75571,180.6367472,2.095321352,14.58099607
Driver,40.97396206,-8.6,0.4,8.385826772,53.011,-6.524,10.007,6.911,6.436,57.23939692,1.3969,7.929,6.205,1250.0,22.236,36.28127218,2.608352043,4.176586191,6.235510035,0.697043446,0.661387585,0.228036,23.70666024,2.908302012,8.750489218,51.91922956,0.900336,59.39480121,7.819854244,1.044774154
Driver,104.7199356,-1.7,9.1,2.165354331,52.41,7.735,7.41,3.37,-5.73,150.6697387,1.4388,6.493,3.958,1620.0,-10.187,363.8303311,29.01878571,16.59995765,5.925269604,0.402693141,0.674419451,0.081771,199.9591095,5.847176748,15.64684057,78.54568677,3.941645,256.5540781,5.107886426,-23.88925489
Driver,93.02970651,1.091,-0.34,-1.57480315,49.615,0.588,18.04,0.36,0.7,129.7045007,1.3942,14.343,0.2,4763.98,9.302,368.9790961,84.52295321,26.20663585,185.4313338,20.77838263,3.741298009,5.63859,189.8267421,21.64842129,40.17582415,59.54279589,5.83584,206.3206563,24.9356014,62.96998039
Driver,100.7426628,2.497,4.768,-3.385826772,46.846,7.111,13.531,-1.804,-6.572,147.3622047,1.4627,12.054,-0.896,2520.0,-24.663,442.5961452,71.7632948,-48.84287269,5.88770166,-0.111564985,1.262094487,0.084585,232.3651611,-41.50893251,31.52230156,64.00629206,5.756586,261.9375814,-51.86126038,-113.7860705
Driver,100.0089477,-1.79,-8.722,2.559055118,45.541,-10.479,22.964,6.875,15.597,134.7443182,1.3473,19.458,4.418,5600.0,21.133,390.9052451,128.283213,84.3067086,6.178988146,0.513114034,2.224396361,0.101638186,191.3732858,57.90388536,51.7982664,61.96275727,6.876571576,197.9395113,60.73276336,131.042732
Driver,96.21286686,-3.0,0.8,2.755905512,53.784,-1.953,13.664,1.384,0.561,141.3904796,1.4696,11.828,1.514,2579.77,5.832,436.4460222,73.74306294,20.66098563,5.679769433,0.134890482,1.197863504,0.085,225.7077005,14.49882402,33.83338312,61.28498376,5.940562,251.8845021,17.23512018,25.6278256
Driver,104.6595383,-1.717,2.178,1.850393701,57.226,1.073,14.708,-1.131,-3.309,150.4518611,1.4375,12.721,-0.714,3030.0,-11.166,493.2967759,99.518724,-34.59034361,6.290729485,-0.090716397,1.446985289,0.0888911,247.0134797,-26.41435931,40.08710972,61.7316986,6.77982,258.6404752,-28.63798897,-70.05552638
Driver,62.66777022,-5.0,-1.6,4.173228346,61.416,-4.937,30.926,-0.914,0.847,82.41454903,1.3151,24.853,-1.014,4964.47,2.062,191.951186,57.45542775,-1.752268803,5.825370663,-0.098716062,2.679414489,0.163553,105.3967899,-0.506989287,42.16089864,50.27302351,4.47927,116.6514497,-0.465365228,4.074736379
Driver,81.59672513,-2.354,0.699,2.795275591,52.845,-1.086,16.011,11.108,10.409,109.4233178,1.341,13.667,9.709,2940.0,28.887,263.4109787,41.33189078,66.05072667,6.244426373,1.085871678,1.505773568,0.121901,147.0273824,46.77212808,26.44852477,58.59056796,4.21552,174.9251551,59.89317784,67.78495895
Driver,92.06782391,1.9,-9.1,-2.244094488,47.856,-7.613,20.121,0.967,10.067,128.1549749,1.392,17.274,-0.793,4170.0,17.159,384.0145602,101.6311373,32.30886024,5.806551215,-0.057915378,1.826595283,0.09874,193.7952195,27.85683896,45.35351576,59.07128774,6.407329,207.0015102,31.27553327,91.52533916
Driver,99.46089835,-0.993,-3.979,1.496062992,44.153,-5.002,14.165,0.594,4.573,141.8322745,1.426,11.206,-0.328,4354.37,15.199,398.608055,74.0197372,32.0303303,212.6345949,28.5431685,-4.372326726,5.6431,206.5858069,26.91747279,34.77263157,66.55461036,5.4131,230.2652236,33.17053554,84.268743
Driver,96.58643522,-2.3,-3.7,3.267716535,46.741,-6.045,14.667,0.732,4.508,138.382024,1.4327,12.788,0.215,2672.28,3.183,429.4518598,78.42347827,7.604481506,5.461504481,0.023036441,1.247795883,0.083813,221.7216193,6.009061516,35.72721142,60.66340588,6.050934,245.754419,7.188730453,15.5319772
Driver,93.72986757,-4.545,3.923,5.433070866,52.022,0.365,18.824,11.525,7.602,127.0286775,1.3553,14.41,10.002,5859.58,34.841,325.2156576,78.43856068,124.5569216,112.7610155,46.16832886,25.80509633,3.1129,164.1223958,77.81879209,43.19585085,53.70552146,5.62587,174.4094629,83.93817731,154.6165831
Driver,34.49579456,-7.0,-1.2,5.511811024,75.966,-3.452,39.906,-2.384,-1.155,43.11940766,1.25,27.796,-1.974,5150.0,0.278,55.74825242,15.36007804,-1.828015875,5.812314337,-0.199574914,2.673934327,0.321402,34.12465255,-1.15555378,32.91973919,35.58577984,2.120411,43.6215487,-1.472911708,0.059745217
Driver,100.0805297,-4.633,-6.712,6.062992126,50.719,-10.513,14.218,4.605,11.317,143.3413117,1.4323,10.726,2.429,5815.06,20.964,417.9163305,92.17404147,74.78549312,6.189416485,0.294521433,1.212432751,0.091542162,203.3029559,51.79536201,43.91548104,56.69632637,6.374685684,214.0739389,56.34760308,130.2506729
Driver,112.4530243,1.458,-6.621,-1.850393701,47.256,-5.274,11.488,-2.561,4.06,161.1079545,1.4327,9.383,-3.43,3634.99,8.429,521.5323941,98.70502162,0.052082947,253.8453847,8.210170629,-2.325653857,6.90826,251.1186832,7.849243825,40.61173529,61.66801934,6.78826,269.0624588,10.19456531,68.55609665
Driver,103.4717251,-0.152,3.994,0.196850394,46.91,3.852,17.422,0.422,-3.572,140.8292323,1.361,16.002,0.727,2027.81,-11.137,442.4285388,90.40500597,-12.43397508,6.205178367,0.069229526,1.78595242,0.0949302,235.9121792,-13.3970206,35.94354553,66.2099274,6.12658,252.701727,-15.42962651,-49.15324014
Driver,82.30359699,0.355,8.702,-0.433070866,57.624,8.927,12.14,1.85,-6.853,121.5965014,1.4774,10.754,2.679,1940.0,-20.384,280.5182189,33.12414137,0.573248422,5.72976296,0.253209673,1.076213756,0.099222104,160.3595382,-5.351486264,19.96814427,68.68518414,3.840242556,204.9873938,-10.6165019,-38.51016376
Driver,99.10298855,-9.919,-0.367,10.70866142,56.739,-6.953,9.703,1.265,1.631,148.0469309,1.4939,6.97,1.035,4031.29,4.706,465.3087626,70.6671324,21.03669871,6.467455461,0.122824313,0.825784821,0.0912987,225.3426679,13.5885744,35.94446027,56.4345694,6.16995,236.8721756,14.74226013,28.5700819
Driver,107.9209914,1.775,4.822,-2.165354331,48.221,6.409,15.953,6.068,1.246,155.0228168,1.4364,14.453,5.93,2318.07,-0.72,519.7332287,108.6550096,50.83803833,5.886074888,0.607598536,1.526731733,0.081183,266.0296059,26.06185056,39.53261581,66.08409632,6.89129,289.6644574,28.26355656,-4.289438424
Driver,109.6635648,3.553,-1.229,-5.511811024,38.217,3.294,12.276,1.015,2.244,154.9633142,1.4131,10.561,0.565,2725.2,9.293,503.2251513,83.44222243,26.73966059,5.989354221,0.067271686,1.136064193,0.0813794,254.1129119,20.60836429,35.0269516,62.34938533,6.42122,278.3589783,24.27346603,54.32946444
Driver,95.83035075,2.701,2.577,-3.700787402,45.569,5.227,9.505,1.08,-1.497,137.8554492,1.4385,7.964,1.422,2159.01,-6.056,342.651177,34.70169082,0.367837065,191.7430118,-3.087353491,-4.622357582,4.56105,181.1256683,-2.474598435,21.72255491,64.66463112,4.19105,218.5921933,-4.54838482,-20.90471279
Driver,97.40068003,4.7,7.7,-6.456692913,47.213,11.992,13.322,3.287,-4.413,147.0564155,1.5098,11.984,4.101,2190.0,-32.5,409.3220979,59.28617531,-10.69707387,5.799700364,0.393105613,1.228443971,0.08337,223.1563356,-22.43263039,26.51340758,69.45329047,5.078248,262.4033562,-33.8531863,-114.760039
Driver,100.4250179,-1.1,-2.5,1.062992126,57.436,-3.245,18.254,-3.12,-0.62,147.3040444,1.4668,15.754,-2.844,3657.79,-1.407,480.8584599,131.1531114,-28.90747367,5.725279972,-0.306026529,1.638375044,0.083848,234.0795657,-15.76190697,48.97762184,63.48139999,7.371014,246.0228877,-16.6824827,-12.46373521
Driver,88.93387616,2.7,4.9,-3.543307087,50.477,7.159,12.857,-9.685,-14.585,126.0598604,1.4174,11.255,-6.964,3580.0,-40.808,304.7201452,43.79930954,-81.53994005,5.895948177,-0.760290652,1.174400274,0.099041,162.1322499,-60.93842557,27.38836162,57.7871767,4.417827,188.9019765,-78.50566337,-126.817113
Driver,104.2658375,-0.5,1.5,0.669291339,51.417,0.964,10.777,-2.741,-4.241,151.1075072,1.4493,8.774,-1.838,3204.28,-12.01,477.9472752,73.27994944,-45.89542498,5.600388976,-0.20863536,0.879305316,0.077646,237.1602426,-31.65083725,34.53098512,59.20532352,6.193937,260.6746596,-37.07952774,-72.28800948
Driver,80.94353973,-2.9,1.5,2.755905512,58.973,-0.398,34.235,4.207,2.707,98.66275948,1.2189,26.32,3.55,7754.95,1.951,248.3016737,93.14682461,16.74344541,5.82945835,0.359368902,2.920819828,0.138987,126.4680444,9.90498407,52.00314668,55.32362756,5.602796,129.3979524,10.15898039,6.237561894
Driver,113.4909628,5.5,2.9,-6.57480315,49.991,7.574,12.859,-1.665,-4.565,167.7950519,1.4785,12.077,-1.044,2070.0,-17.28,548.8190438,96.64219607,-50.08218027,5.925243848,-0.13239353,1.27663319,0.074703,282.0936591,-39.29163663,35.33378016,67.87773534,6.606705,310.9206909,-46.7185094,-102.5862143
Driver,97.0539549,-6.704,2.727,7.834645669,52.583,-2.431,10.52,3.188,0.461,135.3084735,1.3942,8.37,3.129,2890.0,0.987,387.9627218,46.97640533,22.51670057,5.230727322,0.286223912,0.77767491,0.0807424,201.4338129,12.28344866,26.04281622,60.45440136,5.08265,231.2159472,14.29785523,3.871477464
Driver,94.77675376,0.252,6.604,-0.31496063,52.648,6.796,11.013,-5.735,-12.339,126.3428329,1.3331,9.325,-3.738,3250.0,-13.485,347.9918032,45.51908168,-40.99402699,5.950866753,-0.402236394,0.98564757,0.098998,182.1097215,-28.00159067,27.06591459,58.13507669,4.891433,211.2424978,-35.11374341,-48.63216896
Driver,104.0108268,0.5,8.5,-0.669291339,53.102,8.842,1.011,-7.137,-15.637,139.3289191,1.3396,0.968,-5.611,2040.0,-33.756,104.9465332,1.061923397,-12.80250836,5.804452278,-0.58936425,0.094070575,0.086086,62.26525015,-8.840268167,1.654828001,110.3249804,1.028462,131.9277713,-21.98109748,-8.314986412
Driver,97.59976736,0.9,2.1,-1.141732283,49.445,2.934,20.803,10.014,7.914,131.2831067,1.3451,18.768,8.965,4540.0,12.396,392.4989075,122.1324026,90.19013768,5.546149883,0.895042797,1.913553742,0.092936,192.8499859,54.60842622,50.77296244,61.13764467,6.834849,201.7972096,57.80671871,75.35785862
Driver,101.0647817,0.706,1.743,-0.826771654,51.365,2.307,14.698,3.246,1.504,142.8286059,1.4133,13.36,3.097,1909.44,3.903,433.779689,73.46564944,28.69169308,6.449858501,0.351756959,1.536211193,0.0960822,233.0272671,17.72871622,31.16534775,67.17257015,5.66946,264.5477586,20.80527452,15.44897183
Driver,99.63314245,2.287,1.524,-3.267716535,47.161,3.647,14.3,1.918,0.394,148.185621,1.4873,12.602,1.86,2500.0,-3.508,477.5122395,86.3952453,8.009838267,5.985969446,0.191406819,1.347509717,0.085728,245.9536325,1.77240353,35.60619869,63.58062018,6.330429,272.493834,1.322591189,-18.63403199
Driver,96.66920186,-1.4,0.0,2.047244094,52.545,-1.732,18.587,-6.678,-6.516,130.5335093,1.3503,16.079,-5.686,3420.0,-3.65,403.085168,98.75319498,-47.43723806,5.646539894,-0.575584122,1.644035234,0.093516,203.775367,-27.05296521,43.84217354,59.39569999,6.447838,219.4172048,-29.50627851,-20.72758733
Driver,110.9274338,-2.686,-2.915,3.42519685,45.145,-5.59,12.742,4.921,7.836,155.8281138,1.4048,9.412,3.184,5786.43,19.549,466.5789767,100.0290375,101.4212894,186.778599,49.43319446,26.66416399,4.86032,225.9082096,66.36994177,43.42898261,59.62981355,6.66661,238.2913389,71.3206698,162.8210055
Driver,101.9103436,-0.334,3.917,0.393700787,45.795,3.592,7.842,-2.592,-6.509,143.1281317,1.4045,6.826,-1.772,1850.0,-27.196,312.9244476,24.53777873,-27.26713834,6.304530616,-0.213414621,0.750600753,0.0916651,175.6666221,-22.89491512,14.42043469,78.19040554,3.54109,228.1916934,-35.40831055,-52.49484733
Driver,25.57041875,-1.2,10.2,1.417322835,80.667,9.551,39.279,-4.984,-15.2,25.23085183,0.9867,27.794,0.467,3060.0,-11.424,18.72002453,4.931046025,0.058387742,5.85713587,0.019647103,1.642448616,0.553006,11.86562688,-0.007840841,29.80607575,23.52466051,1.146196,18.16667802,-0.056296952,-0.313657519
Driver,92.93128132,3.017,6.868,-3.897637795,52.252,9.207,13.72,4.231,-2.637,136.4403633,1.4682,11.814,4.713,2660.0,-13.855,405.9017111,64.78406155,10.93750312,5.949406964,0.476497965,1.250063658,0.092304,213.4116466,-2.107260556,31.21396413,61.55833314,5.563821,241.9891002,-5.047460444,-58.90251276
Driver,102.635111,0.1,7.1,-0.196850394,52.394,7.268,9.628,-0.807,-7.907,146.2370258,1.4248,8.562,0.319,2030.0,-19.232,392.4880941,43.99982221,-20.97798638,5.927730266,0.018673728,0.895826034,0.08483,209.8541995,-19.98619751,22.77431881,67.36664151,4.727816,250.2014161,-28.23467185,-63.44686538
Driver,89.03230136,5.291,0.393,-5.62992126,62.119,3.201,17.508,-8.061,-8.454,87.8371063,0.9866,15.297,-6.456,2350.0,-23.174,173.1273446,27.1662404,-26.88679821,5.169118932,-0.599892595,1.3793096,0.126362,102.7875896,-19.98926843,22.89091439,57.25133649,3.22997,133.7431564,-28.53487135,-25.57711614
Driver,100.5994989,4.733,6.906,-6.141732283,45.935,11.503,15.477,2.113,-4.793,149.5738636,1.4868,14.218,2.696,2050.0,-23.246,460.1991208,83.9829946,-16.60684673,6.176758757,0.272132366,1.571056771,0.0881549,245.0927768,-23.41533566,33.2587907,67.30966937,5.96829,264.328939,-28.02719782,-104.5951381
Driver,82.26780601,-4.64,4.356,4.68503937,54.752,1.068,25.346,2.425,-1.931,108.290757,1.3163,21.075,2.733,4600.0,-2.776,301.5338217,89.84748714,9.32369022,6.16719377,0.288790825,2.399196422,0.127685,155.7100845,3.766496223,46.42302316,56.48747972,5.813115,166.5785854,3.866409257,-10.98043998
Driver,101.5904617,2.9,-0.1,-3.818897638,47.606,2.401,13.403,-1.231,-1.131,145.7384127,1.4346,11.821,-1.018,2300.0,-3.879,452.0104376,72.92808127,-14.61494453,5.922981106,-0.108278671,1.245646541,0.08595,237.2092901,-10.13705964,31.78871048,64.61702421,5.865413,268.2734114,-12.2358524,-17.77478032
Driver,106.8517359,3.061,2.969,-3.307086614,58.144,4.873,7.689,-10.026,-12.995,141.6864263,1.326,6.904,-7.746,3369.0,-60.599,234.0794611,17.21214647,-58.54711894,5.633816658,-0.798870005,0.67210636,0.0827904,134.038066,-46.33146779,12.76289842,79.10105528,2.68368,185.1259065,-75.95223989,-86.86919895
Driver,95.75876879,-0.6,-4.0,1.535433071,37.185,-5.453,20.889,1.178,5.18,133.125,1.3902,17.721,0.325,4310.0,7.159,405.4952106,120.1152443,21.00367972,5.563585117,0.04396869,1.806116686,0.09132,199.4307238,15.71193349,49.8312214,60.52192485,6.899884,209.3357518,16.94687978,43.75190422
Driver,102.8364352,5.475,5.742,-7.007874016,51.354,10.138,10.598,-0.676,-6.418,148.6562724,1.4455,9.844,0.288,1790.0,-31.484,378.0938947,43.64174833,-27.31223197,5.908355554,0.009865225,1.021205718,0.083385,209.6251954,-27.50923045,21.17626271,74.27723474,4.412922,257.5108168,-40.89201174,-85.6603717
Driver,95.64915891,-2.121,-9.13,3.149606299,46.188,-11.167,20.762,8.009,17.139,123.9575877,1.296,17.83,5.592,4570.0,24.896,353.1416445,93.03154756,80.80844116,6.158659703,0.639504554,2.002870094,0.1088456,180.0915809,57.12098675,44.0078544,57.46670254,6.050319859,193.3338644,63.51509203,120.6192858
Driver,86.78194345,-4.6,-0.4,4.015748031,55.983,-4.064,24.177,1.391,1.853,119.0363278,1.3717,18.303,0.956,6950.0,3.019,320.9832209,101.1733286,11.61181277,5.860579487,0.105919085,1.987809895,0.108707,158.5399466,7.604501833,50.82968669,56.5354109,6.149641,163.4970705,7.929471174,14.88394973
Driver,100.3981747,-1.289,-0.258,1.692913386,48.548,-1.397,14.554,3.67,3.928,148.3303508,1.4774,12.363,3.106,3327.77,13.648,479.515306,97.25049584,60.82677156,6.053287662,0.342553998,1.353713647,0.0866195,238.6166604,41.39086761,40.55060024,60.53614975,6.70999,249.3714382,44.38637429,85.79101259
Driver,78.20329277,-1.131,-3.972,1.653543307,52.012,-4.855,19.052,-0.508,3.464,110.0463046,1.4072,14.555,-1.322,4983.75,21.498,274.7160744,55.39958411,22.68299781,150.3468488,22.40907707,-2.110582812,4.73639,147.2939442,21.46323949,33.83715049,58.8230602,4.60639,166.6550699,27.26155566,74.45851045
Driver,102.4606299,-0.258,-3.472,0.393700787,42.402,-3.755,13.95,0.029,3.502,139.5521654,1.362,11.742,-0.532,3152.47,10.95,402.9615157,73.57576214,24.08405453,209.7895309,21.85218476,3.328547608,5.18586,215.0447023,22.93943784,31.82579975,71.51093497,5.36225,246.3216127,29.21623144,74.77125053
Driver,102.2011453,1.445,2.701,-1.850393701,51.581,3.847,12.565,-0.759,-3.461,150.5961435,1.4735,11.11,-0.295,2280.0,-14.986,461.7638475,70.38683286,-28.30674962,5.987112432,-0.042299747,1.181868102,0.083854,241.7691235,-24.23097372,30.41591819,65.41587151,5.782314,274.7397627,-30.77259037,-68.97637153
Driver,91.34529349,1.478,2.581,-1.929133858,50.281,3.809,14.102,3.236,0.656,135.1780601,1.4799,11.953,3.121,2890.0,-3.151,413.2324379,70.45258717,16.51419563,5.898681666,0.318201607,1.258028259,0.092459,213.6766749,6.774238199,33.78055108,59.93333644,5.809151,238.9907802,7.023588109,-14.5906312
Driver,107.0866142,2.414,-2.476,-3.031496063,48.788,-0.36,13.929,0.99,3.466,159.5986936,1.4904,12.04,0.405,3126.76,7.094,539.1098884,112.9123222,25.42688556,5.187758682,0.041479524,1.120399762,0.068756,264.3673703,18.92137432,42.64496455,62.87937175,7.227957,282.7673794,21.2652767,51.1710203
Driver,119.5687187,0.1,-1.9,0.0,46.025,-2.061,15.602,2.887,4.787,169.8953114,1.4209,13.326,2.385,4020.0,5.466,561.9327916,161.0357439,42.95796513,3.293383595,0.124564419,0.789802396,0.041082,262.7750021,26.30312089,52.9813151,66.92104026,8.150589,271.1300481,27.47557778,46.20034711
Driver,75.19685039,-2.731,-5.923,2.401574803,65.79,-7.152,19.53,-5.55,0.373,89.15980673,1.1857,16.107,-5.611,3030.0,0.603,199.3173189,35.61348313,-18.84632478,5.139865985,-0.50192014,1.463345006,0.1246152,113.7771467,-10.79387474,27.98613922,53.49579161,3.817832245,139.8315223,-13.19589457,0.996336665
Driver,83.47798855,-3.567,3.761,4.409448819,51.022,0.87,15.11,-3.322,-7.083,115.1344399,1.3792,12.055,-2.116,3740.0,-13.579,310.4353577,51.2501588,-28.91125054,5.671173122,-0.225183016,1.219436472,0.104617654,163.7210223,-21.45185385,31.49976488,55.14873465,4.92010825,186.6601537,-26.48529361,-46.33292279
Driver,77.96394059,-1.274,-3.958,1.850393701,50.026,-5.026,16.373,-1.769,2.189,109.9337867,1.4101,13.107,-2.191,3591.69,20.313,260.4438251,41.57429734,9.39070803,147.3047498,12.95084698,-0.841846908,4.1291,145.371534,12.54434467,26.09929003,63.50999486,4.0591,175.7679864,18.94480179,54.21635971
Driver,96.78104868,2.902,5.001,-3.779527559,49.444,7.487,19.331,9.315,4.314,143.4647906,1.4824,16.895,8.637,3590.0,6.566,466.9655527,129.3454919,85.86401772,5.846575558,0.885189029,1.797590028,0.088468,229.5078013,48.94593958,48.39692379,63.46307914,7.25882,242.1491634,52.18946369,44.1531628
Driver,31.33500358,1.9,3.9,-2.165354331,56.56,5.048,23.248,-0.025,-3.925,41.615068,1.3281,16.615,1.312,2780.0,-6.746,36.86136461,5.712156608,0.667394405,5.823607523,0.120581268,1.367720507,0.305658,23.58370118,0.33573595,18.92787417,36.10659089,1.317386,41.17586241,0.442407919,-0.612860158
Driver,109.6322477,5.9,4.3,-7.244094488,49.337,9.278,15.32,1.266,-3.034,163.3222978,1.4897,14.279,1.614,2330.0,-9.928,548.7237765,121.9609334,-12.31579715,5.67590696,0.151289169,1.457204663,0.074252,274.965161,-14.79483791,42.68409096,65.81904552,7.287762,294.9793214,-17.29730024,-67.56716236
Driver,101.9192913,1.956,0.95,-2.559055118,49.405,2.627,11.522,-2.685,-3.635,145.8495884,1.431,10.199,-2.172,2050.0,-11.737,419.8234788,55.32955168,-31.4299138,5.8666849,-0.230593645,1.058065495,0.084536,224.6874554,-22.81771029,25.80992095,67.6819616,5.15907,263.440792,-29.3340925,-42.98941596
Driver,109.5002684,7.176,5.175,-7.559055118,63.598,8.758,11.24,-9.533,-14.707,145.5364173,1.3291,10.743,-7.582,2860.0,-64.881,275.2581919,31.07220734,-71.13627628,5.480032646,-0.758227062,1.025712362,0.0791552,157.8444711,-57.98216582,18.9068077,77.23801121,3.23909,203.5143623,-86.954201,-114.3134718
Driver,96.59985684,-2.4,-4.8,3.031496063,56.088,-6.997,19.975,-1.545,3.309,126.6850841,1.3114,17.46,-1.894,3198.78,-4.048,388.752294,97.95583296,-20.758133,5.945655633,-0.206388975,1.883938567,0.102295,198.8334712,-13.42821192,43.60085551,59.75043082,6.347681,215.0994409,-14.94273825,-20.59299141
Driver,103.7535791,1.4,7.4,-1.811023622,41.436,8.732,32.939,-4.923,-12.393,129.4537402,1.2477,27.324,-2.15,7780.0,-14.129,353.5168065,162.8610617,-51.2148135,5.747376803,-0.245212072,3.028998706,0.105031,165.416318,-35.39458238,60.5596412,68.40368979,7.183224,163.9049886,-34.98025963,-87.9230147
Driver,76.22136722,-1.301,-6.441,1.692913386,49.638,-7.547,12.996,-7.119,-0.678,103.1373031,1.3531,9.024,-6.926,4071.23,9.14,214.3559994,25.20711463,-18.14929779,129.2095028,-6.685752488,-4.800685652,3.8791,118.2917695,-6.903472674,21.15506946,56.92758557,3.4491,147.9571848,-6.541299388,22.16123964
Driver,106.1157838,3.615,2.386,-4.409448819,48.16,5.628,16.614,5.184,2.798,158.0701951,1.4896,14.937,4.808,2693.51,4.773,540.8078792,126.2256395,57.61231314,5.934382764,0.501436671,1.59750111,0.080507318,269.968316,33.67062925,43.88439222,65.760115,7.400755883,288.4667367,36.60248503,33.30270133
Driver,109.3615784,-9.306,-3.818,12.55905512,48.441,-12.171,10.516,-3.109,0.71,155.1127416,1.4183,7.07,-3.234,5310.44,1.319,484.3212238,96.58083071,-22.19298878,6.227118496,-0.349290063,0.828456135,0.0839281,228.3220023,-9.658667898,44.44147995,57.5136524,6.80579,239.2585755,-9.998895625,9.67721083
Driver,109.795544,3.575,1.681,-4.68503937,48.865,4.81,11.165,0.787,-0.894,161.2549213,1.4687,9.934,0.935,1984.52,-6.299,504.6351876,71.25367396,-3.418368776,5.98024785,0.093224232,1.054901789,0.07786,263.093883,-5.762258679,29.34137492,68.50136973,5.879914,299.3764165,-7.980521069,-30.16096503
Driver,99.43405512,-3.754,-6.6,5.039370079,50.838,-9.663,11.732,-0.686,5.914,147.2494631,1.4809,10.092,-1.33,2570.0,13.788,447.8537192,64.52325522,14.33002951,6.107730026,-0.129824106,1.095709164,0.087252648,232.3136513,16.0434474,29.94454426,63.09249355,5.694765024,263.099394,21.12423607,64.25530804
Driver,83.59878311,-4.243,7.099,4.05511811,61.247,4.766,23.444,2.644,-4.455,93.6761811,1.1206,21.333,3.023,1990.49,-6.951,231.9146955,53.47591079,7.950063727,6.111701466,0.314171913,2.342767869,0.145582,133.4959842,2.94553847,33.15851968,58.37635816,4.394155,159.8044915,2.821573034,-12.29100349
Driver,102.6172155,-3.223,-2.604,4.37007874,47.502,-5.562,11.662,0.943,3.547,146.5774875,1.4284,8.859,0.26,4196.03,27.887,413.326754,58.08004615,63.51403121,202.5955428,46.36870569,4.180702619,4.95228,210.1717864,49.54738164,29.14974568,62.98208203,5.23609,236.9635948,60.66201365,145.8600803
Driver,96.81012885,2.766,3.395,-3.937007874,49.259,5.78,15.86,-0.103,-3.498,144.6076414,1.4937,14.84,0.181,1517.57,-31.652,385.0021763,62.44704281,-48.37667148,178.4895135,-33.49621411,13.24218855,3.96783,210.7081877,-45.53533403,27.64621918,69.17350704,5.01447,247.0461537,-59.29749734,-138.5550405
Driver,88.05252326,1.433,-1.526,-1.88976378,48.543,-0.259,13.065,-1.93,-0.404,128.6562724,1.4611,10.547,-1.84,3218.6,-1.269,376.1579108,57.55675266,-14.00587347,6.316328993,-0.204306006,1.190784119,0.103587,194.6325183,-8.013911038,31.24131515,57.72755499,5.38492,218.2489571,-9.194271808,-5.297138734
Driver,84.67922334,0.5,3.7,-0.708661417,52.495,4.061,0.199,-17.436,-21.136,109.4792412,1.2929,0.24,-14.928,2330.0,-39.661,9.953255259,0.023077743,-2.590915704,5.86007129,-1.53989179,0.00333422,0.110692,6.641918728,-1.750564362,0.291939126,106.5344664,0.125669,63.21156767,-17.05627515,-0.122966016
Driver,119.872942,3.478,-1.065,-4.527559055,45.964,2.305,14.583,3.191,4.255,170.9437634,1.426,12.967,2.551,2940.0,9.113,594.4530357,135.9216804,57.43523007,5.916163069,0.270734347,1.380132833,0.073552328,289.0913962,37.57956894,45.31491349,66.07832786,7.790944367,305.8419463,40.94188563,74.35331694
Driver,117.3586256,5.5,3.7,-6.181102362,52.269,7.893,19.978,-1.873,-5.573,165.3185397,1.4087,18.271,-1.165,2998.4,-12.343,568.6187744,172.8226349,-55.1886557,5.541578735,-0.12144747,1.846965347,0.073157,274.8019717,-40.12635538,51.61371965,70.27232741,8.26655,285.6485982,-42.59631794,-103.7722758
Driver,94.19067645,2.072,1.542,-2.913385827,52.657,3.124,13.196,-4.807,-6.348,130.6294739,1.3869,10.461,-3.205,4088.5,4.721,375.1311215,65.00354722,-17.38513194,197.8100894,-10.32537389,-5.614334387,5.74186,189.9466768,-9.802615728,34.57998627,59.68138416,5.41186,211.1503574,-11.24394757,2.454674984
Driver,93.31603436,-0.725,5.88,0.94488189,51.525,5.304,20.408,-3.101,-8.981,124.8013601,1.3374,17.06,-1.57,4520.0,-14.802,366.6172879,97.3843737,-40.87102487,6.066265368,-0.188900386,1.888168396,0.105993377,184.7440281,-30.18278083,45.43474849,57.90795184,6.252762909,197.2452561,-33.4355839,-75.53339448
Driver,94.68503937,-0.001,6.098,0.0,49.595,6.097,10.342,-0.973,-7.071,134.1678597,1.417,8.871,0.054,2380.0,-23.697,336.4492151,36.22661133,-22.07353213,5.952884144,-0.013432422,0.927373078,0.092948221,183.8749539,-21.24140025,20.50578564,67.03016753,4.269344828,226.1685067,-31.53577267,-64.24058588
Driver,93.81263422,-0.88,-2.874,1.102362205,48.077,-3.665,28.211,2.679,5.553,121.2880279,1.2929,23.317,1.616,6000.0,9.801,341.9741433,127.931542,31.52318487,5.939690783,0.186574425,2.605117578,0.111764,167.6563472,22.12116306,54.41533742,62.04872107,6.669495,171.9512875,22.89867038,52.27698336
Driver,93.30037581,-1.781,-0.416,2.007874016,53.696,-1.725,16.42,0.215,0.631,136.8338404,1.4666,14.266,0.137,2930.0,1.259,434.1349264,89.71006533,3.612900888,5.482285408,0.014187192,1.410022244,0.0856064,222.5079704,2.731076505,38.93419198,60.72615502,6.34711,242.3588416,3.146821237,6.597210707
Driver,96.57748747,-3.766,-4.713,4.842519685,50.571,-7.815,34.271,15.896,20.61,91.39629563,0.9464,26.018,10.436,8589.11,21.034,211.7821801,69.62377553,56.95003454,113.3200951,39.8469377,2.100897528,4.65203,115.5401566,40.90080993,43.80245579,53.55224323,4.7704,121.4883175,43.6497093,61.95242587
Driver,105.4581246,2.114,1.725,-2.519685039,52.966,3.322,15.333,3.87,2.144,155.9826861,1.4791,12.952,3.47,3736.1,5.853,518.6231618,125.8445316,49.97882646,5.47483022,0.337181072,1.293021697,0.0746174,249.9188873,29.86245059,47.3471665,63.24365127,7.42101,262.4928818,31.92083839,44.3685206
Driver,92.72548318,-3.5,-1.9,3.582677165,57.029,-4.339,15.528,-4.455,-2.555,136.6470562,1.4737,13.325,-4.103,5260.0,-5.809,408.5841642,104.941524,-44.44378305,5.816832841,-0.429577109,1.414598764,0.091097,198.9722052,-26.28296083,47.62269085,58.32166866,6.628766,208.7489286,-27.97569099,-36.31185907
Driver,95.50823193,2.702,1.822,-3.543307087,46.88,4.355,16.857,10.727,8.905,130.5923407,1.3674,15.069,9.541,2750.0,31.112,368.7292134,69.09741563,101.2248927,5.927759648,1.010343492,1.597270888,0.0973859,197.9605877,71.55331068,32.78426838,61.49441921,5.39338,214.2648975,80.69929367,119.9080369
Driver,84.59198282,2.009,3.183,-2.716535433,47.081,5.052,17.354,2.117,-1.067,120.5176271,1.4247,14.745,2.306,3130.0,-4.054,352.4288918,69.97365247,7.754491824,5.799732189,0.228967397,1.532651185,0.103316,185.3761881,2.05326415,36.08749264,57.80837753,5.575968,207.0842208,1.730809376,-16.22044996
Driver,101.7157301,-3.0,-4.2,4.212598425,42.655,-8.221,12.928,-2.256,2.057,146.3790712,1.4391,10.748,-2.497,3200.0,8.046,464.7757563,83.8990473,-0.698030479,5.821145637,-0.250848083,1.121595455,0.083912,231.301402,5.389643652,38.13595012,59.36101666,6.378883,251.5323977,7.122982656,46.37674853
Driver,93.08339298,-4.3,-3.1,4.173228346,56.503,-6.009,18.031,-2.267,0.833,137.16267,1.4735,14.815,-2.302,5930.0,1.703,403.6709643,117.5795902,-11.1580643,5.80780387,-0.238814553,1.579427931,0.091342,194.9290932,-4.485980934,50.90363747,59.97860526,6.818069,201.6133485,-4.564026393,10.0356552
Driver,102.6820866,4.127,4.362,-5.354330709,50.914,7.722,15.161,6.149,1.787,150.7451235,1.4681,13.294,5.837,2831.69,2.324,500.2503383,103.2221939,55.6241548,5.852184912,0.597199223,1.396228486,0.082649,251.7456784,30.41184345,40.51796105,62.91263856,6.864723,272.482217,33.26631188,14.5183411
Driver,94.17054402,-1.4,3.2,1.456692913,52.326,1.548,14.58,0.507,-2.603,138.492976,1.4707,11.775,1.158,3910.0,-5.072,429.4076053,89.86365909,-5.478944425,5.840826958,0.095812188,1.241723958,0.089481,211.8259184,-6.256402133,42.13247396,57.54563069,6.434941,227.3263967,-7.314757131,-31.60248128
Driver,76.26386901,-4.708,-5.168,4.094488189,65.499,-7.319,19.861,-7.681,-2.513,66.86560487,0.8768,14.251,-7.073,3740.0,-3.676,99.07985923,14.12255921,-12.66140682,5.238560974,-0.649978368,1.261510438,0.168364,59.92116254,-8.025386887,19.85156465,48.08781569,2.307594777,86.06529863,-11.79611529,-1.957400495
Driver,92.43468146,-1.801,-2.131,2.519685039,48.356,-3.733,19.896,7.369,9.5,124.1220025,1.3428,15.221,5.188,6299.46,35.069,316.1776535,68.19774239,89.36110721,145.8894297,54.92514555,13.05497866,4.2241,167.5761691,67.96394294,35.45608299,58.0902132,5.16253,183.629412,77.31735633,161.5043848
Driver,99.08285612,-3.1,-3.9,4.173228346,47.797,-6.94,15.532,3.267,7.167,142.7735773,1.4409,13.597,2.39,4330.0,12.228,444.3749355,110.3098271,53.05933512,5.53910286,0.247864002,1.365326142,0.082899,216.7705361,35.79197437,46.65795057,59.83133869,6.86664,228.952425,38.90162661,80.53591955
Driver,91.6360952,-2.1,-5.3,2.755905512,54.118,-7.021,12.672,2.115,7.473,127.973112,1.3965,10.346,0.919,3310.0,2.549,372.3225881,56.35964938,10.04219124,6.081704169,0.100412739,1.122389361,0.100253,192.4829327,6.605660096,31.16491028,57.50863059,5.34439,217.7662075,7.922455147,10.55825005
Driver,110.7171618,-2.953,-3.433,3.818897638,48.567,-6.042,9.591,-3.124,0.308,159.4300286,1.44,7.468,-3.177,3362.64,6.27,512.6524097,73.37560934,-7.108749137,253.5675844,2.820547832,-4.663667616,6.3438,247.0113132,2.211443728,34.47535726,63.47026412,6.0838,271.6716192,4.344481716,47.69110909
Driver,103.0131532,-0.5,8.3,0.62992126,54.258,7.892,12.941,-5.553,-13.853,142.8480673,1.3867,11.438,-3.798,3090.0,-23.367,430.71887,71.38657955,-72.64799233,5.861485012,-0.409399283,1.195352149,0.086753,221.4130452,-53.01021539,33.37672323,60.40848829,5.84481,246.4595344,-63.41431163,-115.9624234
Driver,107.8919112,0.401,-1.177,-0.472440945,53.796,-0.883,21.931,-1.821,-0.644,150.7122405,1.3969,18.42,-1.708,5255.0,-1.058,465.3483614,168.4160584,-16.8242784,5.270383764,-0.158622052,1.809967415,0.0764416,217.30287,-9.278414867,57.09956169,68.85623283,7.8031,220.6489379,-9.441481977,-8.409934673
Driver,99.65998568,-2.532,1.132,3.700787402,42.028,-1.681,12.443,2.633,1.501,145.9947656,1.4649,10.863,2.47,2302.85,5.649,444.7444906,66.09957335,28.29479091,6.080529105,0.266594867,1.175999186,0.0877351,233.4948467,18.32939463,29.79760554,64.5658888,5.66621,254.2024459,20.69958453,24.84197519
Driver,111.6611489,-2.349,-3.802,2.716535433,51.703,-5.658,18.046,-4.917,-1.115,145.5706424,1.3037,15.346,-4.761,3910.0,-1.975,471.6183319,127.1374007,-43.65525325,6.410308538,-0.534819435,1.801520239,0.0949046,229.5830765,-23.62019562,48.55594721,62.83211042,7.26712,240.4700235,-24.88925725,-13.75357692
Driver,43.11247316,-3.5,-6.3,2.952755906,62.141,-8.292,68.005,-2.97,3.33,21.26275054,0.4932,56.247,-3.978,1540.0,1.084,17.14262124,10.55727675,-0.992882527,1.44547846,-0.10708744,1.860151616,0.254543,8.894689106,-0.651056161,58.20617745,20.72414886,1.635033,11.60259069,-0.848697076,-0.102263138
Driver,100.3825161,1.608,-2.491,-2.086614173,50.731,-1.176,13.734,3.354,5.845,147.6527827,1.4709,11.431,2.21,3752.7,25.191,453.2004529,85.38234608,78.42201303,5.890644957,0.253070255,1.214487277,0.0843574,225.7441881,58.37749193,38.22214058,58.84187172,6.3112,236.4731241,63.40426736,149.7749625
Driver,113.0077845,1.199,7.311,-1.456692913,49.089,8.35,7.31,2.416,-4.895,165.398622,1.4636,6.58,3.007,1540.0,-38.455,367.7107844,28.25375119,-9.365427304,6.249201167,0.30671449,0.718599123,0.0785047,204.7991801,-17.11048671,14.44400941,85.98285312,3.67264,252.6434558,-28.22158162,-83.37814288
Driver,102.8520938,0.71,7.58,-0.905511811,51.143,8.152,12.814,6.164,-1.417,141.6501879,1.3772,9.506,6.559,4682.79,15.257,425.0196522,78.44965053,100.4295884,189.4807859,57.01937072,13.05143238,5.24989,208.5868483,66.2989845,38.40532105,56.69777276,6.12708,224.399103,73.77291273,129.8235792
Driver,96.48801002,1.655,4.649,-2.283464567,46.12,6.241,15.927,0.515,-4.134,139.8340193,1.4492,13.482,1.251,3536.25,-13.331,440.6807867,94.68462958,-22.52020223,5.917247599,0.114771713,1.436452621,0.090325,220.9129321,-21.08902779,41.39933296,59.59465236,6.519661,238.5946975,-24.54055269,-77.65505733
Driver,96.95105583,-1.486,-4.398,1.732283465,53.943,-5.48,22.197,0.973,5.37,129.9794202,1.3407,19.177,0.226,4000.0,7.986,401.206004,120.3961496,20.88699859,6.282304741,0.036834887,2.219240789,0.106501,199.6096401,16.18495892,49.09604476,61.77518397,6.83964,209.810112,17.5105686,46.20023534
Driver,104.0555655,1.7,8.5,-2.244094488,51.151,9.956,8.294,-2.46,-10.96,148.3274427,1.4255,7.627,-1.278,1950.0,-35.198,336.4852845,29.62621226,-33.59095276,5.824359638,-0.151725388,0.77580089,0.081873,187.9585013,-30.04641002,16.30235045,77.47289703,3.775308,242.1143216,-46.93641172,-77.70216296
Driver,72.59976736,-1.068,-2.71,1.456692913,47.434,-3.691,15.971,-6.978,-4.268,103.2482552,1.4221,13.058,-6.217,3080.0,-9.021,251.1137865,38.69957111,-33.94611681,5.58501272,-0.614579063,1.287641879,0.1152712,139.2056392,-21.88307901,26.75989004,56.12365245,4.195049936,167.7062854,-27.71093931,-20.59990129
Driver,84.66356478,-0.372,9.706,0.472440945,58.754,9.48,6.813,-0.564,-10.27,126.8486042,1.4983,5.981,0.644,1840.0,-43.762,180.9120804,10.75876184,-7.12787951,6.010510884,0.038793385,0.609797175,0.098480534,108.8172643,-9.093017065,8.963421772,86.36216394,2.163475264,176.1646658,-21.62386057,-30.93371009
Driver,98.94416607,0.206,5.067,-0.31496063,45.776,5.267,16.586,5.613,0.547,144.9187992,1.4647,14.378,5.536,3180.0,-2.755,475.8200057,108.140539,37.61470849,6.161939941,0.591517109,1.597481908,0.091105,237.6729186,17.19515138,43.00644158,61.93019018,6.903697,255.4248493,18.12790315,-17.26064153
Driver,89.32981389,10.347,1.01,-10.47244094,53.936,8.65,18.028,-4.187,-5.197,120.4813887,1.3487,15.58,-2.483,3519.29,-22.28,341.9311904,71.69027671,-48.30482618,6.140598009,-0.293814598,1.723520319,0.109932,179.626575,-37.68974852,36.95310991,57.11166451,5.53101,197.9438615,-44.27102819,-90.1369135
Driver,89.86444166,2.751,6.67,-3.267716535,54.524,8.633,17.37,1.217,-5.454,127.9565587,1.4239,14.938,2.167,3300.0,-15.451,384.6947978,81.07717249,-13.83083285,5.87852501,0.205257889,1.578646035,0.098732,198.7901161,-16.58957558,38.44897921,58.5756604,5.95209,218.6520487,-20.37379194,-72.20459025
Driver,119.5821403,1.645,7.912,-1.811023622,52.243,9.186,15.108,7.227,-0.685,173.4102094,1.4501,13.485,7.313,2800.0,-1.844,612.6552992,144.5760469,69.19842173,6.486136423,0.823358467,1.601512551,0.0798518,297.1495277,32.72289529,46.90212975,68.10782975,7.9707,312.5527216,34.20682665,-15.41190767
Driver,102.8834109,-3.308,0.075,4.291338583,48.476,-2.859,7.558,-4.006,-4.081,146.5875537,1.4248,5.71,-3.305,2874.45,-14.504,381.8061909,31.60312312,-44.90504282,208.4218741,-32.76968739,-4.452972762,4.59086,196.8289991,-29.82261135,18.98777144,69.66780746,4.22086,238.4654954,-40.15071255,-55.66979762
Driver,73.89271654,2.217,-3.621,-3.11023622,54.285,-2.027,12.175,-14.964,-11.342,94.38260558,1.2773,10.236,-12.681,2775.5,-12.893,159.3514941,17.10007156,-38.70828446,107.2754448,-28.53499,-4.536111195,3.06233,94.26405694,-24.5895052,16.3895027,63.25200104,2.61233,133.5295226,-36.30042613,-12.03916569
Driver,90.61828919,-1.291,-3.052,1.850393701,48.109,-1.894,12.007,-2.247,0.805,128.4379474,1.4173,9.118,-2.426,3691.65,-2.848,339.0358252,46.25313464,-20.49744247,185.7080312,-14.46052758,-3.627495155,4.82509,178.7447735,-13.63456185,26.76103627,64.38524875,4.57509,209.4955124,-17.23256092,-18.23487425
Driver,99.54142806,4.659,7.04,-5.94488189,52.006,10.69,8.937,4.193,-2.847,145.0225931,1.4569,8.191,4.694,1290.0,-17.014,336.4506168,31.13658622,16.37032399,5.964746528,0.478259305,0.852702948,0.08584,190.552039,4.611884575,16.4983612,80.40010374,3.795099,248.4596309,2.543081559,-32.97803507
Driver,110.2921439,-4.767,-5.162,5.511811024,51.367,-8.984,8.184,-7.931,-2.769,157.0693898,1.4241,6.592,-7.587,2540.0,-7.872,473.0480424,50.33577897,-76.62024112,6.241309579,-0.830433345,0.735415464,0.0827178,240.6057458,-43.83540499,24.82046505,64.66012984,5.41313,274.609642,-51.87743405,-36.64734956
Driver,108.6636543,6.1,9.5,-7.204724409,50.149,14.517,13.467,7.459,-2.041,164.7640032,1.5163,12.48,7.724,2030.0,-11.804,541.4611336,98.85097528,44.9783273,5.891315131,0.783841149,1.313251908,0.075773,278.020506,14.63159885,36.34963191,67.35129022,6.660668,305.6341729,13.88850838,-68.44704667
Driver,91.2289728,-0.099,5.769,0.118110236,51.81,5.691,19.862,-1.806,-7.575,119.3506174,1.3082,18.107,-1.087,2230.26,-13.3,345.3112024,74.67295622,-21.7943929,5.081536226,-0.10567429,1.655467444,0.092729405,188.7170411,-18.29936946,35.17861719,62.15224628,5.454698526,215.3852445,-22.77580489,-44.19862017
Driver,41.04107015,-5.805,-1.148,5.196850394,63.231,-4.088,40.908,-2.003,-0.854,45.28856478,1.1035,28.872,-1.725,5376.03,-0.705,62.71312243,18.21461153,-1.866451421,5.807103485,-0.176571962,2.856530462,0.309164,37.98509846,-1.208008608,34.79099729,36.6891591,2.316974,47.03659243,-1.507033476,-0.19379283
Driver,70.31809234,0.0,-3.0,0.118110236,43.656,-3.535,9.842,-4.445,-1.391,102.4163386,1.4565,7.657,-3.971,2240.0,-8.933,174.6665649,13.84102616,-15.14554575,5.726168423,-0.420231475,0.749902832,0.116834,103.1383588,-10.2629079,12.71747694,66.76202769,2.628968,149.8538391,-16.26726704,-9.393678528
Driver,103.2010558,2.066,2.274,-2.874015748,43.316,4.467,12.862,5.838,3.564,149.7852541,1.4514,11.394,5.341,2300.0,4.834,470.272725,75.08464432,52.08750714,6.027872851,0.564922565,1.222432377,0.084985,244.7212919,30.51462158,31.99406361,64.79546694,5.975393,275.8325093,35.37689258,23.34151129
Driver,123.595204,1.033,-0.402,-1.299212598,48.918,0.499,12.64,1.829,2.231,181.9235415,1.4719,10.947,1.495,3116.37,0.867,642.5958668,143.340798,19.89491432,5.854915777,0.153406172,1.152753634,0.067853261,305.6701,10.62915638,46.6713179,66.49050443,8.123656196,320.9627408,11.26992421,7.966549454
Driver,97.4297602,-3.2,-0.2,2.677165354,57.39,-2.818,13.939,1.319,1.602,144.6866052,1.485,10.968,1.057,4290.0,5.728,451.7801039,98.74240406,24.57517657,5.707648093,0.109260754,1.134266892,0.083444,218.8739727,16.41977562,44.523618,58.11795475,6.713291,232.4924965,18.05390786,37.17231804
Driver,112.605136,8.5,3.7,-10.11811024,50.139,10.809,18.307,-0.188,-3.888,167.0481389,1.4835,17.257,0.222,2630.0,-13.831,569.2392384,159.8562257,-44.053455,5.77207524,0.012681907,1.809793317,0.075003,278.019835,-35.78894129,49.38802498,68.73349505,8.048513,291.4447447,-38.80423021,-110.5707949
Driver,84.52040086,-2.551,-8.261,2.283464567,62.255,-9.603,20.088,-4.723,3.538,104.6172602,1.2378,16.95,-5.249,3300.0,6.525,279.7132527,59.13855159,-17.98622253,6.302674882,-0.566666586,1.917776871,0.13122,151.2064278,-7.398539515,35.24507335,55.18212946,4.955621863,172.2922666,-7.655761549,19.34676575
Driver,97.76753758,1.025,2.887,-1.417322835,45.825,3.883,13.893,2.201,-0.686,142.6679939,1.4592,12.349,2.286,2190.0,-2.989,435.660605,70.99248486,12.4391043,6.209441482,0.245161416,1.367107522,0.0922184,230.9166552,4.973226889,31.20665723,64.96130609,5.72198,251.3816071,5.042100903,-12.71794636
Driver,111.6723336,5.3,4.1,-5.748031496,50.99,8.318,17.563,-0.177,-4.277,165.1673228,1.479,16.24,0.356,3230.0,-10.89,563.6560635,160.5126812,-36.97246655,5.478879537,0.019704805,1.614543036,0.07159,271.0496517,-29.17067818,50.71507447,68.1582953,8.101966,282.3796227,-31.26161935,-92.5333656
Driver,110.8200608,5.2,2.8,-5.866141732,47.34,7.363,13.849,-0.278,-3.162,165.6335004,1.4946,12.738,0.155,1950.0,-14.274,541.9830262,99.24737985,-30.08897171,5.708593282,0.005170645,1.29845543,0.073077,279.5828568,-26.34275328,36.06039545,68.149169,6.621316,307.8983205,-31.66934854,-81.28690677
Driver,79.28820687,-1.227,1.778,1.811023622,48.129,0.677,14.496,-2.501,-4.279,107.9789281,1.3619,10.236,-1.308,4732.19,16.09,253.9920306,37.34113195,12.04080089,142.8216469,14.63322196,-4.189854593,4.46396,135.5332258,12.91466399,27.90293984,53.86912063,4.14396,157.4796463,17.88623269,47.97308372
Driver,92.94022906,-2.24,-1.863,2.480314961,52.121,-3.607,13.025,-0.799,1.064,137.1107731,1.4753,11.223,-0.928,2460.0,2.557,406.3777473,60.8760358,-2.671629943,5.466153406,-0.086770083,1.090783987,0.0840192,214.8189438,-0.042170014,29.44679929,62.68447693,5.43946,243.9314334,0.422199464,10.31109524
Driver,86.49785254,-2.743,-3.391,3.661417323,46.289,-6.016,18.79,11.069,14.46,113.0068898,1.3065,15.818,8.919,4051.53,7.93,316.706705,70.46398558,59.66147295,6.004980701,0.942610361,1.715862876,0.115055,165.2116189,35.63610922,39.16914679,55.10916604,5.466533,181.7828491,40.01830145,30.58229752
Driver,95.38743737,-0.6,0.0,0.866141732,41.788,-1.262,40.48,0.434,0.511,107.8149606,1.1303,34.724,0.43,6153.84,0.506,281.4219818,146.8949396,2.487323046,4.251455276,0.026417152,2.98094764,0.100611,131.0795493,1.5744292,62.29813412,66.16090824,6.634474,130.7835609,1.570389299,1.772172246
Driver,95.86614173,-0.269,-2.719,0.31496063,49.883,-2.945,10.209,-0.724,1.995,130.5773533,1.3621,6.599,-1.419,4762.6,6.984,371.3565486,49.96054573,4.709629929,6.067682241,-0.141151979,0.731923146,0.0970808,183.622653,6.017460438,31.38006979,53.66273582,5.24682,202.6781171,7.681933045,31.68104186
Driver,100.4742305,-2.012,6.077,2.440944882,53.78,4.603,10.797,6.63,0.553,144.4152649,1.4373,8.515,6.529,3277.0,1.591,450.3448867,65.48956419,54.16091632,5.220668888,0.59483121,0.797932839,0.0755712,225.0276882,28.39008819,32.69213065,58.50891343,5.9186,247.9494836,31.56399595,8.470184308
Driver,112.6207946,2.1,0.5,-2.598425197,48.488,2.262,12.623,-1.484,-1.984,167.5378042,1.4876,10.166,-1.021,2660.0,-6.523,563.0665877,99.90798798,-28.88058776,5.699047361,-0.106613539,1.036685651,0.071512,277.9593381,-20.08483694,38.63935818,63.28081351,7.002544,300.8614967,-22.93097059,-45.42502293
Driver,27.18548676,-2.0,1.2,1.732283465,72.344,0.072,19.268,32.235,31.038,23.15855404,0.8519,15.776,26.36,1490.0,40.369,9.898058386,1.423001974,4.405930378,4.741480119,2.145124255,0.376848821,0.442388,6.50389403,2.962391151,16.70970649,22.32640022,0.61016,14.50967954,6.699826388,0.250563963
Driver,103.5231747,-0.1,8.5,0.31496063,55.337,8.209,7.727,-3.62,-12.12,145.9533822,1.4099,6.958,-2.351,2030.0,-26.47,343.0027348,28.72326564,-35.65772109,5.691075254,-0.249960346,0.6933212,0.081172,189.0573551,-28.57722259,16.18501964,75.09634848,3.885115,241.6684438,-42.89162067,-62.66076983
Driver,99.62195777,3.27,4.168,-4.37007874,49.521,6.963,14.022,0.707,-3.461,146.5929223,1.4715,12.588,1.182,2192.51,-16.232,447.7915927,74.28274813,-17.27237164,5.703093257,0.106278875,1.277057626,0.082472,237.2108391,-19.02089317,31.65558593,65.72896016,5.801575,269.0037277,-24.81329038,-71.68305702
Driver,86.92734431,-0.857,-4.24,0.984251969,53.563,-4.873,12.219,-3.778,0.462,121.0361489,1.3924,9.85,-3.864,2850.0,1.297,319.656312,40.27948645,-19.96451886,6.154999478,-0.413462301,1.071645418,0.106955,171.8268516,-10.29082165,24.6097715,59.77059486,4.55953,202.4151393,-11.88739851,3.872775101
Driver,94.59556192,3.7,-7.7,-4.606299213,50.105,-4.777,21.752,-4.588,3.112,124.9807623,1.3212,19.626,-4.968,3700.0,6.552,381.1990433,111.6759456,-17.74612029,5.800038166,-0.498708283,2.087920553,0.102576,192.1519551,-5.297720716,47.80827779,60.54872347,6.601709,204.5495468,-5.149396708,34.06827094
Driver,105.0532391,0.375,3.82,-0.433070866,47.944,4.159,17.525,0.984,-2.836,150.8227452,1.4357,14.329,1.538,4851.11,-5.939,476.1177724,137.4346386,-8.410769554,4.713967951,0.120950046,1.239154352,0.066724,226.1716423,-8.973021324,52.0970792,64.41088259,7.43219,233.7290672,-9.585293023,-45.10632856
Driver,113.9629563,6.7,2.3,-7.952755906,49.689,7.96,20.652,0.295,-2.005,163.5777559,1.4354,19.106,0.652,3440.0,-6.589,553.0604665,187.3920144,-20.93776239,5.944220572,0.047722704,2.085422029,0.079869,261.3989755,-16.88519733,55.21110564,71.93122664,8.43171,268.5535997,-17.6393079,-59.5572885
Driver,99.5995884,5.451,5.5,-6.929133858,46.095,10.769,14.481,4.451,-1.049,151.8904349,1.525,13.44,4.575,1580.0,-6.416,470.0738301,80.05168712,27.48271265,6.407069383,0.506197156,1.53606927,0.0897108,252.8470638,11.52254654,31.26949456,70.83577263,5.81241,275.7140822,11.8087973,-25.98391418
Driver,89.1642806,-1.313,-1.456,1.850393701,47.194,-2.672,11.463,-3.902,-2.446,130.9111042,1.4682,8.859,-3.393,3446.78,-7.008,379.4833807,52.1369433,-34.12424811,5.976798135,-0.361036364,0.947111235,0.0957519,193.953106,-21.34298412,29.66628458,57.10577658,5.27338,218.0662242,-25.21417783,-29.68884841
Driver,105.5274696,0.972,2.584,-1.181102362,48.625,3.441,14.484,-0.153,-2.737,150.1780601,1.4231,12.829,0.194,2520.0,-7.329,488.1559958,91.01408693,-14.27476967,6.282538067,0.01428475,1.448953647,0.088888,250.4031453,-12.72593782,36.62574005,63.56849445,6.48058,274.0143692,-15.13430602,-40.71785195
Driver,94.70740873,5.819,4.77,-7.755905512,49.517,9.76,-1.141,0.359,-4.411,134.5602183,1.4208,0.207,1.21,2130.0,-81.094,6.546534578,0.013295311,0.126332413,5.760502135,0.082639615,-0.013360458,0.088428,3.399208914,0.060684258,0.177124084,133.0780317,0.051916,71.63767572,0.830390317,-0.033295912
Driver,101.5323014,3.935,6.497,-5.118110236,50.395,9.76,16.186,2.127,-4.37,147.6031228,1.4538,14.272,2.837,2979.99,-17.729,476.5633711,101.8623321,-19.33922432,6.019882759,0.281001923,1.544138249,0.087266,241.0954632,-23.68891712,40.44551172,62.26047756,6.710237,261.4495244,-28.40071758,-106.605315
Driver,84.58974588,-0.628,1.494,0.787401575,49.353,0.954,16.916,3.092,1.598,119.0788296,1.4077,14.01,2.815,3450.0,0.414,344.1177829,67.12190214,17.21380349,5.996096947,0.294945873,1.506571587,0.107869,179.4996514,9.365324556,36.05210553,56.4801966,5.491263,200.2539384,10.50431133,1.651731773
Driver,80.86972083,-3.52,6.363,3.464566929,59.562,4.292,21.442,9.486,3.123,110.5710898,1.3673,17.262,8.922,4623.95,5.464,305.9455291,75.95734635,54.29817216,6.223672372,0.974800704,1.956005989,0.123115,158.6605665,31.56334918,42.10447933,54.7697225,5.549326,172.0632301,34.6623363,21.1999449
Driver,100.1118468,-2.6,-0.2,2.677165354,54.803,-2.833,14.676,-0.467,-0.074,139.9821045,1.3983,11.831,-0.387,3950.0,2.054,435.2316268,93.13961183,1.95009189,5.984034593,-0.044945276,1.280513449,0.09076,214.3896325,2.41763462,42.80714298,57.79557767,6.524371,229.2315862,2.816304134,11.59666472
Driver,82.16267001,-4.42,6.561,4.291338583,59.239,3.924,27.418,2.966,-3.594,104.1016464,1.267,22.465,3.602,5150.0,-4.798,280.7353613,88.26724952,9.678076499,6.006104362,0.367830577,2.50674248,0.13081,145.1484999,3.256395113,47.27224676,55.66586574,5.663562,154.5562908,3.237474199,-17.60024679
Driver,88.21581961,-0.41,3.538,0.551181102,47.067,3.157,12.505,0.494,-3.045,123.2473604,1.3971,10.666,0.939,2313.76,-20.367,299.2960161,36.10189509,-17.74430641,172.2466416,-20.98522457,-3.947359718,4.28582,163.2508773,-18.62095572,22.259453,67.89434101,3.98582,201.812825,-28.39107535,-63.82900431
Driver,101.4875626,0.5,-4.3,-0.787401575,48.942,-3.856,21.657,1.33,5.63,127.1624463,1.253,19.919,0.85,4710.0,7.707,376.1367598,121.9671009,23.89779581,5.844626404,0.09562671,2.152357006,0.102043,184.9405839,17.32493582,51.57659135,60.33699258,6.810743,193.0055481,18.44822728,43.77463781
Driver,96.91973873,3.623,7.132,-4.606299213,49.833,10.196,15.555,3.083,-4.05,143.6493379,1.4821,14.251,3.543,1965.48,-21.114,430.5927146,76.38665293,-3.702071529,5.993573067,0.354537946,1.521491672,0.089108,232.3223182,-13.71689627,31.84129008,67.42352832,5.67705,265.0686442,-19.64028868,-84.06779384
Driver,113.1643701,-5.582,1.508,7.559055118,43.914,-4.319,12.444,5.911,4.403,157.3660075,1.3906,10.194,5.346,3620.0,13.565,515.6742807,99.79816626,88.41432839,6.003247428,0.573867342,1.112619414,0.0803362,250.5287389,54.97450035,41.29869606,60.15466722,6.93101,260.4256575,58.24845732,95.88754964
Driver,37.3456514,-6.957,1.499,6.25984252,53.809,-3.623,31.298,5.821,4.322,50.50666607,1.3524,16.026,3.921,7618.96,3.84,55.73810868,8.583098627,3.992716524,4.932881373,0.342754111,1.26827024,0.212338194,34.66501653,2.632268032,19.67053417,40.1919197,1.676612109,47.67778081,3.712710169,0.787570544
Driver,79.12714746,-2.175,-7.998,2.007874016,64.728,-9.025,18.684,-7.894,0.104,86.2359073,1.0898,15.238,-7.912,2950.0,0.18,180.7043746,29.71508106,-24.45600699,5.159542455,-0.710018278,1.379170039,0.1287624,104.3750611,-14.28563217,25.24378774,53.53356824,3.482307975,132.7869775,-18.15331334,0.247754578
Driver,112.7057981,1.916,6.737,-2.322834646,49.524,8.373,8.162,-0.301,-7.038,162.4201414,1.4411,7.408,0.563,1840.0,-48.004,343.5082573,28.53314924,-29.20151684,6.252308976,0.03389064,0.807362171,0.080157,193.5023353,-30.86777006,15.03481147,84.8014609,3.53364,239.3948296,-46.87598087,-98.22988399
Driver,67.70982462,-0.848,-2.078,0.94488189,53.677,-2.701,24.441,1.512,3.59,92.41320687,1.3648,19.8,0.789,4300.0,4.958,228.2564158,56.03579098,7.473750091,5.731706406,0.087154421,2.059272068,0.137708725,124.1730016,5.723210122,38.11465017,51.76814864,4.635608168,139.8258489,6.833261197,12.04378805
Driver,71.85710451,1.2,3.8,-0.984251969,41.598,4.575,17.276,0.033,-3.77,106.0171349,1.4754,15.083,0.678,2370.0,-12.8,263.8583296,45.10560655,-6.942921496,5.800907658,0.045240225,1.547814323,0.117593,148.4067006,-8.075694888,28.09611117,58.78158015,4.361349,177.7489322,-11.51912154,-29.48589714
Driver,101.228078,0.202,-2.466,-0.275590551,48.489,-2.287,13.515,3.767,6.234,149.3291428,1.4752,11.948,3.008,2570.0,24.63,453.6340869,74.28274832,67.83083997,6.06141618,0.338793295,1.292748168,0.0858678,236.5873528,51.88978952,32.07953017,63.69482473,5.87231,255.1240312,59.18956569,119.1167058
Driver,109.864889,2.3,7.7,-2.755905512,52.767,9.468,8.281,-4.196,-11.896,148.3453382,1.3502,7.585,-2.827,3080.0,-38.642,375.1466656,38.42735193,-68.32435875,5.681169314,-0.315619319,0.760445477,0.079963,196.8093157,-54.43213026,21.79326526,64.9782147,4.476245,234.0836396,-74.57344889,-135.113386
Driver,91.71438797,1.613,6.524,-2.086614173,52.54,7.761,17.253,4.308,-2.216,130.3055655,1.4208,15.112,4.626,2797.94,-6.706,400.7838592,82.31129952,19.98288817,5.871541847,0.467009837,1.59213981,0.096814,209.1915382,6.653529192,37.34594522,60.49739606,6.009627,231.6951127,6.382497115,-30.69349941
Driver,114.5400859,-0.024,7.555,0.039370079,48.366,7.534,13.397,5.563,-1.992,162.5230404,1.4189,11.743,5.816,2700.0,-8.29,549.1118043,104.8439996,31.65712885,6.256321584,0.625630404,1.32824149,0.0814678,273.8469413,9.057819094,39.32085386,63.8871425,7.03129,286.7668348,8.667373446,-56.17098112
Driver,108.4019327,4.199,0.462,-5.0,45.624,4.581,16.705,0.756,0.294,157.8545544,1.4562,15.106,0.717,2507.96,1.297,540.1736983,123.5438683,10.0782723,6.223442324,0.079258402,1.707704386,0.0846692,272.0786681,6.302724095,42.79430381,66.17122918,7.31063,282.9451198,6.651118473,8.695313186
Driver,33.24982105,-2.1,1.7,1.771653543,69.247,0.88,33.205,-0.798,-2.498,34.77675376,1.0459,28.493,-0.407,3810.0,-2.878,36.52249108,10.09067564,-0.325814702,2.990141187,-0.0225439,1.449828101,0.203393,22.7195072,-0.251454362,31.97147459,30.5344014,1.679147,31.68643121,-0.379229389,-0.270214401
Driver,100.3131711,0.282,-0.563,-0.393700787,48.593,-0.314,12.57,-3.454,-2.892,139.1703203,1.3874,10.284,-2.903,3245.9,7.418,411.2717736,63.0895678,-1.784140448,220.502395,5.742790787,-3.985614727,5.49989,213.9532119,5.079543666,30.22710074,68.26703431,5.26989,244.9485336,8.165018257,47.71704341
Driver,106.6302792,0.5,6.1,-0.62992126,53.792,6.553,9.816,-0.508,-6.608,153.3030601,1.4377,8.747,0.388,2010.0,-19.268,428.9239598,49.02122073,-22.26069425,5.775440575,0.026701361,0.891548857,0.078788,229.4635442,-21.42346094,23.11842311,70.38931379,4.951222,272.4806784,-30.08745067,-68.91020896
Driver,104.3754474,1.089,2.454,-1.417322835,48.373,3.422,8.854,-2.887,-5.341,149.3680655,1.4311,7.928,-2.24,1670.0,-17.042,377.4456715,36.30605401,-30.17762422,6.129162721,-0.250963379,0.852548734,0.085645,207.359046,-22.77459914,18.38002085,75.87139659,4.236405,259.7361161,-32.47144957,-44.10454092
Driver,97.18369721,3.733,3.249,-4.724409449,47.059,6.73,13.581,0.099,-3.151,146.7219936,1.5097,11.845,0.668,2655.99,-11.451,463.8114188,79.62791183,-17.84194112,6.329223517,0.062590984,1.343729047,0.0913164,238.533985,-17.09941493,34.42081636,62.26076343,6.16044,263.3537248,-20.90420972,-59.61616524
Driver,97.56173944,2.81,3.277,-3.42519685,50.312,5.611,14.094,-2.177,-5.454,143.6271922,1.4722,12.6,-1.431,2369.08,-17.006,437.1942936,73.23479514,-38.82526407,6.423481962,-0.176271711,1.444610885,0.0949187,230.6052579,-31.03322053,32.00550866,64.08890657,5.79309,258.8661186,-37.95697957,-75.95102041
Driver,103.9414817,-2.3,4.9,2.795275591,53.052,3.165,5.921,-0.484,-5.384,150.7026217,1.4499,5.084,0.141,1500.0,-12.147,319.8483234,19.34688445,-6.598095419,5.850875296,0.007395747,0.519351735,0.080487,178.2636613,-6.670975763,11.57696999,84.89334677,3.320604,243.3858562,-11.86131089,-21.32801827
Driver,104.9234968,5.5,6.1,-6.929133858,49.266,10.767,11.675,1.844,-4.256,146.7385469,1.3985,10.618,2.584,1860.0,-11.618,419.9179702,56.13659462,4.19945602,5.68141916,0.248786174,1.065974987,0.081428,227.0791335,-3.279532384,25.64406165,69.59858159,5.117021,267.4391782,-6.350879569,-40.53831143
Driver,113.0480494,3.1,0.7,-3.818897638,49.771,3.284,11.454,0.023,-0.677,168.4359341,1.49,10.554,0.096,2470.0,-4.035,566.9220351,100.5874863,-10.36189548,5.883683344,0.006854638,1.110594802,0.073538,282.0547758,-8.648381075,38.09959525,64.39758781,6.976434,306.1830401,-10.13707346,-27.36220146
Driver,23.06057623,-3.1,0.3,3.031496063,57.697,-1.853,27.35,1.269,0.969,28.32990336,1.2285,19.333,1.066,2250.0,1.476,18.20519527,3.247599739,0.342522055,5.961083774,0.113978163,1.082529726,0.467527,11.79107072,0.231004042,20.82898537,26.38772503,0.943566,22.08217384,0.442009574,0.034930425
Driver,109.9185755,7.114,3.921,-9.37007874,46.951,10.616,13.157,2.686,-1.235,164.7018164,1.4984,11.886,2.95,2120.0,-7.661,546.1300827,95.62694175,10.18397769,5.996297942,0.303115017,1.271831929,0.076973,280.0352219,-0.454320714,35.33034094,67.45807512,6.623182,309.0278334,-2.005084385,-44.59669002
Driver,100.8634574,0.837,4.689,-1.141732283,46.847,5.473,11.575,-1.43,-6.119,147.9279259,1.4666,10.259,-0.661,2230.0,-21.641,424.6794333,56.81440622,-35.38288026,5.880416664,-0.083530735,1.0672257,0.083576,226.3755267,-30.58544523,26.45591421,66.83264874,5.229878,263.2203572,-40.44866803,-83.98741219
Driver,98.74060487,3.2,-12.4,-4.448818898,43.112,-9.483,22.445,4.443,16.905,131.7712062,1.3345,19.395,1.433,5388.4,19.103,381.2945108,123.7341521,58.22414768,3.515502035,0.102347152,1.251000323,0.058567,187.1482422,42.74022666,51.48702447,61.15701511,6.776885,194.2357841,45.18679657,114.5110431
Driver,77.48299928,3.3,8.3,-4.094488189,55.267,10.543,5.976,-3.562,-11.862,100.083214,1.2917,5.498,-1.59,2180.0,-17.821,129.1651613,7.051782083,-6.399966792,5.815654059,-0.177581914,0.535474521,0.120903,78.21491488,-5.381955115,8.280734221,71.6325037,1.916237,131.0832336,-11.32380797,-9.644352092
Driver,93.35853615,-5.0,1.2,4.645669291,52.686,-3.242,19.715,-1.56,-2.664,122.7556818,1.3149,14.667,-0.913,6180.0,-4.803,343.8373876,88.3399196,-15.87839665,5.940498126,-0.109352077,1.595353249,0.104487,171.372541,-10.81187611,45.86744131,55.39987202,6.0113,180.0571878,-11.63459113,-24.25578656
Driver,103.1988189,-1.3,6.9,1.732283465,51.699,5.825,5.343,-1.503,-8.403,146.6244631,1.4208,4.673,-0.721,1570.0,-17.119,283.423171,15.20397661,-11.8666089,5.756868617,-0.082172959,0.467767532,0.081339,160.0710521,-10.2258024,9.924115512,86.76905417,2.97053,227.6557794,-18.23223558,-24.64456293
Driver,106.2388153,-4.935,-3.088,6.968503937,44.938,-8.052,14.226,-2.393,0.694,146.9989263,1.3837,11.83,-2.483,3500.0,1.328,478.2187094,98.10862988,-16.66432903,6.366194627,-0.274205539,1.366956537,0.0918326,235.8699122,-7.383466083,41.62695741,59.98263721,6.7672,252.358845,-7.731356674,8.511124718
Driver,94.18620258,-1.5,-1.1,1.692913386,59.068,-2.2,14.788,-3.159,-2.059,124.0741321,1.3173,12.791,-2.734,2478.93,-4.615,348.0653187,55.73182965,-22.95873394,6.075330305,-0.312761557,1.378874425,0.104127,187.8793477,-14.67059392,29.51374215,60.826284,5.077918,217.8319716,-17.81864583,-17.15869239
Driver,87.7035612,-2.9,-4.9,2.834645669,57.862,-6.937,21.327,-2.839,2.061,123.9450608,1.4132,17.703,-3.109,4477.57,3.937,366.8986093,103.4769254,-10.83648769,4.492701509,-0.245133911,1.450916838,0.078966,183.5753896,-3.313090349,47.56587442,58.55051722,6.405123,194.6082858,-3.240848502,19.93949154
Driver,97.92636006,-3.775,0.414,5.0,44.458,-3.441,18.275,7.488,7.073,142.6968504,1.4572,14.778,6.298,5209.87,17.282,430.3466617,118.6294155,95.55401693,6.118679933,0.698383409,1.664229931,0.0921681,208.8970854,60.74547991,48.82075072,60.56635313,6.92025,213.1770593,62.49972135,115.3596486
Driver,105.6997137,4.7,8.9,-5.669291339,50.891,12.703,14.263,5.107,-3.793,147.0919828,1.3916,12.716,5.724,2430.0,-10.11,466.4834591,82.70712395,26.41810877,5.671705293,0.558191563,1.286613181,0.081807,242.5493742,7.217398229,34.56250346,63.99762656,6.178417,270.2092981,6.15096066,-50.99674152
Driver,102.6462956,1.371,6.41,-1.811023622,48.763,7.613,12.199,-0.868,-7.278,148.5925197,1.4476,10.601,0.236,2847.12,-23.052,450.5857332,69.25946378,-42.39639205,4.880279581,0.006851331,0.919528438,0.06905,231.6033707,-37.29268214,31.60395172,61.89493085,5.817056,259.6123845,-46.692938,-114.7016518
Driver,73.45651396,-4.419,0.109,3.779527559,67.151,-1.756,26.73,9.444,9.334,89.90448282,1.2239,19.769,7.116,6485.33,21.53,197.2341037,46.91073777,38.53620208,115.3182578,29.89971799,-3.273706808,4.25648,110.7159407,28.07216441,34.72911624,52.97346378,4.03648,124.7207931,33.47759882,43.76637507
Driver,92.41678597,-3.029,-3.323,4.409448819,43.341,-6.538,22.087,9.688,13.011,123.9030064,1.3407,16.085,6.327,8337.52,27.997,318.3230703,91.08551681,88.72011215,87.91377964,23.77832234,29.0664619,2.36684,156.7898043,53.96236815,49.39582164,55.59194233,5.86835,161.2526933,55.87796028,112.231896
Driver,61.51798497,-3.665,-4.245,4.37007874,54.706,-6.844,16.383,0.038,4.283,84.82865068,1.3789,13.86,-0.528,2174.83,11.787,154.3137032,21.48538068,1.613177958,6.104850339,-0.043118134,1.451779368,0.153834,92.86018675,2.538197369,20.03807906,57.89296748,2.89625,118.2490385,4.158537901,10.18048742
Driver,115.5019685,4.5,3.3,-5.078740157,52.497,6.692,20.402,-0.581,-3.881,165.0371331,1.4289,18.647,-0.009,3990.0,-8.628,542.5515262,192.6769146,-37.0777086,5.335115805,-0.020670341,1.826513494,0.0708,252.3318847,-26.75452745,57.10895283,72.51606042,8.448417,257.2212856,-27.53339351,-80.14534306
Driver,76.72691482,-4.561,3.797,4.133858268,57.443,0.877,29.036,1.848,-1.949,99.96286686,1.3029,23.741,2.202,5260.0,-1.994,263.7293458,85.72279599,6.89784672,6.221559564,0.234720378,2.763368916,0.142495,137.2161473,3.024942743,47.60165184,55.15547164,5.53331,145.2280909,3.124861844,-6.744669486
Driver,99.62195777,-0.486,-1.16,0.590551181,49.399,-1.576,15.114,7.927,9.086,140.1603883,1.4069,12.183,6.149,4734.35,11.973,417.4486546,94.91145619,82.52717837,192.9561834,48.59271252,11.59954318,5.7098,206.6238657,53.80935585,42.63600835,58.96328258,6.3552,220.7225145,59.01894582,96.39318673
Driver,87.54026485,0.73,8.582,-0.826771654,58.97,9.022,7.313,-4.859,-13.442,123.6873658,1.4129,6.361,-2.864,2700.0,-39.717,217.5004213,14.88765984,-27.06864362,6.147840931,-0.343280556,0.673211127,0.103582954,125.2889985,-23.30696653,11.81556557,73.80708764,2.762000728,178.9427528,-41.3418981,-51.38102698
Driver,94.34055118,0.712,4.223,-0.905511811,52.634,4.766,6.023,-1.913,-6.135,133.7701324,1.4179,4.937,-0.647,2210.0,-20.101,262.9727391,15.11815848,-13.59136689,5.904668571,-0.081581375,0.507257702,0.091613,146.9676078,-12.09328905,10.77219353,77.22995583,3.034312,205.4808987,-21.47880405,-31.31574534
Driver,86.12875805,1.561,0.84,-2.519685039,45.144,2.394,18.318,0.312,-0.528,129.1215551,1.4992,16.489,0.373,2346.77,-3.107,392.5144516,88.9315645,-7.546123147,195.6090562,-7.832801704,2.030252074,5.95105,197.870603,-8.034416944,42.24476566,58.77642181,6.05721,215.51502,-9.637344011,-27.96398503
Driver,97.26646385,-1.5,-2.7,2.637795276,43.354,-4.465,13.079,-8.724,-6.024,135.8963404,1.3972,10.9,-7.67,3180.0,-10.356,410.1934959,68.69960459,-74.76981784,5.757891915,-0.792095409,1.121808502,0.089471,208.6028471,-44.74111433,34.65976713,58.16805764,5.795881,231.1515827,-51.25272331,-51.44126551
Driver,119.2555476,4.3,4.7,-5.157480315,47.005,8.564,14.723,1.458,-3.242,173.3554044,1.4536,13.574,1.622,2940.0,-10.053,602.5480536,146.337461,-18.25871789,5.514817887,0.16763117,1.347982966,0.067735,291.3590463,-19.29403168,47.17076778,67.03756584,8.002706,306.2822312,-21.4417831,-82.54575082
Driver,95.71850394,-1.019,2.083,1.102362205,56.22,1.401,17.101,2.354,0.271,142.7975125,1.4918,15.146,2.323,2773.0,0.54,466.741677,103.226642,19.67346541,5.096492376,0.206956062,1.395964813,0.0764928,237.8909366,10.67319127,40.98348987,62.70265699,6.72334,256.8406611,11.59324619,3.095166811
Driver,109.7172513,-3.43,-3.438,4.291338583,51.33,-6.188,18.755,0.725,4.163,154.1533196,1.405,14.674,-0.085,6355.03,6.74,463.101745,151.3562412,24.75072555,6.372882811,0.006175756,1.757783461,0.0889583,216.0337719,17.5899856,55.71936825,66.21749638,7.55178,219.1453323,17.97208543,53.72818362
Driver,99.28418039,-1.468,0.976,2.086614173,45.815,-0.452,13.931,0.285,-0.691,144.167636,1.4521,12.005,0.374,2760.0,-4.192,458.4818562,81.21071471,-5.75514434,5.826316031,0.034463446,1.249453021,0.085586,234.5821393,-5.832387122,35.52835455,61.54441117,6.214224,259.3002434,-7.187643602,-22.08906278
Driver,86.08625626,-6.279,3.45,6.299212598,54.622,-1.031,20.907,6.764,3.314,111.0527022,1.29,17.325,6.291,3980.0,5.355,312.1560765,74.7294542,41.10905178,6.12278579,0.679338559,1.923573158,0.120417,163.0831503,24.60584161,40.5547347,55.46559072,5.529428,179.0408782,27.5229556,20.37567286
Driver,83.85379384,-0.57,-5.173,0.511811024,67.536,-5.408,18.632,-3.754,1.419,111.2611847,1.3268,16.123,-3.951,2780.0,3.245,307.163629,60.65081209,-17.15821001,6.128879527,-0.418366095,1.766527501,0.1191624,166.7632999,-8.140328986,33.48455705,57.84360699,5.075089737,191.5308341,-8.896508577,10.06759499
Driver,100.7091088,-3.361,-10.17,4.133858268,47.919,-13.21,14.335,-6.695,3.475,143.1147101,1.4211,13.071,-6.954,1832.37,7.149,428.2320078,70.0297411,-41.52533999,6.251390593,-0.751366453,1.454213447,0.0927696,231.3116463,-19.0807032,29.99729904,68.03190102,5.52735,264.5664083,-20.55503204,26.90904512
Driver,97.29778096,-2.2,-6.6,2.755905512,47.659,-9.338,18.209,2.547,9.327,138.783554,1.4264,15.731,1.37,3770.0,22.011,423.0362599,104.7932711,62.45816024,5.864621946,0.163288758,1.671712344,0.091247,211.8004676,48.03930664,44.36696981,59.72733562,6.607252,226.38021,53.70227942,129.2810042
Driver,92.97602004,5.909,-3.088,-7.362204724,56.812,0.794,7.793,-9.233,-6.145,126.4184413,1.3597,7.055,-6.789,3180.36,10.058,303.2349163,32.30091624,-22.38071614,173.7017971,-7.744598157,-4.579961324,4.30054,162.6507587,-8.029563197,20.62834771,68.17646255,3.94054,201.5446017,-7.328646006,33.69234706
Driver,96.64906943,-3.795,-1.05,4.527559055,50.184,-4.22,19.19,2.867,3.917,127.3463225,1.3176,16.198,2.322,3840.0,6.12,388.6578778,96.48697163,28.32809274,5.572288062,0.232514496,1.642061257,0.0945664,196.4442901,18.58093704,43.93299633,58.72567466,6.35654,210.1862706,20.43702776,31.9270023
Driver,103.3307981,1.7,7.9,-1.88976378,55.951,9.038,9.208,6.364,-1.536,150.489889,1.4564,8.206,6.666,1530.0,-8.872,395.4336712,41.21022366,36.44629972,5.897905849,0.678900752,0.852298228,0.081868,214.3833707,16.40584337,20.68701142,72.87692239,4.512505,261.5577516,18.06237629,-25.55400687
Driver,97.8055655,0.963,4.252,-1.25984252,49.912,5.062,14.947,3.235,-1.017,145.1570329,1.4842,13.301,3.359,2380.0,-2.639,462.7073093,85.16587583,21.6273454,5.193488282,0.302641632,1.238043572,0.0759808,240.8629408,9.721195615,35.27367357,63.86327078,6.22376,266.1030548,10.303143,-13.18996743
Driver,102.142985,-2.823,3.246,3.818897638,43.153,0.231,13.92,4.841,1.596,147.6205709,1.4452,11.981,4.65,2854.99,5.354,477.9754098,87.85516938,50.33667912,6.164728476,0.505104158,1.329581341,0.0884623,242.0480955,29.79445567,37.18276882,61.45659565,6.46432,255.92383,32.04462698,30.66923588
Driver,110.4889943,4.3,0.9,-5.157480315,48.981,4.58,16.906,-2.309,-3.209,161.8345115,1.4647,15.37,-1.998,2544.82,-8.858,555.1762218,132.6608648,-43.75785623,5.503095631,-0.190764814,1.524808993,0.072994,277.2078117,-30.34439922,44.48520607,66.84113505,7.533161,295.3140013,-33.45737626,-62.15786035
Driver,102.1586435,-5.788,5.35,6.57480315,51.019,0.645,17.667,1.694,-3.655,144.9033644,1.4184,15.636,2.031,2959.74,-5.64,478.2546036,113.4098217,2.299350851,6.429970651,0.221028234,1.828000567,0.0956686,240.6747161,-3.14159933,43.44906546,63.05833928,6.98857,257.2409336,-4.006339479,-35.00538757
Driver,80.04429134,-6.3,9.3,5.62992126,62.648,5.85,23.631,2.324,-6.976,105.4523085,1.3174,20.376,3.362,7340.0,-9.831,271.1784183,82.16980057,-0.716205743,5.896090279,0.302014387,2.225887212,0.125225,139.1134822,-4.454345129,47.24302557,53.66707923,5.507833,144.8750318,-4.946039007,-37.80212685
Driver,85.45767717,-3.237,3.813,4.488188976,46.865,0.775,11.161,8.586,4.773,121.2240515,1.4185,7.51,7.354,4630.19,16.594,308.8794668,43.85994803,69.38815014,153.1150573,43.5449065,0.376425751,4.69271,153.6718004,43.7720548,31.50998699,50.55571678,4.71932,171.6386988,51.28379167,73.67079206
Driver,98.49454188,0.404,4.911,-0.551181102,47.783,5.277,16.526,4.136,-0.775,145.0221457,1.4724,14.585,4.233,2798.12,-6.005,474.6381504,102.4759253,20.28099845,6.049031107,0.440813444,1.586455904,0.089374,241.3203581,6.109905155,40.72181124,62.78298886,6.739974,261.852318,5.764059252,-35.14060218
Driver,99.81657122,-5.538,-1.587,7.755905512,47.756,-6.639,5.176,-8.559,-6.972,139.8910612,1.4015,2.734,-6.966,4047.99,-0.052,380.0961602,33.40108245,-46.50906887,199.2250768,-24.74831472,-5.980236409,5.06186,186.5084947,-23.12476727,22.64791811,60.00189672,4.58186,217.3735017,-27.01844882,-1.526384459
Driver,97.16132785,-2.313,-10.623,3.228346457,44.979,-12.94,20.224,2.589,13.212,130.6236578,1.3444,16.827,0.432,5140.0,20.062,380.1989868,105.3585915,50.0809944,6.15594197,0.079223508,1.895497859,0.1027272,189.2882225,38.87436935,47.22155167,58.71461132,6.453270089,199.4516786,42.34482169,112.4295001
Driver,99.98434145,-2.965,-9.44,4.05511811,45.26,-12.382,15.709,1.852,11.292,140.5621421,1.4059,13.52,0.457,3590.0,20.993,434.3988013,91.34671659,51.67247408,6.028967552,0.07153697,1.466376749,0.0915912,218.8146621,41.6048533,40.28865898,59.38348466,6.385477391,237.136369,48.05637065,119.6702613
Driver,90.75697924,-1.48,7.21,1.88976378,52.505,6.074,6.192,-2.972,-10.183,118.1091178,1.3014,5.121,-1.532,2098.74,-2.436,195.7471102,10.66276717,-5.975385389,5.975884264,-0.161781501,0.524756342,0.105083,114.1184553,-3.843996648,9.216122734,76.77561228,2.495982,172.897308,-6.260446358,-2.380102816
Driver,83.90300644,-8.837,-8.113,14.13385827,39.526,-18.974,11.805,-1.162,6.951,111.3555834,1.3272,6.23,-3.067,6496.29,25.843,220.8694949,20.45720669,8.802277761,129.2857099,15.11301304,-3.52100161,3.6069,119.882646,12.41240614,18.047946,59.7674077,3.2569,149.2893592,20.38180153,56.32295415
Driver,83.53167502,-3.7,-0.1,3.307086614,62.278,-2.209,25.965,-1.553,-1.453,113.639048,1.3604,20.995,-1.272,5609.49,-1.927,309.9454795,102.7224892,-10.49541234,2.700325115,-0.063223739,1.045021767,0.052645,154.6870824,-6.501710125,51.0343963,57.14202576,6.124578,161.4721301,-6.857545328,-9.207841134
Driver,109.303418,3.1,-1.5,-3.779527559,51.005,0.76,11.757,-2.862,-1.362,163.6918397,1.4976,10.363,-2.452,2287.29,-2.017,536.1050884,87.34963919,-29.43807007,5.63186888,-0.263809211,1.040744335,0.072337,271.4637324,-16.62619331,34.76777911,64.87073434,6.525085,298.9746901,-18.71045808,-15.05670159
Driver,76.51440587,-3.681,-6.516,4.015748031,55.021,-9.096,19.807,-4.602,1.913,97.30538654,1.2717,15.741,-4.955,3940.0,2.927,240.5637205,47.03168015,-17.76916053,5.216014819,-0.447075481,1.468460522,0.1158344,131.2639629,-8.942398584,32.95358209,52.5302561,4.459534429,151.4859645,-10.00068088,7.20714899
Driver,111.4710093,1.196,5.837,-1.456692913,50.019,6.84,11.548,1.179,-4.658,162.1913028,1.455,9.96,1.91,2807.93,-23.868,513.2053906,80.02798618,-39.35277132,6.273896937,0.186846044,1.120623643,0.0813076,258.7973332,-38.600818,33.34816131,62.91374362,6.29385,275.7363948,-44.42134889,-141.3255007
Driver,107.6592699,-5.75,-0.965,7.952755906,48.667,-6.047,10.149,-11.537,-10.571,140.6346188,1.3063,8.503,-10.417,2770.0,-23.186,386.4176442,44.72579559,-100.4871989,6.326068727,-1.164751302,0.952937017,0.0941577,203.3919995,-64.47576945,24.11270868,63.20692849,4.8732,236.2350795,-79.72656284,-85.60282247
Driver,101.0043844,0.1,8.7,-0.157480315,53.72,8.813,12.779,5.901,-2.799,147.5118558,1.4604,11.174,6.296,2410.0,-10.093,455.0641478,74.27426921,29.8799129,5.792256187,0.627122058,1.153688154,0.082896,234.1565832,9.051311621,33.44293296,61.87193805,5.987771,261.0978913,8.174494966,-49.98855383
Driver,97.63555834,2.952,2.419,-3.700787402,47.837,5.095,16.605,-2.947,-5.366,146.9897548,1.5055,15.026,-2.297,2480.0,-20.744,467.0091564,95.5647919,-59.31800861,6.36777184,-0.275709495,1.723261636,0.092969,243.0126007,-46.11050767,37.46100906,64.27592948,6.41832,257.5210618,-50.92184105,-109.5317406
Driver,97.83911954,4.707,2.277,-5.275590551,56.038,5.456,12.479,-0.502,-2.78,138.4967788,1.4156,10.349,0.273,3111.41,3.649,417.1711128,70.99564958,11.25533896,215.2381771,8.066257212,-3.224849252,5.90384,210.5362121,7.778791285,34.48036313,61.75617192,5.71384,234.1765896,9.199693861,20.32871864
Driver,66.19541875,10.179,2.391,-8.818897638,60.071,8.324,4.856,4.819,2.428,94.84945419,1.4329,5.801,4.393,975.75,-32.76,66.05249064,3.536438532,3.002066737,55.41948138,1.846036933,-2.130315012,1.34873,42.5815896,1.600850822,6.776390706,79.8410318,1.00873,100.1802574,3.062998533,-4.989533019
Driver,99.12312097,-2.026,-1.895,3.543307087,41.283,-4.204,11.499,-1.89,0.006,142.8008679,1.4406,8.948,-1.891,3617.55,7.863,424.306424,68.10152769,6.829185988,232.9634191,13.16834549,-10.7862889,6.12387,217.3719902,10.70764545,31.99195251,66.12858008,5.54387,245.0913176,14.884968,53.59796244
Driver,100.527917,3.626,2.38,-4.921259843,47.756,5.679,13.12,-3.839,-6.219,141.5068003,1.4076,11.544,-2.779,2650.0,-15.999,342.8138022,37.51097974,-21.69391259,5.881085756,-0.289557212,1.177219761,0.087122,213.9572831,-16.56857413,14.52429338,108.7685952,3.654684,331.2597668,-29.11759841,-18.6204054
Driver,30.3194345,-1.9,-1.5,1.57480315,73.021,-2.222,39.762,-3.151,-1.651,26.9591088,0.8892,35.208,-2.856,4210.0,-1.418,24.48283155,8.477222815,-1.193751266,2.136573939,-0.109708541,1.325029596,0.201168,15.01824681,-0.789540611,37.9495841,24.90637895,1.498818,19.35752167,-1.021827825,-0.123888333
Driver,102.9728883,-2.763,4.472,3.661417323,44.008,1.607,15.452,6.587,2.116,151.0272011,1.4667,13.3,6.326,3250.0,6.487,501.1539009,111.1307264,72.10002915,6.009444043,0.669170158,1.450695322,0.0847865,247.5998548,41.75374779,43.3431668,62.12235436,7.07467,256.9534326,43.77938476,43.82504093
Driver,109.4846099,-0.07,-3.039,0.078740157,55.062,-3.088,15.951,-4.33,-1.291,161.1133232,1.4716,13.992,-4.165,3145.1,-2.92,552.756342,134.0473528,-48.61765906,5.318808085,-0.388920409,1.355248474,0.0704577,269.086476,-27.05353656,46.70506403,65.31631853,7.6579,283.152529,-28.76962817,-22.61292534
Driver,102.7872226,2.9,0.1,-3.700787402,47.966,2.759,17.335,3.693,3.593,149.8505727,1.4579,15.283,3.235,3150.0,6.585,500.5750881,122.6953924,45.973568,5.687213464,0.326802448,1.570008083,0.081562,248.2852086,28.91987009,45.3514168,63.78988496,7.263167,264.1625215,31.51203232,44.87421677
Driver,82.87848962,4.275,-0.282,-5.0,49.273,3.408,10.833,1.228,1.51,118.0807087,1.4247,7.777,0.518,3675.6,8.357,302.7284177,33.73662977,12.43328126,6.057207502,0.06456195,0.837972111,0.107384,158.5843922,9.804851225,23.62495967,56.46569437,4.35473,186.5287355,13.03240049,25.12044688
Driver,99.66445956,-0.782,-0.687,1.023622047,50.654,-1.329,12.52,-5.591,-4.903,143.6739442,1.4416,10.877,-4.968,2500.0,-12.549,433.9701735,65.09794753,-58.0540925,5.818074383,-0.513679939,1.124284179,0.085359817,227.0742145,-38.1077273,30.20885857,63.20950553,5.640519518,258.0030637,-45.86823595,-55.73692846
Driver,97.13001074,1.665,7.631,-1.968503937,53.529,8.862,12.245,-0.098,-7.729,145.6453561,1.4995,11.021,0.823,2200.0,-24.956,412.1766378,57.42406901,-27.15353971,5.471726431,0.063748562,1.068023706,0.0790528,221.5687817,-27.661039,26.62802032,67.04077861,5.16019,255.828264,-37.07790983,-92.44741597
Driver,87.33446671,1.3,-5.9,-1.653543307,46.766,-4.811,24.741,7.342,13.384,116.1343504,1.3298,20.956,4.928,5060.0,17.449,326.0747654,100.8940039,58.96867875,5.904739773,0.537067258,2.288125186,0.113786,165.877986,40.64679518,48.08153358,58.00480406,6.120922,175.423943,43.92825553,80.04425054
Driver,99.75170007,2.096,0.509,-2.480314961,48.883,2.34,12.778,0.399,-0.11,147.973112,1.4834,10.419,0.424,3466.24,-0.377,479.0258032,88.40885166,2.481013313,6.368287281,0.04667555,1.202469785,0.0907752,236.2360106,0.962440382,39.20045276,59.18495896,6.57495,254.0164603,0.981909906,-2.357244882
Driver,95.13018969,0.607,2.471,-0.787401575,49.91,2.982,16.467,8.749,6.278,139.1519775,1.4628,14.311,7.854,3210.0,8.918,444.0701602,96.79943194,79.45560059,5.931535168,0.819697081,1.527950868,0.091284,224.5135706,47.35957567,41.21530461,60.5976957,6.560873,243.2461455,52.48369849,50.77813534
Driver,100.0738189,2.034,3.785,-2.795275591,46.201,5.737,13.556,-2.606,-6.391,146.401888,1.4629,12.025,-1.729,2550.0,-22.876,442.2877154,71.99704891,-52.57555134,5.744541833,-0.190703902,1.228667526,0.08304,231.8504175,-42.33296235,31.75335634,63.69930467,5.785853,261.0657149,-52.29661685,-106.3075681
Driver,85.79545455,1.608,-1.138,-2.519685039,45.656,-2.71,12.715,-0.166,0.971,124.1575698,1.4472,9.951,-0.413,3420.4,-4.23,331.8538816,44.65711419,-11.0455049,178.1430198,-10.35278706,-1.74574987,4.72382,174.6745056,-9.916021502,26.76375374,61.53228117,4.59382,203.7963219,-13.55481144,-25.97614425
Driver,102.7134037,2.8,3.723,-3.582677165,49.669,6.103,9.013,-4.238,-7.961,144.903588,1.4108,8.228,-3.212,1847.27,-24.543,353.6446389,34.40748076,-40.27336421,5.957923452,-0.350056807,0.858644318,0.085883,195.7156848,-30.84214217,18.16004692,74.6037419,4.089346,246.7733275,-44.49951095,-59.89391744
Driver,93.01404796,1.574,-0.863,-1.850393701,53.56,0.3,11.621,-7.575,-6.712,134.4268969,1.4452,10.074,-6.515,2490.0,-20.614,363.2977003,46.12146068,-64.71806059,5.926900127,-0.689585283,1.05369372,0.092723,195.5885858,-44.34671648,24.50587899,64.13664149,4.763401,232.0840651,-57.03410436,-67.33848442
Driver,100.281854,1.583,2.164,-2.047244094,49.526,3.515,18.77,4.356,2.193,145.6648175,1.4526,16.329,4.027,3560.0,1.773,478.8020777,130.0931516,37.55488995,5.927064454,0.418177639,1.758804577,0.088058,234.9553754,20.56192917,48.29992822,63.77933788,7.332529,247.6167467,21.82266436,12.22308751
Driver,80.27916965,-1.436,1.081,1.417322835,63.551,0.367,27.845,10.501,9.419,86.54415712,1.078,22.068,8.398,5220.0,13.182,202.3623184,54.40014262,38.48866008,5.789491423,0.870801032,2.336507856,0.151289,110.8510859,25.32590362,39.61710195,50.24608409,4.440215,123.4362474,28.9531499,27.87870752
Driver,105.5453651,4.7,8.3,-5.669291339,50.597,12.135,11.903,1.923,-6.377,146.4584825,1.3876,10.816,3.0,2110.0,-17.909,424.2468005,58.98426126,-2.6771362,5.658165426,0.284283575,1.082987368,0.08133,227.3156661,-10.85225021,26.98799441,67.36490926,5.272877,264.3200306,-16.52487864,-68.16178522
Driver,104.6930923,0.9,6.3,-1.062992126,50.555,6.93,12.365,2.692,-3.608,149.3626969,1.4267,10.877,3.155,2310.0,-10.113,459.1386149,72.43231374,5.944035233,5.782369939,0.310398495,1.120049294,0.081623,236.9550995,-3.345500039,32.46983192,62.69489174,5.923609,265.3632164,-5.734691577,-49.14150499
Driver,100.2706693,0.9,-7.9,-1.141732283,47.104,-7.212,24.481,6.809,14.709,138.7770669,1.384,20.32,3.768,6826.57,17.916,391.7255301,145.2047109,77.9043619,5.62182463,0.410480145,2.128031613,0.090299,187.0418686,52.20508389,55.88780092,64.48043698,7.135583,189.2983965,53.05993537,120.8668721
Driver,88.85782033,3.25,-4.866,-4.05511811,48.097,-1.945,15.684,-2.823,2.043,130.2207856,1.4655,13.26,-3.235,3175.81,5.48,396.5442137,75.84241691,-11.86863752,5.972796029,-0.33111062,1.419044551,0.097803,204.4187255,-2.944921319,36.74740757,58.66539589,5.915613,225.9022607,-2.438167345,25.78263212
Driver,98.73613099,-1.738,4.174,2.322834646,47.249,2.567,21.691,-2.191,-6.365,130.7753221,1.3245,18.904,-1.365,3756.83,-14.524,404.1831199,115.4832411,-42.89469188,6.272465173,-0.169975212,2.176503294,0.105452,203.0163498,-32.23980646,47.31449263,61.41346015,6.74797,214.832934,-35.20654257,-82.36762725
Driver,109.654617,-0.881,0.622,1.338582677,40.034,-0.428,16.09,2.916,2.294,153.8110684,1.4027,13.936,2.612,3320.0,0.889,516.3630788,123.634937,25.57824519,6.154300171,0.281356793,1.549012677,0.0855496,252.7559354,13.65177634,45.80627786,63.40479288,7.362149195,268.0833936,14.58052197,6.407279075
Driver,84.16249105,-4.097,4.972,4.212598425,55.334,2.133,22.626,-1.884,-6.857,110.0295276,1.3073,16.873,-0.287,6486.58,-10.987,291.3580416,74.20538586,-18.50736887,6.064191858,-0.051421881,1.871284994,0.120545,149.9364798,-14.70097041,43.00115061,53.38789739,5.421955,159.5434669,-16.28064825,-41.86008544
Driver,92.38099499,0.805,9.133,-0.94488189,59.063,9.615,7.688,-10.382,-19.515,126.6998479,1.3715,6.854,-7.9,3270.0,-54.001,205.5140368,14.86854725,-48.57142898,6.33225642,-0.924491851,0.744172127,0.104369648,118.9115999,-37.94799097,12.2736119,74.73895101,2.580150213,171.6877062,-65.28554759,-66.29604038
Driver,97.83464567,2.167,5.816,-2.834645669,47.686,7.79,14.895,3.57,-2.246,143.7801986,1.4696,12.955,3.924,2812.83,-11.488,457.5430502,86.61653843,6.506476636,5.849576838,0.3902508,1.356004059,0.086503,234.3660309,-4.630715591,37.06400751,61.67466673,6.332089,257.9177417,-7.049625447,-61.96543445
Driver,104.2300465,1.214,3.221,-1.57480315,46.952,4.355,13.156,0.273,-2.948,150.5415623,1.4443,10.363,0.979,4300.07,-13.602,476.8398115,99.20954101,-33.34290867,6.35030476,0.090332071,1.20277755,0.0890174,230.6527648,-27.15718934,43.15732925,58.78463078,6.79179,238.4985582,-28.95593544,-93.2001999
Driver,85.65229062,-1.053,7.478,1.181102362,58.21,6.825,10.586,0.403,-7.075,125.8712867,1.4696,8.662,1.598,2820.0,-21.333,313.7542444,33.95339593,-12.06620749,5.66287686,0.13968552,0.862899269,0.094234211,169.9771738,-14.76298168,21.23423045,62.58095599,4.233527014,207.6480883,-22.71776421,-58.43831494
Driver,90.63618468,-2.303,6.764,2.795275591,55.608,5.186,5.264,-4.462,-11.226,124.9953024,1.3791,4.26,-2.958,2240.0,-19.181,204.542165,9.519614288,-16.88258229,5.869788405,-0.317527235,0.430565933,0.097378592,117.8117353,-12.64801848,8.180542571,79.76506041,2.451649444,179.1443281,-22.93198248,-19.76027317
Driver,107.7755906,3.7,1.3,-4.527559055,48.937,4.533,12.872,-1.616,-2.916,160.0718057,1.4852,11.882,-1.177,2280.0,-8.631,525.1518009,92.9558246,-31.13258963,5.829903092,-0.135307838,1.236627852,0.077014,268.4516757,-22.63272564,35.91647948,65.4884936,6.58098,295.5371644,-26.55134557,-51.39988598
Driver,121.6870974,2.947,7.612,-3.307086614,51.256,9.979,15.531,5.146,-2.466,173.0006263,1.4217,13.984,5.461,2710.0,-7.041,609.0489585,144.5663667,31.94754806,6.376131333,0.598414418,1.632166218,0.0788278,297.861511,9.08707595,46.07038411,67.85824116,7.94909,313.4682464,8.752737207,-57.86374008
Driver,104.1562276,3.3,9.5,-3.897637795,50.185,12.072,13.84,8.392,-1.108,155.1972978,1.49,12.283,8.691,2410.0,-11.047,500.1957711,93.43231113,48.88325476,5.649774761,0.84555494,1.241158467,0.077137,253.7337776,16.99484683,37.66860696,63.00184073,6.581542,277.7423699,16.66446241,-64.36433087
Driver,82.5630816,-0.618,-0.184,0.748031496,49.634,-0.71,15.076,10.682,10.866,124.6760916,1.5101,13.293,9.386,2700.0,23.687,341.3054949,55.84130441,82.18100185,6.412087836,1.070584698,1.514160908,0.10959,184.8674268,55.86252193,29.40575325,60.76953799,5.00055,212.1767006,67.96112358,79.12487498
Driver,96.1658912,1.76,1.665,-2.362204724,48.759,3.209,19.227,10.157,8.493,138.575519,1.441,16.145,8.564,4727.18,13.564,423.6555725,120.1771552,97.71435418,5.867206102,0.891933564,1.730352086,0.091761,207.1308653,59.30372788,49.24979337,61.1062125,6.932054,216.857537,62.9559098,87.2671681
Driver,103.8005548,4.693,1.037,-5.157480315,50.238,4.954,17.032,2.56,1.522,149.966446,1.4448,15.123,2.315,2865.13,4.403,502.2882977,116.9754373,31.357536,6.269839213,0.25816847,1.723105003,0.0898526,251.8167072,19.69841192,43.38799692,63.86073214,7.13309,268.7684328,21.54853949,28.62532914
Driver,96.0920723,0.0,-4.6,-0.275590551,41.833,-4.946,18.988,3.068,7.725,136.2043665,1.4174,16.228,1.949,4040.0,13.21,418.9616176,113.0189525,47.4156174,5.581674434,0.199281702,1.648054959,0.088723,206.8170996,33.59541725,47.51314479,60.22383762,6.799455,218.8511196,36.64133248,79.9067172
Driver,100.5704188,-1.791,2.042,2.322834646,44.178,0.198,12.815,-1.019,-3.061,149.7684771,1.4892,10.726,-0.569,3176.07,-11.664,482.2234407,85.3085496,-33.626079,6.098152374,-0.072446286,1.179320381,0.0858717,240.678525,-25.76402118,37.2417567,60.12838486,6.4645,253.2396121,-28.25935655,-70.15909153
Driver,117.9648354,3.021,7.082,-3.385826772,50.477,9.578,16.447,5.349,-1.733,168.5453203,1.4288,14.806,5.57,2770.0,-4.637,591.0032878,146.4460229,39.85297461,6.42474343,0.61777456,1.740240592,0.0818486,289.2858414,15.64431153,46.66584796,67.5812609,7.93412,304.0206663,15.95095865,-37.40120178
Driver,45.66481747,1.88,1.78,-1.771653543,59.19,2.902,38.611,-7.429,-9.209,47.79124911,1.0466,33.817,-5.87,2350.0,-9.273,75.05744774,26.00527697,-8.240098874,4.903650765,-0.517686888,3.037461067,0.25886,44.50154413,-5.634092912,39.74646959,39.29269595,2.726628451,57.65440836,-7.504231662,-3.269774117
Driver,80.70195061,-6.7,8.9,5.866141732,65.95,5.795,24.67,4.216,-4.684,105.7726378,1.3107,20.252,5.223,7380.0,-6.375,273.073652,83.00914472,12.54949415,5.798118504,0.48472777,2.175559395,0.122622,139.7467037,4.097941383,47.51615925,53.78324642,5.53988,145.3258088,4.069838417,-25.90521932
Driver,100.351199,-2.9,-0.5,3.897637795,47.95,-3.369,14.743,2.147,2.647,144.0969488,1.4359,12.79,1.832,3980.0,3.452,456.2765407,107.8503561,24.12194269,5.762915513,0.187988404,1.334381622,0.085175,222.1661467,14.68252218,45.89661713,59.65071571,6.893715,235.5397649,15.91266817,22.76435627
Driver,95.30243379,-1.288,-3.516,1.614173228,48.756,-4.646,31.257,2.06,5.575,118.8958482,1.2476,25.434,0.893,6970.0,11.198,325.2821644,131.7163366,29.83316702,5.824880847,0.114106951,2.819803815,0.11394,158.2371824,21.74432286,56.11655064,62.53369467,6.624536,160.2851632,22.13100571,57.89677661
Driver,88.70123479,-3.13,5.808,3.976377953,52.88,3.436,2.525,-7.046,-12.854,121.8548676,1.3738,1.844,-5.494,2050.0,-13.641,108.537724,2.002489329,-11.57101215,6.005440815,-0.585226586,0.183394569,0.101912,65.75436269,-7.630236963,2.837348771,95.75574502,1.247963,133.8087582,-16.98611269,-4.026878226
Driver,106.3372405,4.5,8.3,-5.551181102,50.012,12.029,13.608,0.386,-7.914,145.437321,1.3677,12.27,1.626,2560.0,-17.58,449.1425061,76.07796955,-19.54052348,5.684956449,0.147989622,1.242551472,0.082801,234.143049,-21.75201708,33.16169992,63.21280363,5.958542,262.4803805,-27.85187731,-85.07517782
Driver,97.39844309,2.588,3.393,-3.385826772,50.629,5.518,14.659,6.313,2.919,141.4504295,1.4523,12.777,5.843,2720.0,3.857,447.656226,82.21588241,52.42685689,5.883697688,0.602332649,1.343798951,0.088377,230.6565134,30.020286,36.01047228,61.66696975,6.195663,255.4235341,33.90292934,19.74762863
Driver,86.80207588,-5.2,1.4,4.251968504,58.247,-2.397,27.493,0.279,-1.033,119.1291607,1.3724,21.076,0.481,7580.0,-1.299,324.1355526,113.97451,-0.256495047,5.616728969,0.045327063,2.210941709,0.105901,159.4989751,-0.809500401,53.17002413,59.19659402,6.365209,162.3123649,-0.84303942,-6.445314524
Driver,98.52809592,-1.36,1.452,1.811023622,50.416,0.327,9.418,-0.106,-1.559,148.852228,1.5108,8.167,0.077,1870.0,-8.163,402.9765342,42.16364933,-8.696562604,6.214407346,0.002756227,0.895113279,0.0871554,217.471244,-8.203466734,20.93627904,71.59821716,4.64971,249.9537909,-10.77431471,-25.4865348
Driver,86.30771296,-3.9,-2.1,3.937007874,55.904,-4.947,19.708,-1.005,1.095,121.6367663,1.4093,16.337,-1.068,5850.0,2.247,343.5011486,94.95549305,-2.050893244,4.051224154,-0.082216241,1.205921841,0.072025,171.317541,0.169832642,47.40202471,56.4745988,6.137807,179.9656189,0.300840414,10.08898666
Driver,92.13045812,-3.049,9.873,3.818897638,55.718,7.792,27.628,-5.614,-15.487,117.1107731,1.2711,23.19,-3.021,5830.0,-20.14,322.4031694,112.3192771,-55.68092899,6.255852985,-0.372670261,2.718263703,0.1219016,161.8399326,-40.43288072,51.13985255,59.31226629,6.283212814,168.4311888,-42.78340123,-96.35363684
Driver,105.0823193,-2.267,-1.534,3.070866142,45.832,-3.738,8.733,-4.507,-2.973,154.1349767,1.4668,6.765,-3.968,3121.15,4.58,466.490718,71.49087527,-21.88298747,212.9553773,-9.2471833,3.908876398,5.76216,217.6337905,-9.366240682,40.19880637,55.29517776,5.98843,234.2580923,-9.931886556,17.1071044
Driver,77.88341088,-4.2,3.8,3.858267717,56.945,0.604,20.216,0.166,-3.729,110.6422244,1.4206,15.576,1.134,5150.0,-6.243,298.0118349,69.9920693,-5.125505434,5.703440728,0.080473067,1.614413267,0.111677,153.4877097,-5.543058421,41.35168272,53.09736208,5.394362,166.0257899,-6.487582299,-25.73288056
Driver,110.7261095,4.216,-1.394,-5.039370079,53.58,1.724,15.957,0.32,1.714,159.7774248,1.443,14.535,0.104,2280.0,5.233,542.9990273,115.9067279,14.0217764,6.266062321,0.016438955,1.647673126,0.0839478,276.6405248,11.52972612,40.42905581,66.88386095,7.1004,297.9759195,13.17141789,33.08400527
Driver,115.9560666,-2.122,4.142,2.834645669,52.726,2.526,12.781,0.382,-3.76,164.2817198,1.4168,10.39,1.003,4025.1,7.709,541.5658625,122.1625158,37.61904473,260.5860306,26.32212002,0.304587701,7.18063,260.8856529,26.37581782,43.95749072,65.93468365,7.19358,276.2508626,29.12356051,65.48530637
Driver,88.26279528,4.137,9.681,-5.039370079,58.676,12.204,7.359,1.425,-8.256,128.4491321,1.4553,6.977,2.428,1360.0,-51.612,177.1502983,11.97140389,-1.024036905,6.148522145,0.230954543,0.724603729,0.099629426,108.7900688,-5.314802938,9.77395205,90.3383868,2.104322695,179.2400727,-15.54142228,-29.73990403
Driver,86.03480673,-2.618,0.609,3.622047244,45.051,-2.007,14.765,-0.516,-1.125,123.1601199,1.4315,13.037,-0.4,2118.66,-3.632,332.566459,50.98003591,-5.773074549,6.196018712,-0.046361564,1.429055384,0.106926,184.0358057,-4.663372221,26.88344627,63.99573218,4.75924,207.225091,-5.677037545,-10.13660778
Driver,96.78999642,-9.048,-6.078,10.7480315,50.901,-13.514,11.863,3.703,9.781,143.2641374,1.4801,9.44,2.54,3810.0,24.781,424.6562547,66.48855384,71.49584535,6.150964543,0.300027203,1.04407052,0.0902349,212.6614472,52.37980618,33.61591076,57.5219083,5.77122,225.9428843,58.36223807,129.5826265
Driver,95.7900859,3.5,-4.7,-4.68503937,47.985,-1.555,22.646,-0.511,4.189,128.349141,1.3399,20.527,-1.095,4010.0,6.295,392.5596573,126.0029337,8.731081001,5.649836539,-0.091742075,2.140108571,0.097891,194.4327764,8.6550576,50.88738683,62.33103461,6.899137,204.200678,9.447512659,37.09632468
Driver,88.24266285,-1.136,0.862,1.771653543,44.009,-0.314,15.557,-3.768,-4.629,126.5938171,1.4346,12.86,-2.989,3520.0,-10.319,375.0813352,70.79382079,-37.58193281,6.17896445,-0.33518628,1.425229784,0.104042353,192.7984149,-25.50334784,36.34555414,57.086564,5.714863185,213.4567905,-29.72505661,-46.51101417
Driver,90.96725125,2.44,-1.906,-3.267716535,48.464,0.257,17.077,0.455,2.361,132.6067019,1.4577,14.874,0.084,2940.0,5.779,413.5001926,86.6769417,11.63527978,4.892026388,0.011127412,1.305818541,0.078998208,213.4326104,9.783092101,38.64138418,60.31381632,6.184628884,234.9956545,11.61150952,28.41150611
Driver,98.07399785,1.521,4.803,-1.968503937,49.154,6.119,18.43,0.336,-4.467,139.3937903,1.4213,15.917,1.037,3600.0,-10.48,445.1020308,113.1042342,-19.20907304,6.040359552,0.096909632,1.743656102,0.093639,221.3494986,-17.59421721,45.62858874,61.33746742,6.885228,235.9534668,-19.82508962,-64.75398168
Driver,99.60629921,1.3,1.781,-1.771653543,49.322,2.899,14.796,-1.599,-3.38,143.6128758,1.4418,12.51,-1.007,3361.91,9.333,438.5507639,97.61193249,20.1947307,207.8212996,17.37389936,-2.97635555,6.72914,205.115327,16.80317608,47.92653602,52.42215281,6.56914,215.7253311,19.05485682,61.17982921
Driver,106.6660702,2.225,3.956,-2.716535433,48.381,5.934,17.347,3.585,-0.371,154.5226378,1.4487,15.21,3.64,3280.0,-4.131,521.3492186,134.1590348,18.96307606,5.966538503,0.374700286,1.642746184,0.083015,254.9234436,5.995186109,47.4818415,64.82590499,7.553285,268.8470104,5.910055604,-30.59046768
Driver,97.55055476,4.843,6.176,-6.25984252,45.951,10.878,13.278,1.424,-4.752,145.2572477,1.489,11.439,2.484,3044.41,-28.639,429.4618722,69.37032432,-34.3284032,6.189110146,0.24050469,1.264554433,0.0900551,221.7658412,-36.7411358,32.18123181,61.0419999,5.72181,238.0065752,-43.07575381,-138.555618
Driver,98.09189334,5.758,2.68,-7.519685039,47.02,8.072,18.632,1.665,-1.016,144.1067913,1.4691,17.1,1.791,2200.0,-4.289,473.2207551,108.7860365,5.88345534,6.160233109,0.18857779,1.909289516,0.09269,246.9646948,0.220706003,40.2712555,66.11415464,6.69911,260.0194696,-0.106937317,-22.49391956
Driver,99.91052255,0.693,8.123,-0.905511811,48.533,8.735,11.133,-2.751,-10.874,139.9234968,1.4005,9.906,-1.433,2480.0,-23.14,385.5442187,49.12081358,-39.05742533,6.132271921,-0.173268357,1.073224493,0.092137,206.0488948,-32.34639875,25.0183455,64.78367401,4.917487,242.5144559,-43.29764266,-81.74192838
Driver,105.0935039,0.5,6.9,-0.511811024,55.592,7.239,10.61,6.297,-0.603,155.5894327,1.4805,9.338,6.498,1970.0,-6.746,465.9735812,62.24100192,40.97125891,5.83097565,0.655175183,0.966561768,0.078574,242.8099006,17.67060795,28.14477982,66.21152739,5.563559,277.8599267,18.74735484,-29.54546429
Driver,96.20839298,0.562,4.648,-0.787401575,46.031,5.19,18.246,1.644,-3.003,136.1614173,1.4153,16.033,2.042,3036.06,-6.493,435.4096961,101.824495,0.87588129,5.625915056,0.194402354,1.628008948,0.089159,221.7231645,-4.012317097,42.14203617,61.39060388,6.597297,240.3145945,-5.166967724,-35.72679845
Driver,110.0595025,5.5,1.7,-6.338582677,52.122,6.015,16.373,-1.461,-3.161,159.142806,1.446,15.061,-1.12,2159.67,-5.882,535.8543796,117.7505676,-24.06806998,5.873308688,-0.113645441,1.590702121,0.079137,273.4463159,-17.2360825,41.12409573,67.10723117,7.092482,295.6547418,-19.50135593,-35.69554606
Driver,102.7290623,2.898,2.805,-3.897637795,48.431,5.379,11.939,0.085,-2.72,148.5766374,1.4463,10.628,0.488,2020.0,-11.161,438.8246511,60.94331638,-12.35837229,6.097620625,0.043551407,1.147662428,0.086401,233.8895613,-12.57511739,27.20382457,67.87922439,5.371277,271.46725,-17.02405506,-43.69152489
Driver,99.5995884,4.1,3.5,-5.433070866,50.364,6.814,16.771,1.172,-2.26,143.8144238,1.4439,14.745,1.548,2940.0,-8.242,469.0992801,103.4547681,-7.111030913,5.870943613,0.150885178,1.557762747,0.087524,237.7353485,-9.827435091,41.3828644,62.36309398,6.755431,257.2809862,-11.7771335,-48.72191736
Driver,80.15613815,1.654,2.656,-1.968503937,52.259,3.936,10.485,5.111,2.456,118.0006263,1.4722,8.792,4.633,2059.93,2.264,255.6818614,24.74313555,21.77003745,5.871702725,0.476075394,0.897230744,0.1042,146.2126081,13.05618651,16.73910882,68.64457448,3.490955,193.6851084,17.72148402,3.752016036
Driver,92.43244452,-3.327,-6.33,5.236220472,37.64,-10.653,14.051,-2.629,3.7,133.0442466,1.4394,11.617,-3.166,3290.0,7.75,403.8873057,70.40439821,-7.207273975,6.36006013,-0.342119594,1.327091052,0.101272,206.5594969,0.957322245,35.03983757,58.09799551,5.82973,227.3699383,2.220321442,37.09144436
Driver,95.89298497,1.509,3.623,-1.929133858,52.011,4.802,7.057,-3.97,-7.593,141.5781586,1.4764,6.033,-2.551,2450.0,-35.477,298.5910481,21.2371344,-37.46379442,6.146645084,-0.301791022,0.646790015,0.090337,165.4968928,-31.06162836,13.65898247,75.12968783,3.413605,219.3227552,-49.81875637,-71.38712215
Driver,95.56415533,-1.1,-3.9,1.496062992,49.294,-4.975,16.419,1.158,5.127,130.6894238,1.3676,14.395,0.538,2738.37,4.25,398.3232543,78.93965184,11.04510757,5.611423364,0.056535246,1.447225986,0.091904,207.5021152,8.388935142,36.88783974,59.8302763,5.948617,230.0221011,9.933078194,19.32530608
Driver,85.32793486,2.157,0.958,-2.637795276,51.55,2.671,19.426,3.955,2.997,125.6869631,1.473,16.695,3.453,3460.0,4.085,384.7602284,93.43481698,30.51888709,5.796719632,0.353868049,1.752604803,0.100065,196.6670788,18.54311843,42.60764529,58.961721,6.253882,213.4720949,20.57256335,20.15104747
Driver,99.9507874,-9.625,-2.206,13.58267717,43.019,-12.678,9.285,1.202,3.409,138.6994452,1.3877,5.54,0.522,5239.05,6.622,406.0011586,57.76986726,19.77894539,6.414503051,0.068467733,0.665698678,0.0964993,196.1876344,13.54523857,34.39278072,53.46989751,5.62417,212.2846953,15.54466826,35.28472664
Driver,25.93503937,-6.4,-2.4,4.488188976,72.53,-5.092,44.832,-2.057,0.454,27.24968683,1.0507,30.786,-2.161,3760.0,0.348,23.44228464,6.97986769,-0.861763958,5.747131951,-0.221584798,2.197951736,0.520226,14.61015609,-0.560139016,33.53350743,24.86221519,1.375232,20.1977279,-0.77273293,-0.027694277
Driver,99.96868289,-8.736,-5.97,9.645669291,54.397,-12.286,11.82,2.344,8.314,139.6767627,1.3972,9.258,1.283,3836.13,21.773,412.2797147,63.46349809,54.06247758,6.189757483,0.163482845,1.030734167,0.0931126,206.8967031,41.06187682,33.18567678,56.98592729,5.67433,220.3335344,46.08752916,109.5335143
Driver,86.2920544,-5.6,0.4,5.787401575,49.106,-5.148,20.027,-0.338,-0.714,120.0845562,1.3916,15.24,-0.089,5710.0,-1.359,337.6619835,86.12196237,-3.88937988,5.963780472,-0.022722959,1.660193198,0.107495,168.2823721,-2.75733257,45.71819609,53.91859633,6.014901,177.4482531,-2.992464975,-7.48789257
Driver,88.39030064,-0.9,-8.3,1.141732283,47.834,-9.314,17.85,-1.698,6.791,126.7770222,1.4343,14.934,-2.814,3910.0,9.49,381.7316991,87.29090707,1.1078474,6.051738315,-0.284438419,1.634209031,0.102772,193.8331963,6.341508646,41.83639009,57.68158219,6.13765,209.5371639,7.881090712,47.53434095
Driver,96.66025412,0.9,8.095,-1.102362205,54.692,8.733,9.169,-0.133,-8.228,138.7889227,1.4358,8.171,0.881,1950.0,-26.387,322.0851027,30.32846997,-14.33884048,5.912558534,0.072838667,0.844053188,0.088989295,179.9644191,-16.28136895,17.15479616,73.84148511,3.839338111,231.0380834,-26.81317576,-57.10555182
Driver,75.9059592,-1.034,4.373,0.94488189,63.569,3.859,20.966,-3.127,-7.5,95.56393164,1.259,17.74,-1.939,3240.0,-14.411,234.3543746,48.52079614,-18.91370643,5.79978662,-0.215826178,1.839395131,0.132654,130.2525739,-15.14916468,32.70124705,53.92663037,4.402636,152.5926754,-19.37885304,-32.28972708
Driver,69.13922691,0.2,1.8,0.31496063,39.065,1.219,22.666,1.649,-0.07,99.49959735,1.4391,19.788,1.715,2840.0,0.865,262.2317767,62.22896812,8.189010611,5.745099388,0.167403582,2.05501849,0.127722,143.7085757,4.923573928,37.15112124,55.53151423,4.922181,163.6290251,5.692185237,1.868980831
Driver,105.6147101,3.4,2.0,-3.188976378,53.23,4.098,2.102,-0.899,-2.978,151.5331961,1.4348,2.514,-0.238,1590.0,-46.864,152.9219144,3.840340493,-5.754259135,5.461711947,-0.014319019,0.231964513,0.074439,92.38422341,-6.567806565,3.877424494,111.099107,1.464105,168.012232,-17.71591592,-18.55490606
Driver,94.91096994,1.5,3.5,-1.496062992,61.839,4.405,14.021,-4.997,-8.59,135.5422334,1.4281,12.287,-3.759,2843.32,-24.569,390.9750811,64.86766942,-63.88940624,5.788342029,-0.401667704,1.265971579,0.090594,204.9788579,-47.99430296,32.00742406,60.07142125,5.49128,231.3258368,-58.72159053,-104.4786577
Driver,100.8589835,-0.819,-0.425,1.338582677,43.083,-1.301,12.68,-2.894,-2.469,143.0238905,1.418,10.746,-2.531,2794.25,1.54,452.3522084,74.52740599,-6.551599102,227.0218129,3.009628945,-2.481320982,5.84877,223.7500603,2.700622346,36.23534417,64.9668271,5.71877,247.6217665,4.856307596,37.73415721
Driver,97.16132785,4.281,4.768,-5.590551181,48.466,8.57,15.233,2.356,-2.412,145.5954724,1.4985,13.504,2.749,2560.0,-16.392,459.4916496,86.30499722,-10.43572158,6.000056363,0.27359477,1.44852455,0.08781,238.4526192,-16.74736295,35.88933671,63.27894473,6.244729,264.1336683,-21.49372233,-84.40860818
Driver,95.16598067,-0.4,-1.8,1.220472441,38.86,-3.115,13.81,-7.994,-6.126,136.8479331,1.438,11.686,-6.755,3140.0,-4.685,421.8023906,76.31193535,-60.54109278,5.537514128,-0.684580751,1.158057106,0.085645,213.7453225,-34.12833906,36.78909884,58.61458901,6.032596,234.8801692,-38.21350772,-27.21714816
Driver,105.6728704,-0.07,2.448,0.078740157,42.696,2.372,18.184,5.809,3.361,151.0233984,1.4292,15.014,5.194,4834.01,10.084,475.2997151,140.5061848,75.80697438,6.208113082,0.57777927,1.71679618,0.0884228,225.9814337,45.83335445,52.4228716,64.91930551,7.46849,229.6061703,46.81337462,76.83789902
Driver,73.38716893,3.624,4.034,-4.921259843,48.97,7.193,6.585,-1.466,-5.499,104.5671528,1.4249,5.825,-0.04,1670.0,-24.196,123.6794064,6.90107465,-2.72455087,5.754405737,-0.020375067,0.556718522,0.114328,76.41412989,-3.157274319,7.768135347,79.49876376,1.734954,138.7324382,-8.411611275,-9.311915949
Driver,91.4079277,-2.698,6.496,3.307086614,52.374,4.414,3.555,4.764,-1.733,136.355136,1.4917,2.773,4.981,1100.0,-4.3,151.289229,4.200519388,12.60613553,5.84263113,0.505040516,0.273034341,0.088517,91.47567775,7.357143197,4.272384703,102.8960743,1.587962,167.005542,12.93165845,-1.761966719
Driver,67.28033286,-4.36,5.016,4.094488189,60.62,2.556,33.211,0.152,-4.865,83.44421081,1.2402,24.858,1.427,6959.69,-5.29,192.1739228,59.25672182,0.45264952,5.796583624,0.132415791,2.67911869,0.161119,104.3696469,-1.051032111,43.59608686,49.79840499,4.533124,111.6652119,-1.285857513,-10.9491607
Driver,96.87947387,-4.569,-8.013,5.236220472,51.746,-11.626,15.849,-1.465,6.548,134.2463762,1.3857,13.317,-2.316,3550.0,11.534,414.4957184,85.46332346,8.503110257,6.354732554,-0.242238113,1.52943369,0.101023,209.6453578,11.97250124,39.65014957,58.42345309,6.2248,226.5639918,14.36463214,61.26250714
Driver,88.29858626,1.53,6.299,-1.850393701,54.745,7.38,5.055,-11.734,-18.032,115.0688976,1.3032,4.598,-9.273,2850.0,-72.821,84.72897562,3.614031792,-17.37361903,5.887578087,-0.999803991,0.432593651,0.106211642,53.94722771,-13.37119175,5.644783591,91.7644098,1.080182119,124.3060467,-37.21985003,-14.32414452
Driver,104.3732105,1.5,8.1,-1.732283465,54.889,9.113,8.865,4.379,-3.721,151.2963046,1.4496,7.937,5.035,1560.0,-14.956,384.9021031,37.10817787,19.96809402,5.749322728,0.496043015,0.800857146,0.07925,211.8542657,5.641016188,18.51709157,76.90844915,4.274119,264.940662,3.625573923,-38.90217886
Driver,86.71930923,-3.7,-4.5,3.385826772,60.848,-6.663,20.106,-2.278,2.222,120.8240873,1.3933,16.676,-2.611,5920.0,4.243,339.5583686,94.97678926,-6.149525465,5.727726724,-0.257834956,1.752490515,0.103348,169.5739844,-0.895567542,47.54502301,56.44235597,6.117048,177.998305,-0.717082793,20.49047795
Driver,95.26440587,-0.249,5.604,0.31496063,49.755,5.393,16.702,4.774,-0.83,135.6241052,1.4237,14.24,4.9,3320.0,-3.399,428.5346805,93.29997969,28.17020786,5.975116377,0.50663429,1.532348925,0.094364,216.5960948,12.29664521,41.06160662,59.70551188,6.436409,235.1963605,12.90610043,-18.65828456
Driver,118.2131353,1.664,2.986,-2.125984252,49.941,4.386,12.637,3.238,0.251,171.2549213,1.4487,11.138,3.203,2550.0,-3.434,590.032192,110.8306316,22.08634411,5.99992193,0.332582463,1.196245844,0.073901368,292.6580948,8.072855556,39.66042099,65.59201028,7.256884869,315.490484,8.098392168,-24.85634433
Driver,95.8952219,-2.662,1.763,3.228346457,53.745,-0.191,20.157,-1.961,-3.724,130.8052971,1.364,17.403,-1.478,3626.16,-5.831,408.750494,108.6069195,-23.52386043,6.172419782,-0.167003061,1.955663062,0.102906305,205.4379418,-16.12118299,45.83143662,60.54092836,6.655532316,219.6914558,-17.77960402,-32.49983156
Driver,68.23774159,-1.195,-3.117,1.377952756,51.883,-4.055,28.037,0.69,3.807,88.98241768,1.304,22.308,-0.152,5100.0,4.461,215.5533488,60.15838274,3.372938889,5.679423618,-0.006748623,2.327667832,0.144517119,116.8969157,3.19874434,41.48127015,51.16934595,4.687897952,128.6462788,3.764328013,10.52619743
Driver,72.84135648,-0.6,10.4,1.023622047,67.056,9.815,1.146,-6.914,-17.357,85.273801,1.1707,0.953,-4.99,1630.0,-67.097,10.29810959,0.092409813,-0.937628225,5.949396672,-0.561827391,0.015001992,0.144302,6.898744892,-0.660518496,1.095141592,82.9805198,0.167651,59.09925823,-6.17526259,-0.182118184
Driver,65.56012885,-3.6,4.2,3.188976378,59.813,1.628,23.071,1.812,-2.433,89.5365068,1.3657,17.697,2.476,4790.0,-4.685,208.4668603,45.6887183,4.607789663,5.563474431,0.218652306,1.772281907,0.136286,114.172013,1.2949746,35.26336266,49.77499406,4.266247,130.0451231,1.098404645,-10.91475356
Driver,108.706156,0.368,-2.699,-0.511811024,48.099,-2.369,14.071,1.507,4.206,152.3188082,1.4012,10.692,0.441,5346.8,2.973,473.3945691,117.98149,13.8450292,5.795667114,0.048367048,1.132337457,0.080490444,224.5314027,9.126254219,48.94156102,60.32131703,7.122702058,233.6883106,9.708613684,22.19769866
Driver,102.1787759,5.055,6.569,-6.496062992,44.431,11.746,14.986,3.914,-2.655,150.1214656,1.4692,12.835,4.505,3318.73,-14.48,488.7349587,103.1325379,-1.531958519,5.737231064,0.436619441,1.333109126,0.0812142,242.5936639,-12.3904011,41.63688134,61.17132961,6.85595,252.7502655,-14.05621593,-94.14610671
Driver,73.40282749,3.671,0.933,-3.622047244,59.608,3.089,9.051,21.019,20.086,80.10245168,1.0913,8.258,17.81,2600.0,55.259,76.18307129,5.861913152,26.29681421,6.091265363,1.919962953,0.79564299,0.1594296,48.34735309,18.580268,10.10053171,64.06363113,1.404430722,94.26765754,39.93274721,12.11354414
Driver,99.09851467,0.561,6.014,-0.669291339,53.396,6.431,6.432,0.822,-5.192,142.9402291,1.4424,5.768,1.415,1260.0,-18.299,270.3691718,16.93176887,-0.811119866,5.676658554,0.13070436,0.566823414,0.082389,156.1787324,-3.825801264,10.8048441,87.68591611,2.92643,224.2395744,-8.990963074,-23.04041727
Driver,91.6607015,1.143,2.235,-1.496062992,53.208,3.091,17.69,1.724,-0.512,128.5963225,1.403,15.64,1.791,2620.0,-3.369,392.9010777,80.89983328,6.591586568,6.042901829,0.185431125,1.695668548,0.101244288,207.1695847,1.631482775,36.70402543,61.10104562,5.914124501,231.3572318,1.31319202,-14.53182367
Driver,117.521922,3.256,6.403,-3.503937008,52.975,8.862,14.384,1.203,-5.2,169.8883769,1.4456,13.043,1.851,2500.0,-16.444,579.3020794,118.7210753,-28.92593104,6.596094967,0.195031852,1.558156789,0.082634,290.0090345,-29.71422933,40.59327414,66.36448989,7.29998,310.5836395,-34.38827161,-117.0505216
Driver,59.56961346,5.9,-1.3,-6.102362205,62.493,1.601,28.864,2.289,3.589,76.2043665,1.2793,23.604,1.489,4030.0,5.881,164.4604475,44.54589548,7.222405882,5.605036815,0.156921646,2.411745236,0.168313,92.46354673,5.376181503,38.25321926,47.81925345,3.967726,106.8200157,6.549101022,8.927289402
Driver,95.59770938,-2.65,-2.276,3.661417323,49.387,-4.55,17.146,1.777,4.053,132.1769864,1.3826,12.804,0.848,5814.75,10.232,366.0994252,93.47613282,38.01937728,181.5042433,31.80457587,-3.742472344,6.41008,177.9672961,30.40728786,46.37316932,53.99081736,6.21008,186.5127482,33.76260837,83.42639381
Driver,96.35603078,-0.035,2.674,0.039370079,50.003,2.644,12.951,4.099,1.425,142.4152201,1.478,10.269,3.797,3816.45,-1.553,449.6291554,83.6445757,25.29880454,5.955334246,0.392667713,1.101655678,0.088191,221.5353539,11.59930814,39.38030927,57.82444134,6.368612,239.6596082,12.32673519,-9.229404403
Driver,101.3712419,0.994,5.381,-1.181102362,48.303,6.266,16.776,5.802,0.422,149.2602452,1.4724,14.863,5.749,2836.93,1.484,498.5882917,113.3624104,52.44831722,5.444395591,0.546608872,1.46552197,0.0781412,250.6159109,28.2401218,42.67960852,63.56921551,7.05282,260.9708132,29.51391148,9.460802781
Driver,84.27210093,-3.118,-4.731,3.622047244,55.03,-6.914,21.577,3.564,8.295,104.2781407,1.2374,16.481,1.721,5570.36,11.794,268.7691266,62.08403416,22.80924136,5.873631869,0.1967905,1.756570213,0.12274326,141.4065783,16.97220297,39.32287033,52.30773494,5.028084868,154.2518517,19.40833664,38.2453207
Driver,100.6598962,0.761,4.578,-1.023622047,47.537,5.274,16.224,-4.81,-9.387,140.3418039,1.3942,14.166,-3.495,3370.0,-16.664,442.069747,96.02282368,-64.77476549,5.905048259,-0.377312841,1.505594349,0.090055,222.8746385,-45.30288268,40.99018024,60.17585098,6.511962,241.4730403,-51.36377317,-95.74653222
Driver,106.7287044,4.871,3.599,-6.141732283,46.176,8.29,14.985,0.274,-3.324,159.8109789,1.4974,13.356,0.826,2721.0,-17.613,531.8472955,109.2702269,-39.11729707,6.309520897,0.072693907,1.523783149,0.0841118,267.4657605,-35.02786485,40.14572986,64.28186861,7.01452,279.7051575,-38.27135909,-116.5403453
Driver,103.4896206,-1.173,0.273,1.417322835,49.584,-0.726,10.981,-0.799,-1.072,147.1476825,1.4219,8.942,-0.616,2990.75,-8.936,425.0504401,57.19850035,-24.5153716,224.2315095,-19.9058762,-3.557575166,5.38507,218.0208681,-18.85323375,28.82044657,66.60403485,5.16507,249.9419815,-24.17498175,-49.5509324
Driver,84.73067287,-3.1,3.1,4.133858268,49.881,0.533,9.174,-0.002,-3.102,120.663699,1.4241,6.952,0.67,2750.0,-5.626,287.1421003,25.96653919,-1.629900761,5.69787115,0.061360102,0.697871182,0.098575,154.2580391,-2.74616065,18.65734128,60.87926258,3.911518,192.5459225,-4.639133924,-13.64848224
Driver,74.35799928,-2.4,2.4,2.755905512,56.81,0.259,20.284,-3.437,-5.893,88.43101288,1.1893,16.246,-2.183,3663.31,-11.904,195.8039802,36.4708388,-14.84840247,5.904915289,-0.258215254,1.700366735,0.145085,110.4292362,-11.3854022,29.6354558,51.22359173,3.859827,132.4275391,-14.89894107,-21.57948145
Driver,92.76798497,-4.652,-8.561,6.732283465,43.554,-13.47,9.774,-12.966,-4.405,131.2385916,1.4147,6.603,-11.984,4320.63,8.233,338.6613891,43.34002725,-61.20971497,183.1217596,-32.69049047,-4.511557858,4.79883,175.0523749,-31.31610816,27.46681654,60.81231082,4.48883,201.973429,-35.90616704,15.38300193
Driver,95.34493558,1.336,-1.534,-1.653543307,48.216,-0.34,20.644,-1.241,0.293,133.2299123,1.3974,18.161,-1.281,3286.03,1.495,425.4282553,115.1246206,-5.684795273,5.825824866,-0.128616237,1.926765969,0.095611,214.3500583,-1.948109273,46.10548805,62.04283314,6.829198,229.2056265,-1.941398211,8.532443473
Driver,88.45293486,1.058,-1.49,-1.338582677,47.646,-0.525,17.267,4.986,6.476,131.302568,1.4844,15.249,4.136,2838.48,11.626,403.8657792,83.94275166,49.03690596,5.918704862,0.438428179,1.620355624,0.096928,210.7038304,33.21864122,37.77658124,60.62280048,6.062015,233.117792,38.46523659,54.37603556
Driver,84.50921618,-0.911,6.374,1.299212598,44.711,5.454,11.442,6.818,0.444,121.9850573,1.4434,9.396,6.743,2480.0,1.323,305.4376036,34.60624555,36.78668105,4.950231716,0.58208727,0.81740751,0.085023471,167.5361938,20.77136489,21.28990258,63.33944963,4.206200566,206.6822569,25.89495682,3.324053868
Driver,87.36130995,-3.3,-3.1,3.149606299,58.397,-5.304,20.509,-3.735,-0.635,124.2244542,1.422,16.936,-3.648,4407.47,-0.976,368.5975513,99.66540151,-24.85715504,4.377971268,-0.281328938,1.348495316,0.076403,184.7387591,-13.51811016,46.56118461,58.08060051,6.345275,196.5410149,-14.45506423,-5.303793276
Driver,105.7645848,-1.421,-0.735,1.732283465,49.717,-1.94,11.625,0.712,1.447,157.6646385,1.4907,10.095,0.538,2410.36,-8.636,490.1120544,81.73480408,-30.54371136,234.1642313,-27.43178657,1.822100508,6.15737,236.5125548,-28.05638474,37.39957244,57.18848922,6.26392,256.2602903,-33.42395798,-90.78077075
Driver,80.3194345,-5.579,4.425,5.669291339,57.512,0.859,18.478,0.349,-4.075,110.9480136,1.3813,15.499,0.886,3330.0,-7.47,306.1370649,61.2842019,-4.636296743,6.099036054,0.084320631,1.694051423,0.118675,163.6628668,-5.817065829,35.01179538,56.03761185,5.151834,185.0075729,-7.534452993,-25.03647109
Driver,97.28435934,3.589,6.722,-4.763779528,45.244,10.288,15.613,1.684,-5.038,148.1095651,1.5224,14.276,2.267,2134.14,-22.028,457.7867503,84.64877331,-19.04034996,6.558556485,0.239124793,1.676517809,0.0946496,242.9645967,-24.16369295,33.80117699,66.46292928,6.01813,261.4185331,-28.57050057,-101.1237335
Driver,93.08339298,3.541,7.19,-4.212598425,57.393,9.459,20.421,8.045,0.856,123.739039,1.3293,17.503,7.888,3590.0,1.954,376.3941016,96.18079718,53.76156147,5.821801962,0.801412233,1.851655542,0.1025992,192.0456545,29.51916604,43.86241333,58.91023146,6.277484483,207.5917262,32.09900854,9.591851495
Driver,101.8119184,3.24,2.711,-4.409448819,48.854,5.545,12.391,-1.437,-4.148,147.0253221,1.4441,11.056,-0.818,2140.0,-15.213,435.4301713,62.95677044,-28.59920011,6.065715558,-0.098307098,1.188666043,0.086999,231.9133876,-23.75247795,28.25144845,66.71647302,5.449556,267.2425638,-30.60310951,-61.36980355
Driver,101.5367752,3.59,6.04,-4.37007874,54.619,8.594,11.834,-2.275,-8.315,144.4655959,1.4228,10.73,-1.13,2260.0,-27.441,399.1135525,53.59180776,-42.1152188,5.701286831,-0.131312469,1.080534327,0.083081,215.0309982,-36.45946458,25.5661137,67.08721647,4.986796,252.8659415,-49.07161739,-96.81948248
Driver,91.28489621,-5.4,1.0,4.173228346,61.21,-2.491,20.609,1.621,0.633,123.9300734,1.3576,16.823,1.657,4659.51,1.186,364.5317698,99.49640427,11.98911279,5.880683553,0.159325745,1.808213992,0.103354,182.2811383,6.927850201,46.9300037,57.83419483,6.324534,193.3655128,7.432798156,4.973719509
Driver,93.047602,-2.048,7.449,2.480314961,54.99,6.014,11.998,4.517,-2.932,137.7458393,1.4804,10.209,4.9,2500.0,-8.727,399.1857163,54.58014294,21.25799618,6.041711788,0.508466056,1.093146894,0.092305159,211.1901401,6.78702774,27.48389239,62.98461213,5.23712873,244.3303276,6.018162175,-33.80301312
Driver,44.97807802,-8.4,1.6,6.377952756,67.642,-2.448,37.909,-3.668,-5.227,49.28328561,1.0957,25.961,-2.014,5850.0,-4.231,70.7092936,18.54691056,-2.865275656,4.102647007,-0.149974503,1.874605391,0.193579,42.76858209,-2.001395,32.59835832,38.30623268,2.387843,52.7541953,-2.557075774,-1.496278178
Driver,103.5231747,2.1,1.9,-2.952755906,45.382,4.07,17.98,1.112,-0.788,150.0187903,1.4491,15.754,1.293,3320.0,-4.333,501.2082678,130.2799345,-2.021706613,5.651714591,0.123532966,1.612505471,0.081174,246.4720787,-4.648256254,47.24382057,64.2796073,7.411528,260.4727596,-5.33866294,-30.62331981
Driver,109.4689513,3.1,1.5,-3.661417323,49.49,4.193,17.788,0.107,-1.393,161.0131084,1.4709,16.203,0.282,2546.06,-4.182,555.9043183,140.1188597,-9.638093946,5.511152112,0.025403886,1.614027078,0.073792,276.8213303,-8.692292705,45.88760862,67.55538386,7.671714,293.6540145,-9.704331207,-30.16193155
Driver,100.38699,-1.2,1.0,1.732283465,44.524,-0.743,31.137,-1.13,-2.071,126.2095115,1.2572,25.525,-0.652,7040.0,4.929,340.6756193,151.1202538,9.787106034,5.671899104,-0.054376826,2.769016631,0.104673,159.4408675,7.919924356,60.16536968,65.96274519,6.997312,159.1449151,7.898572958,29.19449244
Driver,78.72002505,-5.703,-1.996,7.401574803,50.855,-6.659,27.013,-5.142,-3.146,94.68526306,1.2028,20.82,-4.473,5840.84,-3.349,235.8129707,64.8699096,-21.23258045,6.105756686,-0.483366732,2.33472424,0.1447624,125.6819098,-12.87421145,42.41404004,51.77173686,4.924116964,135.9402005,-14.09670926,-9.254146147
Driver,92.65390122,-1.538,6.6,1.968503937,54.896,5.519,15.353,-3.16,-9.76,129.9463135,1.4025,13.282,-1.904,3100.0,-25.154,372.0670985,65.71181553,-50.41921753,6.385405244,-0.241862121,1.51258004,0.104855253,195.7694738,-40.88294909,32.87618569,59.29227718,5.440552083,220.7863989,-50.51664214,-103.4980766
Driver,77.1698282,-6.8,1.0,5.669291339,63.257,-3.075,38.32,-3.654,-4.642,96.4783912,1.2502,28.882,-2.397,9060.0,-4.311,234.2157038,99.82513884,-15.5483865,5.407764552,-0.24062374,3.027813174,0.135294,115.4818426,-10.05989452,56.03604165,55.2309609,5.726176,115.088632,-10.01878898,-15.71884995
Driver,85.06173944,2.736,0.865,-3.11023622,54.488,2.819,13.087,-1.592,-2.457,103.5835719,1.2177,11.585,-1.226,1588.66,47.46,155.2069907,14.89090315,-11.66337111,96.37389895,-12.47950402,0.245821975,2.30963,97.13686106,-12.66678194,12.81964965,73.71137035,2.33146,148.251307,-25.75658558,-31.80983493
Driver,104.6908554,2.9,12.1,-3.937007874,47.942,14.848,11.059,4.99,-7.11,136.6387795,1.3052,9.79,6.09,2310.0,-5.501,385.04578,50.7120656,33.06910276,5.761849155,0.606815517,0.999247232,0.088612,203.6799263,14.95255045,26.73918172,62.25204246,5.070431,236.8998441,16.25948826,-20.04611604
Driver,91.01422691,-1.452,-1.121,2.007874016,43.909,-2.629,16.289,-6.328,-5.207,126.3819792,1.3886,13.026,-5.328,4269.42,-15.954,367.7307089,75.16144572,-64.10869623,6.191203198,-0.596757373,1.459282629,0.104515,186.7241041,-42.3452451,38.94768832,55.9120069,5.80417,195.9756132,-45.49312567,-75.82607054
Driver,79.11596278,-0.449,6.108,0.551181102,55.368,5.798,15.043,1.122,-4.987,111.0462151,1.4036,12.368,2.015,3100.0,-9.305,287.5614417,44.11921723,0.687788433,6.148131419,0.204623647,1.346508217,0.117764279,155.9897959,-3.155458085,27.86647676,56.89239451,4.54428945,184.1569439,-5.254223944,-25.91148891
Driver,60.44425555,-5.518,-4.598,4.724409449,65.224,-7.153,28.929,5.484,10.082,66.96581961,1.1079,21.858,3.118,4900.0,12.085,122.6111159,28.56108709,9.919891456,5.783808866,0.338882523,2.236075795,0.195218,71.85780614,7.43887647,31.98157056,45.41822306,3.141351,87.43553519,9.674654431,10.62101312
Driver,83.4936471,-3.439,0.074,3.976377953,56.451,-2.21,26.795,-9.147,-9.221,101.4374553,1.2149,21.17,-7.215,5930.0,-10.465,262.9718881,77.17950448,-45.26165146,5.865323229,-0.75684458,2.292875164,0.12994,137.3031308,-28.71793801,45.06892251,53.60647193,5.335311755,146.4603901,-31.12740667,-34.88294118
Driver,25.00223694,-6.2,-2.0,4.330708661,71.961,-4.74,42.913,-4.303,-2.132,27.29576772,1.0917,29.293,-3.59,3660.0,-1.744,22.85045119,6.427865769,-1.379792317,5.817248363,-0.364867834,2.049140035,0.517302,14.3247858,-0.913107043,31.89966124,24.92020065,1.321589,20.32755677,-1.304419789,-0.048521513
Driver,114.5333751,-1.121,3.816,1.338582677,52.423,2.953,14.256,0.455,-3.361,165.6780154,1.4465,12.404,0.875,3120.0,-12.093,565.7680642,123.7998018,-31.6453513,4.741284889,0.06396378,1.069957291,0.060575,275.502501,-27.0780148,44.72533626,64.73336633,7.5082,284.6893913,-28.85374419,-93.78508756
Driver,80.11363636,-1.877,1.143,1.850393701,54.596,-0.192,24.426,3.171,2.028,105.630145,1.3185,20.642,2.848,3980.0,3.321,292.931429,81.14435783,18.60122457,5.927972989,0.299891993,2.243418379,0.125178,153.9148078,11.619955,43.59996933,55.88186325,5.58089,167.6049834,12.8996247,11.9398146
Driver,108.8784001,6.5,0.7,-7.992125984,51.242,5.956,17.576,2.586,1.886,160.7314782,1.4763,16.388,2.399,2600.0,4.823,546.0740137,144.3163444,36.86948484,5.698621106,0.241397556,1.691884537,0.076596,268.7318169,23.13033998,47.73943292,66.84064438,7.748701,283.6738277,24.91294412,35.70953419
Driver,99.56603436,-2.494,-6.159,3.385826772,43.598,-8.781,7.809,-6.973,-0.814,144.2846278,1.4491,6.71,-6.885,1580.0,-9.359,330.0842025,26.01646276,-45.82268314,6.052598322,-0.731631596,0.709477527,0.08729,184.3255954,-28.28128611,14.80421051,78.8804797,3.687063,241.9640252,-39.1625483,-18.72777584
Driver,85.60307802,1.356,-5.381,-1.614173228,53.753,-4.387,13.543,-2.103,3.278,122.4257337,1.4302,11.359,-2.707,2750.0,9.713,333.2261714,47.89261389,-4.365604229,4.833165597,-0.221955816,0.971580984,0.083275177,179.4692802,1.894294031,27.26284549,59.99371335,4.825232903,210.3736447,4.030910021,31.10331227
Driver,94.77899069,-3.353,-0.663,3.779527559,53.479,-3.15,15.021,-0.949,-0.286,140.2637348,1.4799,12.868,-0.914,3000.0,-0.569,446.8380185,86.41561557,-8.226720616,5.331688376,-0.08553694,1.234610036,0.0806912,227.2981958,-4.654150622,37.97218703,60.3782849,6.34121,247.741095,-5.156054516,-3.08562377
Driver,92.96930923,-1.171,0.459,1.417322835,51.311,-0.479,10.382,2.975,2.516,139.1320687,1.4965,8.445,2.546,2740.0,0.229,404.1686771,49.23115752,18.17267019,6.042115935,0.268558521,0.905932381,0.090936,210.0228316,9.635711277,26.23976569,61.65860291,5.183324,242.9645261,11.19769268,0.919508528
Driver,109.6769864,7.573,5.26,-9.645669291,47.296,12.308,12.743,2.431,-2.829,163.7381442,1.4929,11.603,3.064,2109.49,-21.268,518.3141313,84.16923941,-14.99343973,5.913833127,0.301626011,1.220980756,0.076262,269.6533282,-22.87923809,32.45329049,67.98851806,6.200815,301.6834061,-30.20798371,-111.6237163
Driver,109.549481,5.1,2.7,-6.220472441,50.273,7.1,17.402,3.479,0.779,161.3862294,1.4732,16.082,3.372,2930.0,1.066,545.7235822,150.9768532,34.72644861,5.701026019,0.339110253,1.663182756,0.076237,263.9991681,18.46190624,49.86938172,66.76049171,7.90586,276.574057,19.43477498,8.819744483
Driver,102.878937,2.542,3.799,-3.307086614,48.426,6.055,15.665,0.207,-3.591,151.0296618,1.468,13.833,0.728,2850.0,-14.658,495.2673524,103.7666202,-30.03293586,6.039335285,0.063293398,1.500146821,0.085366,250.268528,-27.08868186,40.37385613,63.05714036,6.823394,271.0334321,-31.59838338,-90.74291773
Driver,101.2012348,1.5,-1.3,-1.88976378,48.129,-0.05,12.819,-1.338,-0.038,149.6360505,1.4786,11.298,-1.279,2260.0,-4.252,467.3066227,73.24783372,-17.90924827,5.65786615,-0.129225381,1.136550857,0.079753,244.2908608,-12.13747071,31.43280771,65.25621895,5.913127,276.1291909,-14.59344887,-20.06516251
Driver,88.7571582,-0.405,-1.446,0.551181102,47.64,-1.815,11.579,-2.897,-1.452,128.7567108,1.4507,9.203,-2.604,3060.57,-4.443,363.0085192,47.15420175,-22.70295222,5.601017615,-0.258177073,0.916060107,0.0911955,189.5416955,-14.12729544,27.07546387,58.87117058,5.00729,217.289775,-17.01880556,-16.57579161
Driver,78.72226199,2.836,3.712,-3.661417323,48.887,6.189,17.551,2.28,-1.432,114.172781,1.4503,14.534,2.586,3436.53,3.671,297.2602844,59.48004303,18.80069986,165.662553,13.40619892,-3.253643148,5.03005,160.7471271,12.78934467,33.25461075,60.41454262,4.83005,184.1245923,15.56180986,16.63973907
Driver,46.1972083,-3.5,-11.9,2.874015748,60.07,-13.968,59.352,-6.045,5.855,21.98662312,0.4759,47.951,-7.815,3430.0,2.687,18.15207518,9.087097939,-2.155546518,2.535491908,-0.349862327,2.198330102,0.360262,10.32995481,-1.408400672,50.22433608,21.09795574,1.525243,12.31884988,-1.677741634,-0.011463665
Driver,75.91714388,-1.8,5.0,2.086614173,64.432,3.75,17.253,-34.862,-39.864,52.18168397,0.6873,12.243,-23.415,6440.0,-51.513,43.10511229,4.922143362,-18.49077374,5.764505074,-2.369996232,1.033365716,0.236513,27.47007574,-12.72375667,14.51451689,43.01298151,1.226417,45.52872484,-22.2621712,-6.003861688
Driver,101.0759664,1.776,3.717,-2.283464567,52.167,5.097,11.316,-4.015,-7.732,146.6387795,1.4508,10.234,-3.115,2034.52,-4.989,398.460223,55.94729233,-34.36316389,204.1771232,-22.93077494,2.556881954,4.78106,209.1129454,-23.79243754,28.21113609,67.15885724,4.95125,243.6039217,-29.75072457,-37.40348775
Driver,92.55100215,-4.165,-2.211,5.31496063,52.246,-5.444,16.818,10.348,12.56,123.6095204,1.3356,13.535,8.27,4720.0,20.749,347.5144404,72.92588822,86.13556682,6.215535836,0.926142547,1.520480422,0.1077704,177.3127853,56.03243554,39.18355512,55.17467142,5.641677368,192.6902803,63.10978154,93.75713464
Driver,86.65891195,-4.1,-0.7,3.897637795,59.347,-3.275,26.283,0.488,1.188,116.1723783,1.3406,20.269,0.179,6933.5,1.868,316.6126642,104.0239963,4.868224223,5.69277291,0.024450257,2.144406217,0.109423,157.7642736,3.505640269,50.9998668,57.57862871,6.161708,162.636557,3.663546517,9.038604249
Driver,89.61837867,-2.763,4.804,3.622047244,52.673,2.695,7.405,-9.222,-14.026,120.8086525,1.348,5.943,-7.169,3010.0,-19.957,260.9860928,19.21768788,-46.35670093,5.99036743,-0.767560971,0.623724516,0.103306218,142.5307247,-30.8514882,14.73411481,64.93676025,3.431353492,186.7636935,-44.81937069,-39.7340052
Driver,101.3197924,-1.322,0.69,1.732283465,49.419,-0.443,15.25,0.388,-0.302,149.4783465,1.4753,13.105,0.429,3184.69,-1.02,494.8887863,106.7334726,0.828230578,6.141982162,0.044815066,1.460201507,0.0875018,245.540563,-0.389085735,42.38523212,61.75024559,6.96685,255.5187755,-0.480648284,-6.682593293
Driver,101.2258411,-0.939,-0.579,1.181102362,50.97,-1.34,14.824,4.628,5.207,143.9678776,1.4223,12.285,3.757,3826.62,14.515,441.9405379,96.53810754,61.16183936,225.8948441,39.54981872,-4.364150892,6.58092,220.8246739,38.20736688,40.69064933,62.45420332,6.36092,238.7145986,42.88839736,71.62181757
Driver,95.68494989,0.117,8.465,-0.118110236,58.553,8.537,5.002,-1.508,-9.973,137.8368826,1.4405,4.515,-0.499,1530.0,-40.072,184.109818,8.321491043,-9.256807951,6.105370845,-0.077215841,0.467432409,0.091783622,110.863692,-9.53338998,6.988519094,95.65576964,1.998649208,184.3734272,-21.85786352,-25.71325141
Driver,113.3970115,4.1,2.7,-4.842519685,50.788,6.121,21.514,2.152,-0.548,163.4043933,1.441,19.611,2.177,4040.0,-1.811,534.9022072,199.6744811,11.48529541,5.749302331,0.218782361,2.080812627,0.077637,247.2401285,4.012953253,58.40882297,73.83799502,8.500729,250.9796791,4.033632138,-16.14160983
Driver,109.690408,2.855,-2.942,-3.661417323,48.654,-0.427,15.951,0.172,3.114,163.2712956,1.4885,14.315,-0.233,2727.5,6.737,563.4422502,130.368327,18.35598259,5.907740695,-0.018527512,1.52281136,0.077351,278.9887247,15.45183549,44.25035649,66.13485627,7.55248,297.1283249,17.35360378,49.75351046
Driver,100.9350394,0.001,4.155,0.0,46.676,4.157,14.129,1.861,-2.294,148.9795097,1.476,12.517,2.132,2416.77,-9.037,475.7920713,84.13527741,-0.539888698,6.229560935,0.223598978,1.397477916,0.088697,246.3747496,-6.432955174,34.70461439,63.94667462,6.24617,263.2588649,-7.910400006,-46.77290871
Driver,91.45490336,-5.2,1.0,6.88976378,40.228,-5.66,11.591,0.222,-0.798,130.4221099,1.4261,8.967,0.316,3400.0,-4.853,377.4450708,55.1095539,-6.442500167,5.944030604,0.031036997,0.95526507,0.095786,190.8667566,-5.946107266,31.9420597,55.38377407,5.388994,214.1065839,-7.516791524,-20.99452982
Driver,97.23290981,-1.5,1.5,2.086614173,50.137,0.217,17.923,5.939,4.439,139.1888869,1.4315,15.298,5.399,3720.0,4.418,435.2494988,114.3105548,51.44708451,5.839466755,0.554718647,1.623095021,0.090439,213.2345544,29.30287473,47.68602393,60.29061445,6.920031,225.737055,31.40466665,27.89935017
Driver,103.1138153,2.18,2.739,-2.992125984,47.54,4.735,11.821,0.839,-1.9,149.6416428,1.4512,10.481,1.109,2030.0,-9.134,445.6464012,61.77673826,-5.041383322,5.996620865,0.109396068,1.113460919,0.084307,236.9820172,-7.67741432,27.518471,67.77764049,5.439337,274.7036946,-10.91614405,-36.7807062
Driver,75.43843951,0.764,-3.565,-0.984251969,47.628,-2.868,19.1,1.95,5.515,109.5271117,1.4519,16.144,1.007,3360.0,10.632,299.9312233,62.10301772,18.08052132,5.407924086,0.106534206,1.566826058,0.106764614,160.6563647,14.49793179,35.60614765,55.79715809,5.139136976,181.3408749,17.67259405,35.05124312
Driver,107.2006979,4.3,10.3,-5.196850394,48.682,14.198,15.944,10.344,0.044,159.1911238,1.485,14.698,10.343,2780.0,-0.519,541.5440357,130.1627971,92.89409507,5.968610025,1.071866149,1.582801431,0.080356,267.2435527,46.77567119,45.48276975,65.22127536,7.519002,283.8374978,49.6186514,-3.674353922
Driver,96.81460272,0.4,1.8,0.0,46.225,1.644,19.509,2.997,1.126,143.17466,1.4789,17.576,2.896,2750.0,4.86,470.648738,122.4640358,34.73762692,5.896454811,0.300498041,1.881061708,0.089649,237.1386985,21.76947209,45.57127736,64.25536865,7.094662,253.3375398,23.76822572,29.4337535
Driver,103.617126,0.1,6.9,-0.157480315,50.967,7.1,12.238,12.06,5.16,148.5133321,1.4333,10.746,11.468,2390.0,5.139,460.1275326,73.24466237,100.1199904,5.852855761,1.16779765,1.121050477,0.083079,236.1937835,55.29746596,33.09738467,61.96056849,5.989235,263.5763988,62.6693516,25.61529128
Driver,99.59064066,0.3,-1.1,-0.354330709,50.649,-0.955,15.385,0.559,1.659,144.4537402,1.4505,13.737,0.534,3500.0,1.777,465.4696107,109.3609083,7.677127164,5.62005884,0.036113111,1.393897593,0.083097,229.0044962,5.242781721,45.01666117,60.63691445,6.941357,244.0517911,5.784431958,9.326427242
Driver,82.38636364,-4.198,5.954,4.05511811,60.785,3.601,27.363,-1.048,-7.002,105.0033554,1.2745,20.199,0.729,7641.51,-9.322,271.1647014,80.14952193,-10.33172032,6.10487978,0.057433066,2.280858294,0.130094,139.9925581,-9.380110522,46.26516711,53.77099697,5.453349,145.8612353,-10.06798362,-33.46946634
Driver,104.3799213,1.9,4.5,-2.480314961,46.774,6.25,11.555,-4.065,-8.565,148.6502326,1.4241,10.382,-2.92,2320.0,-23.974,428.557859,58.36070536,-56.54674201,5.71281141,-0.307617627,1.04973826,0.080811,227.7262828,-43.50084415,26.97945038,66.37439697,5.292421,263.5581062,-55.7556285,-96.17175874
Driver,99.4698461,1.5,4.1,-1.929133858,46.35,5.464,17.948,4.511,0.411,145.4353078,1.4621,15.615,4.508,3370.0,-2.876,468.4918822,124.147609,27.21042417,5.780655454,0.451281776,1.637999985,0.085718,228.9863895,11.53924866,48.10101581,62.21752552,7.214668,241.9863832,11.93194956,-19.41456486
Driver,102.5926092,3.7,7.3,-4.645669291,49.59,10.505,16.944,3.302,-3.998,142.4494452,1.3885,14.835,3.979,3120.0,-8.894,454.2896942,107.4810234,8.131088848,5.737771766,0.389258415,1.536950974,0.086483,226.1614887,-2.469483241,44.25062318,60.6701514,6.836714,242.4216873,-3.696602106,-54.46839419
Driver,112.4574982,-2.632,-2.407,3.228346457,51.187,-4.526,16.805,1.4,3.808,155.1281764,1.3794,14.933,1.014,2940.32,7.074,525.7350191,125.5788267,29.60155977,5.387152069,0.101449141,1.46259803,0.074388,260.7554732,21.18088155,44.61251336,64.76035695,7.38105,276.5301808,23.26389769,49.73489457
Driver,79.54992842,1.0,8.2,-0.94488189,69.39,8.356,0.579,-2.7,-10.962,89.71188261,1.1277,0.64,-1.122,1400.0,-87.306,6.656710088,0.041945048,-0.145655825,5.662863663,-0.152742334,-0.025921948,0.130503,4.489037801,-0.111502382,0.783650738,88.22978183,0.103135,58.12690947,-1.786326875,-0.070820209
Driver,80.84287759,-4.3,7.9,4.960629921,63.043,5.743,5.858,-8.918,-16.818,101.4553508,1.255,4.459,-6.292,2740.0,-46.893,96.15455087,4.115387845,-14.76951375,6.141950043,-0.722240638,0.444896115,0.125923,59.53617702,-11.56440547,6.120878578,76.92888624,1.389825,115.7262772,-27.51665092,-15.28236303
Driver,86.98997853,3.331,7.123,-4.133858268,52.306,9.701,14.639,3.62,-3.503,129.264719,1.486,12.653,4.254,2670.0,-19.46,366.5023714,59.09506005,1.019487184,5.9795868,0.425329469,1.34352552,0.098279,196.2457672,-9.371021772,30.05724687,61.16408916,5.2217,225.4960908,-14.41609417,-71.65721686
Driver,89.74141016,0.5,-7.1,-0.708661417,50.21,-6.735,15.421,-2.132,5.094,130.8205082,1.4578,12.689,-3.106,3754.73,8.077,397.4164127,79.22482434,-4.389540091,5.962706293,-0.313450829,1.361115079,0.097052,201.2040735,2.74053389,38.96198786,57.39024902,6.036996,219.3700326,4.052174401,40.91224001
Driver,92.10361489,1.546,4.549,-1.968503937,53.276,5.703,21.25,-1.139,-5.688,126.9767806,1.3786,18.12,-0.168,4110.0,-8.98,385.2154639,108.3250506,-21.30196413,5.839851685,-0.02928501,1.934562852,0.100756,193.0592294,-16.76229656,47.1807718,59.7788721,6.550369,205.3010983,-18.51928893,-48.59485145
Driver,91.61372584,-2.801,6.379,3.346456693,56.267,4.507,17.026,6.082,-0.298,125.0680029,1.3652,13.383,6.139,4522.92,25.618,329.0994649,66.41898086,76.48894228,158.0374911,45.79297176,10.24778213,4.41277,175.159587,52.90497518,34.61808726,61.5098473,5.09679,196.1310421,61.53068696,104.2341572
Driver,92.40336435,0.831,3.687,-1.141732283,45.622,4.5,12.347,6.436,2.749,122.7440497,1.3284,10.138,5.896,2770.0,8.672,325.9539917,41.92587865,42.63186831,5.58289119,0.580936507,0.999413959,0.095699405,175.6211775,26.74041276,24.95113359,60.44290283,4.61419975,208.8748667,33.4980216,26.30685703
Driver,105.0286328,-2.273,-3.146,2.992125984,51.001,-4.988,16.19,-3.128,0.018,146.3904796,1.3938,14.662,-3.13,2221.8,0.036,473.5636774,94.43504212,-25.26613967,6.222079897,-0.339669478,1.64126083,0.0910024,247.3602426,-13.44387805,36.93367535,65.3183921,6.41397,271.8025348,-14.76682872,0.187467599
Driver,96.73630995,-0.869,1.803,1.062992126,54.704,1.188,24.323,-8.672,-10.475,107.115918,1.1073,20.95,-7.109,3900.25,-11.82,283.2911083,70.78738359,-48.13599974,141.8175401,-28.99364676,9.790554436,4.44433,156.4350095,-32.8821531,37.25846477,59.48782479,5.06854,175.4109357,-37.87936243,-41.10572861
Driver,91.86873658,-0.163,-3.468,0.196850394,47.67,-3.616,15.203,0.018,3.485,134.065408,1.4593,13.373,-0.414,2500.0,8.191,404.6830856,71.26003227,9.887820578,6.280524885,-0.037467132,1.50119447,0.0997849,214.1292654,9.949290465,32.95395157,62.02104779,5.7022,239.7826099,12.47298613,34.4837165
Driver,97.34475662,-1.796,3.265,1.850393701,59.587,2.211,20.204,5.069,1.804,132.8722262,1.365,17.717,4.85,3293.0,2.933,422.946149,111.4657556,41.17178627,4.981662836,0.423546904,1.609663522,0.0815104,213.6558668,23.5513196,45.39268489,61.6656343,6.76257,227.7867054,25.37448678,16.53906745
Driver,97.16356478,-2.753,5.462,3.700787402,49.234,3.086,10.5,1.364,-4.098,132.7782749,1.3666,8.632,1.953,2580.0,-2.76,361.9649592,41.3351793,8.908389577,5.990561281,0.201737504,0.913634185,0.094507,192.5162658,3.540359653,23.26801807,63.04048775,4.707538,229.5073593,3.605022738,-9.064440315
Driver,100.9551718,1.004,0.137,-1.181102362,51.259,0.943,13.412,0.246,0.109,147.9198729,1.4652,11.803,0.231,2364.57,0.32,466.9899828,77.42262069,2.461139807,6.402867388,0.026151021,1.351640163,0.0915818,242.7509852,1.504050158,32.99149989,64.03908102,6.05605,270.2565297,1.732860061,1.576072974
Driver,95.64468504,0.1,-5.3,0.118110236,46.251,-5.453,14.212,-2.066,3.234,140.9864889,1.4741,12.188,-2.497,2840.0,6.98,441.2981469,80.33280976,-4.933395608,5.985851861,-0.259784245,1.305209321,0.090069,224.9989257,2.067022868,36.56889509,60.21667397,6.16302,247.4509698,3.403128855,35.60157647
Driver,90.93817108,-0.7,-3.9,1.25984252,43.002,-4.83,15.881,-2.521,1.379,132.339388,1.4553,13.492,-2.689,3580.0,1.951,405.4051247,87.23663385,-14.60037151,5.859584936,-0.276745518,1.425445991,0.094596,204.1444814,-6.290168743,41.21412139,57.88308173,6.242783,220.7846265,-6.572722145,9.868746775
Driver,103.0847351,0.3,2.5,-0.275590551,47.622,2.62,15.709,2.989,0.489,146.7407838,1.4235,13.631,3.02,3030.0,-1.68,474.7978471,106.1982261,19.95453858,5.862277918,0.307249104,1.439766485,0.085294,235.3766308,8.86054412,43.43480496,60.85711031,6.897784,252.557644,9.293415473,-10.63104448
Driver,84.26315319,-3.1,8.3,3.858267717,58.308,6.184,9.398,-3.386,-11.686,106.8857373,1.2685,7.676,-1.589,2490.0,-30.119,184.6662531,14.92858701,-15.36726282,6.091591764,-0.200207263,0.801436833,0.119267,107.7875736,-14.00229031,13.34218625,66.30939079,2.709142,153.8943061,-25.08257436,-33.0999395
Driver,95.07202935,-3.2,-3.2,4.960629921,40.541,-7.548,14.105,-4.732,-1.53,135.3805029,1.424,11.986,-4.429,2860.37,4.09,412.7400566,71.78738696,-24.64201807,5.982682768,-0.469334075,1.281037416,0.093699,212.3708551,-10.4046222,34.81356397,59.39319548,5.856111,235.9268252,-10.8858692,18.02043354
Driver,96.93539728,-7.854,-0.175,9.803149606,46.541,-7.686,10.175,-2.248,-2.074,144.8823372,1.4946,8.083,-2.004,3030.0,-4.238,443.4457914,58.19467654,-23.81324756,5.323060502,-0.18913314,0.76930312,0.0766976,224.047075,-14.76241146,29.62033015,59.77977235,5.65871,250.4190979,-17.33866106,-20.80693864
Driver,97.05842878,1.4,-7.2,-1.88976378,60.633,-6.852,22.299,5.23,12.515,124.8344667,1.2862,18.893,3.016,4947.35,16.683,359.4476094,107.571618,54.77537783,6.008621557,0.342262336,2.089065859,0.106246,179.0695405,38.80655855,48.88617451,57.87066161,6.47116,188.2704986,41.77286449,88.66498936
Driver,101.1855762,-1.315,7.158,1.614173228,46.352,5.904,22.305,-0.962,-8.12,132.2382785,1.3069,20.081,-0.12,3098.32,-18.068,416.2351103,117.1007718,-39.54917701,6.208832896,-0.035445615,2.288802105,0.103875,212.7499848,-33.50418904,45.73759774,62.91840703,6.77435,220.7963254,-35.68949697,-99.19228008
Driver,104.4559771,-2.126,3.816,2.637795276,48.013,1.901,17.835,3.429,-0.387,146.8492752,1.4059,15.38,3.479,3580.0,-0.701,482.7708647,125.8814744,26.20711764,6.326109372,0.382976438,1.778271437,0.0928098,236.4681589,12.73436884,47.44983599,63.10746084,7.28318,248.767358,13.33635458,-4.853409295
Driver,86.24060487,-1.608,3.33,2.244094488,49.884,1.974,12.371,0.872,-2.458,120.8261006,1.401,10.631,1.186,2120.0,-6.43,295.0848557,35.79558304,1.319773299,5.819685337,0.115348376,1.084237946,0.101443986,165.4972789,-1.285063411,21.30721634,65.7919909,4.095550797,206.8788819,-2.835328331,-14.1305055
Driver,97.54160702,-1.48,-5.488,1.929133858,52.408,-6.628,21.79,5.901,11.389,127.6516643,1.3087,18.787,4.291,4260.0,16.837,382.0525192,110.288567,64.96425246,6.052917618,0.477867141,2.084178083,0.1043912,191.6577615,44.64026508,47.48959114,59.94352086,6.548492947,203.3906282,48.61513226,91.70791
Driver,79.57453472,-0.744,0.991,0.94488189,48.603,0.335,15.591,3.333,2.342,115.6003937,1.4527,12.875,2.928,3150.0,0.892,318.2552618,53.35486308,17.12813151,5.794464767,0.297011303,1.327823622,0.106734,169.8663503,9.667571168,31.17022014,56.88040105,4.992063,195.0070995,11.23665837,2.976213551
Driver,103.0131532,2.3,-0.1,-2.755905512,48.915,1.817,13.01,-1.113,-1.013,149.8993379,1.4551,11.499,-0.881,2260.0,-5.934,469.6402462,74.88345731,-17.85726866,5.743261842,-0.092494398,1.174704215,0.080887,245.4283393,-13.20335107,31.83922744,65.28432743,5.958267,276.8472656,-16.10136515,-28.30083424
Driver,111.8535254,5.1,-0.7,-6.141732283,50.892,3.402,15.295,-1.637,-0.903,163.4580798,1.4614,13.25,-1.451,3333.23,-2.689,551.7959094,137.2690433,-23.05892192,5.723134573,-0.147341834,1.369142099,0.074562,265.0704895,-13.90534041,48.18592301,64.80851426,7.717235,278.2201461,-14.86199684,-21.59400987
Driver,90.09260916,0.7,-5.5,-0.826771654,47.929,-4.993,17.937,2.18,7.68,126.4560218,1.4036,15.637,1.204,3178.64,10.533,379.0953779,85.9100756,27.6302885,5.810060273,0.134149312,1.639303633,0.099155,194.2055525,20.83485941,41.03626705,57.75571467,6.087797,211.7031428,23.96333452,50.31936451
Driver,97.86596278,-2.256,6.231,3.070866142,50.119,4.345,8.428,0.449,-5.782,134.4978078,1.3743,6.426,1.546,3042.59,-4.902,368.2877448,35.81792987,3.060675834,6.005567367,0.157281225,0.686811388,0.09309,190.1877927,-0.67361435,22.11320253,60.81057004,4.668054,225.7863639,-1.964776008,-17.41353474
Driver,88.43503937,2.286,1.113,-3.188976378,49.635,3.058,12.882,7.303,6.19,127.3353615,1.4399,11.0,6.174,2760.0,21.098,343.1081897,47.61090388,61.01351602,6.399959124,0.71114119,1.244638172,0.106227279,184.7015766,42.6127894,26.44883947,61.19004299,4.800778051,216.8296641,54.15369076,69.11160361
Driver,95.68942377,0.0,-4.2,-0.118110236,51.573,-4.689,50.771,-11.2,-6.941,95.12907122,0.9941,38.757,-8.825,11380.0,-4.598,226.7024774,125.3583808,-35.96148512,3.655067038,-0.566806817,2.962884947,0.103585,105.9974194,-21.58708507,62.64272996,61.97604778,6.011533,100.7119643,-20.4478468,-16.2315847
Driver,103.9817466,-1.948,-1.398,2.480314961,48.92,-3.098,12.846,1.663,3.061,154.8592967,1.4893,11.051,1.28,2820.04,-3.197,495.1299332,97.81936698,-8.281433278,229.2753364,-12.09110665,2.888063454,6.66,232.2250536,-12.61315931,44.48327739,55.34457665,6.8134,246.3454054,-14.9831723,-53.36964148
Driver,94.61345741,0.568,2.769,-0.787401575,51.431,3.222,12.181,-1.45,-4.219,137.267806,1.4508,10.084,-0.669,3043.65,-0.948,410.2922925,62.49497233,-10.20253908,191.1503327,-6.878107475,9.794214557,4.81225,210.1203873,-8.233144861,31.18886084,60.55870309,5.54207,235.5724715,-10.08594553,-17.3433141
Driver,115.5265748,0.074,-3.616,-0.078740157,51.424,-3.557,10.376,1.088,4.704,163.58648,1.416,8.276,0.113,3752.08,16.346,534.9103672,93.67116619,54.23293724,6.135621262,0.030238367,0.927734724,0.0785462,256.7803483,40.4638137,39.81758905,59.41047955,6.88097,274.0191482,45.6904131,119.8909043
Driver,86.30100215,0.604,5.466,-0.787401575,52.588,5.928,2.537,-5.444,-10.91,112.2818987,1.3011,2.13,-3.114,2634.68,12.187,139.0985929,3.308568538,-4.273949638,112.6874061,-0.209719819,-4.477347623,2.62352,79.16297046,-1.275688284,4.213335094,80.72426427,1.71352,134.3438435,-0.325918265,9.077973496
Driver,99.06719757,-6.335,-1.914,7.992125984,46.559,-7.949,11.948,-1.495,0.419,142.1016016,1.4344,10.086,-1.539,2629.0,0.845,431.2244425,62.15441247,-9.995804152,5.598265677,-0.149709201,1.005965689,0.0827392,223.7326829,-4.741475778,29.89386575,61.92026176,5.6216,251.7862579,-5.17453093,3.803281184
Driver,27.16088046,-6.4,-1.8,4.763779528,69.91,-4.776,42.196,-1.734,0.091,30.23912849,1.1133,29.118,-1.693,3894.48,0.076,28.03434224,7.886976233,-0.827287797,5.855522789,-0.180177255,2.296067389,0.469492,17.48808709,-0.53703812,32.1970034,27.05294402,1.476414,24.29394129,-0.745519286,-0.061131426
Driver,104.4515032,-2.961,-1.573,3.42519685,52.207,-3.872,19.92,-3.948,-2.375,141.996913,1.3594,16.743,-3.595,4503.55,-5.715,445.4307356,133.7851447,-43.99401563,6.138126904,-0.393434991,1.892866576,0.0938294,215.4268962,-26.59238922,51.13325226,63.31093583,7.25786,219.4632165,-27.23879699,-39.4060981
Driver,99.56156049,-3.975,-2.23,5.590551181,48.028,-5.814,12.091,-0.028,2.202,145.2413654,1.4588,9.801,-0.35,3334.08,-0.444,461.9505274,77.23097618,-3.842885039,5.857104402,-0.036181076,1.028888739,0.084818842,230.0774542,-2.252417845,36.26555936,58.89188501,6.248875525,252.0402405,-2.543871837,-2.540966171
Driver,92.85746242,-1.99,6.759,2.598425197,51.579,5.18,12.244,-8.104,-14.863,119.6908554,1.289,9.927,-5.591,4020.0,-9.637,327.91383,48.98634894,-45.68379337,6.0897345,-0.606282909,1.082260072,0.107376921,169.4796885,-28.31189285,30.71421717,54.70723362,4.973502603,192.4234847,-33.65640681,-35.69220871
Driver,85.67913386,-4.411,4.28,4.330708661,59.613,1.688,21.415,2.139,-2.141,113.7066034,1.3271,18.096,2.438,3760.0,-3.637,328.0524006,82.29287457,7.709988537,6.073780415,0.252908859,1.997933852,0.117101,170.5941883,2.324980757,41.98770025,56.71611921,5.767821,186.2664296,2.196391575,-14.79970331
Driver,112.1890659,0.175,-1.752,-0.196850394,55.421,-1.631,18.922,-8.768,-7.017,139.8727183,1.2468,15.559,-7.434,4993.35,-13.166,425.4680543,120.4800506,-90.15716631,6.233289038,-0.827685763,1.785719924,0.0962061,206.9506105,-55.01145172,49.37573354,60.97531694,6.94463,215.3529624,-57.97950943,-86.20882893
Driver,94.70740873,1.669,2.825,-2.125984252,49.016,4.276,12.457,-8.989,-11.814,134.7266464,1.4226,11.154,-7.505,2610.0,-46.766,307.3744136,38.41873496,-75.4444155,6.167961004,-0.842511713,1.205790524,0.0965625,172.0368,-58.62056275,21.84954544,68.70555297,3.97438,200.2772806,-74.98893666,-110.978703
Driver,102.0221904,-2.711,-0.136,3.622047244,49.905,-2.421,13.729,2.336,2.472,143.4245258,1.4058,11.994,2.065,2500.36,8.412,445.4322875,74.23191888,30.98543349,6.214985611,0.231672458,1.332569458,0.0917394,232.0664042,21.63729926,32.85875909,62.84874597,5.93069,250.0672708,24.32942447,39.89270399
Driver,98.92627058,-1.9,-3.7,2.677165354,44.903,-5.851,5.822,-10.307,-6.607,143.9247047,1.4549,5.026,-9.792,1480.0,-21.197,264.7270743,14.65956452,-53.52126755,5.604131728,-0.964063688,0.487786159,0.080683,151.973687,-34.56304584,9.768314607,88.00214926,2.823529,220.7184127,-54.34369761,-26.67111715
Driver,119.0900143,4.9,4.1,-5.551181102,50.55,8.278,19.128,-0.221,-4.321,172.3984431,1.4476,17.582,0.219,3860.0,-10.106,575.1209309,197.7817909,-41.77950765,5.397916115,0.019484268,1.73564777,0.068116,266.6085571,-31.01362817,56.78407634,73.1613863,8.635643,271.8159249,-31.95920887,-96.07659309
Driver,79.38663207,-0.79,-6.17,0.708661417,58.099,-6.661,18.214,4.469,10.639,95.16754653,1.1988,12.653,1.204,6027.22,25.118,193.4240997,30.85316305,20.00763696,115.5449287,19.20610863,-4.538263343,3.83646,107.3818752,16.75721691,26.80632932,53.38939497,3.47646,127.6341646,22.53246274,43.57448633
Driver,100.9305655,0.1,8.7,0.078740157,51.599,8.687,6.285,4.412,-4.288,150.4795991,1.4909,5.589,4.992,1260.0,-19.658,302.6935998,19.03232719,16.45233315,5.916385387,0.504048365,0.574538124,0.081562,172.2199248,5.159768321,11.32335436,88.31892853,3.143215,240.4405443,3.114794639,-29.51722921
Driver,87.39262706,-2.838,1.822,2.952755906,57.587,0.019,24.787,3.375,1.553,108.0762348,1.2367,20.617,3.115,4480.0,1.973,300.842971,87.19863605,18.71213045,5.438136278,0.298212498,2.066077646,0.111923,155.7345372,11.02178131,45.54359953,56.18477602,5.75723,166.3727153,11.88929149,7.692200068
Driver,76.53677523,-0.664,3.009,0.905511811,51.731,2.485,9.663,1.135,-1.874,108.6084019,1.419,6.711,1.677,3235.89,20.352,233.366333,20.74647034,27.58290881,131.5442906,26.3788432,-4.029961724,3.85913,121.5317024,22.44878416,19.15987007,55.21063047,3.44913,152.1183347,33.97791215,56.83124083
Driver,101.6575698,2.122,4.299,-2.559055118,48.096,6.205,14.394,1.72,-2.579,150.0246063,1.4758,12.943,2.035,2210.0,-11.577,475.4877967,83.93246759,-4.839971816,6.248459853,0.212004461,1.447593855,0.088467,248.8404402,-10.15782196,33.90989193,65.54576014,6.15807,267.0207403,-12.25808491,-56.94111106
Driver,100.140927,0.3,-0.1,-0.31496063,48.853,-0.004,8.339,-9.21,-9.11,144.6895132,1.4449,7.452,-8.246,2580.0,-25.263,382.3212751,38.50058958,-85.41169616,5.558587513,-0.810353715,0.731221354,0.080131,202.1880472,-56.85085051,21.28639705,65.78932,4.594968,242.0962785,-74.19685508,-85.30349018
Driver,77.47628848,-2.981,4.221,3.346456693,57.613,2.328,2.863,-0.909,-5.13,111.7396654,1.4422,1.854,-0.022,1490.0,-29.682,53.30476235,0.910219881,-0.534333949,5.920390281,-0.020247122,0.164416252,0.109447562,34.45615882,-0.67243515,2.190713897,99.44900582,0.66894811,102.8883654,-3.377780943,-1.977622215
Driver,67.00742663,-4.038,-2.525,3.858267717,64.296,-4.473,34.304,4.97,7.495,87.31366321,1.3031,27.736,3.407,5800.0,7.862,212.1398706,74.86878492,19.27684294,5.768940013,0.360773179,3.034508503,0.157102,112.8451207,13.18281619,47.84521427,52.69685471,5.011779,120.1331628,14.26218931,19.49771318
Driver,94.15488547,6.521,4.487,-7.637795276,54.6,9.146,19.032,3.579,-0.908,136.4117305,1.4488,16.874,3.743,2930.0,-2.556,440.2160645,107.18713,22.24533047,6.306876266,0.408661334,1.935840747,0.100321,224.5146472,9.921787107,43.03109462,62.26178315,6.71899,241.2974976,10.3821947,-14.22494309
Driver,100.2751432,2.785,0.131,-3.42519685,47.732,2.665,15.123,3.979,3.848,147.6840999,1.4728,13.004,3.295,3256.13,7.36,483.3728059,102.8835287,46.59770994,6.026762943,0.353865856,1.4098723,0.086878,240.223357,29.38172633,41.87995467,61.21389765,6.839869,258.6596684,32.6548551,46.88857325
Driver,89.59153543,-0.369,-1.531,0.472440945,52.784,-1.811,12.166,-7.129,-5.599,121.8718683,1.3603,10.09,-6.178,2755.42,-15.95,313.1687985,39.02752068,-49.19051555,6.329427627,-0.697506051,1.1260533,0.109328,170.1969254,-33.12248718,23.67538439,61.09158653,4.42829,202.3614424,-42.30062148,-44.89241408
Driver,87.08840372,-2.031,4.648,2.047244094,58.614,3.409,23.176,3.046,-1.603,119.8042681,1.3757,18.54,3.366,5523.33,-2.246,341.8062115,102.0280298,14.44954777,6.231041331,0.361542688,2.139092129,0.114508,171.0120278,6.350586205,48.56801269,57.85989266,6.25124,178.8044881,6.537011751,-11.08272999
Driver,106.4289549,2.869,-0.154,-3.937007874,46.027,2.618,12.592,-2.035,-1.881,155.5238905,1.4613,11.194,-1.758,2200.0,-8.689,493.344735,78.23044071,-31.67929831,5.931001839,-0.18829176,1.181427732,0.080435,256.3544977,-22.42372743,32.13863188,66.100958,6.093947,287.9309325,-26.98884288,-43.7365651
Driver,92.53310666,0.459,-1.815,-0.551181102,51.0,-1.443,7.569,-6.796,-4.981,136.2631979,1.4726,6.614,-6.119,1580.0,-22.553,267.3671752,19.19448174,-38.43211745,5.935882764,-0.646785479,0.679666006,0.090613,153.7777891,-26.66607228,12.2756242,81.69909247,3.073896,215.8617416,-41.83695424,-31.11215131
Driver,116.9761095,1.6,0.4,-1.811023622,44.818,1.564,14.429,-0.323,-0.747,168.9103883,1.444,12.115,-0.11,3890.0,-17.52,552.2410075,137.350056,-68.36081363,3.518196166,-0.017464619,0.764641755,0.043942,262.1034995,-50.36697531,48.69629824,63.73409467,7.718767,273.776695,-54.27566329,-149.6191755
Driver,96.80341804,0.905,4.293,-1.102362205,48.321,5.099,23.074,6.362,2.069,120.8706156,1.2486,20.021,6.051,3680.0,3.274,365.3788629,105.7975347,43.3066511,6.368361802,0.67632025,2.345814445,0.116793,186.055974,24.92615696,46.74109222,59.99137097,6.4169,198.2166779,26.78681575,16.05373071
Driver,105.9144596,3.093,-1.917,-3.464566929,54.443,0.296,8.905,-6.811,-4.893,144.0973962,1.3605,8.157,-6.173,1400.0,-28.354,316.5308384,28.46122287,-50.18075983,6.317714083,-0.696371184,0.897588582,0.0914749,180.8597731,-35.96087657,15.59917255,81.25388801,3.58057,235.4896112,-52.05865138,-50.07800909
Driver,97.03605941,0.615,-6.388,-0.787401575,53.4,-5.931,16.963,-2.129,4.26,132.8346457,1.3689,12.445,-3.351,6156.36,9.318,383.6541664,92.90072039,1.615854761,5.999142047,-0.335736356,1.365994484,0.096449773,188.2759913,6.622600082,45.70607435,56.40650359,6.278680352,197.3243586,7.548672805,52.82908841
Driver,96.85263064,0.646,0.124,-0.905511811,46.809,0.731,16.412,5.779,5.655,142.1617752,1.4678,14.435,5.035,2970.0,8.248,459.5061175,99.05708532,58.20122788,5.670122148,0.504866589,1.471299975,0.085361,233.0029597,36.12867417,40.64842419,61.65351711,6.628362,253.1352717,40.41878764,47.36175743
Driver,94.86846815,-4.8,-2.2,4.015748031,56.079,-6.059,14.609,0.96,3.204,140.829456,1.4845,11.022,0.464,5080.0,7.25,423.621831,97.46881126,23.1613402,5.825334429,0.045492569,1.170849668,0.087674,204.8890038,16.53616174,45.7525043,57.17810427,6.567464,216.0970821,18.06443606,44.64537634
Driver,106.9792412,0.034,1.401,-0.039370079,48.553,1.43,20.191,1.092,-0.309,150.4798228,1.4066,17.487,1.136,4040.0,-0.679,490.0844704,154.3848149,6.89875356,5.897234152,0.116120426,1.887956884,0.0854216,234.4062654,2.906637026,53.00939303,66.66789331,7.746706427,242.8089844,2.974100853,-5.222494527
Driver,30.82050823,4.9,5.1,-5.511811024,59.044,7.973,9.434,5.653,0.553,35.93794739,1.1661,6.292,5.212,1130.0,5.05,10.71273655,0.611197782,0.97823471,5.715815833,0.525044727,0.130124604,0.331873,7.118041695,0.655682122,6.763711517,34.76655091,0.414666,24.91469508,2.318740263,0.02732754
Driver,111.7036507,8.764,2.407,-11.61417323,47.496,10.53,18.59,4.137,1.73,167.5845562,1.5003,17.215,3.885,2323.12,12.784,586.7018412,152.0318692,76.49627835,5.914359468,0.410496196,1.844727504,0.076513,293.8579956,51.45139181,45.91752511,70.24995327,7.858056,311.3153296,55.9893313,95.19190923
Driver,97.72503579,3.388,1.352,-3.897637795,51.331,4.068,15.104,1.487,0.135,146.7671797,1.5018,13.314,1.465,2610.63,0.639,477.1562511,92.49256465,13.36098625,5.660313051,0.145274326,1.355936859,0.0820278,244.4151436,7.431818091,37.62982869,62.88971403,6.50675,266.6564148,8.206891316,3.550471055
Driver,84.51592699,-6.205,2.815,6.141732283,54.149,-1.691,17.114,3.063,0.248,111.0193719,1.3136,14.066,3.029,3360.0,0.475,302.0988925,55.10497806,16.26183763,5.994801359,0.317346427,1.505327989,0.115732,161.3648429,9.034955481,32.75650028,55.70283172,4.969089,184.3982178,10.39072471,1.526893597
Driver,72.12329993,-0.026,2.954,0.039370079,51.246,2.933,11.374,-3.603,-6.557,101.3810845,1.4056,9.208,-2.329,2520.0,-13.715,193.0669724,18.8103557,-13.07109784,5.741467247,-0.246369473,0.911191557,0.118890641,112.2734626,-10.13195167,15.81359055,63.15776853,2.999984888,155.4337526,-16.28084465,-16.73904856
Driver,93.36301002,-1.013,0.634,1.299212598,48.527,-0.262,26.34,-6.294,-6.927,108.9511006,1.167,20.905,-4.761,6065.24,-8.701,293.7554687,90.85167249,-37.49806859,6.242917878,-0.536888036,2.428749488,0.128415,150.1233672,-24.05274363,47.78095456,55.82371352,5.79046,157.0471962,-25.48267462,-35.01165266
Driver,85.66794918,2.542,-4.665,-3.307086614,51.378,-2.632,18.748,-1.774,2.891,124.5409807,1.4538,16.106,-2.271,3320.0,6.341,377.4354589,86.05051929,-2.968241956,4.761907872,-0.183853915,1.382545399,0.082442991,194.9018025,2.143442698,40.5942582,58.62800326,6.066434678,212.881709,3.087127111,29.59344193
Driver,103.7379205,3.52,2.008,-4.68503937,48.248,5.156,9.187,-2.229,-4.238,150.4115963,1.4499,8.383,-1.62,1500.0,-19.213,377.623115,37.62500413,-27.22807205,6.110212398,-0.185027733,0.89803068,0.084867,209.3196963,-21.85954227,18.69496437,77.40166158,4.225668,262.6378398,-31.69339054,-47.89672657
Driver,86.74838941,-6.2,-1.8,5.236220472,58.77,-6.193,21.254,0.319,2.179,114.6452219,1.3216,16.003,-0.204,5990.0,5.271,308.3327436,81.11993275,8.96435105,5.718300781,-0.003422152,1.676702963,0.108494,155.4088627,7.234337774,45.53693524,53.60823405,5.705385,164.2040416,7.935620582,23.3610593
Driver,99.34234073,2.367,0.715,-2.913385827,47.58,2.88,14.442,3.224,2.509,146.4260469,1.474,13.008,2.916,2130.0,11.446,453.9782106,77.99933744,41.71541629,6.218458845,0.325821179,1.444944569,0.0902133,240.1932714,29.28342587,32.50929445,65.85330646,5.91486,259.7917342,33.04291722,51.35275991
Driver,112.0235326,-6.942,-1.639,8.937007874,48.888,-7.738,8.377,-2.98,-1.341,157.843146,1.409,5.345,-2.712,4770.21,-3.237,501.1906962,82.84624912,-34.41470831,6.358278296,-0.305245584,0.643009843,0.0839074,235.7300363,-18.8991807,40.2158386,56.28560472,6.608,249.7001049,-20.42505089,-23.28058836
Driver,100.8008232,-0.7,-5.5,0.94488189,47.475,-6.389,20.951,-1.401,4.099,137.5644238,1.3647,18.82,-1.852,4890.0,5.305,414.7311584,140.0986065,3.094274285,5.485141579,-0.171492962,1.904318417,0.08776,199.1296673,5.32641263,54.07249696,63.88097724,7.22052,205.3953403,5.692999238,35.27032285
Driver,78.98622047,2.507,1.013,-3.503937008,53.028,2.901,10.135,5.101,4.089,114.9847888,1.4558,8.299,4.103,2379.83,18.945,237.0438864,21.59517484,26.4721476,5.748533465,0.427003267,0.827548737,0.104586172,135.2964,19.51560122,15.67800342,67.19411657,3.292499683,182.0308185,29.90718926,29.65921806
Driver,66.6114889,1.217,5.398,-1.181102362,57.346,6.178,19.092,-1.876,-7.274,89.46581961,1.3431,16.616,-0.803,2380.0,-14.227,193.0748947,33.84831938,-8.781536358,5.901016676,-0.099200916,1.719682684,0.143009009,112.8900413,-8.109640432,26.10914842,56.37650927,3.626969027,143.2428548,-11.97553196,-19.59249015
Driver,67.2646743,-5.2,-5.4,4.212598425,57.792,-9.284,24.146,6.664,12.147,82.19555297,1.222,17.024,3.334,6292.37,15.274,169.3394929,33.72995677,18.14435081,5.592018919,0.363428158,1.695388243,0.148912,95.1712674,13.51018655,31.24503906,47.89809201,3.633888,110.191701,16.68934565,24.0256486
Driver,91.41911238,-3.576,-3.051,4.488188976,46.598,-6.439,17.715,9.048,12.098,124.3727631,1.3605,15.062,7.439,3790.0,19.718,361.923383,78.29071173,80.28149778,6.331880768,0.846637705,1.723786084,0.109614,186.708685,53.45994039,39.02983353,57.07097804,5.80777,203.1004958,60.34510453,89.54639107
Driver,95.08545097,1.4,-3.4,-1.299212598,56.005,-3.149,14.182,1.648,5.243,132.0365068,1.3886,11.713,0.673,3500.0,18.561,387.6868321,68.8163342,38.87999152,5.607610838,0.078361805,1.175671612,0.089983,197.7732552,31.2655126,35.53213721,56.86818572,5.71531,218.6713541,37.49169482,86.90868929
Driver,91.71438797,-3.6,0.8,2.913385827,57.066,-2.029,26.1,1.024,0.22,123.858044,1.3505,21.1,1.225,6144.22,0.081,350.4559625,124.6435591,5.806913475,5.578074365,0.095698158,2.194659066,0.100962,171.034472,3.07861681,53.90994958,61.25710142,6.672987,175.4774567,3.160516584,-1.733943879
Driver,56.02630637,-5.8,0.0,5.118110236,60.591,-4.003,26.52,2.631,2.827,71.0077398,1.2674,21.076,2.247,3850.0,7.59,137.5873571,31.04218817,7.76559599,5.592361453,0.232112007,2.090475758,0.176479,80.34201104,5.729369553,31.52585009,47.41373281,3.32087,99.06244316,7.562436733,7.748924669
Driver,120.8057445,1.942,-4.842,-2.834645669,41.904,-2.677,16.164,-5.058,-0.216,173.72517,1.4381,13.831,-5.021,4024.64,-0.65,586.8838153,173.9454332,-51.935104,6.026334771,-0.528120918,1.514786282,0.074140746,272.9843636,-25.95568182,53.97092329,69.39097652,8.393819023,280.593152,-26.71489338,-6.217489702
Driver,99.7226199,-5.479,-4.131,7.637795276,46.464,-9.36,10.956,-2.593,1.538,142.0013869,1.424,8.146,-2.861,3978.58,2.63,425.705697,66.48497952,-8.886016908,216.5945287,1.217048471,-5.270945506,6.04035,209.1750164,0.58112291,34.17829592,59.73051852,5.73035,230.5210066,2.316692794,33.06280902
Driver,104.6416428,0.9,12.7,-1.220472441,46.411,13.646,9.71,6.267,-6.433,139.5825877,1.3339,8.564,7.21,1980.0,-4.638,370.0618544,40.79830085,41.12213354,5.717187365,0.714310722,0.863423709,0.085693,199.2478899,20.3703053,22.11508296,66.81760892,4.584022,239.9773738,23.52872587,-13.99985357
Driver,98.94192913,2.5,5.3,-3.346456693,45.416,7.857,12.313,-3.192,-8.492,142.685442,1.4421,11.038,-2.02,2410.0,-28.464,396.7221077,57.26253454,-53.66956376,5.850776362,-0.229228924,1.144400397,0.086532,210.3743621,-43.9659206,28.21963425,63.09139703,5.179154,242.1986072,-56.6502517,-110.0609896
Driver,88.6341267,3.804,3.337,-5.31496063,50.112,6.522,21.097,14.046,10.709,130.3648443,1.4708,19.092,12.698,3070.0,21.997,400.9195513,104.1930382,126.0008041,5.953276215,1.332628959,2.067930925,0.100398,207.366854,81.12001292,42.95412726,61.52161036,6.433994,225.0140049,90.41876028,111.5600157
Driver,85.42188618,-2.932,4.809,3.779527559,49.015,2.259,42.964,14.624,9.815,92.37383679,1.0814,34.371,12.139,8050.0,13.206,225.0993533,104.8355369,58.4003021,4.25245622,0.914899272,2.926246273,0.117114,112.6827718,36.9585237,56.61406265,57.78896868,5.663827,112.9381236,37.05232122,41.24259079
Driver,74.95973515,-3.26,-2.522,2.992125984,59.389,-4.454,25.895,3.803,6.325,97.04970472,1.2947,18.385,2.014,7391.05,9.18,236.9611345,59.29997693,17.97294823,5.927430795,0.226697701,1.988848828,0.134958,125.7163986,12.89490635,40.354496,50.75231397,4.779948,134.7292924,14.26282741,25.47631532
Driver,85.25411596,2.1,-6.1,-2.598425197,48.617,-4.258,23.519,0.902,7.007,113.6504563,1.3331,19.926,-0.381,4270.0,12.153,324.1166293,91.7807377,18.65051086,5.92273539,-0.020244713,2.165526397,0.115659,167.0568427,16.22194328,45.38795171,57.26723391,5.949372,179.6856562,18.34319667,51.98161598
Driver,96.36274159,0.3,7.3,-0.275590551,55.318,7.515,17.72,4.419,-2.881,135.9193808,1.4105,15.017,4.983,3700.0,-6.295,428.946838,103.0881946,20.87767592,5.766591236,0.493911365,1.566494968,0.091226,214.3941279,6.362614514,44.22364456,60.02595191,6.656501,229.598554,6.142249859,-36.82661733
Driver,89.05690766,0.561,-7.86,-0.669291339,48.191,-7.358,12.715,3.197,11.056,124.6501432,1.3997,10.696,1.294,3400.0,13.088,351.0985037,53.18603944,27.26307453,5.900990959,0.147733548,1.12428812,0.099978,182.7947329,20.87670467,30.36383084,57.01041341,5.1361,208.3646346,26.10079779,50.31120941
Driver,107.7554581,1.5,-1.5,-1.653543307,55.584,-0.584,10.132,-3.673,-2.173,156.5050107,1.4524,8.893,-3.352,2750.0,10.481,497.7146659,73.64533885,-4.462598648,5.819257113,-0.334220688,0.924102925,0.077911,249.3286113,5.337432555,33.14986927,61.27900623,6.202901,275.3595885,8.038240054,59.70966455
Driver,98.64889048,-2.1,5.5,2.755905512,51.698,3.698,4.574,-6.9,-12.4,129.7226199,1.315,3.805,-5.438,2070.0,-6.326,218.8581932,9.361616753,-22.96922036,5.655183782,-0.540127414,0.372287697,0.090273,124.7450119,-14.09532002,7.764942215,82.18765429,2.507609,188.6651813,-22.57264718,-6.857054527
Driver,101.3936113,6.07,7.048,-7.795275591,46.405,12.859,14.751,1.195,-5.852,151.3710183,1.4929,13.737,1.902,1840.0,-32.856,436.610775,72.58490126,-28.62018244,6.22029413,0.183013542,1.519933551,0.0874758,237.5800285,-33.32455062,29.57830661,70.47604132,5.42628,261.3491392,-41.08117887,-123.3405949
Driver,67.86417323,0.0,2.6,0.590551181,46.278,1.952,14.955,-4.422,-7.115,99.11462062,1.4605,12.723,-3.169,2430.0,-4.206,218.3101684,30.31136585,-14.76960123,5.921982158,-0.348538543,1.315501197,0.127145,125.2711477,-9.558989925,22.67623462,58.49748743,3.659392,158.8357126,-12.73317457,-7.918238762
Driver,84.74409449,-4.2,-1.2,3.031496063,66.071,-3.672,31.175,-0.569,0.7,112.6834288,1.3297,24.093,-0.848,7910.0,1.004,293.8501353,114.0859379,-1.45696378,5.655314646,-0.070080695,2.581413255,0.115665,143.9874323,-0.308745747,55.19671871,58.84818205,6.221845,145.3338178,-0.305268386,5.466827448
Driver,88.45964567,4.201,6.936,-5.039370079,56.335,9.74,19.056,6.392,-0.544,132.0586525,1.4928,16.648,6.485,3160.0,-1.414,417.6883247,101.2746863,42.77044965,5.973014443,0.67299514,1.799564582,0.098056,212.7751172,21.52995022,42.90893058,60.77202116,6.531052,230.3292464,23.14328311,-7.547844137
Driver,99.21259843,0.8,-4.4,-1.25984252,42.297,-4.072,16.553,-1.104,3.494,145.6744363,1.4683,14.328,-1.56,3300.0,8.846,473.7354389,110.3072099,10.66904705,5.789705152,-0.154991654,1.496542369,0.085098,235.1621369,12.32974408,44.09644994,61.56140937,6.958245,251.475863,14.24607222,56.15510751
Driver,89.00769506,3.489,0.343,-4.37007874,51.821,3.091,9.968,-6.48,-6.823,131.0471099,1.4723,8.786,-5.212,2240.0,-31.751,293.5369747,29.08619676,-47.75087225,6.037869061,-0.573390767,0.925041289,0.096488,165.455743,-36.48148382,17.69521938,70.68578397,3.722455,212.8955261,-53.67659525,-65.01109164
Driver,105.5386543,-3.009,-8.095,3.818897638,49.814,-10.64,9.223,-6.226,1.869,151.1851288,1.4325,6.211,-6.692,4573.63,5.634,473.9739826,76.2267479,-37.55803161,6.40041097,-0.738238865,0.739423032,0.088351,226.1035615,-14.09069086,38.40886538,55.89655748,6.34772,241.5080191,-14.29400435,36.90722936
Driver,96.23299928,-3.3,-2.5,3.858267717,51.678,-5.386,15.563,-0.365,2.135,140.423452,1.4592,13.513,-0.387,4290.0,3.51,436.2236984,108.9990179,5.202198719,5.784365497,-0.060195373,1.419522793,0.088077,212.4610733,5.152588148,47.05436387,59.40867477,6.830891,224.3942211,5.746550383,19.76126952
Driver,107.1179313,-0.3,7.1,0.472440945,50.737,6.87,9.448,2.991,-4.109,157.6952845,1.4722,8.385,3.551,2510.0,-12.239,488.4779422,66.88033414,2.764661308,5.888114457,0.344530395,0.880805911,0.078137,246.2221977,-6.943435687,30.94612144,61.85436385,5.950873,275.2154602,-10.46540448,-66.52289205
Driver,123.2820329,3.172,2.066,-3.74015748,50.539,4.681,10.109,1.663,-0.403,181.2072745,1.4699,8.14,1.778,3549.32,-5.319,627.6278859,124.2646858,-3.304466552,4.948997091,0.150448121,0.724532746,0.057007663,294.4852666,-7.035898383,45.05424884,63.24212382,7.805484893,310.1345264,-8.153316303,-48.50066805
Driver,83.76207946,-3.963,3.907,4.094488189,53.823,1.003,21.623,2.678,-1.229,110.8475752,1.3233,18.32,2.851,3640.0,-2.107,315.3972676,77.87328601,12.12529365,6.046476685,0.297608673,2.011230139,0.119726,165.5089419,5.572817507,40.96127958,56.31466038,5.605273,182.0223729,5.924934395,-7.984888275
Driver,83.29679671,-5.382,4.87,5.31496063,57.847,1.475,22.292,3.272,-1.598,105.2368916,1.2634,18.431,3.515,4040.0,-2.53,286.8382011,70.64305387,13.75097617,5.983265503,0.362821702,2.0034289,0.125025,151.715477,6.438454941,40.4900122,54.66324053,5.319436,167.1607352,6.872507316,-8.600791178
Driver,102.7782749,-4.514,-3.063,6.377952756,45.646,-7.49,15.115,-1.398,1.665,135.8471278,1.3217,10.173,-1.831,6684.46,19.101,365.2817183,71.26850745,33.04331208,184.6820315,29.32007803,0.277573933,5.46373,184.8525327,29.37302982,37.6024872,58.0530083,5.4714,199.1653449,33.82939153,105.567942
Driver,74.58840372,-2.319,-3.302,3.661417323,47.369,-5.438,14.313,-4.854,-1.552,107.6840999,1.4437,10.875,-4.523,3691.39,9.972,248.9701218,35.89692373,-10.3659758,144.5982221,-2.389945049,-4.533264329,4.29773,135.981005,-2.708905949,25.74741623,58.41798328,3.95773,163.7356298,-1.760376469,24.06229816
Driver,82.72637795,11.84,7.284,-11.73228346,72.715,11.024,8.276,-13.721,-21.005,109.9975394,1.3296,8.81,-11.025,2970.0,-77.3,118.272098,9.822763121,-30.63100906,6.271964144,-1.264848899,0.910309827,0.119575667,73.74007404,-23.88227489,11.31922322,79.63256488,1.64536221,132.3405225,-51.21142639,-30.29915984
Driver,79.03990694,-1.285,1.909,1.25984252,59.408,1.149,25.281,3.133,1.224,105.9312366,1.3402,21.443,2.936,4040.0,1.877,294.9601271,85.73159693,17.16555361,5.871074465,0.303763815,2.318137567,0.124334,154.1446277,10.20521875,45.03829568,56.31470305,5.690714,166.8260984,11.17127971,6.941367459
Driver,80.33732999,-2.272,3.647,2.992125984,52.484,1.902,3.717,-6.251,-9.898,108.5343593,1.351,2.807,-4.739,1900.0,-46.993,64.22826311,1.662729634,-6.596855966,6.018045761,-0.529383409,0.260000458,0.114738302,41.3064971,-5.056413588,3.351983903,93.28335972,0.841354179,109.5322137,-16.25247412,-4.956536378
Driver,103.7177881,-3.739,0.545,5.0,49.99,-2.6,9.272,0.296,-0.249,147.2250805,1.4195,7.346,0.334,2816.63,-3.631,421.4279295,49.30514404,-4.154147828,221.1094816,-3.920266038,-2.732899762,5.26392,215.7572833,-3.744724869,25.97088751,64.76532329,5.07392,248.7716837,-4.936662144,-15.00660033
Driver,101.1318898,0.504,-0.888,-0.62992126,46.48,-0.41,12.308,-1.312,-0.424,149.0141822,1.4735,10.904,-1.26,2080.0,-1.316,453.1375755,66.37413044,-11.95151383,6.312408824,-0.13992569,1.224331245,0.0892504,239.5000787,-7.135100565,29.06642523,66.63946911,5.62515,272.5523599,-8.381355986,-5.607766933
Driver,100.6062097,-1.6,-1.0,1.653543307,55.094,-2.742,14.962,-0.3,0.729,145.8549571,1.4498,13.258,-0.342,2470.6,2.698,466.6072615,89.07995423,2.551438274,6.006994476,-0.037235871,1.42538448,0.087689,240.0155928,3.191526348,37.12534724,62.73568914,6.379715,264.094735,3.958091621,13.87198094
Driver,105.7287938,4.786,2.796,-5.708661417,54.9,6.17,9.501,-0.725,-3.521,155.5552076,1.4713,8.739,-0.148,1470.0,-25.481,397.1409985,41.40721873,-24.6370094,5.152513229,-0.024546181,0.790480359,0.069144571,219.1960691,-23.11491938,19.48302504,78.18613039,4.353206372,273.435423,-34.76141326,-67.65539189
Driver,81.21868289,0.7,5.1,-0.905511811,54.267,5.637,6.485,-0.606,-5.706,109.9796439,1.3541,5.187,0.633,2000.0,-9.092,160.8451082,8.576864628,-0.240888889,5.713015211,0.055920268,0.503711687,0.107924,95.45650227,-1.151135076,8.576931922,74.85446541,2.185719,151.4758277,-3.205447865,-6.616691519
Driver,118.821582,0.815,-0.497,-1.141732283,41.986,0.409,12.363,1.638,2.135,173.301718,1.4585,11.021,1.384,2348.8,0.342,595.5698108,107.7759148,15.12083579,5.769458418,0.139553008,1.136305322,0.070141108,297.613892,7.980540418,38.21740879,66.671793,7.142510879,322.808675,8.720254696,2.377579281
Driver,71.78104868,-3.246,2.239,3.622047244,52.629,-0.244,20.528,11.826,9.587,88.68199714,1.2355,15.777,9.772,4517.81,15.063,195.2644283,36.21002544,41.87469004,5.918720192,1.02971668,1.657862863,0.144814,108.9801119,27.34407549,29.86575062,50.56557693,3.843935,129.494485,33.9668433,27.12622959
Driver,103.1026306,-3.373,1.898,4.409448819,47.919,-1.152,14.219,3.95,2.052,151.0701503,1.4653,11.745,3.652,3736.46,6.541,493.9921322,107.1428604,50.39002008,6.119430736,0.397438363,1.308535639,0.0858309,240.5844395,30.39136531,43.80706263,60.53399084,7.01035,248.9287173,31.86998927,45.38423705
Driver,99.4206335,2.212,6.277,-2.834645669,51.384,8.045,15.056,0.021,-6.256,144.4805834,1.4532,13.488,0.816,2505.86,-21.232,444.6119273,80.65060126,-31.60754886,5.895020372,0.066519955,1.418975251,0.086903,232.8498466,-30.60003468,34.14229978,63.5756453,5.999102,260.5487173,-38.29364076,-101.6528435
Driver,96.00706872,-3.253,-7.383,4.488188976,48.193,-10.297,15.237,0.295,7.678,137.9129384,1.4365,12.935,-0.704,3420.0,14.805,428.375134,85.44451233,27.29180739,6.238579665,-0.059284568,1.449821216,0.096389824,216.757489,24.17222253,38.96424189,59.07791379,6.261443838,236.0341717,28.45900647,80.45113076
Driver,90.55341804,-4.881,-7.764,5.590551181,51.072,-11.718,8.279,-0.98,6.783,130.8278901,1.4448,6.694,-1.809,2320.0,18.425,292.7627213,23.24242216,3.734209515,6.326111515,-0.184230989,0.740076265,0.100717,162.2565431,7.478420592,15.13431146,70.56114327,3.60969,208.205453,13.50451995,37.77397769
Driver,91.18870795,-2.9,-0.7,3.149606299,55.774,-2.774,22.324,4.224,4.924,128.4916339,1.4091,18.407,3.397,5092.28,8.361,375.7469297,117.8370917,41.96547422,5.538072087,0.340023957,1.876911583,0.094722,184.29934,26.87712035,51.13390124,60.18142745,6.693695,192.0782828,28.40456032,48.0784593
Driver,76.7380995,2.137,-0.522,-2.677165354,65.135,0.469,16.387,-4.194,-3.672,97.48926271,1.2704,14.384,-3.655,2004.05,-16.059,201.9915869,31.45573326,-21.85284807,121.9182194,-17.78516406,-2.298335726,3.58719,117.0171579,-16.68551885,23.99885523,61.6281734,3.40719,150.6631604,-24.0928178,-27.80440026
Driver,84.97002505,-3.8,-1.2,6.141732283,38.35,-6.975,15.039,-3.09,-1.747,113.758053,1.3388,12.348,-2.597,3050.0,9.699,301.0276734,47.56329495,-3.933392177,5.67917743,-0.270378115,1.244674377,0.106072,161.5724328,1.794849513,29.42557718,56.64510136,4.721877,187.6357577,3.60497581,27.34053454
Driver,87.13090551,-2.251,-0.528,2.755905512,45.768,-2.721,17.967,13.83,14.358,121.490247,1.3943,15.524,11.966,3650.0,24.038,344.0198873,72.67848384,106.1033613,6.567507864,1.395890321,1.838321156,0.116718,180.0846057,69.13305226,37.29772176,56.98978858,5.55887,197.8453948,78.71969948,99.46360937
Driver,96.30681818,1.597,6.969,-2.007874016,50.968,8.264,16.611,6.098,-0.871,141.6539907,1.4709,15.024,6.194,2236.81,-7.295,448.7480704,89.31392493,34.66618038,5.942899793,0.635255354,1.599284756,0.089978,236.4884024,14.05832043,36.28546636,64.86424908,6.211825,263.0645436,14.44003089,-34.48379535
Driver,109.0640659,1.5,-4.3,-1.771653543,49.845,-3.188,14.435,-2.579,1.838,160.5021922,1.4716,12.591,-2.849,2970.0,3.621,541.3890448,118.3985396,-15.06370209,5.64132978,-0.277491948,1.276739994,0.074593,264.9993879,-4.406049915,44.00798697,63.52626347,7.326993,282.1682725,-4.214902214,26.30726851
Driver,107.8605941,0.5,1.3,-0.472440945,49.664,1.598,11.413,-1.989,-3.289,154.817466,1.4353,9.275,-1.34,3426.68,-9.58,500.9862945,89.02525826,-39.15364467,4.117137373,-0.101263345,0.682617921,0.055631,243.9885537,-26.93638509,39.4482213,59.01588144,6.678947,262.9053663,-30.54320495,-63.77446812
Driver,102.8476199,-0.272,-0.133,0.354330709,51.167,-0.352,13.103,5.323,5.456,152.3579545,1.4814,11.099,4.481,3278.73,7.143,500.6881774,96.14073662,57.99457759,5.92643619,0.469690675,1.180786613,0.082161,247.007599,34.76660601,40.11582435,60.67554014,6.781482,266.8439899,38.67305308,46.66234852
Driver,73.82113457,-3.002,0.809,2.992125984,57.781,-1.085,23.519,-1.6,-2.409,97.55525233,1.3215,19.643,-1.213,3770.0,-3.937,253.4862078,62.35950058,-9.22655212,5.911326729,-0.131493172,2.107185223,0.134265,137.1210349,-6.544731895,38.82715442,53.60699246,4.935312,153.7494913,-7.679468729,-10.93146714
Driver,90.3476199,-1.654,5.725,2.007874016,58.636,4.717,3.451,-5.767,-11.492,133.8097262,1.481,2.852,-4.408,1970.0,-57.002,99.94521229,2.679197805,-10.96274573,6.212240005,-0.513394172,0.286732119,0.096057715,63.01028686,-8.862605031,3.665778333,107.2312989,1.079407811,139.3524101,-24.71881263,-12.12501938
Driver,107.8717788,4.7,1.1,-5.94488189,48.743,5.184,13.437,-1.786,-2.886,154.8675734,1.4357,12.467,-1.45,2230.0,-7.269,498.131329,91.84100385,-28.59362983,5.853437874,-0.157885389,1.304658015,0.080161,254.8269214,-20.08798305,36.8202015,63.97426683,6.491641,280.3470876,-23.38468597,-40.95999235
Driver,103.9504295,1.2,-10.8,-1.377952756,56.69,-10.638,20.701,0.975,11.903,137.4427344,1.3222,17.784,-0.945,4686.06,17.049,412.5164563,125.3167225,40.39640484,5.671911086,-0.070826225,1.850605778,0.090263,201.4726827,33.12225202,50.5937443,60.85423034,7.004851,210.2583666,35.56454243,109.1860402
Driver,88.29411238,-1.658,-0.583,2.637795276,41.049,-2.488,22.933,6.252,6.835,122.6543486,1.3892,19.219,5.122,4700.0,8.897,360.2695215,108.4163377,49.89635603,6.037507679,0.553603507,2.135852741,0.10882,180.2497853,31.32058348,48.70233418,59.22006468,6.438156469,190.3173368,33.59888869,46.04460314
Driver,66.54885469,-8.276,-8.283,9.606299213,56.062,-13.901,14.73,-1.856,6.427,95.0315408,1.428,11.977,-2.656,2700.0,15.35,192.89854,24.63791559,-2.259685152,6.136770674,-0.266428533,1.274885646,0.137022,111.999458,1.774908932,20.3714068,58.30688057,3.29962,136.6225605,3.722947634,20.88699589
Driver,88.4059592,1.843,-1.847,-2.795275591,49.272,-0.26,19.137,-1.031,0.817,117.0861668,1.3244,14.693,-1.251,5168.75,31.873,282.008479,56.85512762,38.1661616,150.9590308,35.25409117,-0.093414169,4.56969,150.7862952,35.18223635,33.52569465,59.99146484,4.5625,170.5302807,43.47246479,115.1250108
Driver,91.83741947,0.042,-1.83,-0.039370079,46.346,-1.79,18.421,-0.058,1.773,127.78767,1.3914,15.169,-0.388,4145.37,2.134,387.0644657,93.95468228,2.153318034,5.797983967,-0.036548764,1.594914218,0.097779,194.4691357,2.436459591,44.0318894,57.98013448,6.314276,208.5959107,2.817680434,11.25963439
Driver,98.9642985,1.484,2.536,-2.283464567,44.44,4.05,11.442,-4.602,-7.138,136.214209,1.3764,9.099,-2.886,3905.61,3.337,383.0712236,61.86639068,-7.969098287,208.7826619,1.89766566,-10.24972428,5.92411,194.5437556,0.636818217,32.97874494,59.99776663,5.33411,217.403248,2.506647608,31.29306961
Driver,113.4037223,6.1,-0.7,-7.401574803,49.787,4.322,16.179,-3.661,-2.961,165.8826951,1.4628,14.959,-3.363,2087.13,-2.201,568.963549,127.3750882,-37.81607789,5.964019767,-0.345636173,1.605180194,0.07705,288.2856605,-21.49769518,42.17325953,68.53297683,7.354266,309.4762211,-23.38683244,-13.78927741
Driver,100.6800286,-2.334,1.845,3.228346457,41.985,-0.75,14.903,1.585,-0.261,146.7519685,1.4576,11.778,1.634,4554.55,-0.849,464.1613998,110.068062,10.21930428,6.162377554,0.174504292,1.330718326,0.0890601,223.8837577,4.424549528,46.44311662,59.77143112,6.96133,229.8792854,4.504477675,-5.880019832
Driver,80.28364352,6.521,3.764,-9.566929134,47.008,9.88,9.225,-3.558,-7.322,104.6704993,1.3038,8.297,-0.993,2806.4,-2.948,198.1294937,18.23651979,-5.118722884,129.599686,-4.569544245,-5.592029412,3.54513,113.4711334,-3.688389178,15.78825019,63.15075421,2.98513,152.9200634,-5.663307882,-5.167173249
Driver,116.0388332,2.755,1.95,-3.503937008,45.7,4.641,18.881,4.919,2.969,166.3343325,1.4334,16.565,4.469,3890.0,4.368,558.5664964,179.1838642,59.15667583,6.076953883,0.478362572,1.838623187,0.0791752,261.807508,33.50704115,54.75892701,70.33651867,8.344279817,268.9244988,34.62368298,39.51890505
Driver,90.25590551,-5.285,-3.756,6.57480315,52.367,-7.846,13.772,-5.361,-1.604,118.9466267,1.3179,10.532,-5.08,3840.0,-3.086,329.3152807,51.04016926,-33.29919507,5.741876805,-0.512015155,1.080798959,0.101966496,170.8232561,-18.91872559,31.33950078,54.99592575,5.040031945,193.7519005,-21.93581117,-11.43493118
Driver,96.93987115,2.218,2.759,-2.677165354,49.822,4.634,15.317,0.84,-1.92,143.1062097,1.4762,12.699,1.236,3759.78,-5.291,458.4620318,100.9745612,-4.617893042,6.343656635,0.130006799,1.464667014,0.0943587,226.0305866,-6.266442344,43.19497177,59.68507051,6.75116,240.746301,-7.260558054,-33.41617438
Driver,95.84377237,3.023,3.913,-3.74015748,51.868,6.289,17.227,0.666,-3.247,144.0410254,1.5029,15.747,1.021,2173.0,-8.144,463.6733488,97.00879591,-6.946364178,5.327679889,0.089536631,1.511678165,0.0794624,243.6352441,-9.052336734,37.57307941,65.65700792,6.40611,267.6029778,-11.13865844,-40.16761875
Driver,106.283554,1.3,9.9,-1.653543307,52.977,10.885,7.249,3.147,-6.753,157.3552702,1.4805,6.623,4.217,1490.0,-33.088,350.6120296,27.62038999,1.219074157,5.897883072,0.414224731,0.683081588,0.077976,194.3163433,-9.310032192,15.06185631,81.21705004,3.683756,251.9053845,-19.67522704,-70.67188638
Driver,91.54214388,-4.233,-6.07,5.0,47.419,-9.969,14.531,6.355,12.424,130.3022101,1.4234,12.283,4.795,3510.0,22.882,376.2787346,66.02945346,69.72923752,6.311670061,0.55501615,1.389346469,0.102898,194.6043117,49.62446694,34.0026771,57.60257724,5.54421,215.3328543,58.34576277,101.1642773
Driver,109.2721009,7.3,0.5,-8.818897638,51.471,6.338,18.944,-1.089,-1.589,160.5965909,1.4697,17.572,-0.896,2760.0,-6.764,544.4923661,157.1016496,-30.42382573,5.804487256,-0.097096722,1.856712504,0.078641,265.1482706,-21.67745312,50.20955516,67.98114534,7.963525,277.6907138,-23.27028024,-52.62726959
Driver,100.9596457,2.115,4.736,-2.874015748,46.844,6.721,11.32,0.511,-4.226,146.8770132,1.4548,10.068,1.097,2010.0,-17.072,414.4804496,52.97523426,-13.67372252,5.609702566,0.096680075,0.997370375,0.080182,223.1069856,-15.65986516,24.77802936,68.88528423,5.024673,263.7061053,-22.36146514,-59.75359186
Driver,64.70114531,-6.8,2.2,6.023622047,60.538,-2.17,26.781,4.401,2.207,83.23438618,1.2864,19.408,4.002,6093.25,7.007,182.9335946,42.45718497,16.83863971,5.770797571,0.416214831,2.019226657,0.154055,101.7057977,11.21306362,35.50410976,48.58174065,4.007044,114.7688341,13.06713279,12.39244135
Driver,101.0468862,1.5,0.9,-1.88976378,46.932,2.291,16.986,3.575,2.675,143.7569345,1.4227,14.762,3.297,3220.0,2.553,470.9217742,109.6486071,32.90791577,5.837669451,0.33825853,1.554637375,0.087111,235.4011917,18.85211109,43.63155652,62.01561212,6.925912,252.3808658,20.51974775,15.97817068
Driver,77.01100573,-2.2,3.885,3.070866142,44.831,1.67,9.613,12.665,8.779,112.3543754,1.459,7.003,10.692,3635.25,10.275,260.716636,24.36690437,56.83271074,6.189397095,1.161664838,0.766430738,0.115283,139.4859008,33.63077873,19.2960512,57.75821917,3.776272,173.901193,43.89771637,23.79484983
Driver,95.55073372,-1.703,-3.266,2.322834646,47.559,-4.824,14.613,3.032,6.299,133.9052434,1.4014,11.381,1.741,4610.75,27.035,363.7928349,63.33591232,58.47821248,181.553226,41.49013032,3.138359711,5.02658,186.1146578,43.22903592,34.19039602,59.26892599,5.21848,206.3327716,50.91913229,113.1278382
Driver,89.28060129,-2.211,2.348,2.992125984,40.297,-0.261,16.169,7.804,5.456,127.4597351,1.4276,13.734,7.047,3217.41,10.662,381.6871193,73.91719787,64.30662912,6.382744232,0.796056147,1.57631341,0.107046,197.8817227,40.04716646,36.41288835,58.23338808,5.79681,217.7611514,45.49484093,47.91053495
Driver,102.6664281,1.582,-0.972,-1.850393701,49.36,0.386,12.145,-2.006,-1.033,142.1825787,1.3849,10.806,-1.872,1900.0,-3.575,404.3851437,54.63624881,-17.40153329,6.386509139,-0.211394563,1.22103269,0.0945912,219.1287479,-11.1706285,25.67468591,68.40210261,5.05823,255.9342023,-13.7375453,-12.0472488
Driver,110.8983536,5.5,3.5,-6.181102362,50.884,7.849,19.511,-1.526,-5.026,159.7915175,1.4409,17.965,-0.952,3550.0,-10.914,533.3055411,168.9713941,-48.32091855,5.600042933,-0.103077623,1.838679247,0.07645,254.478671,-34.48158251,53.25765918,69.02269918,8.113531,263.2064779,-36.28673821,-90.86313595
Driver,112.9026485,-1.9,1.5,2.559055118,48.537,-0.343,10.303,2.445,0.945,169.3785791,1.5002,8.995,2.309,3350.0,2.332,575.7042492,109.631117,31.36424443,5.832262611,0.239971315,0.944616811,0.072197,275.2795399,17.42913323,42.69466693,61.72628427,7.360978,292.8750555,18.8952749,19.03970053
Driver,99.14101646,5.801,7.338,-7.322834646,46.813,12.81,15.327,8.444,1.106,147.0998121,1.4838,13.668,8.246,2440.0,0.627,476.8755054,92.23724436,68.38752087,5.763934805,0.827192726,1.409818499,0.083495023,246.1511545,36.40990375,37.00877179,63.98851733,6.442405032,271.5242462,40.26892048,3.353874805
Driver,73.01136364,-6.093,-1.618,10.5511811,41.162,-8.632,18.564,-14.832,-13.214,62.96438797,0.8624,13.009,-11.681,3950.0,-18.66,79.12496256,9.999956635,-17.75660715,6.126627503,-1.273337888,1.295679243,0.208583,48.87708879,-12.04571837,17.11332529,47.60349488,1.91865,72.92746193,-18.99618722,-6.617097737
Driver,100.4540981,3.134,3.751,-4.37007874,43.64,7.043,19.792,3.187,-0.564,148.907704,1.4824,17.839,3.257,2890.0,-1.848,504.2152705,137.4846008,22.37693829,6.221365312,0.351277775,2.030734687,0.0911298,250.4481544,10.04057516,47.81808447,66.66414296,7.48242,258.195589,10.25873895,-12.58006881
Driver,77.95051897,-4.977,-4.796,4.566929134,59.642,-7.719,23.487,1.544,6.339,103.0174034,1.3216,17.877,0.18,5877.98,7.844,266.2179101,66.98750769,10.96972363,5.245761029,0.027818291,1.709153511,0.111662915,139.4379891,8.988230462,41.43707365,52.43570359,5.130022818,150.650811,10.21102444,25.65312152
Driver,92.49955261,2.299,4.927,-2.755905512,54.046,6.595,16.329,0.297,-4.63,134.2709825,1.4516,14.122,1.056,3100.0,-15.719,412.4906745,82.97195464,-22.81991225,5.747115295,0.090794944,1.45549107,0.091534,212.6412587,-22.11894243,37.7907853,59.81343596,6.099372,233.7132499,-26.66389463,-78.03848093
Driver,111.5269327,2.698,3.882,-3.42519685,45.372,6.548,19.595,5.597,1.715,158.2189513,1.4187,17.525,5.374,3270.0,5.534,540.0563037,159.997111,67.37677858,6.295486145,0.596993837,2.034594937,0.086696,260.5713157,39.05851374,52.01778763,69.61104011,7.99821,265.9191079,40.04848826,44.27505615
Driver,101.8656049,0.286,2.858,-0.354330709,45.923,3.135,21.261,1.159,-1.7,135.9987921,1.3351,19.097,1.348,2932.72,-4.415,442.488813,121.6973364,-0.185797097,6.131123114,0.139028585,2.146071983,0.0990774,224.4597123,-3.237584933,46.07033548,63.84920374,6.98912,232.5927987,-3.577730711,-25.54957411
Driver,109.2653901,-6.041,0.101,7.401574803,47.983,-5.37,36.553,11.139,11.038,113.1487115,1.0355,28.297,8.477,9580.0,12.759,294.3716775,128.9143447,64.59659043,5.57725631,0.856186335,3.078339542,0.117817,142.6207211,40.51456076,57.73679025,62.15844141,6.40907,142.441126,40.44302053,59.74203956
Driver,76.59940945,-3.641,-5.45,3.42519685,60.184,-7.54,24.085,3.522,8.972,93.79384395,1.2245,18.002,1.368,5956.07,11.252,224.5396141,52.2462176,15.63693368,4.982714288,0.134157211,1.624357691,0.1165256,121.0586575,12.11451514,37.47518633,50.39618795,4.519876198,133.9610311,14.17188403,27.70630649
Driver,99.18799213,0.0,-2.2,0.118110236,45.797,-2.629,19.853,6.656,8.877,135.4169649,1.3653,17.394,5.444,3640.0,9.715,423.0948321,116.7999257,62.83931429,5.773965538,0.561576566,1.830583267,0.092901,210.5196983,39.25696486,47.53093537,61.23490221,6.872744,223.2480941,42.43311949,58.37287574
Driver,97.80332856,1.1,-7.7,-1.141732283,51.1,-7.079,18.439,2.811,10.511,133.7795276,1.3678,14.239,0.055,6563.91,13.472,372.9060566,105.1880104,35.86197172,5.848273014,0.028264446,1.531826802,0.094231,180.8756422,26.58612237,49.7850101,57.24119048,6.460667,187.1316146,28.08524911,79.24310352
Driver,100.0111847,2.652,6.971,-3.582677165,48.511,9.319,12.502,-2.433,-9.405,139.4805834,1.3946,11.159,-1.108,2586.73,-22.849,400.0083042,58.50334289,-40.66927046,5.778130469,-0.129941921,1.14299492,0.087419,212.2583468,-34.26609854,28.53214351,63.10612113,5.288151,244.0973273,-44.20312263,-90.62723988
Driver,89.98076235,-5.369,-8.418,5.866141732,48.618,-13.168,9.57,1.442,9.86,124.2627058,1.381,7.701,0.184,2770.0,23.053,287.8637389,26.80265126,19.32378758,6.308952169,0.042732371,0.851488013,0.106108,157.9279201,18.16052584,17.93842619,64.69687822,3.81995,196.816018,27.38505114,52.9698804
Driver,63.19792412,-5.6,2.2,5.275590551,60.792,-1.285,24.3,0.54,-1.741,80.7198461,1.2773,21.487,0.803,2258.82,-0.626,176.9282123,40.07843946,2.165488904,5.903014252,0.081853878,2.260425155,0.163604,103.5868657,1.188187752,31.53527431,53.5690665,3.774623,128.2643125,1.417126999,-0.790665588
Driver,107.1045097,-0.038,-0.877,0.039370079,45.302,-0.915,19.717,-3.408,-2.531,147.6042412,1.3781,17.24,-3.069,3660.0,-4.572,485.5220024,141.7352682,-39.12585169,6.350299596,-0.34640243,2.011943229,0.0936246,235.7364918,-23.5876543,50.56468749,65.58764979,7.53162,246.0781241,-24.93297684,-32.988524
Driver,99.71814603,0.4,-11.0,-0.511811024,53.161,-11.26,25.197,-2.019,9.002,130.1433876,1.3051,20.19,-4.044,6890.0,15.815,361.3013671,128.6731499,18.46297685,5.764305559,-0.376658083,2.165159136,0.098758,173.1017208,19.80584767,54.81015768,60.37038313,6.855026,176.0606772,20.42296712,95.65180699
Driver,102.5590551,0.5,7.3,-0.551181102,53.808,7.596,14.584,7.778,0.478,150.1362294,1.4639,12.754,7.734,2730.0,-3.11,487.3030955,98.83379646,56.51740011,5.79607457,0.777338848,1.326655962,0.082044,243.9786454,26.54350638,40.54231072,61.38099972,6.752545,264.3224421,28.28819003,-19.00888128
Driver,95.63126342,4.59,4.749,-7.086614173,48.043,8.887,15.111,-2.029,-6.778,142.846054,1.4937,13.55,-0.986,2638.16,-3.536,443.4567048,85.11298748,-23.02275459,217.3677485,-18.91597496,5.756874171,5.82824,224.9082445,-20.3189103,38.22662882,60.94370557,6.14716,247.0057856,-24.30738491,-49.38445608
Driver,99.79420186,0.9,-3.3,-1.299212598,46.97,-2.447,19.788,-0.232,3.068,140.9162491,1.4121,17.738,-0.671,4140.0,5.642,444.1322867,136.1551384,12.41474337,5.786143898,-0.052525819,1.880054482,0.089691,215.4814059,10.57752769,51.49352333,63.7287742,7.293595,224.6943638,11.36229826,39.29171872
Driver,83.63010021,0.593,1.197,-0.787401575,52.011,1.66,12.634,-8.18,-9.377,124.4698461,1.4883,10.828,-6.726,2842.56,-37.29,292.3732667,36.59288523,-64.19023436,6.031162524,-0.739277048,1.146397818,0.102159,162.1375062,-48.92262379,22.3637811,63.71998923,4.06214,187.4259846,-61.70161654,-91.44367852
Driver,102.2772011,4.9,7.1,-6.377952756,48.329,11.593,11.741,-0.104,-7.204,139.0383411,1.3594,10.662,1.154,2190.0,-15.55,391.4076387,54.54204674,-12.88948101,5.850577837,0.105458521,1.104788557,0.088668,208.5692769,-14.69003758,27.39998463,63.55957722,5.127472,242.163622,-20.24546841,-56.63147051
Driver,118.1773443,4.5,1.9,-5.196850394,49.888,5.678,19.874,-0.48,-2.38,171.4285075,1.4506,18.01,0.068,3208.73,-6.212,592.7747691,191.4673389,-26.95897587,5.325901655,-0.018932725,1.750734975,0.067676,280.3231762,-19.88609231,54.37064254,72.60500233,8.627901,288.3997078,-20.78392511,-60.65380283
Driver,99.79867573,-2.179,3.227,2.401574803,56.08,1.761,14.185,3.151,-0.076,141.4837598,1.4177,11.364,3.164,3963.0,-0.17,447.104046,91.78061986,23.70865671,5.612751694,0.309662531,1.156982913,0.0838656,220.0004906,11.79903311,41.72826572,58.25576649,6.53857,234.7161336,12.56919744,-1.032653873
Driver,106.9345025,-7.329,-3.717,9.212598425,48.564,-10.236,13.214,1.275,4.993,149.806505,1.4009,10.687,0.642,3870.0,8.856,483.2398422,97.85540812,31.22641602,6.359635375,0.082477904,1.237825378,0.0896641,235.3607819,22.44086299,42.18199749,59.25204298,6.79482,250.5762252,24.97402401,59.44290965
Driver,98.96206156,4.9,7.9,-6.57480315,47.954,12.358,20.613,6.231,-1.669,139.3631442,1.4083,17.997,6.504,3640.0,-5.404,438.1835116,131.6181443,32.19259541,5.700116118,0.639302626,1.876836324,0.089441,213.70237,12.46179812,50.7379086,62.90109309,7.20972,224.2706039,12.71052348,-35.35149791
Driver,99.01798497,-0.866,-0.397,0.984251969,47.238,-1.197,13.123,-2.883,-2.486,144.6680387,1.461,11.452,-2.577,2440.0,-6.481,447.387445,71.20455949,-31.31023285,6.418766195,-0.294697109,1.312413903,0.0937622,233.3790645,-20.53096179,31.7545247,63.32569406,5.85029,260.8787797,-24.12999404,-30.17309704
Driver,85.74624195,2.502,-3.137,-3.031496063,56.061,-1.453,23.266,5.473,8.61,115.0301986,1.3415,19.843,3.923,4240.0,14.151,329.0761863,93.15208022,46.15218563,6.077748989,0.438967833,2.2128664,0.117241557,169.1150517,32.0382489,45.38160156,57.38690826,5.986428956,181.9673765,35.53925303,61.80769374
Driver,74.68459198,-5.4,-0.6,4.881889764,57.368,-4.765,15.1,-1.812,-1.042,106.883053,1.4311,12.748,-1.637,2500.0,1.031,260.6917804,38.69231173,-6.57102788,6.00927285,-0.170456795,1.34935767,0.119708,145.0423214,-3.3686433,25.85807067,57.69024342,4.205529,175.9186523,-3.922012536,2.325180107
Driver,99.01574803,3.164,7.94,-4.015748031,50.203,10.58,11.629,-0.45,-8.39,144.388869,1.4582,10.529,0.671,2230.0,-34.94,373.8667896,47.09413588,-32.37712737,5.747592771,0.043665477,1.065299317,0.083738,204.7823546,-33.31963714,23.40329847,69.29157287,4.602067,245.8156992,-48.03027588,-107.0507365
Driver,99.23720472,3.948,6.571,-4.921259843,53.868,9.46,18.553,-2.757,-9.328,131.6653991,1.3268,16.995,-1.697,2427.15,-11.466,408.1811179,89.76939527,-30.52833681,5.744413507,-0.180013441,1.757598349,0.094561,216.2167184,-23.37596533,38.05785763,62.96938884,6.11743,239.9347196,-27.59250169,-51.00066624
Driver,87.33670365,-5.298,0.839,6.653543307,50.133,-3.602,13.296,3.005,2.165,131.3381353,1.5038,11.283,2.762,2643.73,6.552,380.1221172,56.78272073,27.36351249,5.993712211,0.294670888,1.202202924,0.0963523,201.4305361,18.02376711,29.14909755,61.06711748,5.26651,220.9128779,20.57585163,25.00609606
Driver,104.6080888,3.9,3.5,-5.157480315,46.882,6.991,16.254,0.075,-3.425,151.739218,1.4506,14.402,0.641,2890.0,-12.3,504.0466128,111.540476,-26.53842251,5.687956721,0.053475273,1.473218094,0.080171,253.3535439,-23.66560795,42.06108056,63.61049077,7.021816,272.6269972,-27.20598497,-79.45825061
Driver,77.85880458,0.962,2.359,-1.220472441,49.969,3.167,11.723,3.949,1.59,112.2731747,1.442,9.19,3.568,2854.77,15.647,258.4835863,30.66819177,33.82543709,146.2903148,28.06048103,-4.753557018,4.2555,136.7573026,24.90846294,23.91731446,56.42711988,3.8655,165.8144135,34.12614782,49.47512327
Driver,90.55341804,-0.468,-0.689,0.590551181,49.788,-1.085,15.944,-3.436,-2.747,124.2864173,1.3725,13.867,-3.073,2600.0,-9.263,357.5691463,62.68067398,-30.93290631,6.206980581,-0.342132856,1.535520331,0.106647,191.9505643,-21.40441174,31.75518592,60.43660103,5.31435,209.2529709,-24.29799907,-33.44302261
Driver,103.8452935,-4.278,-2.722,6.456692913,46.054,-6.857,17.016,0.343,3.065,149.9592878,1.4441,14.592,-0.025,3647.9,15.498,457.8730566,128.2821965,50.68695743,206.561955,31.816664,2.048473849,7.12058,207.9850272,32.14616412,54.9937864,56.69173549,7.21051,215.4266413,33.92159198,96.7074634
Driver,94.93557623,-3.5,6.9,4.645669291,53.312,4.24,3.951,-3.549,-10.449,137.4991052,1.4483,3.233,-2.405,1680.0,-17.103,212.8723725,7.742839838,-14.16047893,6.164239832,-0.271054003,0.344255192,0.092846,121.5249421,-10.37774042,6.582875497,88.56158813,2.280225,189.1279707,-19.28247104,-15.86308624
Driver,102.5076056,2.5,11.7,-3.307086614,48.851,13.934,11.436,4.577,-7.123,144.1119363,1.4058,10.251,5.587,2180.0,-19.749,407.0891233,55.29704894,11.78529225,5.717838,0.542230951,1.038017168,0.083451,215.9498391,-3.96960866,27.11651735,64.40925701,5.174911,250.2624082,-8.860044063,-74.91433822
Driver,90.97172513,-3.333,-3.23,4.881889764,52.678,-5.775,24.834,0.681,3.912,114.9921707,1.2641,20.826,0.062,4620.0,5.97,329.7231078,101.7475988,11.55042775,6.257595761,0.017996021,2.409692044,0.1217736,167.2027734,9.256367088,48.26852779,58.18801687,6.171722813,177.5375772,10.17240961,27.22712507
Driver,81.67725483,4.332,9.691,-5.196850394,58.881,12.312,-0.106,-8.166,-17.857,119.1419112,1.4587,0.301,-6.555,1965.7,-77.517,7.267688203,0.020744629,-0.845885076,6.534746386,-0.797334981,-0.021509992,0.113482627,3.97747571,-0.470333624,0.274712081,117.5500106,0.068695029,68.72472515,-8.581894658,-0.049164684
Driver,71.36274159,-6.249,3.113,6.732283465,55.184,-1.254,14.269,5.3,2.187,102.7762616,1.4402,11.886,5.036,2446.6,5.987,227.6827344,29.52976905,23.03758968,6.264337696,0.55640433,1.298587439,0.129183,130.5531006,14.78023287,21.38093072,60.46421031,3.6542,156.0408839,18.32339595,10.01006991
Driver,104.6170365,1.1,9.9,-1.299212598,49.748,10.816,6.106,0.715,-9.185,153.4862652,1.4671,5.613,1.533,1570.0,-39.183,283.9427858,17.36222382,-10.01542009,5.851985512,0.135374909,0.568712709,0.079108,163.210798,-13.75472478,10.69295475,90.32807866,2.911052,232.6907364,-27.92542072,-54.30179613
Driver,84.86041518,1.065,2.102,-1.338582677,50.353,2.985,26.062,2.893,0.791,114.3367484,1.3473,21.807,2.744,4830.0,3.681,325.8867589,106.0309067,21.75158571,5.801541323,0.283921002,2.349689538,0.114227,164.4670164,13.48877098,49.69124012,58.68955348,6.231223,173.5459338,14.4116272,16.87864148
Driver,76.19228704,-4.36,1.5,4.173228346,60.558,-0.967,39.015,1.739,0.24,95.64669828,1.2553,31.341,1.685,7270.0,0.216,240.6859711,104.6584625,6.672383159,4.776048102,0.140820921,2.932926699,0.122849,120.7884596,3.791201007,55.29503864,57.68499122,5.749987,122.8159341,3.856378622,0.718740639
Driver,102.6507695,-1.35,-3.405,1.692913386,47.313,-4.651,12.624,0.807,4.212,152.3720472,1.4844,11.439,0.439,1873.54,-8.895,423.6846083,64.5688742,-15.99010506,217.1898753,-15.74678046,3.319177844,5.13259,223.088248,-16.72472917,30.17611309,64.73141222,5.34804,253.8774279,-21.85686338,-55.28613745
Driver,110.5605762,-7.572,-2.259,10.03937008,42.927,-10.476,10.743,5.249,7.508,159.8995616,1.4463,8.08,4.136,4573.57,22.088,498.3259186,91.68849913,106.157628,6.25387755,0.478999351,0.928327213,0.0819216,237.9942719,69.38759272,40.90126159,57.88210041,6.68776,246.0973564,73.35217464,158.3624661
Driver,99.52353257,-1.915,2.802,2.716535433,41.536,0.638,15.988,7.704,4.903,145.4019775,1.461,13.456,6.979,3793.02,14.96,463.4748544,106.2284594,95.33188278,6.234482456,0.776024083,1.525117937,0.0915258,228.5468914,59.59309614,43.88851568,60.36082164,6.84265,236.7156324,62.6294304,97.02743945
Driver,100.8254295,1.1,7.1,-1.496062992,47.715,8.143,15.979,1.274,-5.826,147.0197298,1.4581,14.017,2.179,3080.0,-18.556,472.2611235,99.88642317,-26.8186115,5.580678852,0.196741662,1.404584601,0.081054,238.8328274,-28.15685315,40.3378715,61.88648722,6.672064,258.8231812,-33.33055334,-111.4618867
Driver,70.50823193,0.852,6.001,-0.708661417,64.025,6.416,15.27,-1.381,-7.382,89.1045544,1.2637,13.293,-0.325,1970.0,-21.149,159.4759848,21.09109624,-5.976063544,5.756411917,-0.051852062,1.311410483,0.137569,96.57187889,-6.346989327,18.93403282,61.2011746,2.83774,136.7264098,-11.44251108,-17.40086373
Driver,101.297423,3.612,7.4,-4.566929134,48.945,10.552,14.828,1.928,-5.472,146.8879742,1.4501,13.05,2.825,2888.48,-21.441,460.9362785,87.10057509,-23.20099338,5.858674486,0.270150464,1.367524235,0.084834,235.9390981,-27.57886544,36.6458252,61.83672139,6.297915,259.7727817,-34.25481577,-117.2820906
Driver,95.68047602,1.088,4.449,-1.25984252,50.276,5.353,18.305,9.806,5.357,125.3156317,1.3097,16.028,9.056,2970.0,16.664,373.022475,79.27130637,83.60963101,6.150858692,0.986607025,1.776994053,0.105994,196.26117,54.21480229,37.41113167,59.44078107,5.82433,208.7361165,58.97453998,71.54869723
Driver,82.37965283,-0.797,0.065,0.866141732,53.712,-0.52,15.767,9.402,9.337,115.4207677,1.4011,13.731,8.196,2690.0,19.634,302.5254427,49.37885516,61.33981272,6.459791124,0.943258165,1.571887861,0.119565,166.3982471,41.83070439,28.38328568,59.57443712,4.6753,193.854019,51.70524603,55.33062936
Driver,91.22449893,-2.919,-0.88,3.976377953,47.136,-3.593,20.992,5.315,6.195,128.327219,1.4067,17.716,4.397,4316.56,13.951,385.8256653,107.4366312,60.12334675,6.1462657,0.491697495,1.996621277,0.104607,193.177447,40.15650375,46.95791258,59.61492306,6.53687,199.1104867,41.91953594,76.65460115
Driver,117.6829814,2.5,3.5,-2.834645669,49.459,5.662,19.444,1.734,-1.766,168.7166696,1.4337,17.576,1.852,4180.0,-5.544,553.0569622,195.9422089,-6.78762887,5.230237432,0.172556381,1.683557791,0.067456,254.9988541,-8.801667145,57.74160189,72.98555046,8.527908,259.1160157,-9.088584755,-51.09953577
Driver,109.6054044,5.9,1.9,-7.047244094,50.851,6.809,14.917,-2.782,-4.682,158.9839835,1.4505,13.93,-2.192,2470.0,-14.68,523.3249014,112.30146,-58.18810808,5.823680272,-0.240810685,1.457258588,0.078189,263.0403928,-41.98902379,41.48620188,64.20013302,7.043479,283.5822159,-47.48338161,-96.07939613
Driver,115.8486936,1.558,-2.806,-1.968503937,48.009,-1.403,13.267,1.472,4.278,159.0439334,1.3729,11.686,0.877,2660.0,3.748,532.6459289,99.12873312,17.79367576,5.841858507,0.092375976,1.22139513,0.077647506,267.4123783,12.122086,38.40523682,63.78222638,6.859988832,290.7781841,13.83826757,24.09562718
Driver,103.4963314,1.1,8.5,-1.141732283,56.086,9.167,13.004,3.748,-4.752,150.83818,1.4574,11.478,4.433,2460.0,-16.387,467.9857089,79.1381952,2.320673528,5.93672821,0.445185288,1.21585654,0.083205,239.781236,-10.06606312,34.47299238,62.07393252,6.133902,265.6802221,-14.27421384,-85.65926566
Driver,111.4307445,3.3,-0.7,-4.133858268,51.943,1.751,13.24,-4.059,-3.359,160.9898443,1.4448,12.063,-3.398,1979.56,-3.949,522.6326489,90.8455738,-41.15680603,5.743943802,-0.36981895,1.235748357,0.075465,270.0616588,-24.34840527,34.78489409,67.1768069,6.428987,298.938653,-27.68610365,-25.09146233
Driver,77.8722262,1.728,-8.201,-2.283464567,53.476,-6.92,11.69,-15.569,-7.368,104.693316,1.3444,8.943,-13.495,3555.85,-7.655,219.3708495,25.38687828,-56.11419542,130.4133768,-35.73848312,-4.89924287,3.85862,119.7318889,-32.44370273,21.90261051,56.20427872,3.42862,149.1584469,-41.4205606,-13.95770112
Driver,71.46787759,-5.0,-0.2,4.488188976,60.708,-3.644,15.873,-2.445,-2.047,104.0159717,1.4554,13.523,-2.157,2440.0,-2.19,250.114481,38.65809741,-10.85383521,6.098445558,-0.232105241,1.452097595,0.125282,140.2739962,-6.819168166,26.18560951,57.47090089,4.14117,170.8428799,-8.63571045,-4.622896748
Driver,98.98443092,1.014,5.57,-1.338582677,47.796,6.489,14.976,3.447,-2.123,146.7685218,1.4827,13.026,3.754,2874.75,-11.053,474.4946738,93.08726222,5.078964355,5.852595886,0.373481269,1.365979462,0.084812,240.6590381,-5.507060089,38.47394623,61.8557505,6.540271,263.0260143,-7.842756839,-63.74321178
Driver,101.0446492,4.501,2.462,-6.102362205,47.241,6.637,17.998,1.908,-0.554,144.7483447,1.4325,16.219,1.985,2560.0,-1.814,460.2005726,73.238073,14.64683631,5.922767745,0.204578765,1.69950737,0.087549,281.267927,8.490447819,21.68677961,103.9941395,5.054834,368.5749893,10.74879452,-3.758175344
Driver,94.01843236,-7.7,0.9,9.291338583,49.622,-5.736,2.291,-0.344,-1.244,137.1425376,1.4587,1.195,-0.141,2080.0,-7.692,182.4902487,2.911114765,-2.617967137,5.993152351,-0.027772905,0.127035259,0.090377,99.79392372,-2.169716332,3.285445965,93.36778754,1.812333,165.4854746,-4.878197578,-5.772551321
Driver,71.74749463,-4.506,-7.321,4.251968504,63.622,-9.561,27.035,-5.6,1.72,90.8813529,1.2667,20.397,-6.005,5988.05,1.897,218.632265,57.19125246,-20.34612514,6.210443716,-0.645613249,2.319578212,0.152878,117.956475,-10.81323335,40.27911621,50.54114201,4.63585,127.9448794,-11.63639646,4.602562694
Driver,108.3415354,-0.367,-3.998,0.551181102,38.386,-4.462,13.726,4.729,8.727,151.7083482,1.4003,12.061,3.658,2960.0,7.481,499.2158144,96.3914957,50.28332528,6.330016647,0.411432692,1.369390585,0.088486895,249.9586747,31.45560627,39.24843166,61.89782362,6.737269875,271.5154629,35.38770577,46.71222784
Driver,93.1706335,0.569,5.957,-0.590551181,62.577,6.252,31.476,-5.347,-11.304,103.6374821,1.1123,25.693,-2.863,6350.0,-7.141,273.3873883,100.6349708,-23.86756097,5.829984132,-0.30661283,2.838065685,0.1311944,138.7902501,-15.94111576,51.65066082,57.15304216,5.856154218,144.1064332,-16.72241642,-27.10440973
Driver,91.47056192,-5.057,-1.311,5.984251969,50.6,-5.48,17.993,2.552,3.863,133.807713,1.4628,15.292,2.072,3640.0,6.052,419.6945951,100.6540685,28.84121056,5.513461292,0.205427657,1.53105279,0.088576,210.6640453,19.00223199,43.72173819,59.7089721,6.56835,225.1385168,20.91188486,34.21268012
Driver,103.053418,-0.062,-1.257,0.078740157,42.327,-1.325,15.128,0.346,1.603,148.2858357,1.4389,13.098,0.123,3005.94,-0.108,488.5348122,101.2204202,0.756105096,6.114529212,0.013068146,1.438787507,0.087798286,244.6466143,0.304427388,40.7779078,61.88831759,6.802980198,264.7209844,0.313443513,-0.662306523
Driver,95.04518611,2.669,2.959,-4.448818898,46.22,5.52,15.39,-3.199,-6.158,141.479286,1.4885,13.555,-2.275,2868.59,2.727,446.8154907,93.11148127,-15.97524372,214.4356134,-10.14699402,2.248555787,6.31369,216.7318017,-10.33752879,42.93712408,55.74574962,6.4285,231.9222929,-11.62851134,-5.207486741
Driver,84.21394059,-1.482,-1.87,1.88976378,47.471,-3.231,16.309,10.63,12.5,121.3247137,1.4407,13.858,8.808,3634.25,16.399,346.8744273,67.45847836,77.68858633,5.911505741,0.925014235,1.469163688,0.104295,180.6884864,49.67447417,36.10277427,56.46813488,5.497582,200.8055075,57.38779538,67.46115636
Driver,119.9266285,3.1,3.1,-3.74015748,49.648,5.8,19.065,0.04,-3.06,171.9805834,1.434,17.31,0.448,4000.0,-7.205,570.66174,198.2521838,-28.47083246,5.960968707,0.033843267,1.890296806,0.075418,263.390999,-21.3353838,57.32029002,73.2739482,8.625791,268.010332,-21.92404835,-70.16225101
Driver,92.90667502,-0.85,1.984,1.062992126,48.162,1.223,13.799,-0.288,-2.272,129.9212598,1.3984,11.255,0.119,3321.82,-4.642,387.2965765,64.69680436,-7.46519262,5.71676439,0.007182462,1.149439983,0.093041,199.0560823,-6.541789689,33.82917311,57.63450007,5.628258,222.2392209,-8.068053437,-20.86493958
Driver,26.21018253,-0.669,5.287,0.669291339,64.893,4.973,21.56,-0.716,-6.003,34.75684503,1.3261,17.05,0.592,1612.55,-11.525,24.93561722,3.900075292,0.148031709,5.965975264,0.042907636,1.200141329,0.374343,16.03597245,0.033095204,18.08604411,32.05239133,1.035072,32.45784617,-0.064621975,-0.397777586
Driver,92.86193629,1.9,-5.7,-2.165354331,52.909,-4.347,16.688,-4.912,0.788,128.7338941,1.3863,14.151,-4.974,3250.0,3.147,389.1337888,83.09978958,-26.73983809,5.889454639,-0.507043923,1.500851211,0.098042,197.7938546,-11.9980656,40.34666359,57.33567045,6.094529,215.6290826,-12.68755427,15.49497322
Driver,33.09770938,-2.5,1.9,2.086614173,70.757,1.049,31.961,2.567,0.667,35.43821582,1.0707,27.383,2.468,3700.0,0.757,37.10189204,9.81177493,1.562273827,3.084821392,0.133291627,1.424927714,0.203809,23.14598141,1.021583448,30.81602268,31.01197881,1.66151,32.85451597,1.458413383,0.074725824
Driver,104.5879563,4.984,4.874,-5.826771654,50.808,8.952,20.053,3.372,-1.502,149.305655,1.4276,17.664,3.624,3560.0,-4.916,494.445941,147.0614621,14.22547601,5.90481418,0.367852251,1.904108314,0.0862152,240.0997032,3.109577331,50.80109061,66.02112532,7.650562909,250.9800065,2.899514473,-36.21517791
Driver,111.3569256,4.395,0.231,-4.881889764,56.584,3.138,16.388,-3.061,-3.292,163.4889495,1.4681,14.963,-2.654,2400.0,-9.75,562.7316252,127.3739875,-52.31460304,6.532236432,-0.313293442,1.77510149,0.085785,283.4368185,-35.50564977,42.63607304,67.35060329,7.40766,302.5172027,-39.18274784,-67.33966314
Driver,106.4423765,2.333,1.13,-2.598425197,51.074,3.015,12.754,-2.801,-3.931,158.5824535,1.4899,11.165,-2.186,2677.25,-13.499,519.8589836,90.65013882,-52.58389383,6.253475423,-0.251486814,1.256074316,0.0832467,262.2467658,-37.46242245,36.2309193,63.19348012,6.60728,285.7635921,-43.22564325,-82.60411021
Driver,86.43074445,-3.511,6.247,4.960629921,46.777,2.942,13.542,2.576,-3.671,122.702219,1.4197,10.751,3.196,3480.0,-3.356,347.9927794,53.95053673,14.09746565,5.800303172,0.319651358,1.112378945,0.099856939,180.8065587,5.751333497,31.29156262,56.3705232,5.184877608,205.0617091,5.967597209,-12.99840573
Driver,95.23308876,3.043,-2.837,-3.779527559,51.034,-0.373,11.889,6.667,9.505,129.8317824,1.3633,10.052,4.638,3493.31,14.064,374.996781,56.50402678,53.55686211,5.64336108,0.470188802,1.012068019,0.09153,192.7266198,35.43217087,31.35116531,57.11346502,5.35164,217.1966165,42.4007012,59.99370618
Driver,95.14137437,1.636,-0.595,-2.165354331,47.486,0.905,12.204,1.449,2.044,136.932713,1.4392,9.763,0.967,3380.62,1.001,418.4347438,65.78796887,9.004933552,5.945561079,0.101393375,1.038861779,0.091369,211.1984643,5.218236324,33.63434385,57.80611195,5.793751,234.7389967,5.977148198,4.962850474
Driver,83.52496421,-4.91,5.847,5.039370079,55.108,2.412,21.721,1.689,-4.158,115.3632785,1.3812,18.445,2.246,3800.0,-6.806,335.6507569,86.82419086,1.289867744,6.211508534,0.23284901,2.087121736,0.118334,173.6971852,-2.839075856,43.0187644,57.23457722,5.897487,188.6698476,-3.699088587,-28.92956375
Driver,103.3777738,1.983,5.103,-2.480314961,50.225,6.755,14.235,9.808,4.705,147.8552255,1.4302,11.304,8.65,4609.93,21.975,447.1037457,97.67535239,137.400284,173.6596018,60.43780658,28.44283024,4.48999,219.6340177,83.55321547,43.1589556,58.4047397,6.61053,233.3929605,90.05883428,156.1616581
Driver,90.76145311,-3.732,-3.299,4.68503937,50.291,-6.404,10.984,-0.495,2.804,127.1324714,1.4007,9.156,-0.851,2350.0,6.992,322.864137,35.86969963,1.6453499,6.351642359,-0.087989199,1.022491297,0.104766,176.9774655,3.486362326,21.11836741,65.07564717,4.29215,214.517306,5.597992974,18.34192037
Driver,81.44237652,-3.609,-5.905,4.842519685,45.676,-9.437,13.381,-1.13,4.775,119.4293576,1.4664,10.655,-1.92,3360.0,10.201,324.7738385,47.10564069,2.354989982,5.949248829,-0.187638384,1.12654892,0.105221422,171.1771592,5.808703742,28.57365882,56.74603673,4.843999785,198.2337893,8.531747041,34.61180343
Driver,91.19318182,-0.901,3.448,1.062992126,55.415,2.827,9.897,6.814,3.366,131.2162223,1.4389,7.642,6.1,3077.83,10.578,337.4230392,37.72038814,50.46554682,186.6961876,33.10971695,-3.724842698,4.55138,178.2046892,31.02692361,22.35143619,67.91090402,4.27138,215.4591748,39.92844075,36.61116637
Driver,90.66973873,3.837,8.321,-4.409448819,57.753,10.747,16.514,-0.953,-9.275,123.8871242,1.3663,14.717,0.428,2750.39,-24.726,345.6304705,62.92953219,-28.28270823,5.915810156,0.019882401,1.551374094,0.10240679,186.6524686,-27.74828976,32.02218328,60.31993038,5.214132253,213.4330614,-35.91980956,-87.37891472
Driver,104.8787581,3.389,4.483,-3.937007874,45.899,7.773,6.514,-2.241,-6.724,143.8282928,1.3714,6.118,-1.377,1350.0,-54.003,203.9473326,12.28594251,-15.97904027,6.125481977,-0.173672455,0.638716585,0.0883912,123.6441022,-15.5490997,9.016330751,97.20119819,2.17766,189.8688403,-30.97724993,-37.7907681
Driver,86.16454903,6.273,13.103,-6.181102362,60.286,16.7,1.287,3.281,-9.822,112.7787223,1.3089,3.087,6.791,4412.57,-29.605,64.21385788,1.8084227,5.836659018,46.08755851,3.774542941,-0.477040497,0.950597,39.96820467,3.364583773,3.83953397,91.08711842,0.810597,97.36893438,7.206573479,-4.105217937
Driver,91.40569077,-0.589,-2.277,0.708661417,48.628,-2.796,14.758,-0.153,2.125,132.5024606,1.4496,12.914,-0.418,2450.0,5.032,393.2731859,65.91402903,4.472279512,6.339187812,-0.04132674,1.459845885,0.10171,209.3290351,5.10410737,31.43954148,62.16553253,5.51481,236.4569654,6.607006637,19.89197689
Driver,91.327398,-5.3,10.5,6.25984252,60.0,7.302,11.332,0.406,-10.094,122.0441124,1.3363,9.172,1.964,3060.0,-24.486,304.1170526,36.34569055,-15.64611981,6.083057311,0.180789493,0.985683457,0.10481,162.3154396,-18.20966957,23.87193253,58.22998759,4.336884,193.9060427,-26.73312723,-71.17997253
Driver,94.67385469,-4.0,-6.6,5.472440945,42.857,-11.704,15.531,0.878,7.596,132.5017895,1.3996,12.757,-0.16,3920.0,20.664,388.161041,78.1664275,40.57350445,5.768994561,-0.000435313,1.324786681,0.092747,196.4883856,33.83405715,38.91655171,56.56973583,5.933738,213.6871819,39.49880567,103.1232833
Driver,87.82211883,-3.296,2.644,3.897637795,61.08,0.821,6.584,-9.605,-12.249,127.0828114,1.447,5.401,-8.118,2390.0,-38.729,203.4416224,11.54914991,-40.92024735,6.00235068,-0.877570288,0.555488085,0.098153375,118.494998,-29.74845384,9.405228294,80.1789991,2.450003374,179.6086274,-52.4221171,-39.7599217
Driver,97.0539549,0.673,2.476,-0.866141732,51.546,3.01,11.745,1.506,-0.97,145.2527738,1.4966,9.915,1.67,2650.0,-9.19,443.7157238,63.9116886,-3.892243781,6.056421932,0.168426883,1.068188724,0.087668,229.2534809,-7.697992285,30.25391499,62.22084922,5.707309,259.181853,-10.63160334,-43.11617942
Driver,85.4107015,-2.509,6.116,3.188976378,45.201,3.622,22.719,-5.293,-11.409,115.655646,1.3541,18.717,-3.306,5063.33,-15.588,323.1840809,90.08061929,-45.73603748,6.332150616,-0.394069382,2.181024984,0.120658,165.1515806,-32.31259112,45.45068494,56.41847145,5.90931,175.0034387,-35.16564362,-68.75649547
Driver,101.5904617,2.623,3.389,-3.622047244,47.85,5.766,12.886,-2.353,-5.743,146.3059234,1.4402,11.47,-1.539,2360.0,-18.767,438.870808,67.34507629,-41.93363079,5.908834257,-0.173199233,1.203585887,0.085301,231.2445102,-33.43115781,30.02596883,64.71589453,5.625106,263.3250096,-41.99909974,-81.82116228
Driver,80.61471009,-3.199,-7.359,4.881889764,47.597,-10.285,15.41,-2.753,4.606,112.8180923,1.3995,12.512,-3.5,3346.13,12.25,290.7210823,46.52624136,-2.133469857,165.2830332,5.530459284,-4.322024806,4.75688,157.7861453,4.558911502,28.32016736,61.01628073,4.46688,185.4177218,7.985650469,42.5370013
Driver,95.44783465,-0.795,7.712,1.023622047,51.413,7.078,1.35,-8.132,-15.843,120.265077,1.26,1.096,-6.239,2280.0,-9.978,85.78351163,0.945628233,-9.900676428,6.071449617,-0.668011602,0.108587122,0.104391,51.4269593,-6.228494446,1.657984129,98.95635658,0.964866,116.7435823,-15.01397077,-1.931604996
Driver,103.230136,-0.1,5.3,0.393700787,45.437,4.993,7.924,-6.338,-11.638,144.8742842,1.4034,7.117,-5.022,2030.0,-24.564,345.0592171,29.66094839,-50.54650647,5.55807975,-0.50121275,0.692921124,0.079878,189.9617017,-36.24231189,16.64026249,74.29059779,3.947507,241.5896205,-51.90918173,-59.33915808
Driver,87.4753937,6.363,0.219,-6.614173228,55.012,4.695,7.226,-8.751,-8.97,120.2134037,1.3743,7.125,-7.607,1360.0,-79.093,115.4275203,7.586957497,-19.78288083,6.324795383,-0.874885695,0.73823658,0.109487,73.51082889,-15.37493178,8.53158497,94.61056785,1.42699,138.4412801,-34.12319976,-17.1710003
Driver,100.1185576,0.537,1.04,-0.708661417,51.009,1.474,14.093,0.745,-0.294,149.2083482,1.4903,12.501,0.781,2360.0,-1.217,478.7874097,84.56910528,4.008130302,6.181965454,0.083204361,1.38499845,0.0878646,248.0361843,1.287893813,34.70243963,64.25144336,6.26244,265.0961873,1.238049947,-6.279186325
Driver,103.5612026,1.698,1.618,-2.086614173,46.909,3.207,18.624,5.624,4.006,146.3291875,1.413,16.356,5.056,3388.66,8.406,481.8293053,127.6417254,64.82665569,6.258538912,0.562177447,1.87107526,0.092575,237.7343324,39.87079433,47.21535371,63.69040451,7.28809,250.5705239,42.75964442,57.18310665
Driver,103.0221009,2.1,9.7,-2.322834646,55.717,11.146,5.999,2.414,-7.286,151.3779528,1.4694,5.579,3.342,1340.0,-38.712,270.7334954,16.41441147,-0.19421197,5.898362617,0.322308373,0.569183387,0.080877,155.8987463,-7.326632204,10.55471661,89.65775893,2.809169,223.430952,-18.10131222,-49.17713339
Driver,111.4710093,6.1,2.7,-6.929133858,50.69,7.73,17.553,-2.537,-5.237,163.4873837,1.4667,16.312,-1.919,3010.0,-14.847,556.729935,150.3553075,-67.75877519,5.622427966,-0.202572172,1.661911763,0.074249,271.7476931,-48.49051179,48.48995732,67.2895992,7.890593,285.3120098,-52.35484667,-118.5283618
Driver,108.3057445,3.714,3.218,-4.68503937,45.359,6.894,14.279,0.874,-2.344,160.0999911,1.4782,12.393,1.304,3071.76,-12.172,538.8866635,113.0090193,-24.5558679,6.108143056,0.126049046,1.372785009,0.0809758,265.128583,-22.99451425,42.39039067,63.17712191,7.20202,275.6501817,-24.91302983,-86.99816793
Driver,91.34081961,2.817,5.732,-3.700787402,51.648,7.963,18.085,0.374,-5.358,129.5230852,1.418,15.571,1.302,3430.0,-13.698,395.9080303,89.8216426,-18.58045812,5.97057598,0.119596069,1.677547699,0.099426,202.4632068,-18.39076263,40.93367623,58.9529531,6.206593,220.6539016,-21.76517712,-68.90223562
Driver,102.1250895,-4.1,1.9,5.0,54.18,-1.277,35.841,5.5,3.6,121.5528812,1.1902,26.796,4.479,11200.0,7.339,316.4136441,142.593118,39.7718492,5.751619885,0.467176301,2.971610707,0.11179,149.6180069,24.78843995,59.7494743,64.56403708,6.733956,145.4142032,23.96208844,39.56997058
Driver,99.13430565,3.292,4.167,-4.409448819,46.76,7.267,16.066,0.858,-3.309,145.96233,1.4724,13.515,1.543,3820.48,-14.938,447.5255651,60.36204474,1.116130418,5.959252582,0.154885357,1.414025501,0.086314,270.2531628,-4.985645958,19.35779202,100.2486211,4.862452,358.5941017,-10.65399074,-36.77926203
Driver,112.0951145,-3.325,-4.748,4.094488189,50.557,-7.488,8.312,-6.11,-1.362,162.2060666,1.447,6.754,-5.925,2528.24,-2.414,462.3176795,50.09966943,-53.09842876,245.8698416,-30.24149359,-5.126643509,5.40229,235.7489423,-28.85216124,25.10146893,68.49059652,5.06229,272.4233352,-33.9676468,-13.63625313
Driver,82.80243379,-2.092,2.197,2.874015748,49.477,0.407,6.722,-0.981,-3.177,119.7076324,1.4457,5.296,-0.462,1802.57,-11.455,171.0988593,8.408452553,-4.985798152,124.0914598,-6.705290434,-3.917083906,2.76602,102.8537125,-4.680608085,7.78633359,78.98629181,2.18602,159.2867986,-9.517358746,-11.55591393
Driver,92.62258411,1.927,-6.844,-2.559055118,52.143,-5.345,16.616,0.003,6.847,135.6149338,1.4642,14.356,-1.1,3364.13,16.32,420.0909832,89.78823842,26.84511606,6.255235395,-0.100723603,1.622856484,0.0988367,213.7539263,24.99390041,39.95619337,59.44881084,6.30282,231.4895894,29.17216819,87.19402274
Driver,97.44094488,0.0,-4.2,0.236220472,48.203,-4.739,12.785,-7.991,-3.779,134.6720651,1.3821,10.382,-7.064,3350.0,5.264,405.7908496,67.36907887,-40.22420419,6.016485241,-0.755159562,1.11889754,0.094264,205.1657453,-17.48278442,34.89912114,57.32947959,5.775852,226.8966152,-18.49285769,23.36703833
Driver,85.78874374,-1.494,3.643,2.047244094,49.323,2.358,14.001,-1.117,-4.76,118.268835,1.3786,11.333,-0.27,3280.0,-11.086,321.1358589,48.40546046,-15.33793472,6.227259566,-0.042507943,1.255306659,0.111448,170.4109778,-13.14984257,29.05396982,56.88261969,4.86207,195.0862617,-16.80512412,-37.04715343
Driver,116.6696492,4.7,2.9,-5.393700787,51.593,6.63,17.724,-2.338,-5.238,165.5668397,1.4191,16.275,-1.769,3490.0,-12.629,558.3212444,164.6993411,-63.98364375,5.760904969,-0.186220096,1.704821361,0.075188,266.2653963,-44.26183915,51.93098311,68.37708317,8.147551,276.1782175,-46.78578834,-108.4065055
Driver,102.2190408,0.6,7.0,-0.511811024,45.713,7.28,33.922,-9.367,-16.386,122.7639585,1.201,27.811,-5.555,8360.0,-17.226,327.9409884,146.6340773,-69.91610509,5.597345811,-0.577519483,3.005774372,0.108385,156.6757661,-46.5348903,58.81872437,65.36628915,6.83592,155.5308332,-46.11376117,-95.50307135
Driver,116.6472799,2.97,-1.101,-4.05511811,41.487,2.262,15.256,4.393,5.494,171.6130548,1.4712,13.965,3.793,2413.01,12.215,596.0686251,131.2899057,75.10685498,6.127079343,0.414903669,1.537737153,0.07618,297.736338,49.75366014,42.68711969,68.04254197,7.580657356,318.0472494,54.94583392,90.67731262
Driver,96.79670723,-3.321,4.727,4.251968504,47.074,1.633,12.457,6.44,1.713,136.531854,1.4105,10.507,6.222,2660.0,3.984,404.253832,58.57546477,49.56187627,5.573437115,0.607045884,1.041820627,0.0858624,211.7417845,28.41264475,29.30978183,61.36949692,5.42356,239.8655937,32.92085978,16.51205689
Driver,107.5228168,3.51,2.001,-4.68503937,49.788,4.973,12.778,0.767,-1.234,156.8459198,1.4587,11.378,0.958,2200.0,-6.778,503.5483493,82.05382182,-5.335263684,6.016750067,0.0954612,1.219304073,0.080976,260.4811781,-7.41509343,32.9429032,66.11618982,6.214514,291.4069435,-9.690372571,-35.3022017
Driver,97.37383679,-1.884,3.277,2.637795276,44.255,1.342,14.6,3.386,0.109,142.3181371,1.4616,12.534,3.372,2920.0,-2.523,454.6757195,85.59392812,20.8019721,5.911885306,0.345364107,1.326565442,0.088205,231.2907842,9.037048153,37.34001334,60.86160732,6.331514,254.3253944,9.517568293,-13.71718329
Driver,100.9775412,1.404,-1.18,-1.653543307,46.785,0.139,11.357,-0.058,1.122,150.7576503,1.493,10.189,-0.193,1760.0,4.127,437.7152851,57.24803013,3.971327402,6.393731924,-0.018442998,1.153490679,0.0890906,235.4114925,4.170103873,25.5073938,70.52890898,5.19374,274.7419415,5.71686807,14.88880344
Driver,94.95123479,-1.8,-5.0,3.503937008,38.839,-8.019,15.694,-1.509,3.521,139.3271296,1.4674,13.087,-1.967,3678.29,5.173,436.4591884,97.09506014,-2.209935428,5.834410884,-0.202937384,1.378618955,0.089286,216.4744882,2.502679552,43.13791946,58.86329441,6.581456,232.1652861,3.281650085,29.79286002
Driver,101.6978346,3.9,2.1,-5.433070866,48.268,5.572,15.617,2.0,-0.01,148.6656675,1.4618,13.822,2.002,2650.0,-2.348,489.9913558,100.0362759,11.32102654,5.872538692,0.203149116,1.455838574,0.084272,249.7390401,4.13982993,39.33708039,63.52773972,6.71853,272.1064966,4.142005315,-13.75793177
Driver,96.02272727,-1.3,-3.3,1.771653543,47.345,-4.612,18.303,-0.04,3.357,135.5469309,1.4116,15.881,-0.479,3308.23,2.357,428.8929216,105.5479244,2.099684276,5.488669715,-0.04359485,1.577140219,0.087367,215.1399564,2.724458927,44.54602963,60.42371158,6.701209,230.8182169,3.176202453,13.56838778
Driver,94.29357552,2.039,5.198,-2.480314961,52.422,6.769,11.59,-4.483,-9.681,144.850349,1.5362,10.513,-3.357,2220.0,-44.675,342.3169654,40.76002242,-56.82151773,6.349377867,-0.404469908,1.170379373,0.0922002,191.1340215,-48.39529647,21.16493002,72.65216552,4.12453,222.6937656,-63.37914104,-112.4540899
Driver,116.6942555,-1.173,0.662,1.653543307,48.499,-0.377,10.784,-3.442,-4.104,160.906854,1.3789,8.445,-2.624,3953.87,-0.87,525.8799475,113.0816337,-44.05789047,235.6237103,-31.0474367,3.355498384,7.41002,238.3695551,-31.85958066,49.38650777,53.7362923,7.57257,247.8792786,-34.66815235,-63.0335668
Driver,106.7846278,-6.473,-5.701,8.031496063,50.178,-11.13,11.508,-2.678,3.024,152.8852004,1.4317,8.753,-3.151,4241.33,6.174,490.9561938,94.13403307,-7.038174867,6.331436721,-0.340009742,1.017767927,0.086943,235.507324,1.394882272,42.00503451,58.17060054,6.76709,250.1617665,2.242145056,43.01346098
Driver,110.5717609,2.595,1.003,-3.149606299,44.411,3.654,15.18,5.534,4.531,158.5661238,1.434,13.652,4.962,2560.0,19.253,522.0668522,105.05105,90.70119284,6.108931362,0.546212978,1.504848651,0.0821173,265.6692005,62.51694834,38.83782473,64.89720017,6.84187,279.1575366,67.57782238,119.8466444
Driver,93.00062634,2.749,6.074,-3.622047244,49.118,8.456,13.848,10.494,4.42,136.7877595,1.4708,12.05,9.757,2630.0,8.096,413.9500966,68.13907233,82.36936177,5.937296968,1.013319263,1.27386179,0.091961,216.6668393,48.31545541,32.11683119,61.53876217,5.686669,244.7179682,56.04598641,35.46798179
Driver,82.41768074,-2.1,2.7,2.244094488,59.512,1.428,24.31,0.663,-2.037,100.8129026,1.2232,19.838,1.116,5740.0,-3.326,260.2222773,72.01565381,0.158954292,5.91761528,0.098838486,2.156995656,0.130745,136.2278872,-1.183375096,43.84381298,52.79926206,5.232358,146.1107168,-1.445690654,-11.50893727
Driver,91.4079277,-2.563,8.536,3.307086614,53.276,6.622,10.634,-3.729,-12.265,124.1553329,1.3582,8.964,-2.131,2830.0,-30.833,287.3897302,30.39815796,-35.18146866,5.721873717,-0.239312132,0.898226048,0.096624624,158.4071576,-29.79215674,19.61286109,64.2219397,3.886572297,198.5542114,-44.02993991,-71.95917373
Driver,84.59421976,-6.413,6.783,10.15748031,49.253,1.226,46.821,-24.88,-31.662,78.71331424,0.9305,38.538,-17.198,7790.0,-16.532,176.8677003,85.76689058,-59.05186053,3.66830314,-1.107173488,2.917842014,0.1250248,90.5638052,-37.84772965,55.84287017,53.72504976,5.028025166,91.37967921,-38.21989904,-35.48566292
Driver,97.76082677,0.051,4.352,-0.078740157,54.737,4.388,5.84,-2.989,-7.341,142.8514227,1.4612,5.236,-2.214,1390.0,-28.811,244.3633993,13.57214906,-19.09078132,6.038704791,-0.250200876,0.54435414,0.087674892,142.6687544,-15.67984985,9.333550637,90.44134881,2.61952048,213.5236701,-28.78577929,-30.56987178
Driver,101.6777022,-1.121,-3.603,1.653543307,46.364,-4.671,9.408,-8.816,-5.213,144.3300376,1.4195,7.707,-7.96,2723.72,-1.988,411.4138235,47.95405866,-64.40077999,209.2637945,-36.24853853,1.563223705,4.8672,212.4240896,-36.88913527,24.94791025,64.92338013,4.9764,246.5936998,-43.94030896,-22.69143483
Driver,90.51986399,-3.625,-0.001,4.409448819,56.531,-2.402,9.183,-2.239,-2.238,131.3312008,1.4508,7.643,-1.966,2040.0,-6.436,307.2498101,27.57269443,-15.16252248,6.174791307,-0.217025845,0.824803304,0.098170088,170.7496899,-10.39333421,16.71560769,70.94360285,3.806336717,220.2254461,-14.81457367,-13.62079197
Driver,91.96716178,-1.9,2.1,2.952755906,45.051,-0.035,16.95,4.082,1.982,130.4836256,1.4188,15.346,3.971,2091.57,1.294,387.987252,75.6308611,28.16055225,5.711630588,0.39659396,1.568082602,0.094064,207.6743776,16.03975724,34.67064523,62.50265076,5.680892,234.9029681,18.34531551,4.98730846
Driver,97.24633142,-10.263,-5.168,11.41732283,60.264,-11.104,29.396,4.035,9.203,110.2670902,1.1339,22.163,2.099,8125.76,12.153,289.7738409,97.73731088,31.09583184,6.198482173,0.257489755,2.586211408,0.127442,146.4345188,22.14265477,50.31205817,56.43212889,5.88852,147.8110857,22.43276231,50.47835766
Driver,92.12598425,0.033,1.545,-0.039370079,49.925,1.573,18.915,11.038,9.493,130.6663833,1.4183,16.142,9.55,4040.0,11.935,399.1100481,101.7443196,90.87936939,5.963847251,1.00500387,1.749213217,0.098862,200.1787871,54.72376409,45.13452445,59.18538135,6.497732,213.8532868,59.53554114,66.05742988
Driver,95.39414817,-1.1,-2.7,1.57480315,53.788,-3.65,21.517,1.135,3.873,121.8987115,1.2778,19.233,0.712,2805.18,-0.374,371.577771,95.80301161,3.821515494,5.46920102,0.067579585,1.91339776,0.098657,193.7951324,1.850142334,42.71283039,60.22698639,6.208995,211.7553252,1.981722495,-1.674214023
Driver,102.0691661,-0.1,8.9,0.196850394,51.28,8.753,8.49,-2.133,-11.033,140.4230047,1.3757,7.576,-0.847,2080.0,-17.247,346.9794316,32.13902269,-20.51494903,5.833410031,-0.098213322,0.775338003,0.086649,190.2157958,-17.48400651,18.0428997,71.42258612,4.121235,238.4741906,-25.9549179,-44.04646035
Driver,101.5412491,-0.966,2.324,1.102362205,50.677,1.533,10.98,0.273,-2.051,152.7668665,1.5045,9.59,0.517,2140.0,-6.295,461.5830249,61.40148318,-6.182523708,6.316580623,0.051916036,1.076892446,0.0867334,242.1697295,-6.897127829,27.4665445,66.84147211,5.53931,276.0061517,-9.181129946,-27.24334124
Driver,110.1310845,6.9,1.9,-8.267716535,50.273,7.639,15.365,-4.914,-6.814,161.2048139,1.4638,14.447,-4.064,2480.0,-23.063,522.4430655,113.1762881,-95.15870594,5.534504965,-0.417019292,1.436041891,0.073401,263.6983688,-68.36233472,41.09348058,64.55485532,6.994625,284.4812901,-77.35492467,-150.4226162
Driver,101.1341267,5.075,0.519,-6.377952756,48.194,5.074,14.506,4.139,3.62,148.5692555,1.469,12.994,3.542,2390.0,12.559,472.4365395,85.39394301,53.05417019,5.952650672,0.377825486,1.380899827,0.085147,245.626038,36.50008453,34.99602947,64.38514635,6.2406,273.0348088,42.88031236,64.27205322
Driver,86.94971367,0.124,6.167,-0.157480315,54.042,6.256,0.154,-5.81,-11.977,118.9640748,1.3682,0.151,-4.371,1700.0,-31.634,7.232993137,0.011029874,-0.559311736,5.815205362,-0.463062542,-0.004740473,0.100951,4.302304275,-0.337616794,0.129708698,117.3573813,0.074445,64.10282913,-5.249673689,-0.02924581
Driver,100.4429134,-3.018,-0.614,4.015748031,49.121,-3.229,15.067,2.578,3.191,146.9284628,1.4628,12.87,2.174,3255.62,9.814,477.8550616,99.64009486,43.02513293,6.136589571,0.24356919,1.429901128,0.088854,238.2460315,29.42915891,41.13663539,60.86582274,6.757,248.792421,31.50949825,61.31844682
Driver,66.17528633,-1.757,-4.815,1.57480315,67.652,-5.537,30.044,2.464,7.279,73.63233715,1.1127,23.494,0.741,4910.0,7.709,152.8863707,40.39785732,5.387682011,5.021336245,0.07690002,2.145060372,0.1555384,86.79780714,4.492173897,36.70549686,47.2818986,3.741541111,100.5918643,5.606401458,10.11236218
Driver,96.00930565,1.5,6.1,-2.125984252,46.017,7.603,13.044,2.066,-4.034,140.7357283,1.4658,11.437,2.728,2380.0,-16.246,413.4585914,64.50264826,-6.363308497,5.74623286,0.260451433,1.168401147,0.086281,216.8364271,-12.67852819,30.92614633,61.82612311,5.544564,245.9592834,-17.56062294,-68.90023627
Driver,112.7639585,3.6,2.0,-3.858267717,50.048,4.516,17.555,-0.701,-2.684,164.7827935,1.4613,15.298,-0.089,3761.21,-9.504,545.707212,161.4957429,-39.11435872,5.985922474,-0.036038189,1.666444921,0.078207,258.2077198,-28.40925234,52.65152173,67.35632909,8.07275,267.1585011,-29.99327427,-84.03170435
Driver,98.29098067,-2.175,-3.516,2.913385827,42.879,-5.86,14.516,0.851,4.367,133.1525143,1.3547,12.8,0.384,2347.81,9.47,390.0286156,63.58982146,15.53290119,5.90962604,0.047230787,1.346412132,0.0941946,209.0234743,13.33057812,30.34163458,63.06790503,5.39981,237.7205961,16.78976713,35.79675676
Driver,98.32677165,2.623,5.317,-3.582677165,45.133,7.93,14.617,-4.147,-9.464,140.4540981,1.4284,12.987,-2.806,2910.0,-26.962,417.104631,73.46203592,-66.64837889,5.680090332,-0.300560903,1.315191568,0.08597,217.6510851,-52.21122111,33.42252487,61.38700285,5.759656,243.5082909,-63.49180018,-125.4142838
Driver,100.492126,-1.393,2.047,2.007874016,40.362,0.408,12.518,3.589,1.542,147.2749642,1.4655,10.015,3.305,3682.64,6.233,472.1812751,86.83672069,43.50074097,6.248282096,0.367533115,1.135465041,0.0893634,231.8302805,26.33133476,39.3883681,58.49598985,6.5258,242.1172905,28.01111456,39.02624195
Driver,28.01986399,-7.4,-0.2,5.433070866,75.367,-2.726,41.104,-1.103,-0.852,32.08616679,1.1451,28.084,-0.768,4114.97,-0.721,30.97465345,8.40667985,-0.442007438,5.90478314,-0.086204583,2.316193871,0.44175,19.32491224,-0.295209394,31.39065067,28.32149896,1.535037,26.69054815,-0.413667005,-0.108561736
Driver,97.3805476,-2.166,-1.774,2.913385827,47.915,-3.731,11.95,-0.391,1.383,139.5141374,1.4327,8.75,-0.711,4453.55,10.55,410.0790049,74.91601352,27.03279891,117.0014865,6.588822426,23.82916744,2.59521,198.3838599,20.08173827,40.72219319,55.38293354,6.01246,213.0439133,22.66844301,67.58786086
Driver,99.20365068,-0.492,-0.68,0.590551181,50.347,-1.088,10.905,-4.887,-4.207,141.6736757,1.4281,8.126,-3.843,4169.96,2.641,433.3531137,72.34364279,-17.4750479,190.6304611,-5.23676773,13.50468979,5.05941,212.1250761,-4.640449833,37.30850146,56.4859096,6.01246,230.0618255,-4.104170591,28.75134729
Driver,102.7268253,-2.37,0.141,2.913385827,50.908,-1.786,9.98,-0.481,-0.622,146.9700698,1.4307,8.076,-0.384,2783.65,-13.542,399.5319427,44.1282291,-25.75247471,218.0609123,-22.46507733,-2.831117731,4.89658,211.7354412,-21.16734743,23.22769071,68.18961227,4.68658,249.1937647,-28.67279044,-59.26478111
Driver,94.27568003,-4.1,10.1,4.881889764,61.423,7.714,8.39,3.32,-6.78,119.3134843,1.2656,6.648,4.308,2340.0,-22.239,234.318155,17.56688541,6.39623077,6.08521978,0.436297536,0.701658642,0.106392,132.5394303,-1.336681962,13.59798596,68.47599189,3.109359,180.6052024,-6.310032957,-33.86547176
Driver,92.27138511,0.749,6.205,-0.94488189,51.13,6.809,12.411,1.369,-4.836,133.677747,1.4487,10.517,2.174,2723.72,-15.134,381.0990451,53.51430996,-7.069896863,5.974139858,0.212800228,1.113933189,0.094182,201.2851973,-11.56943357,27.8586369,61.32949738,5.155747,232.7084782,-16.50099895,-57.55232062
Driver,94.15935934,-4.751,-4.365,7.952755906,45.739,-9.011,11.421,-0.108,4.257,137.5973067,1.4613,9.497,-0.627,2720.0,11.681,397.8322747,52.42187399,13.32486128,6.133623894,-0.056110325,1.0334153,0.093649275,208.1169434,13.24120003,27.19988386,61.66100502,5.209626448,240.3905843,17.81707529,46.53964771
Driver,111.0482283,3.9,-1.5,-5.0,48.177,1.959,14.599,-2.053,-0.553,162.3825608,1.4623,13.466,-1.993,1829.86,-0.103,535.9014877,102.0854273,-18.54076703,5.760989606,-0.200687043,1.387097413,0.075458,277.732685,-9.86145911,36.75820348,68.73290199,6.64958,305.2379932,-10.85564465,-0.608292796
Driver,96.98013601,1.8,-2.6,-2.401574803,40.152,-1.149,19.913,6.646,9.419,132.8778185,1.3702,17.019,5.02,4310.0,12.488,403.9991934,113.3348356,65.3683782,5.730932377,0.522063064,1.780770852,0.093872,199.9092297,42.04561176,48.162767,60.19841285,6.736014,211.0008543,45.28316811,74.3485865
Driver,79.49400501,-4.953,4.643,4.763779528,60.056,1.782,27.946,0.856,-3.787,95.98335719,1.2074,22.386,1.585,5330.0,-4.882,245.1573019,72.61807033,0.902097341,6.107349768,0.158512246,2.528220652,0.144378,129.9196972,-1.205141398,44.44022931,53.13006144,5.150783,140.1036358,-1.543281522,-14.39429034
Driver,103.4090909,0.9,7.7,-1.062992126,53.664,8.307,11.42,5.439,-2.261,152.4872495,1.4746,10.076,5.843,2080.0,-11.346,457.925421,65.21742305,26.91502981,5.738974639,0.576305913,1.026977549,0.079093,238.7347306,7.482017499,29.46769876,64.963849,5.643265,271.5531976,6.105513491,-50.54642457
Driver,116.8284717,-0.652,-1.931,0.787401575,51.515,-2.449,12.249,-0.412,1.519,158.8596099,1.3598,10.587,-0.612,2640.0,4.312,525.1222145,88.81530305,5.190550094,6.393927306,-0.064066815,1.21858989,0.0848182,264.1343448,5.992189604,35.8739879,63.12744995,6.60844,288.1290791,7.315028411,26.43718977
Driver,116.994005,3.872,5.779,-4.291338583,51.098,8.909,13.829,1.993,-3.786,170.3699893,1.4562,12.631,2.462,2170.0,-13.517,576.7177972,109.6741718,-10.36134524,6.271777437,0.257320111,1.427751392,0.0781086,293.1266127,-16.62713378,37.90141608,67.84052617,7.01403,317.4068447,-20.31482387,-87.54986626
Driver,79.84296707,2.784,1.533,-3.779527559,48.716,3.98,14.652,-6.656,-8.188,108.7960809,1.3626,12.037,-4.789,3438.31,-13.402,261.1319725,41.27527636,-35.79274367,139.4854139,-23.92070866,1.587876002,4.10993,142.4189329,-24.60747017,27.32149969,57.8595044,4.22612,169.4785197,-31.03013215,-38.4309807
Driver,72.44989263,-2.65,3.133,3.11023622,56.938,1.406,34.763,-19.282,-22.415,80.53686471,1.1116,29.442,-15.217,5058.85,-18.723,185.4311575,65.36480956,-58.43634737,5.495027846,-1.480585967,3.075260576,0.1646792,100.9138663,-38.13595769,45.93317217,50.91322945,4.607144329,110.0712007,-42.2024205,-36.82693492
Driver,70.26887974,4.52,2.439,-5.31496063,55.602,5.542,12.946,2.535,0.095,99.97494631,1.4228,11.343,2.516,1592.42,-2.059,160.2222037,17.9264083,6.318993269,110.6754727,3.869109878,-4.69094357,2.95923,97.08322082,3.510510372,16.21612635,67.57078208,2.51923,141.4097893,4.735771916,-2.25564607
Driver,80.39772727,0.846,5.68,-1.102362205,52.812,6.322,12.598,-2.159,-7.839,112.2096457,1.3957,11.139,-1.155,1960.0,-20.357,240.1150931,28.35181996,-14.36513023,6.221739982,-0.143578237,1.202777054,0.117068671,139.78761,-13.00297824,19.02495062,67.31156374,3.497896063,184.3181054,-20.53974819,-30.58448433
Driver,84.4734252,0.953,9.735,-1.181102362,59.768,10.29,9.385,-4.588,-14.322,122.1376163,1.4459,8.39,-2.837,2420.0,-47.275,213.1568728,18.42897066,-27.34850884,6.186654812,-0.346138724,0.890756834,0.106024397,125.4222534,-24.69340834,13.87473024,74.54390686,2.788457616,178.6154937,-43.79951505,-55.73070761
Driver,79.20544023,-5.067,4.57,5.0,60.649,1.712,33.988,2.286,-2.284,94.02805118,1.1871,26.447,2.815,7036.04,-2.39,235.2115301,84.05249082,7.934214573,5.884460249,0.28336074,2.949332311,0.14722,122.4420476,3.633300741,49.59713554,54.15845276,5.341573,127.2823242,3.727911615,-7.14515437
Driver,89.78614889,-5.002,0.928,6.377952756,53.348,-2.807,8.515,-0.808,-1.736,131.9492663,1.4696,6.82,-0.588,2240.0,-4.744,311.1461329,25.86914826,-6.916380995,6.096639049,-0.066465452,0.728376447,0.096302809,170.6533188,-5.300184621,16.17179244,69.68929841,3.81984446,219.3266008,-7.910069101,-10.6483359
Driver,88.77952756,-1.93,4.483,2.559055118,52.368,2.994,8.449,-6.221,-10.704,119.3137079,1.3439,6.718,-4.404,2960.0,-8.085,277.1170058,23.59523174,-27.74431159,5.864334459,-0.458249776,0.692300707,0.102546,150.166855,-17.59519877,17.2373764,62.4389459,3.751551,190.9126902,-24.1275974,-18.27470489
Driver,76.79849678,-3.197,-2.422,3.661417323,49.993,-5.109,12.871,9.63,12.052,112.8907928,1.47,10.999,8.17,2640.0,25.627,257.6441277,31.84264807,53.13087391,6.404678229,0.937365453,1.231739934,0.119838,145.3610696,37.61968915,21.30272104,62.17968489,3.83432,180.1494518,50.89535741,51.85291803
Driver,94.26673228,2.304,-0.453,-2.952755906,46.535,1.732,21.472,-1.588,-1.135,129.9192466,1.3782,19.066,-1.435,3110.0,-3.211,412.126426,112.3266454,-16.78954066,6.089029976,-0.156370744,2.125834817,0.103018,210.0415924,-11.00333469,45.48877452,62.12008452,6.71503,218.218817,-11.59311208,-17.24119497
Driver,112.6297423,-1.076,0.643,1.535433071,49.218,-0.285,13.307,3.199,2.555,157.2174749,1.3959,11.092,2.793,3512.07,2.471,504.0093169,108.9233657,35.21422569,170.7992632,12.40480188,36.08398511,3.93793,237.4294026,18.60893433,47.34723797,58.29314633,7.08803,250.3566695,19.6890257,21.15905887
Driver,78.67528633,-3.18,0.522,4.251968504,46.508,-2.499,10.959,3.11,2.588,114.1649517,1.4511,7.873,2.535,3556.6,-0.451,281.9437242,30.21960077,11.94443015,6.056818722,0.267288787,0.844968051,0.111209,149.7656003,6.223310306,22.16422969,56.87502084,4.12277,181.6479132,7.461408429,-1.203421578
Driver,85.70150322,-6.017,0.762,8.267716535,52.317,-3.909,15.394,-6.489,-7.25,112.4823282,1.3125,12.285,-5.39,3670.24,-12.183,298.5754288,48.97912377,-42.21735521,5.809536877,-0.560665108,1.271544239,0.109844,158.4371066,-27.73558214,30.72546613,55.01453673,4.786705712,182.2190773,-33.71225091,-38.88012702
Driver,97.42304939,-3.3,5.9,4.291338583,51.778,3.251,10.037,2.303,-3.597,134.837151,1.384,8.301,2.967,2410.0,-2.237,365.9319189,41.37821352,16.02255978,6.077811042,0.312549941,0.892945394,0.09439,193.4015652,7.514310378,23.68764357,62.21293464,4.739434,229.0958923,8.411443166,-7.496457573
Driver,100.8903006,-3.122,4.743,3.976377953,50.018,2.121,31.779,0.079,-4.664,124.0381174,1.2294,25.665,1.042,7590.0,5.753,340.2502205,146.2895327,20.22551333,5.886709496,0.119455471,2.888078154,0.110689,161.7935166,13.84065595,58.57309221,65.19704524,6.908106,161.6513202,13.82482895,32.72065331
Driver,39.59153543,-0.743,3.914,0.669291339,65.936,3.582,40.443,-2.964,-6.877,44.08934324,1.1136,32.124,-1.174,3683.77,-6.298,62.47298298,20.35581552,-1.751365756,5.419365647,-0.125767114,3.053435635,0.305938,37.5228227,-1.339972971,37.91541807,36.48226229,2.419392,47.88622046,-1.814815345,-1.714161028
Driver,89.29849678,0.5,-7.7,-0.748031496,48.647,-7.328,22.936,10.995,18.695,121.0099767,1.3551,21.077,9.096,5800.0,25.401,324.7456288,106.195935,99.65438824,5.853921768,0.983609714,2.291578257,0.108561,162.5569346,66.41038939,50.0213961,57.67268629,6.192592,169.6774932,70.35539592,126.3575367
Driver,25.99096278,-6.8,-1.4,5.275590551,67.768,-4.892,41.233,-1.605,-0.05,27.71228525,1.0662,27.619,-1.524,3710.0,-0.043,22.72683022,5.988729035,-0.607690249,5.812949733,-0.161098031,1.908866215,0.500591,14.32427099,-0.397336492,30.13342143,25.25202402,1.279421,20.7091585,-0.57467686,-0.049136356
Driver,92.59350394,-0.609,-2.681,0.62992126,54.969,-3.108,16.788,-3.395,-0.715,135.8059681,1.4667,14.729,-3.307,2780.0,-1.487,429.1528416,88.77166797,-27.10910912,5.171263264,-0.299368499,1.372040572,0.0814592,221.8013101,-15.28272862,38.36171147,61.23733418,6.27957,242.5574827,-16.91899,-7.478574649
Driver,99.50340014,4.495,7.649,-5.433070866,49.746,11.466,12.255,1.234,-6.415,139.0081424,1.397,11.012,2.287,2230.0,-18.667,390.0787524,53.92921725,-7.761084408,5.870677896,0.220124444,1.142925712,0.089042,210.56732,-13.30740176,26.34341563,65.79563032,5.045771,246.9154171,-19.56517149,-65.04813386
Driver,102.2906228,2.792,6.745,-3.622047244,49.003,9.175,15.77,1.947,-4.798,148.8186739,1.4549,14.047,2.61,2716.31,-18.052,479.0818222,97.09461785,-18.73631228,6.023474255,0.258201132,1.517142343,0.086471,245.3532981,-23.35813871,38.54676655,63.21530386,6.578197,268.0868439,-28.52810879,-103.367693
Driver,80.17627058,-2.193,-8.676,3.385826772,47.829,-10.663,12.306,-9.648,-0.972,116.4282838,1.4522,9.548,-9.459,3195.71,12.367,289.9227743,39.41083385,-31.12065579,159.7714425,-11.34323776,-4.344296775,4.63274,151.7045062,-11.5285267,26.8751372,57.02619136,4.30274,178.6456332,-11.03075709,40.46255552
Driver,96.40076951,-1.5,-9.1,1.850393701,48.113,-10.527,6.051,13.081,22.181,127.651888,1.3242,5.263,10.605,3170.0,17.582,311.0164732,24.62552254,75.84628435,5.968515018,1.116902826,0.559788887,0.097367,161.3297269,45.71209347,18.16501578,60.00696546,4.003076,198.4500662,60.2272273,49.37228102
Driver,95.67152827,-1.881,4.559,2.716535433,43.653,2.586,11.177,2.292,-2.267,136.9329366,1.4313,9.453,2.598,2380.0,-5.648,383.4552965,47.38446769,10.06846382,5.766192576,0.256983333,0.963300813,0.088339,204.4941728,2.746807155,24.68977697,64.40416266,4.922339,241.4578442,2.001048386,-19.57354735
Driver,96.76315319,2.287,-3.331,-2.874015748,48.542,-1.308,15.726,-0.36,2.97,143.1026306,1.4789,13.742,-0.816,2889.03,5.506,462.6236563,94.76674832,5.954323809,5.808414069,-0.0777702,1.432252445,0.086605,235.0822093,7.02872655,39.36978943,61.65469896,6.546575,256.5599754,8.514339563,31.12325395
Driver,97.1031675,-1.5,-3.9,2.480314961,44.624,-5.634,15.864,-6.049,-2.149,131.8103525,1.3574,13.21,-5.583,3560.0,6.952,400.749567,83.46996966,-24.41339156,5.760407104,-0.565918901,1.369927539,0.093223,202.4752866,-8.271697309,40.17589049,57.62117969,6.134446,219.8513916,-8.118429507,34.34829654
Driver,89.36336793,-2.934,4.103,3.937007874,49.104,1.559,20.999,-2.645,-6.748,120.9612115,1.3536,17.277,-1.512,4650.0,-9.969,351.4007008,94.01443084,-28.89109226,5.67467584,-0.163746463,1.789425772,0.102358536,177.8217922,-20.77424007,45.53995998,57.3226274,6.1401578,189.7801411,-22.92371787,-48.32122342
Driver,58.48022548,-6.8,-0.4,5.708661417,61.267,-4.827,31.799,-0.295,0.219,73.88018969,1.2633,23.546,-0.188,6040.0,0.252,154.5983287,42.61591851,-0.771131908,5.840071466,-0.035012534,2.509273482,0.181629,86.04067239,-0.397142461,39.33962362,45.30503823,3.911184,95.69903569,-0.431366977,-0.344476647
Driver,100.7538475,2.5,2.3,-3.228346457,48.915,4.557,13.54,-4.064,-6.364,138.3612205,1.3733,11.871,-3.036,2660.0,-10.853,419.8397489,68.55654102,-40.26302138,5.654737099,-0.308141267,1.194833025,0.08647,219.5405729,-27.77836757,32.16587369,61.71606998,5.725925,247.3985874,-33.3338804,-48.61564938
Driver,104.95034,-0.1,5.7,0.275590551,51.326,5.499,13.218,7.325,1.625,155.7419918,1.4839,11.556,7.147,2590.0,-0.861,514.1173135,91.38805465,60.90796353,5.814636106,0.72278039,1.200472536,0.078877,260.6197856,30.72514741,36.60215296,63.7028417,6.611534,285.9000622,33.5476926,-5.137760295
Driver,101.4495347,-1.345,1.57,1.88976378,42.656,0.11,17.325,4.258,2.688,145.6068808,1.4353,15.02,3.909,3368.31,5.194,478.2496975,117.0365484,45.91391463,6.477276528,0.448360072,1.773086178,0.0956804,236.7620789,27.50454349,45.29492755,62.37976792,7.09923,250.9968186,29.68218862,34.22787562
Driver,95.39638511,-2.042,-3.668,2.519685039,46.935,-5.577,32.88,-8.977,-5.309,114.8646654,1.2041,26.991,-7.908,6790.0,-7.727,312.2525203,130.9322665,-55.23872364,5.997340596,-0.844990707,3.123682917,0.123013,152.0351083,-33.36031453,56.68473313,62.56234501,6.56067,152.6886716,-33.52103831,-37.90624477
Driver,99.58616679,6.433,10.082,-7.952755906,52.891,14.975,12.074,2.482,-7.6,147.4404975,1.4805,11.231,3.649,2080.0,-50.899,335.9418403,41.42468894,-16.3199737,5.919815032,0.344284688,1.163825629,0.084646529,189.9844349,-26.85629412,21.22089038,75.60726738,3.976410661,238.3730821,-45.14164231,-116.3154039
Driver,54.30162849,-1.673,1.578,1.181102362,76.461,1.175,16.149,-5.453,-7.031,51.64280601,0.951,12.179,-3.822,2190.0,-16.823,45.17332775,5.075819633,-3.464856876,6.296024895,-0.447056718,1.105070042,0.2598328,29.05883817,-2.53129919,13.93404956,44.6726146,1.276979833,56.4987896,-5.479630122,-1.788170141
Driver,98.8658733,2.161,3.372,-2.992125984,48.498,5.286,18.74,6.701,3.329,139.0658554,1.4066,16.171,6.157,3620.0,4.045,446.9750872,116.4721495,56.83133157,5.857767866,0.632760679,1.71941468,0.091105,221.8590149,32.16884831,46.53752175,61.83815497,6.97281,235.6313763,34.54175057,25.31897716
Driver,88.61399427,4.955,7.157,-6.062992126,53.219,10.873,10.906,-2.06,-9.217,130.9806729,1.4781,9.855,-0.387,2540.0,-49.403,265.2133231,28.06927025,-29.14301347,5.893892495,-0.077322605,1.009046367,0.094531,151.9810765,-29.98286989,17.89608856,72.08576353,3.389004,199.1903415,-49.50579575,-86.92747046
Driver,96.01601646,-3.076,-4.292,3.661417323,48.507,-7.016,12.087,-0.067,4.225,137.571582,1.4328,10.699,-0.465,1969.94,10.142,377.2275529,49.27296331,7.934211393,6.402872408,-0.043759544,1.209432095,0.0979972,206.1286433,8.718437427,24.42886543,67.91850713,4.81119,243.5266823,12.2559356,31.16858954
Driver,76.87007874,-2.02,-2.101,1.850393701,58.169,-3.356,27.03,10.087,12.188,98.43235505,1.2805,19.462,6.554,8022.02,15.701,234.7013268,72.23321157,46.16278688,56.62507388,10.62717364,21.57279564,1.74597,121.1836755,29.24740516,47.65717016,52.30782027,5.07515,126.1214979,30.68832657,46.89989605
Driver,113.3164817,-2.196,2.039,2.716535433,50.443,0.224,10.076,3.418,1.379,166.2949624,1.4675,7.954,3.175,3527.41,6.355,559.2575974,97.02190572,52.15334275,6.158335396,0.34812143,0.895425613,0.0774805,267.1328426,30.8315158,40.38945071,60.10757657,7.05451,278.0705925,32.70021279,48.26305773
Driver,102.0669291,0.314,0.019,-0.393700787,49.771,0.284,7.629,2.139,2.12,142.6429402,1.3975,6.714,1.871,1350.0,-2.564,309.4126734,23.50679232,8.624832321,5.865173969,0.19002427,0.685583056,0.085508,175.4705591,4.289993827,13.69578885,81.93487428,3.444586,236.7663558,5.265339873,-4.318718987
Driver,90.59368289,3.217,1.657,-3.307086614,58.815,3.607,17.992,4.16,2.502,114.8044918,1.2672,15.96,3.798,2350.0,9.232,314.9906168,59.16316411,29.6672923,6.108350286,0.413703625,1.739566047,0.114745,173.8643827,20.39779037,31.37887626,60.6326521,4.98166,191.8282034,23.37263523,26.74772785
Driver,81.74436292,-7.958,-10.011,7.992125984,55.755,-15.472,12.364,-1.364,8.648,114.3904349,1.3994,9.873,-2.454,3080.0,15.275,281.2578296,34.26544409,1.836681538,5.487595708,-0.221758456,0.954710886,0.100813,153.1746581,6.396535746,23.06065273,58.7774586,4.17449,183.8707253,10.36753572,38.83041492
Driver,93.30037581,-1.381,4.047,1.653543307,51.11,2.933,11.959,-4.756,-8.804,133.4113278,1.4299,9.518,-3.101,3885.0,-22.907,379.697219,56.75258624,-61.28345125,5.414136094,-0.313302626,0.922232445,0.0851968,193.0810184,-44.36032224,31.52735351,56.51295142,5.35127,214.4234329,-53.01569483,-102.3894443
Driver,97.97780959,-1.1,-4.9,1.732283465,47.576,-6.041,12.671,-1.146,3.754,141.1609699,1.4407,10.661,-1.653,3820.0,10.134,435.6445353,83.46406897,12.39361721,5.838444573,-0.162322189,1.121985596,0.087366,215.3586966,13.20803664,39.89729073,57.28090415,6.302273,232.4161033,15.61355667,58.20943567
Driver,85.88940587,-5.0,-1.4,3.937007874,61.575,-4.704,25.793,1.277,2.7,118.1719757,1.3758,19.734,0.57,7130.0,3.19,316.9672258,106.1899318,10.43245494,5.708476974,0.075885795,2.09624007,0.107615,156.1230547,7.08301386,52.20190799,57.39176794,6.214569,160.1045273,7.334049166,16.5933517
Driver,83.91195419,-8.065,-8.843,12.36220472,41.721,-17.987,16.442,-7.382,1.461,108.9942734,1.2989,10.943,-7.723,5955.11,22.272,249.7818464,39.18278875,-9.445970465,140.9571158,3.579742054,-3.223881406,4.27773,135.0804934,2.580053849,27.90290935,57.72333958,4.03773,157.0920944,6.146198317,62.11798199
Driver,84.09314603,-1.413,6.408,1.692913386,56.12,5.46,19.785,-14.847,-21.255,107.2387258,1.2752,16.497,-11.217,5070.0,-23.129,275.4907533,61.69143785,-80.38468227,5.874904742,-1.179455024,1.752240837,0.1192392,145.6010268,-52.72576521,37.82757301,53.05688895,4.993088632,160.5852325,-60.21224087,-75.9533212
Driver,25.33330351,-6.6,0.6,4.803149606,75.085,-1.656,48.66,-1.87,-2.519,23.81420007,0.94,33.834,-0.866,3470.0,-1.086,18.75300107,6.160468822,-0.298506581,2.021045017,-0.033402911,1.146926619,0.211624,11.63887741,-0.200341845,36.04162444,22.38434728,1.271535,16.01976972,-0.27835146,-0.073305936
Driver,62.44183966,-5.0,3.4,4.251968504,67.1,0.797,26.11,0.801,-2.573,77.29755727,1.2379,21.185,1.364,3790.0,3.569,164.6284419,38.72659998,5.468155377,5.702248366,0.141813977,2.165888141,0.165394,94.21415201,3.888736871,33.82679544,49.12330239,3.755177,112.419654,4.896543398,4.940605517
Driver,77.94828203,-3.4,5.4,3.11023622,67.055,3.477,13.71,-6.547,-11.922,83.82091088,1.0754,11.256,-4.665,2500.0,-28.554,130.8613374,14.67803948,-16.41481148,5.803382951,-0.504999153,1.104881002,0.146631,79.12001884,-13.07401535,16.37740843,57.56686138,2.439292,116.4110312,-22.46645056,-20.05307492
Driver,85.34583035,-3.016,2.705,4.05511811,51.112,0.269,28.266,-11.5,-14.205,102.7491947,1.2039,22.966,-8.724,5971.92,-15.194,267.9878896,85.43480408,-59.44895646,6.327558685,-0.994290382,2.714350304,0.140257,139.1708031,-38.56741194,47.21744388,54.94756791,5.53233,146.3610672,-41.09903006,-53.51767356
Driver,106.0531496,1.5,6.9,-1.732283465,52.825,7.996,11.151,3.409,-3.491,157.6939424,1.4869,9.907,3.988,2070.0,-18.076,473.4148942,66.83410294,0.72701884,6.005612209,0.404174561,1.056875797,0.080021,246.1382566,-10.73993072,29.40002816,65.7541076,5.694492,279.353604,-16.17663205,-83.44779857
Driver,98.74731568,-1.6,-0.8,2.007874016,49.375,-2.8,17.736,8.649,9.497,138.0842878,1.3984,15.708,7.506,3110.0,14.898,434.0165807,101.554793,88.68535033,5.719769108,0.77011116,1.62154755,0.08929,219.827788,56.35699306,42.58432956,60.94003628,6.574759,237.3128552,62.61332964,84.35308007
Driver,67.88877953,-0.94,5.387,1.141732283,48.608,4.558,19.285,-7.968,-13.355,87.49015748,1.2887,16.253,-5.812,3179.61,-5.855,192.4921647,34.70782644,-22.25451986,6.080780104,-0.624681578,1.741829856,0.150863361,109.7408649,-14.19916001,27.96776602,52.71972378,3.745968546,135.2228899,-18.15353264,-9.320137089
Driver,101.9573193,-1.689,0.876,2.440944882,39.692,-1.16,13.722,3.699,2.822,147.0635737,1.4424,12.084,3.388,2433.77,10.2,462.0450938,78.05955695,46.02810862,6.133373894,0.371318859,1.325712601,0.0882944,240.2087272,30.88984451,33.33859494,63.64304506,6.05681,258.1086551,34.41618132,50.27410233
Driver,105.3082498,-0.091,2.682,0.118110236,42.786,2.583,13.492,3.674,0.992,150.2572477,1.4268,10.215,3.428,4902.33,4.1,472.0659832,107.6371912,40.88138767,6.312081971,0.383573623,1.190358261,0.0886354,225.6404206,23.23673748,46.23112106,59.13267156,6.95228,231.3359894,24.00642257,29.32471625
Driver,27.18996063,-7.6,-2.8,4.960629921,73.849,-5.721,45.742,1.075,4.023,28.03686471,1.0311,32.182,-0.338,3750.0,2.943,25.42881046,7.981438911,-0.076004129,5.751192525,-0.021330128,2.432581465,0.514184,15.73412528,-0.025413198,35.17024401,25.45424675,1.471126,21.35958153,-0.019922437,0.202216617
Driver,98.66454903,1.3,8.1,-1.535433071,47.781,9.146,16.912,1.812,-6.288,141.6441482,1.4356,14.728,2.818,3310.0,-16.694,450.5278119,101.1615439,-18.08911501,5.649732605,0.262153412,1.498714951,0.085524,227.2574236,-21.74463256,41.87536309,61.01400663,6.64949,245.2608769,-25.69382563,-98.51957279
Driver,103.1317108,-2.104,-1.697,3.11023622,45.417,-3.773,15.967,-2.106,-0.409,151.2992126,1.4671,13.918,-2.058,3079.6,9.026,466.7263081,119.1558745,11.32499382,209.3787013,9.991942408,2.915691485,6.97379,211.553665,10.20221341,53.46569341,55.14117847,7.1099,219.9097142,11.04646507,53.35178856
Driver,80.38654259,-4.773,-7.942,4.330708661,62.612,-10.422,17.44,-5.002,2.94,107.5136453,1.3375,14.58,-5.402,3080.0,4.795,283.3537605,50.78119228,-21.40725034,5.047978774,-0.471009588,1.310457931,0.100581462,154.3217561,-10.01506085,31.2280436,56.17598252,4.737324591,179.1547988,-10.95293097,13.58134775
Driver,85.38162133,-0.074,6.291,0.078740157,52.717,6.235,19.866,9.261,2.97,121.6197656,1.4244,16.722,8.762,3840.0,2.846,362.9089716,89.66395397,58.92963445,5.863869259,0.896928257,1.779429745,0.104759,185.2923388,32.64482592,43.03642828,57.66800581,6.095459,200.3424365,35.56680396,13.43910776
Driver,67.73443092,-6.8,4.2,6.535433071,59.487,-0.403,7.64,-0.594,-4.724,94.16181997,1.3902,5.157,0.325,2441.3,-11.761,114.7058567,5.868735164,-1.020983003,5.887880678,0.020886321,0.50481568,0.130158,69.50825368,-1.50675322,7.759166851,68.53441468,1.791893,119.0947628,-4.016166584,-5.702721845
Driver,21.05851825,-4.6,7.2,3.543307087,69.73,4.979,39.51,-1.809,-8.992,25.23622047,1.1984,27.43,1.512,3070.0,-5.938,18.58472042,4.82600306,0.42805924,5.741339623,0.137473707,1.605954174,0.539847,11.79374891,0.257578456,29.43219076,23.53205242,1.134827,18.13354215,0.373006004,-0.160891737
Driver,93.05431281,-1.639,-5.601,2.086614173,46.686,-7.147,14.093,-3.399,2.202,136.2661059,1.4644,11.755,-3.737,3195.2,5.105,421.9479198,75.23191257,-16.75885689,5.591630335,-0.359936205,1.180454406,0.0867981,214.9314969,-5.424610265,35.91390514,58.80965023,6.01409,235.5602634,-5.17936866,25.77297478
Driver,79.7646743,-2.416,-3.781,2.283464567,59.44,-5.209,32.106,6.198,9.98,92.50671081,1.1597,22.554,3.021,9104.25,17.025,206.5919015,67.78287692,27.39305375,59.60237578,8.079089226,22.32174503,2.0183,112.6587608,18.29502115,44.23280663,61.20528335,4.40263,119.1189003,19.56519647,37.23320769
Driver,43.36077309,-3.1,-2.9,2.716535433,62.856,-4.707,48.023,-0.983,1.917,39.71702756,0.916,36.948,-1.649,4346.21,1.442,53.5170425,20.37412239,-1.327291354,3.124409949,-0.088980155,2.187848171,0.205638,31.5985601,-0.808322802,42.47376104,33.91394849,2.377695,38.30449021,-0.967394896,0.303031642
Driver,95.02505369,-5.591,-2.651,6.535433071,48.286,-7.657,16.22,7.645,10.297,133.0545365,1.4002,13.567,6.325,3890.0,16.7,402.7472769,85.8989217,79.12991455,6.34311437,0.720925702,1.558005166,0.101898,203.1863483,51.49712149,40.44340915,57.79481395,6.17905,218.6857109,57.29458501,88.58970955
Driver,102.0758769,3.3,6.7,-4.251968504,48.021,9.761,17.82,5.381,-1.319,143.4354868,1.4052,15.528,5.616,3280.0,-4.553,460.2999449,118.1037771,31.11136279,5.739675789,0.556945503,1.615108823,0.086241,226.6341141,12.37164179,46.86942666,61.57486202,7.071838,240.6736544,12.68738141,-29.49981055
Driver,97.91517538,3.398,-8.143,-4.05511811,53.555,-5.63,17.303,-5.546,2.597,141.4555744,1.4447,15.12,-5.972,3120.0,6.663,459.0746862,105.8905161,-30.41885797,5.943666566,-0.611632069,1.620981267,0.090311849,231.103628,-10.84372907,42.7083086,61.71975207,6.783035314,249.1433819,-10.84274035,39.69966765
Driver,98.63099499,2.653,1.44,-3.385826772,49.648,3.697,9.813,-4.162,-5.603,140.6368558,1.4259,8.823,-3.374,1760.0,-18.342,347.5031765,35.92261423,-35.30855251,5.746152866,-0.349594908,0.888383563,0.085453,193.4336473,-25.96888973,19.09425094,73.48475323,4.150318,242.8199033,-36.54325105,-43.92813383
Driver,89.64298497,2.126,4.729,-2.795275591,54.487,6.247,14.314,2.333,-2.396,131.4121779,1.4659,12.863,2.628,1930.0,-8.335,365.7871156,56.0547193,7.827949334,6.303103018,0.281789325,1.434200228,0.101913512,201.185191,0.834738825,27.18513333,66.5336314,4.952451076,238.0629131,-0.562877406,-25.17190932
Driver,94.43226557,2.07,-4.147,-2.913385827,49.803,-5.897,20.808,2.255,6.403,127.1490247,1.3464,17.753,1.137,4080.0,9.911,385.5755323,105.9632107,29.44007003,6.074280593,0.134876579,1.969346604,0.104494,193.7679627,21.62227697,46.64018901,59.59567208,6.51772,206.2863839,23.81192209,53.39123401
Driver,82.52729062,-5.7,7.9,6.653543307,55.606,3.815,9.21,4.895,-3.005,115.1523354,1.3953,7.331,5.391,2190.0,-8.544,231.5703214,18.95080585,17.50249982,6.170694374,0.571537294,0.784126317,0.111975,131.6464743,8.117419028,14.57952623,67.06678364,3.187051,178.3670989,9.379735161,-12.79017503
Driver,88.41938082,4.54,-5.329,-5.590551181,48.66,-1.324,22.519,1.511,6.84,127.9708751,1.4473,19.727,0.362,3800.0,17.937,388.8056848,113.0545697,41.58961677,5.894190961,0.060975176,2.131902344,0.101857,196.5822278,33.66094981,47.20851756,60.96286269,6.623608,209.266523,37.26627602,97.30981524
Driver,86.74838941,-5.225,4.339,6.456692913,53.183,0.413,8.342,0.357,-3.981,124.2463762,1.4323,6.328,0.955,2590.0,-11.499,276.5898567,21.23590334,-3.525880026,5.882284089,0.087988158,0.651255363,0.09861,152.1951638,-5.242781162,15.04720427,67.18020313,3.555119,198.9107003,-9.449615657,-23.33160856
Driver,92.54429134,3.121,7.441,-4.015748031,52.787,9.815,4.747,-0.64,-8.081,131.9671618,1.426,4.422,1.012,2200.0,-55.289,145.0954397,6.223047683,-4.923826397,5.852305125,0.068970988,0.433305483,0.091922,88.5697565,-7.113521419,6.203346185,95.18128766,1.631629,161.3887742,-20.71113528,-26.01498266
Driver,112.148801,3.4,1.8,-5.157480315,37.473,5.995,14.224,-4.188,-6.081,161.0614263,1.4361,13.124,-3.446,2020.0,-22.327,507.4515055,93.37257891,-76.28534102,5.771733796,-0.374332767,1.352751741,0.076152,262.9443213,-55.97465174,35.62032683,66.45777521,6.382873,290.6844117,-66.05112677,-121.2921157
Driver,84.95884037,0.28,-7.364,-0.354330709,46.191,-7.095,7.68,1.942,9.307,122.3601915,1.4402,6.401,0.308,2510.0,13.781,259.9191791,19.46856089,9.810757957,5.895931341,0.043631722,0.657810366,0.100371,144.9385107,9.042940788,14.16131302,68.46027367,3.365419,193.4141472,15.06928356,24.79559497
Driver,103.442645,-5.048,-2.682,7.007874016,45.546,-7.654,15.355,-4.07,-1.388,144.5718504,1.3976,12.227,-3.848,4500.19,-2.483,455.6546249,108.5662991,-37.11747097,6.496268034,-0.439774216,1.45605077,0.0955629,220.7701115,-20.37190415,46.19976811,59.61800782,6.89726,232.0327703,-21.62006059,-16.72006234
Driver,111.0661238,1.1,-0.1,-1.496062992,49.733,0.879,6.025,-4.487,-4.387,152.5950698,1.3739,5.462,-4.071,2000.0,-19.759,368.9142913,26.56833227,-44.17345042,5.791758329,-0.413758959,0.556845404,0.078794,198.3076763,-30.78597976,15.12774584,75.46552182,3.959122,252.0001954,-44.19026682,-50.40183078
Driver,97.09198282,1.4,-7.4,-1.929133858,46.951,-6.697,22.413,-0.846,6.689,135.5303776,1.3959,18.907,-1.992,4960.0,8.007,406.2559724,134.6946547,9.101066543,5.952109281,-0.200737183,2.078941699,0.096885,195.9754323,10.30765407,53.31913701,62.1560521,7.1568,202.6282844,10.9824552,51.31227968
Driver,89.70785612,-2.066,1.668,3.031496063,42.329,-0.601,16.571,0.243,-1.426,113.7410523,1.2679,11.201,0.668,6075.25,17.807,279.7822627,46.90844,32.91111676,150.1455945,30.48964599,-3.613181536,4.77768,144.7657796,28.21776883,32.27113989,53.87579362,4.52768,161.3628511,35.0236716,79.68140038
Driver,112.3009127,0.209,0.826,-0.236220472,54.346,0.976,19.177,-0.497,-1.322,153.6377058,1.3681,16.601,-0.306,3940.0,-2.496,506.4820117,153.2868521,-11.36277562,6.378575004,-0.037700445,1.947080735,0.090044,241.6586631,-7.840163434,52.55207601,67.13250661,7.79127,250.1625501,-8.256617476,-19.65032677
Driver,79.74230494,-2.1,0.7,2.244094488,55.42,-0.789,16.794,6.228,5.528,99.86734968,1.2524,14.297,5.414,4400.0,13.219,243.9166993,44.92588626,35.307139,5.696721497,0.561049669,1.455845007,0.12267,131.7152716,23.77121062,32.24582358,51.86014117,4.420091,151.3003114,28.78013949,34.32505997
Driver,85.83795634,3.065,3.386,-4.68503937,47.852,6.164,12.995,-3.036,-6.422,122.1367215,1.4229,10.562,-1.423,3517.39,5.16,320.8442748,47.47844806,-1.507850335,178.783505,0.359172645,-3.909430739,4.81476,171.7592469,0.254461884,27.78993624,63.11064374,4.55476,201.0279669,0.69479026,13.55927672
Driver,67.61363636,-3.3,-3.9,3.582677165,57.081,-6.176,10.316,-8.796,-4.896,90.75295276,1.3422,8.697,-8.024,2150.0,-7.804,135.6037771,11.62850121,-20.82004319,5.752946397,-0.8340041,0.842529673,0.132863,82.53162531,-13.47129765,12.58641115,64.41645052,2.271409,128.7875531,-21.95792434,-5.920492028
Driver,85.45096636,3.214,-6.183,-4.566929134,47.82,-3.267,24.085,7.106,13.289,116.6994005,1.3657,20.752,4.751,4610.0,21.248,328.7532386,97.85366307,63.97454718,5.70660602,0.504718326,2.181524942,0.109094338,168.552301,45.65662643,46.59809337,57.8802359,6.059616773,179.8088604,50.11388917,96.18367674
Driver,108.5987831,5.0,2.4,-5.62992126,46.569,6.804,18.245,2.716,0.301,156.8877505,1.4446,16.633,2.698,2513.19,5.852,534.102923,135.4850777,40.43243103,5.940558318,0.281825953,1.788660525,0.08192,267.2367949,25.90204312,45.64700521,66.78545569,7.517443,284.2631293,28.22467385,40.0598996
Driver,58.52496421,2.881,-0.919,-3.346456693,54.133,1.166,15.651,-0.603,0.316,85.11408375,1.4543,12.983,-0.671,2255.92,12.721,145.4437436,19.58233306,2.238375128,94.50219612,3.708560001,-3.186772467,3.00019,86.58485652,3.045120103,19.78880742,58.19489039,2.70019,120.7019051,5.745188847,12.17480962
Driver,96.36274159,3.06,4.722,-3.937007874,48.864,7.398,14.353,4.238,-0.485,141.1173497,1.4644,12.585,4.316,2480.0,-5.808,437.9056195,75.56939494,22.24974268,5.845391981,0.435133676,1.311364709,0.087895,228.7604175,8.228510978,33.41129608,62.84472255,5.926056,256.5366913,8.162280678,-26.99864766
Driver,96.06075519,-0.401,-4.32,0.511811024,46.647,-4.699,14.042,-2.524,1.796,142.8518701,1.4871,12.343,-2.743,2430.18,-0.108,445.4801464,75.78890868,-21.20017671,5.846965133,-0.27989724,1.286023557,0.086755,232.4941735,-11.29477486,33.19148317,63.27412345,5.950491,261.4128652,-12.72016618,-0.506122934
Driver,96.29115963,-2.0,4.0,2.755905512,48.959,1.714,29.139,-4.165,-8.138,121.5088135,1.2619,23.696,-2.47,6790.0,1.579,338.7415127,132.0295942,-9.703656288,5.703385123,-0.242780183,2.550949173,0.107463,164.5307811,-4.254169032,55.81056839,62.73431102,6.71624,166.8773702,-4.29694315,8.51423266
Driver,112.9250179,-0.369,-0.4,0.472440945,45.894,-0.758,12.479,3.29,3.69,160.4068987,1.4205,10.899,2.823,2620.0,1.227,535.1279852,93.70271626,29.101725,5.902071355,0.291679132,1.149638215,0.077560071,268.7614117,15.82209752,36.98471021,63.74517508,6.747588551,293.6205322,17.51512015,7.767488635
Driver,96.51932713,-1.7,4.1,2.362204724,49.844,2.473,13.94,1.476,-2.624,139.4007248,1.4443,11.916,1.991,2840.0,-6.035,430.5484101,77.85946355,2.381017943,5.775927021,0.195050702,1.231557096,0.087806,218.9461025,-2.704265006,36.59807763,58.99053347,6.09861,241.1439188,-3.960606573,-30.92636956
Driver,76.93942377,-6.6,0.6,5.393700787,62.406,-3.495,35.869,-2.68,-3.203,96.73474409,1.2573,26.509,-1.784,8980.0,-3.238,236.1646787,92.40155973,-11.68053761,5.847009075,-0.194691677,2.963313556,0.142852,117.9951103,-7.548806941,53.79272766,53.68013508,5.607347,118.4762429,-7.586541212,-11.63787417
Driver,98.73165712,-5.983,-3.544,7.322834646,47.507,-9.054,14.597,-2.31,1.235,138.3146922,1.4009,12.254,-2.456,3225.0,2.196,435.7939693,82.64059236,-13.55581881,5.395388144,-0.229349125,1.189734422,0.0826368,220.5548811,-5.516297136,37.84054515,59.20231982,6.24524,239.7760928,-5.688531204,11.81119985
Driver,97.47226199,0.0,-5.2,-0.118110236,47.717,-5.722,19.784,-3.444,1.832,134.3734341,1.3786,17.081,-3.627,3620.0,3.182,423.7016793,114.3934906,-18.54908335,5.78739009,-0.371088943,1.799133132,0.093656,211.0315775,-7.38142248,47.02928645,61.16853924,6.844942,224.297251,-7.567264919,17.92567271
Driver,107.3147817,4.3,-0.1,-5.196850394,50.338,3.358,19.65,-1.276,-1.176,155.5321671,1.4493,17.976,-1.056,3470.0,-3.145,509.4426573,163.4753411,-20.84722491,5.7093633,-0.118386874,1.878321451,0.080168,242.3177466,-13.2391652,53.83255697,67.85635532,7.968569,250.8832335,-13.88012191,-26.3332792
Driver,106.7108089,-1.823,-1.798,2.440944882,44.684,-3.642,18.584,-2.826,-1.028,144.2801539,1.3521,15.977,-2.687,3740.0,-1.815,469.0121228,127.2056721,-26.48448284,6.492752739,-0.306961791,1.899672313,0.097311,229.5157968,-14.88400373,48.31350693,63.05674356,7.25258,240.8759777,-15.7617932,-12.3918937
Driver,24.19470293,-6.0,-2.2,4.606299213,69.266,-5.22,43.367,-1.926,0.45,26.28064603,1.0862,29.604,-2.001,3558.6,0.363,21.29246557,6.049259354,-0.73924211,5.789390645,-0.20980373,1.96942243,0.53626,13.35859365,-0.481586949,32.08312913,24.15346604,1.278164,19.0523167,-0.685249238,-0.045465857
Driver,88.5043844,3.512,8.992,-4.015748031,59.033,11.103,20.673,-4.234,-13.226,114.0009843,1.2881,18.42,-2.345,3250.0,-25.566,315.574686,73.06281888,-45.41360859,5.929701865,-0.274543928,1.972550385,0.1140168,169.0325219,-37.25291214,37.67142372,57.50912125,5.386524821,188.9959896,-44.82740257,-91.42663278
Driver,90.56683966,-2.817,7.556,3.543307087,52.246,5.372,12.343,-2.145,-9.701,121.7839567,1.3447,9.802,-0.47,3660.0,-22.29,320.3083399,43.33781386,-30.96061208,5.663330819,-0.070060163,0.985870956,0.097904659,168.1981502,-26.25157905,27.12763285,56.72904706,4.672495644,195.7093994,-34.72118612,-74.66364646
Driver,88.94506084,-5.488,-0.173,4.881889764,59.528,-3.413,22.011,1.526,1.699,125.2684324,1.4084,18.697,1.303,4130.0,2.206,379.6282591,109.9139465,13.18602747,6.153426559,0.14321722,2.115237217,0.107935,190.282613,8.25990377,47.85022882,60.07634919,6.56931,200.9634405,8.867249509,11.80464239
Driver,91.90900143,-2.35,-3.156,3.11023622,52.915,-4.934,15.72,-2.064,1.092,126.2352362,1.3735,13.119,-2.228,3266.0,4.749,359.9052229,65.30450526,-1.303266872,170.5620798,3.528473809,11.58534115,4.53488,192.7290327,5.793233191,32.18073357,60.61017556,5.39549,217.1899763,8.42105564,39.83408465
Driver,101.2079456,3.226,5.577,-4.05511811,47.15,8.574,16.278,0.556,-5.021,143.2303597,1.4152,14.311,1.345,3000.0,-13.32,460.4298048,98.21584743,-20.00892696,5.972393774,0.127197234,1.536369371,0.08925,233.7749561,-20.17590463,40.38400658,61.66594576,6.61216,253.8821567,-23.85625252,-76.91147834
Driver,117.4190229,6.3,4.3,-7.165354331,51.548,9.242,16.734,-2.922,-7.222,165.9685934,1.4135,15.565,-2.035,3190.0,-20.0,557.60301,146.4899031,-87.3071189,6.098702202,-0.238980794,1.71865973,0.079126,271.2736509,-63.50556372,47.92316911,66.43059685,7.823441,284.9408001,-68.77481719,-162.3008022
Driver,97.78990694,-2.5,1.7,3.228346457,50.847,-0.289,21.06,4.956,3.256,127.9487294,1.3084,18.799,4.507,5030.0,3.571,375.4733929,120.0119021,37.58288219,5.422065677,0.441770028,1.878581833,0.093319,183.8953998,21.63320087,51.64741648,60.56762458,6.732856,191.4593001,22.68284965,21.64793861
Driver,91.327398,9.134,10.398,-10.31496063,62.225,15.256,14.182,-3.288,-13.686,133.9857731,1.4671,13.616,-1.63,2270.0,-51.273,308.0430619,45.44691096,-44.63235649,5.873622656,-0.203848108,1.405473856,0.093346958,175.0086142,-42.86594628,24.3137052,70.43227863,4.05723262,215.4093662,-62.79562484,-114.0663403
Driver,84.91410165,0.941,1.521,-1.181102362,50.237,2.304,11.66,5.628,4.107,126.3305297,1.4877,9.758,4.884,2556.2,6.02,335.4018254,41.11509115,34.74733219,5.784089764,0.497570346,0.995332047,0.096207,181.4212627,21.41118522,23.80537814,62.42674337,4.585372,217.3517576,26.88271599,17.9862669
Driver,101.999821,-2.634,0.55,3.464566929,48.667,-1.769,10.479,1.183,0.633,151.0882695,1.4813,8.39,1.08,3138.43,2.74,482.6401037,70.89287614,15.59194032,6.114374755,0.117967596,0.924370816,0.0847092,239.7578279,9.768763266,33.40641959,59.52639928,6.15858,254.9644455,10.71924381,15.75515851
Driver,98.3111131,0.954,6.48,-1.25984252,49.835,7.285,14.795,3.4,-3.08,142.6890211,1.4514,12.881,3.841,2780.0,-10.897,451.5249898,84.07795638,7.481440632,5.841036176,0.381820594,1.345416114,0.087007,232.066634,-3.519175949,36.43985104,61.63376693,6.247911,256.2514837,-5.767117144,-57.16541675
Driver,99.14101646,3.868,1.203,-4.881889764,52.028,4.228,16.324,2.554,1.351,148.2088851,1.4949,14.432,2.341,2800.0,3.893,491.262471,107.1897592,29.18397177,6.267665424,0.260239534,1.638402601,0.0905672,248.1259705,18.09840847,41.36543252,63.13003978,6.89764,266.8123098,19.97415313,23.92545399
Driver,105.6393164,3.774,1.985,-4.803149606,45.961,5.642,12.742,-7.293,-9.278,145.672423,1.379,11.303,-5.755,3011.75,-44.973,372.8052074,52.05223468,-92.22910423,6.170466361,-0.657059705,1.232947957,0.0894219,199.3486993,-72.09905167,26.53628528,65.08938995,4.72794,220.9619527,-86.55658128,-159.2975641
Driver,93.17958125,0.065,2.239,-0.078740157,49.731,2.294,7.61,2.06,-0.179,139.8915086,1.5013,6.725,2.081,1230.0,-1.351,287.7562315,21.23057661,9.781129494,5.927831721,0.21452982,0.692538502,0.0880438,165.2835258,5.352999222,12.78942087,83.72009526,3.22839,213.183549,6.710138991,-1.9476312
Driver,104.2591267,0.117,4.044,-0.157480315,48.664,4.146,15.197,-1.821,-5.865,150.0078293,1.4388,13.5,-1.133,2717.08,-14.274,487.7269174,97.12663146,-42.2194632,6.003902232,-0.131253918,1.452520967,0.0852936,248.5031894,-32.69974279,38.5676625,63.12728355,6.630673394,271.4354301,-38.09822313,-83.46705047
Driver,99.80314961,0.319,-3.082,-0.472440945,46.044,-2.775,14.116,-1.728,1.354,140.6021832,1.4088,11.771,-1.966,3290.44,7.133,434.5087367,78.7386911,1.104676994,223.7935727,4.137178889,-1.538724105,5.91414,221.4275694,3.998670188,35.18827481,66.02918069,5.82414,246.6207494,5.42720824,34.77440798
Driver,93.91553329,4.382,-1.53,-4.606299213,54.715,1.579,15.124,-7.542,-6.012,118.0697477,1.2572,13.647,-6.685,1987.54,-28.335,284.2610277,42.29291086,-51.02974387,6.086721303,-0.730804286,1.460732954,0.109794,162.6334086,-37.96830783,24.07587189,66.14569348,4.1398,189.1627649,-47.39602927,-57.90317756
Driver,98.30887616,-1.003,5.378,1.220472441,55.456,4.688,5.407,-4.807,-10.185,139.8378221,1.4224,4.782,-3.801,1640.0,-26.242,238.1181592,12.27119744,-24.87798466,6.210935787,-0.429346487,0.511562637,0.092113656,137.9678974,-18.62838384,8.868309262,88.02199756,2.591551623,206.8297533,-32.95959503,-28.57525556
Driver,69.69846099,-5.711,3.717,7.519685039,51.165,-0.902,27.064,-1.979,-5.695,89.40452756,1.2828,20.899,-0.773,5550.0,5.531,213.7160864,56.19279444,2.00196879,5.818138217,-0.067771754,2.221415354,0.14599,115.8427455,2.705964307,39.92873887,50.4730084,4.56783,127.81384,3.304322133,12.80437336
Driver,103.0735505,-0.91,4.918,1.102362205,47.463,4.083,24.044,-1.17,-6.088,130.9708304,1.2707,20.905,-0.322,4207.31,-12.931,400.5417611,131.7641252,-34.95829211,6.224398212,-0.055478213,2.413932527,0.105916,197.6813137,-26.99062416,51.38627327,63.32970894,7.00837,201.8579858,-27.8757307,-77.66893993
Driver,99.98210451,-3.828,-7.416,5.354330709,46.026,-11.118,16.263,4.689,12.106,140.456335,1.4048,13.942,3.21,3800.0,20.908,433.7061985,96.43333295,73.78311436,6.130401442,0.368530408,1.541979359,0.093442515,216.9196313,52.79302823,41.89689722,59.30087015,6.487759907,233.6797092,59.53631106,122.7865161
Driver,100.3198819,0.517,2.258,-0.669291339,46.055,2.757,16.169,7.136,4.877,145.6786865,1.4521,14.297,6.525,2840.0,16.838,467.5122759,97.17695386,89.03450442,6.274105783,0.730638164,1.619469355,0.0921612,238.5940363,58.6037928,38.9856041,62.15438385,6.56085,251.3346322,63.25486197,95.8251538
Driver,98.46993558,1.898,2.752,-2.440944882,48.085,4.457,15.929,-3.153,-5.905,136.5517627,1.3867,12.977,-1.862,4346.48,-14.849,415.8277336,92.90510675,-49.62480624,6.399842902,-0.229466884,1.51164834,0.0999756,206.2293588,-35.30544614,42.79372689,57.85550231,6.40176,219.3467747,-39.00600218,-86.05457949
Driver,120.5328382,8.3,8.1,-9.094488189,51.763,14.561,2.276,-1.176,-9.276,169.3237742,1.4048,2.956,-0.392,2680.0,-82.442,105.9543179,2.909515236,-4.938972783,5.13692705,-0.045326272,0.249637305,0.062668,67.44436133,-6.015124673,3.658792664,132.2213803,0.924805,155.0730956,-21.87833546,-16.66617857
Driver,104.109252,-0.983,-1.472,1.181102362,49.513,-2.311,13.015,0.29,1.762,156.4065855,1.5023,11.662,0.115,2117.94,-2.402,457.9347826,78.48968956,-7.967544923,230.5377829,-7.160844021,1.173528582,5.67631,232.1461708,-7.263736067,35.79972693,65.53739331,5.73812,258.3255987,-8.959905518,-23.18832062
Driver,88.41714388,-5.206,0.639,6.614173228,53.914,-3.169,13.333,-2.836,-3.475,124.3595651,1.4065,10.429,-2.275,3650.0,-6.849,355.2385766,55.45267887,-24.9612254,6.029283002,-0.24766087,1.124257749,0.1023821,183.0354657,-16.52438593,32.00823692,56.00511729,5.268701066,206.213138,-19.72967638,-27.82587273
Driver,103.3106657,1.392,2.957,-1.850393701,45.858,4.307,10.027,2.104,-0.853,151.9602273,1.4709,8.893,2.218,1720.0,-7.955,422.3068618,47.92924315,6.805902929,6.085536835,0.230062171,0.954230956,0.083808,228.1652478,0.157495109,22.46989302,72.4750753,4.844462,273.9590182,-1.630491406,-26.01903515
Driver,95.61560487,-3.7,-0.1,4.212598425,53.652,-3.112,15.48,2.238,2.338,141.0265301,1.4749,13.434,2.198,4550.0,3.37,434.8922089,111.580335,24.27161575,5.842292601,0.205754899,1.428465049,0.088601,210.7853961,14.60500546,47.98906003,59.53941673,6.871234,221.6347776,15.6207209,19.58835568
Driver,99.42287044,-0.706,7.779,0.94488189,48.216,7.148,10.556,-0.596,-8.376,140.7057534,1.4152,9.252,0.398,2280.0,-15.709,386.7824935,45.99058772,-16.45181589,5.954285233,0.029167091,0.972185014,0.088726,207.6821952,-16.20594729,23.65708487,66.34503838,4.828985,246.8018944,-22.81936169,-52.93137485
Driver,98.04044381,1.7,6.7,-2.086614173,51.779,8.083,12.105,6.77,0.07,145.8220741,1.4874,10.662,6.909,2090.0,-5.859,432.5580347,63.17010533,42.35325794,5.750034322,0.687400212,1.088504817,0.083048,227.3991965,19.26862015,29.45588011,64.22698711,5.520591,259.8399611,20.83706835,-24.38220551
Driver,90.51091625,-10.147,-3.736,12.51968504,51.242,-11.997,11.003,-3.133,0.603,113.6041518,1.2551,7.83,-3.225,3580.0,1.049,278.7869121,29.66086068,-14.56124635,4.917438432,-0.275777377,0.681210145,0.09047212,147.9654836,-7.41244095,21.84815231,56.81805297,4.07758746,180.159996,-8.822419827,2.738889287
Driver,90.74579456,-4.261,4.861,5.354330709,51.484,1.461,13.92,-6.731,-11.592,122.1329188,1.3459,11.053,-4.831,4140.0,-22.153,331.8999383,53.70399832,-60.63408401,5.722721548,-0.508215176,1.13095054,0.099172424,172.0200052,-42.56142069,32.07687621,55.14253526,5.066411861,193.6486251,-51.29402261,-85.12092785
Driver,102.4382606,-1.19,-2.466,1.456692913,48.745,-3.51,12.558,1.391,3.857,151.3197924,1.4772,10.019,0.66,3963.13,2.455,476.6217429,103.8127711,7.598964306,216.200586,1.032919533,2.0484795,6.83319,217.7798904,0.962151144,52.50991523,58.25044175,6.92433,226.1903796,0.595041058,-4.639430927
Driver,100.8254295,-3.674,0.628,4.881889764,48.081,-2.677,13.712,2.968,2.339,148.6025859,1.4739,11.664,2.683,3050.0,7.546,482.7894376,90.15055939,40.68512373,6.071208002,0.291768673,1.277211307,0.0864484,242.0673255,26.39116647,38.23764452,60.82160778,6.56335,254.8057732,28.50770358,45.29577513
Driver,83.55851825,-5.6,2.2,4.842519685,57.137,-1.953,26.559,0.784,-1.389,114.2354152,1.3671,19.797,1.111,7662.44,-2.802,305.8048308,97.70712916,0.266392264,3.266071383,0.06146246,1.189763847,0.063025,153.188947,-1.202548655,50.08561028,56.38194067,5.991247,157.4615305,-1.301896634,-12.51741523
Driver,90.15748031,4.5,-5.3,-5.905511811,48.283,-1.386,22.119,1.679,6.979,130.4438082,1.4468,19.225,0.351,4043.12,13.119,397.8659162,119.953754,34.39246516,5.859246289,0.057690739,2.068322423,0.099076,197.7974768,26.68616362,49.28166158,61.396863,6.813058,208.6057475,29.0261263,76.45506303
Driver,85.63886901,-5.9,8.7,6.732283465,59.769,5.157,9.08,-0.38,-9.08,116.3372405,1.3585,7.154,1.027,2600.0,-24.59,235.438059,19.30161308,-9.490473875,6.148564789,0.084453568,0.764568187,0.110464,132.104547,-11.30939653,15.09125787,65.02817252,3.243407,176.0118692,-20.04276526,-41.00001724
Driver,93.7746063,-0.169,0.512,0.196850394,53.42,0.386,16.705,-1.837,-2.348,139.8805476,1.4917,14.928,-1.577,2493.0,-5.023,446.0051429,91.12602691,-21.57330919,5.494190815,-0.15506329,1.476675418,0.0841216,232.2377588,-14.7633953,37.60473675,63.08663122,6.32457,254.7954288,-16.93277184,-25.13838693
Driver,98.19031854,-0.153,2.501,0.196850394,43.81,2.341,17.059,1.852,-0.649,137.9876521,1.4053,13.858,1.978,4388.22,-1.362,429.6122573,106.5065792,10.67705189,6.298350732,0.215387959,1.595922632,0.0977231,210.7433417,4.448012659,46.136085,59.43138171,6.74508,222.1859553,4.57838185,-8.480948946
Driver,95.13913744,2.6,-3.4,-2.716535433,65.24,-2.601,19.17,-34.296,-30.849,71.46586435,0.7512,10.547,-16.528,13081.42,-48.337,80.76577049,8.464731335,-28.13389101,6.082224341,-1.82002341,1.046422305,0.18155,49.07316933,-19.84029996,15.16538344,49.77874868,1.753887,61.82256432,-26.49867834,-18.75555501
Driver,89.9718146,-5.539,0.658,6.929133858,54.807,-3.263,12.53,3.082,2.424,122.2834646,1.3591,10.983,2.868,1896.53,4.923,297.2003606,36.62287671,18.15396063,5.762987955,0.291909549,1.108663958,0.0993224,168.2905926,11.8434912,21.28537136,67.77344214,4.076291116,211.2128004,15.7638707,10.28727226
Driver,92.6158733,-1.259,1.857,1.614173228,46.391,0.657,8.314,2.415,0.558,134.5344936,1.4526,6.969,2.336,1800.0,-4.446,298.6512973,23.93800005,9.364209221,5.874089658,0.236382507,0.713737803,0.090925,167.6158687,4.105648105,14.64341247,75.41696771,3.545257,222.6915809,4.498513257,-8.183007592
Driver,94.06540802,-0.082,1.479,0.118110236,50.097,1.411,18.31,2.121,0.642,134.2244542,1.4269,14.913,1.996,4529.46,8.199,391.7910358,98.11020822,33.87052121,198.6933467,23.49058902,1.883278423,6.03003,200.6594067,23.84403915,41.6579481,62.54416068,6.11612,216.7207573,26.71769639,50.67053312
Driver,95.58205082,-2.206,-1.32,2.716535433,53.976,-2.925,17.578,4.946,6.266,123.9403633,1.2967,14.602,3.951,3846.22,19.925,343.8412424,71.09152922,55.0467188,165.0615453,33.28183975,11.36269315,4.6191,184.0248981,38.84808787,34.92948887,61.21053129,5.37843,205.7186824,45.11232833,79.08476416
Driver,67.26914817,-5.415,-2.548,4.606299213,69.07,-4.625,32.147,0.155,2.702,71.61059413,1.0645,24.158,-0.518,5680.0,2.98,145.7405841,39.59193344,0.00263696,5.968803361,-0.047064025,2.618036363,0.192198,82.76901317,0.476302877,37.32079907,46.47735536,3.677628,94.6349777,0.672357123,3.673678137
Driver,100.1364531,1.269,0.858,-1.653543307,47.728,2.012,11.866,5.067,4.209,142.6111757,1.4242,9.91,4.273,2982.24,4.058,442.5126924,67.74164018,40.73708867,6.094240207,0.458035417,1.077981514,0.089915,225.1528108,23.57008531,32.7041052,59.97047735,5.890781,251.1218049,27.06375369,20.46263287
Driver,96.21062992,0.7,-2.1,-0.94488189,49.587,-1.558,17.629,1.451,3.551,141.6501879,1.4723,15.817,0.975,3690.0,5.908,454.1988823,120.0408069,24.35660633,5.388896309,0.103582676,1.546225271,0.08205,223.4488137,16.89179749,47.48882691,61.90351529,7.074387,236.357589,18.39547677,39.29398709
Driver,104.9570508,0.119,2.916,-0.157480315,50.834,3.013,15.469,2.329,-0.587,150.552747,1.4344,13.604,2.404,2790.0,-1.388,500.8456213,104.6032729,17.04971433,6.414882723,0.267479745,1.57418375,0.0909295,252.1808513,7.698071911,40.59007415,63.01429072,6.88349,271.5540334,8.095779264,-8.644804986
Driver,98.52362205,-2.561,3.329,3.976377953,41.355,0.416,13.075,4.371,1.042,143.1466983,1.4529,11.486,4.261,2264.67,3.757,433.735084,66.64727675,37.7642619,6.303706232,0.471646214,1.289228022,0.0930188,229.1249215,22.31994668,30.11151543,64.5514847,5.62987,250.3151747,24.87656062,15.94575042
Driver,107.726378,-2.0,-0.2,2.637795276,52.393,-2.408,12.556,0.314,0.645,160.3339746,1.4883,10.102,0.331,3910.0,-6.253,523.7139304,114.2044597,-19.99186902,5.979871464,0.014566794,1.093953528,0.078607,249.8544085,-15.17441365,45.78511186,60.65542304,7.271334,263.5237942,-16.7084076,-49.84472042
Driver,101.4808518,1.2,-2.2,-1.299212598,44.572,-1.658,16.973,-1.916,0.417,138.7837777,1.3676,13.642,-2.075,4591.6,15.503,418.2344472,102.5741695,26.8473364,5.860041845,-0.184755115,1.45322131,0.09041,205.3542278,24.66222507,45.84513537,57.78686097,6.639055,217.2399536,27.48358284,96.08290712
Driver,71.27997495,-2.971,-2.852,4.921259843,40.96,-6.28,14.274,2.897,5.748,100.0483178,1.4036,11.306,1.873,3110.0,12.011,221.4641771,28.55585361,14.51748109,6.074695631,0.213939532,1.201123862,0.128673418,124.696555,11.34489482,22.2823157,56.80873894,3.671962917,157.1060585,16.18751129,21.84038926
Driver,84.72396206,1.836,1.231,-2.244094488,50.839,2.727,19.239,1.427,0.196,123.7891464,1.4611,16.449,1.394,3430.0,-2.228,375.306187,88.52272376,4.706795568,5.82003687,0.138975359,1.731266537,0.101882,192.8645237,1.189533913,41.55733207,58.44752534,6.110831,209.9913064,1.047968126,-10.50791572
Driver,98.8658733,4.645,6.27,-6.181102362,47.474,10.544,10.648,-0.085,-6.356,142.4002326,1.4403,9.752,0.883,1850.0,-28.298,355.5433018,40.32387374,-18.95145711,6.010732744,0.073188243,1.028099955,0.088572,197.9590285,-20.98682059,20.6425241,72.81244526,4.283081,245.1539455,-32.1946215,-72.0534385
Driver,95.5932355,0.101,5.83,-0.118110236,47.9,5.921,20.991,7.717,1.887,124.5063082,1.3025,18.976,7.52,2502.22,4.928,383.7851026,93.4315226,56.41213287,6.045563021,0.796269918,2.085658329,0.106543,203.4036575,33.55927447,40.23150592,62.06881258,6.13371,215.5999314,35.91268939,21.04666465
Driver,90.43486042,2.013,-6.794,-2.637795276,50.024,-5.105,19.438,1.51,8.304,130.4339656,1.4423,16.747,0.142,3870.0,16.47,397.0427025,101.2057459,37.2787931,4.685430788,0.024706467,1.422026304,0.077749798,200.5325331,30.28489129,44.51317249,59.41411471,6.456141206,214.9796903,34.09247642,89.38051741
Driver,104.3105762,3.513,2.174,-4.488188976,48.81,5.254,12.631,-0.682,-2.856,152.795723,1.4648,11.211,-0.227,2258.32,-11.257,478.4859384,75.10398282,-22.73450675,5.016432857,-0.02590939,0.99942273,0.06913591,249.3666198,-19.273094,31.64750143,65.53882689,5.979539224,281.0445968,-24.07665227,-54.86380667
Driver,91.49293128,-8.063,-6.255,9.37007874,53.899,-12.184,9.589,0.418,6.672,137.5427255,1.5033,7.556,-0.363,2970.0,20.542,373.4233936,39.90003849,25.75982308,6.141468949,-0.020062448,0.823182914,0.0932363,194.9836801,23.43177732,23.04529189,61.8963175,4.7346,219.029378,29.65139346,73.97302291
Driver,99.29312813,0.554,-3.526,-0.787401575,47.918,-3.026,14.079,-2.231,1.295,139.8845741,1.4088,11.801,-2.456,3179.04,2.847,420.4573844,66.90198217,-14.84334663,233.8434664,-8.670702075,-6.96039457,5.75102,222.5327524,-8.195128494,29.83967421,70.88348195,5.37102,255.4526462,-9.586884281,4.025820125
Driver,122.7585898,0.419,2.029,-0.551181102,47.814,2.409,11.77,3.615,1.586,180.110281,1.4672,10.336,3.41,2590.0,-1.321,631.4086914,118.718002,32.41212071,5.826517237,0.345639235,1.078267373,0.068014934,308.7236326,14.85603863,40.79587372,66.15478991,7.551438965,330.643731,15.67894803,-10.53617321
Driver,74.22378311,-2.8,3.8,2.834645669,60.232,1.713,14.508,-2.826,-6.614,107.3874821,1.4468,12.574,-2.048,2210.0,-16.273,246.4803811,34.33315582,-18.62864946,5.744593533,-0.220321036,1.265653542,0.113644,140.2149272,-15.14886104,23.23844591,60.60046474,3.883933,175.4648652,-21.57066045,-30.47307607
Driver,102.9907838,3.547,6.34,-4.606299213,48.918,9.437,13.526,-2.355,-8.695,147.9455977,1.4365,12.243,-1.197,2511.66,-29.66,434.2032105,69.68414303,-56.48636186,5.15771271,-0.125395619,1.121520853,0.073742,229.4591043,-48.41884641,30.70913937,64.65860239,5.609002,259.9887041,-61.14194196,-131.1683862
Driver,110.3167502,5.3,10.7,-6.220472441,50.864,15.024,14.999,6.796,-3.904,164.3300376,1.4896,13.974,7.217,2570.0,-14.741,554.469852,122.4008982,25.78831415,5.85947523,0.724505023,1.471836949,0.076102,276.5927805,0.016748067,42.68424946,65.53732931,7.342762,296.1356832,-2.162182227,-104.1932106
Driver,89.42152827,-1.435,5.049,1.811023622,53.678,3.993,8.781,-3.287,-8.336,128.0934592,1.4325,7.269,-2.032,2490.0,-17.461,298.6938246,26.23900402,-24.26114876,5.933195146,-0.225153551,0.75517843,0.09666,163.9529405,-18.9286198,16.9237932,67.26644853,3.807272,209.587978,-28.18721613,-39.42661061
Driver,88.60728346,-1.151,-1.205,1.771653543,42.54,-2.46,13.23,-5.308,-4.103,124.7150143,1.4075,10.769,-4.586,3170.0,-7.387,353.0155642,52.63852881,-38.46255852,6.004380011,-0.488119016,1.150275665,0.101687219,185.0732847,-24.01925196,29.82961349,57.81925313,5.131020537,211.8194229,-28.80036834,-27.80970614
Driver,106.7465999,-0.6,0.4,1.023622047,48.982,-0.842,13.173,-1.385,-1.709,158.6039281,1.4858,11.156,-1.121,3200.0,4.553,527.3247266,107.7981699,3.837090464,5.936348109,-0.112723893,1.190908711,0.07908,256.8361648,5.740734091,42.80033717,61.70778848,7.108388,274.3147615,6.764130953,32.28928561
Driver,95.02057981,1.482,5.225,-1.811023622,52.477,6.364,8.716,-8.907,-14.132,125.8806818,1.3248,7.581,-6.616,3170.0,-21.229,314.6672437,31.73501213,-58.37883731,5.899560254,-0.700796999,0.789593181,0.097993,167.1508827,-39.28071544,20.80640365,60.86515288,4.211822,203.5326096,-52.51646072,-60.90073065
Driver,100.3914639,2.071,4.647,-2.795275591,47.712,6.532,15.927,-1.032,-5.679,144.2329545,1.4367,13.979,-0.199,3020.0,-16.199,461.0159766,95.99860966,-38.48902962,6.08622055,-0.037329287,1.527993354,0.090201,234.1790491,-31.90606713,39.7283638,61.53159425,6.55809,254.7653033,-37.17289488,-93.30032683
Driver,112.6834288,0.022,-4.438,-0.039370079,49.455,-4.419,10.246,-2.042,2.396,163.3686024,1.4498,8.598,-2.435,2747.86,1.89,523.5543339,81.47203061,-15.25887202,259.3495528,-5.347900889,1.11629992,6.15459,260.7685501,-5.338090039,33.75674176,66.55519062,6.20692,288.4726351,-5.120992023,17.23024363
Driver,84.375,-4.518,-1.141,5.393700787,55.963,-4.2,7.657,2.759,3.899,117.7049034,1.395,5.589,2.09,2540.0,11.706,224.7085471,14.23216242,13.63750711,6.155338567,0.235833576,0.595944291,0.108833522,126.7424363,10.07610656,11.5165199,70.14642806,2.930785403,178.3480485,16.59527289,16.38548055
Driver,120.1413744,7.1,6.7,-7.952755906,50.471,12.695,18.636,1.908,-4.792,172.1649069,1.433,16.737,2.651,3524.89,-13.364,583.4397744,182.2122913,-28.90540425,5.274939515,0.242603178,1.606388472,0.066281,275.0099502,-28.28398374,53.8275003,70.82545169,8.471702,283.1977232,-29.8830562,-122.7182118
Driver,105.7377416,6.888,5.349,-9.133858268,45.466,12.175,13.458,-2.616,-7.965,148.4717251,1.4042,12.439,-1.341,2370.0,-26.428,442.8066043,72.20489466,-52.98074839,5.946470608,-0.159564065,1.314843926,0.084905,234.0484428,-44.52212457,30.99959183,65.29502811,5.69177,265.857895,-56.20411663,-117.3977213
Driver,26.52559055,-5.8,-0.2,3.937007874,72.443,-2.791,52.375,-3.046,-2.659,25.71313529,0.9694,40.879,-2.15,2920.0,-1.173,23.70688546,9.800641384,-0.828443339,5.926310741,-0.226701153,3.159869925,0.649441,14.12045059,-0.548851971,43.70028027,24.00950824,1.601193,18.64008666,-0.727639696,-0.0573789
Driver,79.08688261,-1.981,-6.785,1.732283465,62.534,-7.816,29.861,-2.253,4.532,89.88681102,1.1366,22.012,-3.52,7058.89,5.911,214.269618,60.93103469,-7.140703391,5.900504971,-0.349466012,2.393373201,0.14878,114.9438446,-2.283940129,42.45401246,50.44191756,4.694944,123.0710568,-2.218536536,14.32853081
Driver,97.29107015,-1.744,0.98,2.125984252,52.187,-0.374,35.84,-6.203,-7.183,115.0089477,1.1821,28.667,-4.523,8330.0,5.992,304.8650987,137.9307618,-8.35788701,5.414516475,-0.414584297,3.01222539,0.1128904,145.8785352,-1.618573667,58.88502495,63.83050316,6.609222267,144.9666028,-1.630265343,29.66890424
Driver,95.19729778,-0.8,-2.0,1.692913386,41.836,-3.613,16.253,-5.049,-3.009,135.0975304,1.4191,13.982,-4.493,3090.0,-3.39,421.6566611,88.65181118,-40.42306756,5.794273563,-0.471509818,1.4562393,0.091714,214.185905,-23.19461811,40.08976989,59.55690133,6.294615,233.4963743,-25.73926854,-19.3298022
Driver,98.27755906,-6.983,-4.478,10.43307087,47.682,-10.881,6.765,-9.361,-4.883,137.541607,1.3995,3.127,-8.065,5270.23,17.652,365.1398686,40.72948204,-14.77758567,184.9508124,1.203346152,-3.19883287,5.01056,179.1699614,0.387358369,27.40696269,56.52045214,4.77056,202.2451774,3.579294059,76.56112578
Driver,89.58035075,0.655,-3.452,-0.866141732,50.209,-2.906,13.103,6.107,9.559,126.2137616,1.409,11.023,4.455,3300.0,26.031,339.8767356,49.65344739,59.96878939,6.237358174,0.514801041,1.220020494,0.104529532,179.7149218,44.37463515,28.2952883,58.49867355,4.882725461,207.7175246,56.21645119,92.13973377
Driver,102.2660165,-0.738,1.689,0.984251969,43.251,0.905,10.793,-0.307,-1.996,145.4312813,1.4221,7.615,0.252,4656.74,-9.712,447.0639967,76.69302385,-25.01588904,5.842978927,0.014422605,0.816397475,0.0840259,215.9658131,-18.98436184,38.82194927,55.80172337,6.23305,230.7437872,-21.49195248,-59.7910962
Driver,101.4965104,-3.809,-0.502,4.842519685,49.773,-3.731,14.684,1.07,1.573,145.478257,1.4333,11.442,0.785,4699.52,3.108,455.8505662,106.2236422,15.53488207,6.357447312,0.091738062,1.335887143,0.0926306,220.067334,10.03515612,45.96781407,59.11135127,6.85803,231.0977418,10.79978162,21.06701634
Driver,98.72047244,0.655,3.415,-0.826771654,51.849,3.929,10.987,-0.502,-3.917,141.598291,1.4343,9.226,0.178,2650.0,-12.114,414.2384266,53.77464763,-17.82857938,5.820840367,0.008253146,0.952639474,0.086213,216.2023733,-16.08440339,27.24802065,62.46578292,5.303871,248.9076323,-21.18635806,-50.26240884
Driver,86.01020043,-0.44,5.657,0.551181102,53.411,5.33,8.583,1.922,-3.735,128.4274338,1.4932,7.04,2.569,2130.0,-16.797,276.56415,22.20316828,2.306246452,5.877949111,0.250810081,0.720442142,0.095388,155.4844933,-3.044867241,14.57182437,72.21614282,3.438751,207.4975916,-7.709879253,-30.02901652
Driver,85.58965641,-3.927,-0.687,5.118110236,45.326,-4.579,14.387,1.45,2.138,122.6729152,1.4333,11.751,1.132,3232.31,0.862,350.9238636,57.14204808,8.106758782,6.04962525,0.120466817,1.267350576,0.104577,183.5756297,4.727414756,31.75118091,57.2249304,5.250069,208.5051837,5.512190168,3.303011282
Driver,101.8521832,1.398,4.847,-1.88976378,48.109,6.101,13.827,1.246,-3.602,150.2411417,1.4751,12.193,1.734,2540.0,-15.346,476.5704298,83.11456694,-17.03657225,6.065813497,0.170547478,1.31971183,0.085556,245.8902515,-19.65425363,34.65875657,63.57685275,6.235556,272.9816114,-24.78267754,-81.18580761
Driver,85.24516822,-3.859,2.467,5.118110236,49.537,-0.831,13.881,1.018,-1.449,118.3348246,1.3882,10.227,1.326,4306.86,15.598,294.6394322,44.8743913,28.82638505,152.9018888,21.15716132,1.710489455,4.29845,156.1131174,21.84753781,28.59463311,59.39137791,4.42404,181.2696654,27.34641464,54.79387589
Driver,93.05207588,-5.2,0.6,4.37007874,57.621,-3.248,22.284,0.087,-0.537,129.6564066,1.3934,17.094,0.23,6680.0,-0.305,368.3281946,115.9086016,0.407606146,6.004849302,0.019971562,1.896904675,0.101361,179.3145898,0.023724367,51.83830577,59.57218435,6.619716,184.2453917,0.015199707,-2.088266346
Driver,107.1089835,-6.877,-5.243,8.346456693,50.472,-10.955,12.639,-2.072,3.171,154.8745079,1.446,9.4,-2.612,5046.31,5.955,487.8853625,110.6802541,-0.822904712,6.3504404,-0.280275252,1.108407557,0.0862826,231.273889,4.401456432,46.73421575,59.4352942,7.06905,241.2675293,5.073780514,44.80391142
Driver,93.99158912,1.889,9.386,-2.716535433,48.647,11.049,10.517,-1.47,-10.856,137.5,1.4629,9.494,-0.142,2268.07,-16.686,315.3515112,33.99573081,-19.7401474,172.5378626,-18.47303565,-0.008218232,3.95492,172.3970208,-18.44447012,20.31073449,68.44160722,3.95041,212.8325738,-26.75182997,-54.05880932
Driver,96.30010737,-2.674,-6.398,3.188976378,51.017,-8.564,13.962,-2.916,3.482,140.1670991,1.4555,12.16,-3.307,2564.91,7.617,431.5331727,72.40533492,-11.22348952,6.222097662,-0.351770454,1.352429878,0.0940598,225.2609862,-1.28894177,32.85180706,62.15127776,5.85436,250.9845613,-0.12338471,35.12218936
Driver,87.20472441,-6.204,1.797,7.519685039,53.845,-2.759,7.197,-7.331,-9.128,123.3455619,1.4144,5.398,-6.094,2670.0,-23.77,239.4057697,14.94732788,-37.67821016,6.143466931,-0.674644713,0.576109043,0.103613797,133.7731528,-26.31783284,11.64729842,71.08975583,3.006719666,185.7715052,-41.7226448,-36.73590831
Driver,111.1153364,1.8,-0.4,-2.007874016,55.071,0.275,15.361,-1.811,-1.214,164.9107462,1.4841,13.449,-1.55,3140.0,-6.944,560.0966806,136.6054383,-39.53995574,5.821524293,-0.172005113,1.412303541,0.07523,270.4843163,-26.1279851,47.36517369,65.19530872,7.713832,284.6426679,-28.23904367,-56.50868137
Driver,113.1241052,-0.77,-0.361,1.023622047,49.319,-1.023,12.476,-0.054,0.307,159.7443182,1.4121,10.129,-0.109,3723.3,5.89,507.3785156,122.9017237,21.49188999,215.4032628,13.52270601,18.37742628,6.49072,232.149467,15.77052104,51.37390598,57.68902744,7.44425,241.6414967,16.84912119,48.63334564
Driver,100.2975125,1.243,0.94,-1.57480315,45.956,2.142,14.797,3.285,2.345,148.3052971,1.4787,13.668,3.082,1688.03,9.578,454.7344418,78.22420427,37.88069736,6.169013773,0.338568183,1.504079001,0.0885314,244.9836135,25.85755612,31.34737362,69.62538875,5.75495,267.2980793,29.33336753,38.16647607
Driver,106.9367394,-8.089,-0.594,9.094488189,55.81,-6.135,11.086,4.936,5.53,138.152738,1.2919,8.878,4.286,3154.23,10.511,410.8797158,56.12493673,49.33475063,6.287790181,0.480912696,0.998265654,0.0954564,209.7706553,31.4871254,29.6595549,58.904015,5.47165,235.3044557,37.27638007,47.69838534
Driver,99.03140659,-1.2,-4.0,1.771653543,47.039,-5.789,16.529,0.637,4.673,141.9644775,1.4335,14.362,0.168,3160.0,20.872,441.1415541,95.06588476,47.10020088,5.761600556,0.024254457,1.487832462,0.086903,223.3331571,39.32191227,40.57297953,60.49359877,6.445546,242.2069083,45.58841695,116.0313816
Driver,97.80332856,-0.6,1.0,0.590551181,58.119,0.007,14.719,-0.596,-1.496,137.6641911,1.4076,11.545,-0.03,4360.0,-6.561,419.9011745,90.80490193,-19.11814115,5.728806228,-0.037747195,1.197976384,0.088262,205.8696626,-14.0446945,43.31046705,56.97611834,6.420363,219.5930128,-15.66850014,-41.81145182
Driver,101.3578203,4.436,4.633,-5.905511811,48.648,8.548,16.705,1.303,-3.33,145.8460093,1.4389,14.846,1.828,2790.0,-9.627,477.5271578,104.5406036,-7.667181691,4.919890162,0.150908235,1.312271801,0.072180589,242.5958822,-11.20931441,40.9026938,62.9960168,6.770630183,263.1698507,-13.55828899,-56.80188221
Driver,94.45687187,1.021,2.807,-1.338582677,48.31,3.717,22.279,7.629,4.822,134.7033822,1.4261,19.779,7.011,3432.64,6.661,431.1320287,129.5838618,66.77067434,5.727232867,0.706555282,2.077694947,0.093911894,214.9564623,39.58912567,49.14041485,63.77777203,7.109865137,227.0933265,42.31021196,40.51309965
Driver,102.8834109,2.294,1.502,-3.070866142,48.099,3.561,12.372,-1.286,-2.788,150.2800644,1.4607,10.984,-0.893,2150.0,-12.051,457.1535206,67.63768733,-26.66302263,6.054275886,-0.103559504,1.180317884,0.084927,240.9889246,-21.26045771,29.32201352,66.54893575,5.659653,276.0369989,-26.9738839,-52.55000797
Driver,83.26995347,-5.533,4.083,5.905511811,52.703,-0.148,23.802,1.943,-2.141,113.7837777,1.3664,17.643,2.432,6966.78,-3.174,307.7504766,86.38975777,6.836382293,6.082460052,0.251889727,1.975200751,0.117507,155.8154425,2.099811665,46.43897803,54.91790212,5.771462,162.9639383,2.062318913,-13.53989751
Driver,95.53954903,-4.264,0.6,5.590551181,47.855,-3.27,11.456,-0.795,-1.394,134.9684592,1.4127,8.989,-0.571,3318.86,1.974,370.8027417,54.96480317,0.785725474,209.0273918,2.340800116,-8.537765498,5.37917,194.8694737,1.89301562,28.43140193,68.22668491,4.88917,227.5428047,2.884498554,11.50450167
Driver,104.0108268,1.492,4.754,-2.007874016,47.79,6.108,11.04,-1.242,-5.996,146.509932,1.4086,9.814,-0.455,2110.0,-14.819,418.0302457,53.17618394,-22.99519788,6.20538453,-0.060999598,1.076438623,0.088962,223.5182711,-19.78260776,25.11446768,67.75443436,5.094167,262.8748321,-26.62851197,-54.04186272
Driver,100.4160702,-0.138,2.927,0.196850394,49.296,2.808,18.061,-0.326,-3.253,142.3002416,1.4171,16.487,-0.028,2261.07,3.499,440.2140119,101.4663573,9.107945642,207.8285091,6.56431413,11.87192907,5.83144,221.9285266,7.360796132,42.29018961,60.94929911,6.47231,240.2375105,8.353565792,22.40757095
Driver,103.1675018,1.331,5.873,-1.57480315,45.246,7.193,8.893,-2.489,-8.362,145.835272,1.4136,7.962,-1.439,2020.0,-35.37,333.2958822,30.60452967,-34.98943267,6.370373323,-0.184947025,0.886482919,0.0911717,186.0398529,-31.09590293,16.9024922,75.81920733,3.82221,234.3610599,-46.78522391,-79.43960265
Driver,103.1160523,4.211,4.745,-5.354330709,50.707,8.199,15.888,3.777,-0.968,150.5603525,1.4601,14.088,3.931,2700.0,-6.428,499.6585596,105.7636102,17.77330488,5.506996245,0.372740716,1.392622729,0.078068,253.1444623,4.216540592,40.59182966,63.72002763,6.877111,274.2306363,3.601069434,-39.43593225
Driver,71.42313887,1.4,2.2,-1.496062992,38.202,3.429,18.838,5.557,3.297,104.5559681,1.4639,16.128,5.098,2860.0,-6.107,272.9206386,53.10512468,17.61149493,5.934027068,0.511187102,1.707877758,0.12285,149.4403438,7.615440345,32.70027168,55.96123086,4.72911,172.8252205,8.039610113,-17.02988996
Driver,99.62195777,0.842,-1.857,-1.023622047,45.433,-1.028,10.351,-0.973,0.884,147.4684592,1.4803,9.222,-1.08,1660.0,3.419,400.462889,45.65442665,-3.865969616,6.269650357,-0.115805824,1.019088141,0.0890052,218.6039096,-0.724111478,21.88788195,72.74603963,4.6828,262.0778046,-0.168397781,10.1890115
Driver,84.27433787,-7.809,1.684,11.1023622,54.922,-3.843,7.139,-3.86,-5.544,120.2981836,1.4275,5.016,-3.067,2705.43,-13.476,236.016271,14.01656968,-19.74506624,5.90087764,-0.328083109,0.51560056,0.101947226,131.2764829,-13.971468,11.44850687,69.56456812,3.01555376,181.8907511,-22.27387475,-20.902716
Driver,49.75170007,1.3,-0.5,-1.25984252,61.535,0.068,23.409,4.837,5.337,63.87168933,1.2838,18.217,3.631,3390.0,9.134,101.6951734,18.6159718,7.889418871,5.732077136,0.378165017,1.78017499,0.197331,61.61281862,5.625607426,24.79541281,46.33304129,2.557849,84.41718828,8.284947639,5.185929789
Driver,93.38985326,3.499,7.188,-5.236220472,47.639,10.385,13.386,0.335,-6.853,139.2718772,1.4913,12.049,1.292,2255.16,-13.608,407.555873,67.27225745,-23.52171735,204.5374787,-23.59448073,2.145583534,5.3969,207.7384888,-24.45191923,34.01938607,61.15561566,5.52715,232.546617,-30.96673807,-87.2915282
Driver,94.50384753,-1.593,2.601,1.732283465,58.892,1.64,16.026,8.358,5.757,114.8644417,1.2155,13.521,7.502,3010.0,17.668,306.330378,51.30313025,58.49521889,6.058091394,0.810116311,1.45639234,0.112543,165.9909747,39.45239389,29.89930173,57.73835807,4.81311,183.0324221,45.27684246,54.19142705
Driver,116.3743737,3.9,4.1,-4.448818898,50.434,7.231,19.455,-0.209,-4.309,163.3218504,1.4034,17.696,0.311,4010.0,-10.062,535.9930504,180.5824774,-37.54481,5.628198058,0.021817684,1.824164923,0.075112,251.1004538,-28.2401481,55.68101641,70.52118213,8.275802,257.2115137,-29.32316985,-88.78213496
Driver,98.90166428,-9.62,-6.871,11.1023622,53.023,-14.203,9.898,-0.229,6.641,145.5847351,1.472,7.607,-1.02,3500.0,18.612,436.8688929,57.5594698,31.58501121,6.195903368,-0.090847553,0.847710361,0.0889512,218.0114603,27.72036274,30.29045053,58.17944524,5.62302,234.2928469,32.25572946,94.69615043
Driver,61.44640301,-1.307,2.093,1.220472441,65.666,1.502,39.282,2.367,0.274,59.12110773,0.9622,32.592,2.309,3920.0,0.26,111.0431341,39.2993818,4.2546628,4.899221398,0.197882495,3.019671756,0.206662,63.5023366,2.626859663,42.67508216,43.93381141,3.449553,74.30540882,3.080616476,0.205461909
Driver,98.38940587,-5.267,-2.253,7.519685039,49.072,-6.839,10.956,-2.675,-0.422,137.4659986,1.3972,6.876,-2.567,5567.45,13.119,382.8580361,55.69158899,15.13283976,196.3351934,19.35229974,-4.640760152,5.56668,189.4589783,17.50057921,32.54604628,57.02353326,5.26668,208.3519443,22.44627428,77.79646615
Driver,97.33804581,-0.068,4.05,0.078740157,44.339,3.981,10.621,2.789,-1.261,139.5667054,1.4338,8.339,3.063,3184.03,9.671,419.6447337,64.8994718,49.50141028,205.5781617,32.25233267,-1.339730732,5.75241,203.5670173,31.71019934,35.63149579,56.75892618,5.66241,223.9419816,37.22807783,62.76085219
Driver,81.69738726,-6.3,-5.1,5.472440945,60.901,-8.792,28.466,-1.948,3.152,105.265748,1.2885,23.127,-2.63,5600.0,3.947,277.8655025,94.72597929,-5.618041752,5.7596086,-0.256352597,2.493958598,0.124871,140.9368223,-1.344290552,50.44293301,55.74831386,5.808206,147.8890397,-1.273672115,15.37159238
Driver,77.46062992,-1.6,5.8,1.968503937,67.459,4.696,27.285,-31.636,-37.418,51.32158196,0.6626,20.814,-22.028,5720.0,-36.345,64.57115409,13.13356488,-26.42710227,5.8660685,-2.271655162,1.992552899,0.256967,39.87039982,-18.06320104,25.79749342,39.63350482,2.010075,53.38597825,-25.14500789,-10.24053858
Driver,85.17134932,0.452,-1.622,-0.590551181,52.114,-1.27,19.522,6.024,7.646,120.315408,1.4126,16.513,4.737,3880.0,14.024,351.0082425,83.41702125,52.88151136,6.364762355,0.54736754,1.904672442,0.114983944,180.7239176,35.68578341,41.39596631,56.98870486,5.888596671,196.6990574,40.28989728,62.79954659
Driver,97.55950251,-3.4,6.441,4.251968504,53.971,3.965,4.778,-3.012,-9.453,134.3517359,1.3771,3.957,-2.055,1680.0,-5.962,218.2978032,9.411627834,-9.671832003,5.915606482,-0.216021042,0.403237073,0.091178,126.1240263,-6.432731086,7.518022262,87.42897188,2.41382,194.9860517,-11.05086848,-5.735461953
Driver,89.37007874,-0.611,-2.352,0.866141732,43.68,-2.992,18.043,-1.013,1.338,129.6722888,1.451,15.396,-1.214,3417.86,2.584,402.0191052,92.08733579,-2.932425849,6.337838354,-0.130897928,1.769585377,0.105343,204.6660247,0.103203528,41.6723173,59.11463657,6.3131,220.9454558,0.395865169,13.31813965
Driver,108.4108805,5.5,1.5,-6.771653543,49.925,6.102,17.554,-2.081,-3.581,155.8337062,1.4374,16.095,-1.674,2870.0,-10.431,518.5408104,135.955183,-45.6232694,5.922448238,-0.177377315,1.727312795,0.082073,254.7395754,-32.27917821,47.52809894,64.97189157,7.546229,269.2790129,-35.19562724,-74.65130344
Driver,82.93441303,-4.7,5.5,4.606299213,57.712,2.462,19.036,-0.215,-5.715,106.5385648,1.2846,15.989,0.61,5900.0,-10.471,276.3356437,64.63055039,-11.81437046,5.838140181,0.039356838,1.697412063,0.119154,143.8401682,-10.63505574,40.41705209,52.17321276,5.142474,155.4435325,-12.23156985,-36.48488464
Driver,97.59976736,-3.1,-0.7,3.11023622,57.319,-2.904,15.7,-0.531,0.169,140.9748568,1.4444,13.416,-0.448,5410.0,0.579,424.9630825,115.3564095,-2.31173777,5.948559301,-0.058001938,1.460420712,0.090376,204.7294085,-0.747032151,49.64829356,59.80298702,6.88306,213.0575962,-0.743451361,2.56127498
Driver,111.2898175,5.1,-1.1,-6.299212598,49.502,3.183,16.49,-0.296,0.804,165.1670991,1.4841,14.88,-0.257,2220.0,6.549,565.716751,127.9148123,13.82950863,5.936676121,-0.039263562,1.589781589,0.077012,285.1664631,12.77362074,42.70852221,67.74845683,7.400215,305.4517428,14.5937605,42.15395143
Driver,86.2920544,-4.217,-7.982,5.433070866,48.671,-11.7,21.97,-4.983,2.999,114.0732373,1.3219,18.593,-5.405,3850.0,4.077,329.9611009,86.08123736,-23.28189001,6.085453692,-0.567272893,2.066868701,0.117177,170.9300246,-10.42474008,43.21253346,57.0232602,5.8702,184.3166617,-10.91660236,17.07727642
Driver,69.57319256,-2.2,7.0,3.700787402,57.339,5.14,15.978,-20.752,-27.668,58.20709556,0.8366,12.702,-15.429,3560.0,-42.14,59.08925389,7.086158879,-17.85095035,6.10353007,-1.695477819,1.199382925,0.224582,37.27230972,-12.6294019,15.56298801,46.40495086,1.525912,63.23829645,-23.30532425,-8.534319375
Driver,100.3892269,3.699,6.093,-4.763779528,49.674,9.238,17.948,4.241,-1.852,146.4685487,1.459,15.766,4.538,3200.0,-9.616,482.7058847,119.976702,10.96297385,5.73855746,0.444946656,1.636298954,0.084438,240.1208777,-2.035243878,45.2244248,63.14249831,7.135352,256.0605091,-3.259441291,-63.07982145
Driver,86.83562992,3.034,1.012,-4.173228346,45.223,4.026,13.804,-7.546,-8.557,120.3867663,1.3864,11.885,-5.968,2940.0,-26.642,308.7863021,44.62694148,-58.58049807,6.289469495,-0.682451392,1.321088442,0.110715,168.2488205,-43.01139278,26.30952975,59.91938034,4.54536,197.0116455,-54.91670849,-77.59864904
Driver,86.90497495,-5.952,-4.276,6.299212598,61.296,-7.549,21.279,-1.501,2.775,116.9340551,1.3456,16.288,-2.048,5821.2,3.781,325.4245147,85.12196035,-4.112156349,6.422022303,-0.221908153,1.916715599,0.119744626,164.6881745,-0.234188113,45.09304363,55.25223425,5.848612111,174.4885962,-0.016844696,16.95411808
Driver,88.08831424,-3.207,1.911,4.803149606,44.567,-1.35,13.037,6.54,4.629,124.4541875,1.4129,9.24,5.43,4878.84,15.647,331.3157189,52.81907835,57.04330622,167.476538,35.6510721,0.289550173,4.97919,167.879772,35.76726,33.20269946,54.59451812,4.99729,186.284259,41.16809632,60.25531651
Driver,94.37634216,-2.302,1.692,2.795275591,52.5,-0.076,22.757,-0.715,-2.406,122.6673228,1.2998,19.074,-0.329,4506.74,-3.398,363.7676539,108.3150336,-9.385071178,6.141909142,-0.040869981,2.154500545,0.1105864,182.0833828,-6.910316265,48.50041297,59.33972624,6.458991304,192.6344123,-7.524600974,-17.59624279
Driver,111.515748,-6.583,0.141,8.818897638,43.31,-6.891,9.083,5.041,4.9,159.355315,1.429,7.178,4.436,3160.0,17.253,502.9001511,66.23045732,81.08670385,6.172508951,0.493859784,0.799383215,0.08081,248.0475206,52.81098902,31.27189155,60.21559878,6.06866,264.8354097,58.78615555,101.7219094
Driver,96.99355762,3.736,2.632,-4.37007874,48.205,5.979,10.833,-0.922,-3.554,143.7746063,1.4823,9.994,-0.495,1340.0,-17.721,361.7080929,41.27107672,-16.87638673,6.395030631,-0.066629147,1.121080132,0.0933154,203.4776013,-15.31234196,20.20046453,76.75265788,4.25084,252.5301696,-22.36147127,-40.6765701
Driver,102.6664281,1.1,1.3,-1.25984252,48.674,2.131,13.82,1.433,0.133,150.7894148,1.4687,12.131,1.517,2530.0,-3.908,489.1587806,87.08787409,4.313836942,5.670387044,0.147251578,1.228025393,0.079601,250.8227827,-0.539883556,35.74446174,63.63315077,6.406782,277.021837,-1.31616514,-21.53954638
Driver,111.3994273,7.486,3.883,-9.448818898,48.188,10.633,11.923,-0.432,-4.314,165.2221278,1.4831,11.04,0.44,2016.39,-28.938,496.9043181,73.28155457,-45.72848163,5.876329996,0.026619704,1.150538077,0.074922,262.1112125,-42.76476286,29.1858088,69.97486311,5.744918,298.7536956,-55.55724142,-134.2481412
Driver,82.15819613,2.255,1.806,-2.716535433,54.861,3.394,10.681,-6.431,-8.237,115.3742394,1.4043,9.096,-4.845,2550.0,-22.342,251.4751064,25.65477953,-34.51001017,6.209417817,-0.547109279,0.98290954,0.1129928,142.2939742,-25.57813981,17.99274516,64.74083717,3.565539135,184.7575321,-37.53594831,-40.99287367
Driver,110.779796,1.103,-2.906,-1.25984252,52.754,-2.067,17.019,0.888,3.794,157.4651038,1.4214,15.073,0.401,3130.0,8.53,535.9428886,134.3254012,30.66857281,6.50620291,0.056660602,1.788916886,0.0888699,262.0358642,23.04531111,47.14998536,65.74296746,7.57396,276.1684729,25.1591675,63.65381702
Driver,99.23496779,0.143,4.155,-0.196850394,48.452,4.282,6.488,0.735,-3.42,140.6024069,1.4169,4.847,1.626,2604.53,6.618,371.7622732,29.67871854,22.55234078,184.6523416,14.68320219,0.77774001,4.27791,186.589126,14.92781112,19.76007493,63.12456145,4.34443,224.1324705,19.76782542,28.93277826
Driver,86.05717609,-7.824,-8.236,12.63779528,38.875,-18.049,10.177,-7.063,1.173,119.3233268,1.3865,6.208,-7.325,4711.15,15.889,279.0355432,28.95380505,-14.98091291,150.2191321,-1.174292175,-2.101926443,4.06445,145.1741374,-1.722502567,21.94406755,59.53275654,3.87445,174.9075957,1.404716061,50.3987278
Driver,98.48335719,2.1,2.3,-2.834645669,45.763,4.398,16.076,2.035,-0.265,140.9822387,1.4315,13.976,2.11,2940.0,-3.025,447.9887354,97.24819186,9.034263203,5.598020692,0.203358946,1.407490528,0.084858,225.197012,2.500851084,41.68277599,60.09147862,6.602988,243.8028508,2.300928196,-17.37499421
Driver,85.24740515,-3.272,2.726,3.070866142,72.068,1.666,18.853,-0.082,-2.808,122.0702845,1.4319,16.194,0.278,3250.0,-7.006,365.155613,81.61161806,-10.16980705,6.189024401,0.021326548,1.812746644,0.10969,190.020537,-9.343265578,39.4512093,58.26568211,5.90714,200.6767056,-10.34657812,-30.79205803
Driver,61.44192913,-3.131,-4.802,4.05511811,45.081,-7.928,1.163,-5.525,-0.723,92.51655333,1.5058,0.261,-5.374,840.0,-6.246,5.105229344,0.012467205,-0.478763152,4.992056129,-0.470203148,-0.021715597,0.111271502,2.710284364,-0.254435442,0.226911122,91.79600836,0.060129074,56.73675066,-5.349141808,-0.001806784
Driver,103.9526664,-2.239,5.169,2.637795276,54.072,3.545,7.964,-3.916,-9.085,153.1039728,1.4728,6.76,-2.827,2460.0,-29.901,394.7273765,35.68596041,-55.23102384,5.706829791,-0.299994976,0.680636505,0.0775168,209.4682411,-42.83891925,19.10388845,69.98412594,4.43576,251.2384181,-58.7413847,-98.02223094
Driver,88.02568003,-2.9,-0.9,2.874015748,57.075,-2.973,20.603,-2.616,-1.716,125.6413296,1.4273,17.088,-2.285,4395.22,-3.058,374.9573575,103.0675156,-21.68565019,5.656207278,-0.236758443,1.764766353,0.098069,187.327524,-13.12362771,47.1418525,58.58441976,6.436706,198.8165124,-14.15239677,-16.98827186
Driver,79.19649248,-3.167,2.852,4.251968504,49.325,0.126,9.71,8.101,5.249,113.274651,1.4303,7.476,7.176,2715.78,10.375,222.5780737,19.22274176,33.36768095,136.9380992,22.87611457,-3.469066239,3.39691,125.3799716,20.57669178,15.03056323,69.28925183,3.03691,170.2925441,29.38867809,14.89711522
Driver,94.31147101,-1.1,2.9,1.181102362,55.662,2.024,14.44,3.583,0.683,138.9891285,1.4737,12.529,3.765,4200.0,3.229,430.153674,99.06706333,34.1684153,5.747231673,0.354283712,1.304524646,0.088023,210.5850297,19.44668803,44.88009431,58.18514971,6.624824,224.0685818,21.01560607,16.90761652
Driver,69.47924123,0.0,3.8,0.236220472,75.23,3.252,16.797,-3.407,-7.123,65.20110057,0.9384,13.827,-1.997,2090.0,-14.995,85.3423434,11.28078091,-4.3614208,5.748842694,-0.219267107,1.302685508,0.188818,53.29550545,-3.545986596,17.45645445,50.58730681,1.995328,85.01931054,-6.652146571,-5.072252381
Driver,97.49686829,-1.934,5.399,2.440944882,52.916,3.937,0.398,-9.689,-15.089,124.1799392,1.2737,0.159,-8.151,1920.0,-8.734,15.81065298,0.023953823,-2.255114857,5.825611171,-0.831525234,0.007891574,0.096839,10.36536186,-1.488151561,0.196134597,119.7647178,0.173683,70.49426692,-10.24195958,-0.056151044
Driver,81.90542233,-1.32,6.997,1.57480315,56.589,6.127,16.628,-29.956,-36.953,57.14947208,0.6978,12.606,-20.568,5610.0,16.813,62.01998768,7.503680836,-20.5530974,5.812987709,-2.013946233,1.157464751,0.2179784,38.52644863,-12.28155787,15.89972733,44.72910035,1.626704196,59.7082296,-18.35290235,3.990695442
Driver,83.78444882,0.691,3.756,-0.905511811,45.367,4.439,15.555,7.15,3.394,123.6392717,1.4757,12.982,6.54,3240.61,9.218,355.5731385,63.86697602,55.21318445,190.3678967,35.00803923,-2.24480253,5.3756,186.7582519,34.11062158,32.53726196,62.87259636,5.2356,212.1676773,40.48448447,38.92585192
Driver,110.8715104,9.9,3.7,-11.92913386,50.375,12.06,17.477,0.86,-2.84,166.681505,1.5034,16.233,1.31,2200.16,-13.765,566.5984867,139.9463477,-26.31656353,5.915935296,0.128415136,1.735417059,0.076584,284.0264321,-25.86605956,44.99121089,68.30270323,7.602383,302.2638896,-29.2524212,-96.97703355
Driver,98.46993558,3.553,4.282,-4.527559055,46.233,7.692,10.511,3.967,-0.315,147.0653633,1.4935,8.962,4.038,2265.33,-2.548,430.7095085,53.09067325,26.29301293,5.613504771,0.393663799,0.89202621,0.0798256,226.7313934,12.59286288,25.62813046,65.81620395,5.24898,251.6311139,13.58587759,-10.13921952
Driver,113.6564961,4.2,2.4,-4.645669291,46.853,5.702,16.225,-1.968,-4.315,168.6303239,1.4837,14.394,-1.315,3260.0,-8.353,574.3492307,153.6053607,-43.8839234,5.866356997,-0.139663925,1.527839397,0.074467,274.5655159,-29.89561095,50.00782513,67.12731414,8.03298,286.4029032,-31.91200448,-70.8725346
Driver,89.80628132,1.702,1.633,-2.165354331,47.834,3.175,22.296,6.031,4.398,125.3420276,1.3957,19.769,5.444,3218.36,6.549,389.4357356,108.5444387,48.53203819,5.846926056,0.562505737,2.113398015,0.103068,199.4242393,29.90339747,45.65722161,61.27297324,6.551734,214.4508892,32.74250217,33.18746329
Driver,101.0625447,-2.162,0.211,2.834645669,47.857,-1.747,11.501,0.856,0.645,150.2910254,1.4871,9.369,0.753,3184.92,2.674,484.5941599,78.4184567,12.94011433,6.234515282,0.084752788,1.054084286,0.0871219,240.648362,8.462709656,35.66035212,59.57235502,6.34756,254.2187034,9.226925441,15.90403799
Driver,118.890927,6.015,-0.657,-7.677165354,45.072,5.376,14.523,4.087,4.744,175.3069077,1.4745,13.268,3.367,2501.93,20.604,598.7742567,125.665808,96.04877254,5.379095599,0.328207301,1.278787704,0.065172,298.6308262,68.42871556,41.29789595,67.37705632,7.448880864,320.1356663,76.77597646,153.7147245
Driver,83.98129921,-0.837,7.028,1.062992126,57.633,6.497,28.107,5.472,-1.556,109.8915086,1.3085,23.703,5.742,4810.0,-2.176,308.0393073,105.7188843,25.12554004,6.408310823,0.636343914,2.845987735,0.1336008,156.1377404,12.52948762,50.42992558,58.59921639,6.134218736,164.7158781,13.12536335,-9.313341112
Driver,101.4942734,1.1,6.7,-1.496062992,50.495,7.718,12.605,3.012,-3.688,145.1840999,1.4305,11.063,3.725,2340.0,-11.227,438.5961197,68.67477005,8.487820216,5.737774939,0.363988029,1.129638549,0.083385,227.8131971,-2.354749678,31.79561811,62.21392877,5.760089,256.5257266,-4.848442536,-51.44846824
Driver,98.76521117,-3.3,-0.1,4.291338583,48.903,-3.19,16.91,-2.429,-2.329,139.3550913,1.411,14.807,-2.072,4370.0,-3.341,433.7154098,115.6476522,-25.40063343,5.613617423,-0.218311191,1.511956108,0.086611,211.5337219,-15.26159437,48.3186739,60.49287345,6.927084,222.5212567,-16.30955624,-22.87042001
Driver,86.53588046,1.42,0.753,-2.401574803,45.027,2.172,19.932,1.862,1.109,129.3441303,1.4947,17.844,1.728,2686.57,3.603,395.467638,98.71246071,19.19828816,196.2380685,11.38016615,3.964913936,6.07626,200.4710211,11.67489059,43.87816445,59.72458792,6.27694,216.7703787,12.79450971,16.90408301
Driver,111.7327309,0.7,-0.7,-0.866141732,50.114,-0.106,11.856,-1.756,-1.056,165.1516643,1.4781,10.655,-1.7,3020.0,-1.553,561.2939549,109.7330863,-20.70902636,5.833947987,-0.168209772,1.115596609,0.074435,273.6034697,-11.67976978,41.80349391,62.75434279,7.263231,292.7991435,-12.74094585,-10.69572242
Driver,100.2997495,3.266,4.616,-4.133858268,50.778,7.285,18.864,10.394,5.778,139.472083,1.3906,17.571,9.885,1911.94,8.539,443.3425643,98.38788865,87.61467487,4.395299299,0.758161903,1.391832,0.068244,237.0610834,52.95603027,37.79077198,67.24373306,6.270274,263.3734856,60.03494729,37.50509311
Driver,82.96796707,-0.424,-4.624,0.551181102,46.222,-5.03,19.137,3.933,8.556,111.8298139,1.3479,15.166,2.09,4820.69,15.284,301.6825048,65.86450594,33.14492238,6.245013303,0.253096676,1.717253316,0.120598,157.067566,24.63241672,38.58844559,53.72615908,5.27626,170.925652,28.16076183,56.87630108
Driver,98.07623479,-2.3,3.7,2.952755906,51.619,1.818,13.469,4.657,0.957,138.122092,1.4083,11.395,4.611,2850.0,-0.98,423.1180607,73.21313936,31.56658698,5.978042595,0.479568527,1.218336373,0.091589,215.4646382,15.70378669,35.48353199,58.6101688,5.968027,238.4280519,17.21363288,-4.86671308
Driver,101.1676807,1.213,2.891,-1.614173228,48.103,3.979,16.221,1.259,-1.632,147.6415981,1.4594,14.167,1.492,3030.0,-7.33,486.6968991,107.7268262,-6.505233405,5.837750281,0.145294349,1.488330175,0.084542,243.9712964,-9.073042567,42.30360823,62.46666185,6.925372,262.5546318,-10.75705982,-46.25382928
Driver,92.70311382,1.352,-0.814,-1.692913386,48.078,0.401,19.429,-0.222,0.591,135.4999553,1.4617,15.93,-0.343,4709.83,1.796,415.5569502,116.9403618,2.509494384,6.044387346,-0.033527634,1.769509241,0.0964447,203.277077,2.515649172,49.0009966,60.62653804,6.8609,207.9730445,2.629587326,11.19725297
Driver,21.82802434,-4.4,7.6,3.661417323,60.771,4.544,39.788,0.847,-6.754,25.87352362,1.1854,27.623,3.34,3140.0,-1.977,19.65112574,5.147617881,1.087898048,5.857430827,0.336356804,1.706292553,0.538618,12.44737068,0.705251297,29.72087207,24.03136185,1.173928,18.95107244,1.065481968,-0.059933414
Driver,100.4004116,-5.686,-0.087,7.283464567,51.119,-4.692,14.591,-4.211,-4.124,135.8522727,1.3531,11.084,-3.472,4828.45,4.592,398.4426764,82.49690863,-14.42466739,202.7666948,-5.565875188,-2.355233553,6.13227,199.9405208,-5.563294998,39.6178436,57.92143862,6.00227,215.3572682,-5.596261198,19.65232902
Driver,95.23756263,0.824,3.281,-1.102362205,48.944,3.998,12.327,2.471,-0.81,140.6851736,1.4772,10.249,2.621,2911.28,-7.387,430.7816974,65.71577313,5.543197658,6.03548556,0.268946972,1.102570406,0.090351,220.8000456,-1.69065834,31.88348685,60.21946007,5.761339,247.8851303,-3.345923616,-35.35676105
Driver,100.2326414,0.797,4.874,-0.984251969,52.371,5.489,11.848,-6.018,-10.892,136.2488815,1.3593,10.38,-4.521,2810.0,-16.148,395.276803,56.418745,-55.57451048,5.901756762,-0.479688418,1.087540664,0.091233,206.8708498,-38.11963807,28.81178688,60.95334813,5.309856,237.0745646,-46.97852411,-65.92131955
Driver,75.88358984,5.435,5.31,-8.188976378,50.126,9.868,1.092,-2.121,-7.43,107.4758411,1.4163,2.003,-0.573,1916.1,-21.742,80.85075639,1.544996799,-2.81977197,75.34793603,-5.093654746,-2.051654716,1.64156,49.55406055,-2.482546053,2.66748834,90.45018071,1.03156,106.978075,-7.27219962,-5.962426013
Driver,87.73935218,0.689,1.053,-0.984251969,46.438,1.708,10.723,-9.331,-10.383,116.399651,1.3266,8.94,-7.436,2984.19,-5.244,287.1763925,37.41084115,-44.93321131,149.9498239,-26.78548552,-0.889256513,4.3383,148.0745415,-26.3393686,27.72260828,54.47778773,4.2583,173.4757914,-32.33056984,-21.77958596
Driver,108.1424481,4.7,10.9,-5.866141732,48.715,15.025,15.096,11.398,0.498,160.486981,1.484,13.994,11.325,2500.0,1.453,544.4479614,119.5544604,108.3088284,6.060763,1.192096033,1.525147927,0.080647,272.5000751,56.77124991,42.50172018,65.39772985,7.274561,292.4327608,61.12733722,9.984338796
Driver,96.70499284,-2.774,-2.117,3.897637795,42.969,-5.098,17.248,1.703,3.82,134.8460988,1.3944,12.756,0.808,6120.44,6.882,393.9057398,99.43060587,23.62072005,6.229372818,0.100509333,1.470098631,0.0986186,191.8445281,16.27730152,46.79094458,57.1991643,6.43847,200.0035029,17.36608578,40.7402596
Driver,85.533733,4.179,2.729,-6.417322835,47.713,6.54,15.824,-4.322,-7.051,128.1015122,1.4977,14.154,-3.268,2487.68,-2.733,375.7210979,69.51615346,-28.94205561,183.2098766,-17.51425498,7.954288444,5.05569,195.6041012,-19.25989161,35.12208997,58.95760798,5.57206,218.7500593,-22.52792429,-24.39618988
Driver,100.9417502,-0.9,7.9,1.25984252,52.732,7.137,26.299,3.773,-4.127,130.9169202,1.297,22.025,4.651,5620.0,0.894,372.6106679,145.6917941,30.32373668,5.813040052,0.472989273,2.402585724,0.100295,176.8036365,16.19386885,57.40950469,64.70565465,7.099892,179.9313485,16.49484554,5.59344177
Driver,97.80332856,2.556,2.242,-3.031496063,49.885,4.397,17.614,5.676,3.434,145.2274964,1.4849,15.66,5.207,2892.61,12.378,475.5364065,110.31975,71.63476525,6.348396679,0.590319224,1.804500384,0.0942139,240.8102249,46.63943464,42.41214287,63.07295244,6.89108,251.1902557,49.53729347,75.01867839
Driver,108.5182534,2.0,2.085,-2.204724409,50.959,3.708,14.308,-1.086,-3.171,160.7406496,1.4812,12.718,-0.662,2622.34,-9.277,543.2114889,108.1543972,-31.17657535,6.462965251,-0.084638821,1.482315079,0.0854522,272.301505,-23.69855906,40.14400914,64.75071866,7.05175,293.0014858,-26.92335059,-61.68837447
Driver,79.45821403,-6.941,-6.917,5.748031496,68.529,-9.661,18.624,-1.393,5.524,74.09896206,0.9326,13.614,-2.536,3770.0,7.775,123.1677513,17.31618566,-3.528171346,5.678205107,-0.239522549,1.322013785,0.1643448,73.07036469,-1.235925304,20.63979479,50.10284094,2.632980811,100.4215427,-0.981272215,5.993922894
Driver,112.1197208,4.3,2.3,-4.724409449,52.228,5.563,16.481,-2.158,-4.458,161.8647101,1.4437,15.133,-1.558,3120.0,-10.033,550.9649862,142.7249349,-48.96158701,5.759314502,-0.17440797,1.576109327,0.076401,268.052892,-34.00087941,47.97416436,66.06414562,7.782621,281.8916678,-36.77012097,-80.27736024
Driver,107.3080709,-5.234,-1.485,7.086614173,43.831,-6.961,10.058,-2.277,-0.792,159.134753,1.483,8.265,-2.182,2838.68,-0.422,496.9353063,78.91465155,-22.19959381,231.7194968,-11.33556099,0.91968671,6.23985,232.7884615,-11.39416289,39.96594178,54.01466348,6.29254,249.9540941,-12.34031145,-7.600094392
Driver,93.57999284,3.162,5.674,-3.779527559,54.603,7.924,19.221,3.694,-1.979,138.1200787,1.476,16.688,4.024,3500.0,-11.06,440.9451622,114.5618634,2.149075508,6.012699791,0.408966859,1.821918205,0.094440028,220.1961153,-6.971522314,45.79045369,61.67989334,6.885690255,234.8790867,-8.551894027,-67.19610992
Driver,82.63913744,-3.9,11.5,4.488188976,57.915,8.91,8.79,0.656,-10.844,113.0062187,1.3675,7.166,2.272,2390.0,-31.847,197.2696099,15.00678574,-3.720910237,6.13188587,0.211979175,0.754564543,0.113363,114.6640829,-7.750747328,12.75393923,69.11929966,2.739762,163.5316807,-16.78801962,-36.83982581
Driver,111.6499642,4.3,4.5,-4.842519685,52.692,7.872,19.777,2.97,-1.582,161.4255995,1.4458,17.56,3.211,3573.98,-4.604,542.3584385,172.7314508,11.30939175,5.720989752,0.315925344,1.835379491,0.077153,257.2807083,1.32175807,53.87296718,69.59405044,8.20989,265.4844626,1.117261999,-39.27372086
Driver,95.71850394,-1.7,6.9,2.204724409,52.14,5.41,23.117,1.538,-5.362,128.9667591,1.3474,19.284,2.567,5020.0,-2.239,384.9833531,124.3650302,10.61359017,5.729704504,0.253256888,2.039413822,0.098172,188.8926585,4.080056501,51.71965736,61.67813549,6.836083,196.4375927,4.144011895,-13.14634675
Driver,99.38484252,0.7,-4.9,-0.905511811,50.442,-4.37,19.853,7.161,12.061,141.2553686,1.4213,18.05,5.737,4980.0,18.567,423.9725629,134.828478,95.70309771,5.57581734,0.598928118,1.84915126,0.086445,205.3277796,62.41603028,52.03884976,63.00075701,7.147901,212.7684454,65.54916571,127.6489703
Driver,97.83464567,-0.5,4.1,0.62992126,56.467,3.834,8.968,0.802,-3.298,130.5760111,1.3347,7.377,1.38,2190.0,-4.07,316.9627953,29.31082806,4.045939317,5.952195035,0.139939596,0.771626601,0.095175,172.3679329,0.82030114,18.45066333,66.11760634,4.02994,215.5476561,0.127468438,-9.993191293
Driver,83.23416249,-6.145,-6.535,8.976377953,42.683,-13.239,11.33,-6.794,-0.26,114.6857105,1.3779,7.134,-6.731,4776.59,17.55,252.1792985,28.01074984,-10.41238876,146.5879454,2.009013362,-5.313083247,4.10794,134.9381359,0.453512383,21.66541123,59.92569493,3.66794,164.9000746,4.125757895,48.79840979
Driver,101.8566571,3.292,6.918,-3.622047244,57.954,8.982,15.471,-3.467,-10.386,143.5676897,1.4095,13.165,-1.413,4341.0,-28.103,428.1544623,93.24795454,-79.30029391,5.542903257,-0.165481575,1.321206286,0.082176,212.9011644,-60.91763122,41.35511523,58.42950315,6.3627,226.9189414,-68.17358876,-167.6060221
Driver,88.8869005,-4.197,-1.776,4.881889764,52.687,-4.983,12.786,-3.196,-1.419,133.7106299,1.5043,11.339,-3.071,1929.0,-3.069,364.939572,49.67096184,-22.50000502,5.472620454,-0.294977287,1.096043113,0.0862208,200.6610755,-13.74388798,24.88659077,67.47272668,4.77849,237.4695852,-16.82626823,-8.997899559
Driver,95.80350752,-1.982,1.639,2.125984252,57.646,0.383,18.478,0.228,-1.412,136.9416607,1.4294,16.466,0.376,2743.0,-2.487,441.1123681,102.1550907,-2.361347715,5.386784037,0.033260174,1.607499088,0.0849408,226.9556572,-2.942438091,41.29637887,62.4850723,6.59438,245.5963753,-3.486592052,-13.29486387
Driver,101.7358626,2.5,10.3,-2.874015748,55.027,12.009,5.565,-3.718,-14.018,144.9530243,1.4248,5.29,-2.414,1890.0,-51.823,209.1404146,11.18821752,-21.88093487,5.799910036,-0.272823063,0.523995049,0.082995,124.7441768,-19.76017458,8.463141265,94.320216,2.21954,198.1566508,-40.57288285,-43.66433936
Driver,90.06352899,-3.2,2.4,3.582677165,58.256,0.052,17.444,-24.549,-26.942,73.02075877,0.8108,13.69,-19.407,4620.0,41.745,104.8317669,14.47371108,-27.26790044,5.981435481,-1.918117409,1.377877318,0.176225,63.08703295,-12.82625532,19.84465372,49.58307308,2.290375,88.27909336,-14.57997945,25.28107028
Driver,91.77478525,0.764,2.635,-0.866141732,51.041,3.253,4.709,-17.379,-20.013,114.2832856,1.2452,4.185,-14.591,3210.0,-72.79,78.90748853,3.059971778,-23.31315496,6.33473075,-1.657273528,0.418411606,0.115129,50.15836882,-16.93355633,5.095170982,91.67965771,1.00783,113.5474132,-43.99289457,-13.4805686
Driver,103.7289728,4.5,2.9,-6.338582677,49.244,6.855,14.079,0.637,-2.243,148.0106926,1.4269,12.543,1.01,2320.0,-6.525,469.4124657,81.49457285,-4.092240697,5.97096702,0.100069765,1.335475255,0.085565,244.8523497,-6.431302294,33.90164569,64.71982408,6.134999,273.7401662,-8.427120464,-32.2344149
Driver,89.59153543,0.046,-0.805,-0.078740157,46.088,-0.849,12.362,-0.658,0.146,128.9367842,1.4392,9.798,-0.689,3283.0,-0.957,355.9307038,51.35632135,-4.376339716,194.8698705,-2.102815987,-4.594092084,5.07491,186.7235752,-2.041055387,28.02261178,65.76933943,4.78491,217.7289333,-2.206779296,0.612943191
Driver,113.2448998,9.9,6.1,-11.49606299,53.687,13.543,16.705,1.927,-4.228,161.2560397,1.424,15.948,2.414,1425.58,-16.396,526.5513743,108.7338785,-7.778444869,5.16567917,0.209683808,1.478053198,0.068807,279.8974074,-14.67126921,36.71373375,72.86152843,6.524811,309.7673621,-18.83287355,-79.29378389
Driver,42.33625626,-4.1,0.1,3.582677165,63.791,-2.105,37.286,-1.832,-1.932,41.69559771,0.9849,31.698,-1.334,5690.0,-1.741,55.41422861,17.73567401,-1.528026114,3.43080144,-0.093451306,1.965927144,0.201968,33.40949836,-1.024961605,37.28035318,34.67244426,2.252837,40.22977768,-1.252242764,-0.741771385
Driver,80.73326772,1.404,-6.742,-1.850393701,49.596,-5.546,11.412,2.652,9.394,111.0240694,1.3752,9.55,0.857,2828.15,10.112,257.5815756,28.87401071,11.12383875,5.828836229,0.097464878,0.974813958,0.110382,143.1063123,9.2402611,20.53706048,60.36128243,3.838599,179.9433826,13.51787359,21.30979576
Driver,101.0647817,2.223,2.349,-3.031496063,46.916,4.43,15.444,-0.878,-3.227,147.3778633,1.4582,13.818,-0.465,2451.1,-11.815,473.6236012,91.53863409,-27.70625425,6.008546696,-0.058803314,1.485820767,0.086975,245.1259404,-22.81318204,36.70295473,64.05765787,6.393932,270.7386098,-27.25318414,-62.49509492
Driver,80.03310666,1.035,1.432,-1.535433071,47.028,2.396,16.886,-2.369,-3.801,113.6813261,1.4204,13.571,-1.54,3849.03,4.359,297.0376102,56.10593353,-1.818405099,163.5502591,1.560771981,-3.342639012,5.03008,158.5865953,1.30835103,33.10443106,58.10006909,4.82008,180.3824896,2.361207465,16.70916568
Driver,101.2034717,1.9,-0.5,-2.559055118,46.978,1.203,15.159,3.497,3.997,147.6764943,1.4592,13.346,2.993,2790.0,6.593,483.1476287,96.77309112,40.05953498,5.805881748,0.308773138,1.388962634,0.083707,245.382222,25.65964033,39.09682619,62.61392415,6.652787,267.4367963,29.00828728,38.64752109
Driver,90.05234431,-0.3,9.3,0.511811024,53.607,8.879,11.917,3.664,-5.636,131.2822119,1.4578,9.981,4.668,2770.0,-15.182,364.6890886,48.05287293,9.596447303,5.792661053,0.458169734,1.023245892,0.092795,193.74008,-2.213673418,26.31341748,61.31390716,4.944488,226.1998041,-5.751863122,-53.91669339
Driver,61.63206872,-3.8,2.2,3.858267717,55.879,-0.872,8.509,17.663,15.533,73.75805297,1.1968,6.867,16.083,1950.0,60.007,50.30778449,3.147437303,15.11563817,5.906295856,1.684450161,0.599300479,0.167009,32.64653718,10.60218844,7.785535855,64.32539664,0.978686,80.00266766,28.31614149,4.900162772
Driver,86.93629205,1.165,-1.039,-1.299212598,52.363,-0.141,14.137,-9.859,-8.819,113.0954724,1.3009,12.413,-8.64,2350.0,-23.311,266.7858344,36.73818065,-54.99507822,6.275423914,-0.965037321,1.365870059,0.117737,151.4431346,-38.3837712,23.01856203,62.93996625,4.00969,185.8294005,-50.77942285,-47.82123263
Driver,86.69470293,-3.328,6.292,4.448818898,51.051,3.597,6.946,-3.899,-10.191,118.0820508,1.362,5.334,-2.282,2670.0,-10.554,230.896717,14.35291328,-14.56683184,5.934393831,-0.246093568,0.550404803,0.104519361,128.8280581,-10.40417441,11.67077078,68.99599442,3.001077984,179.1467227,-16.71354054,-15.84905521
Driver,102.5702398,6.859,5.805,-8.42519685,46.513,12.356,14.893,4.752,-1.052,153.119184,1.4928,13.947,4.88,1450.0,-7.185,476.2578949,83.37481356,29.43760268,6.323441869,0.532752061,1.574606822,0.087994,257.0012121,12.29388195,31.68610384,72.0189995,5.85619,279.8857672,12.5759008,-28.76556983
Driver,93.91105941,-0.5,-4.5,0.787401575,46.256,-5.148,19.942,-1.387,3.113,127.4252863,1.3569,16.558,-1.885,4333.05,4.241,381.0298599,103.4533352,-2.676548658,4.633066197,-0.154039612,1.395491321,0.078718,189.5385598,1.254861891,47.199641,58.48087322,6.477978,201.0835113,1.651296984,22.46591084
Driver,106.8629205,3.145,0.616,-4.212598425,45.163,3.748,17.453,3.745,3.129,156.7611399,1.4669,15.395,3.274,3280.0,5.55,531.3562408,139.6361685,47.35755729,5.927266005,0.343846265,1.652738782,0.081351,258.8843331,28.85547328,48.18242088,65.53859649,7.676791,272.2524356,30.87366904,42.34609562
Driver,90.80171797,3.173,-4.453,-3.74015748,49.065,-1.697,6.326,-6.028,-1.576,124.4090014,1.3701,5.921,-5.825,560.0,-17.871,164.4873682,9.371699068,-18.87840379,6.225286937,-0.640461926,0.620816679,0.103776,101.6527872,-12.87611106,8.078787771,93.38786624,1.95531,166.778469,-22.78295506,-7.727832753
Driver,79.78480673,-0.5,5.9,0.787401575,56.855,5.467,0.254,-11.67,-17.57,104.5939961,1.3109,0.158,-9.59,1950.0,-27.743,6.418034943,0.009578327,-1.076094491,5.828069652,-0.993238192,-0.010774184,0.115274,3.997463178,-0.67522794,0.207416732,102.9667551,0.078714,57.8025091,-9.924637256,-0.028191323
Driver,87.49552613,1.941,-2.718,-2.598425197,48.079,-0.974,13.858,-3.88,-1.163,123.8405959,1.4154,12.559,-3.75,1604.69,-19.925,296.6681553,40.42222572,-39.52595843,164.1437598,-30.83532547,1.03928511,4.03502,166.5301087,-31.56926284,23.17829112,66.94625596,4.11462,204.8225225,-43.47299046,-62.42273169
Driver,81.91884395,-2.947,4.368,2.913385827,56.412,2.408,29.787,-1.675,-6.043,104.0640659,1.2703,24.515,-0.546,5540.0,-7.658,278.6622586,96.60512897,-14.27205108,6.20885216,-0.076574995,2.861888502,0.137774,142.6247858,-10.99458185,49.93480309,56.72553564,5.811018,150.1512495,-11.84929622,-28.91701478
Driver,100.3579098,-1.1,0.9,1.653543307,47.086,-0.142,15.117,2.368,1.468,142.5411596,1.4203,13.301,2.362,3550.0,2.414,455.2602392,103.4543623,23.5682916,5.620323328,0.219581091,1.348717738,0.084068,224.5518959,13.72448148,44.06619865,59.80814962,6.793404,240.1161117,14.95450913,13.42699485
Driver,71.70275591,1.0,1.8,-0.905511811,43.329,2.339,14.238,-0.486,-2.304,106.4575877,1.4847,12.057,0.073,2340.0,-23.171,232.9523732,30.48418814,-12.86606573,5.745988318,-0.030754721,1.208858913,0.114406,133.8271709,-13.27644745,21.46541159,61.63989806,3.64938,170.4036883,-20.6393529,-40.33831021
Driver,119.7387258,1.926,2.798,-2.440944882,46.728,4.612,11.088,0.894,-1.904,176.5795007,1.4747,9.228,1.287,3332.37,-11.408,606.8854445,118.2335581,-29.82159865,6.006783181,0.125143762,0.997462837,0.07136889,289.4572539,-25.84012794,43.30907174,63.17167344,7.594031681,306.7821079,-29.12269505,-96.92701819
Driver,99.89262706,-6.422,-2.948,8.070866142,47.118,-8.948,13.373,3.354,6.302,140.2919202,1.4044,10.638,2.454,4003.0,11.53,434.3789268,82.2693319,46.63047539,5.499949219,0.246670723,1.058140216,0.0826368,214.864851,31.36682898,39.3304797,57.31666694,6.27141,230.9409515,35.16567361,66.71007772
Driver,87.6476378,-8.096,-5.765,8.779527559,52.465,-12.04,12.517,-1.299,4.466,116.5300644,1.3295,9.84,-1.895,3170.0,7.918,301.1488476,38.39055609,-1.470956194,5.496447945,-0.174720802,0.956719666,0.0991232,161.4442643,2.2961261,24.93382345,57.7995115,4.45123,190.0522459,4.074925029,22.8988885
Driver,92.28256979,2.602,-7.818,-3.543307087,47.81,-5.457,7.011,4.179,11.997,132.2563976,1.4332,6.463,2.643,2130.0,59.995,174.8483388,11.02987104,19.40261578,6.230181694,0.325462057,0.681533775,0.0979773,106.3883498,18.04960958,9.324153407,89.66000317,2.03524,169.6757467,37.22168777,39.58702711
Driver,91.42134932,1.552,2.574,-1.968503937,52.647,3.759,6.725,-3.392,-5.967,136.5130637,1.4932,5.693,-2.191,2140.0,-35.532,249.0846879,15.48698341,-25.04552004,5.787417451,-0.244733943,0.569703524,0.088063,142.5023634,-21.45342497,10.83273016,80.93277386,2.846339,203.8947405,-38.29894874,-48.15554271
Driver,65.85764137,-3.41,5.993,4.173228346,55.014,3.602,10.121,-4.65,-10.643,92.03874374,1.3975,7.927,-2.886,2560.0,-9.842,141.1655131,11.27138768,-9.223104606,5.888377864,-0.307085492,0.788646537,0.133943,84.42595354,-6.622248435,12.10379151,63.47939041,2.32135,129.7431068,-11.51352165,-7.128575405
Driver,108.1402112,5.489,0.704,-6.377952756,45.408,6.14,15.191,3.568,2.864,159.7756353,1.4775,13.32,3.0,3096.09,15.881,535.3165173,118.1612386,74.70687029,5.303492003,0.290725156,1.28109203,0.0705991,264.1084891,51.77275453,43.15979754,63.52939517,7.27658,273.7888267,54.85796169,114.4428298
Driver,80.88537938,2.738,4.754,-3.74015748,47.515,7.264,13.439,-0.812,-5.566,116.075519,1.435,11.214,0.377,2893.13,-0.607,282.1134332,38.52717083,1.372648277,165.6831499,0.515304885,-4.321739078,4.3601,156.7164974,0.530249392,23.91765819,65.49611805,4.0501,191.5838972,0.481320416,-1.502778774
Driver,100.281854,3.561,4.653,-4.68503937,49.467,7.703,16.4,1.056,-3.597,146.7705351,1.4636,14.478,1.616,2910.0,-15.102,476.2862799,102.6565223,-22.64938079,6.010497534,0.155200712,1.564443889,0.087701,241.365222,-23.25283478,40.60052665,62.49519272,6.728467,261.8106064,-27.48501417,-90.05584165
Driver,116.3095025,3.5,1.9,-4.015748031,51.013,4.769,16.927,-3.665,-5.565,164.1175286,1.411,15.421,-3.024,3570.0,-13.093,549.8240814,155.6421762,-76.10770819,5.818791322,-0.31754634,1.628739261,0.076302,262.6849002,-50.4117885,50.97760703,66.977782,7.990613,273.2544776,-53.43452494,-110.2242733
Driver,101.1989979,-1.083,-2.524,1.732283465,42.702,-3.698,13.571,-5.654,-3.13,142.4304313,1.4074,11.094,-5.109,3583.27,12.156,446.1029133,81.37149099,-8.073735757,222.4325382,3.610062587,0.294189481,6.04184,222.5825312,3.625136819,36.62658604,62.67183068,6.04796,244.6765605,5.969667372,70.28774274
Driver,95.56862921,4.305,3.54,-5.196850394,49.579,7.216,9.463,-4.868,-8.408,145.0720293,1.518,8.876,-3.889,1630.0,-45.959,295.4866254,27.83565165,-42.95437253,6.416855416,-0.463639621,0.988722247,0.0924936,171.1438439,-35.84967111,15.65820854,82.51646543,3.35095,226.0803774,-55.78218247,-73.25106126
Driver,69.73425197,0.3,8.5,-0.354330709,64.521,8.613,9.44,2.972,-5.528,87.73286507,1.2581,8.174,3.601,1290.0,-24.583,98.78079722,7.566729662,4.448220905,5.831241422,0.348685022,0.777503585,0.1389,62.42490825,1.791698376,10.1781762,69.74411591,1.661772,114.7958607,1.452671396,-6.393010839
Driver,87.6789549,-1.7,8.9,2.047244094,55.811,7.725,3.13,-2.858,-11.758,120.2080351,1.371,2.459,-1.128,2110.0,-14.511,139.736128,3.619023323,-5.068594128,6.092847641,-0.132377424,0.253670085,0.104981,82.14459152,-4.098194369,4.325847173,86.5813998,1.655924,145.7146974,-9.322405749,-7.446936106
Driver,86.45311382,1.9,-2.7,-2.480314961,49.664,-1.166,8.181,-7.577,-4.766,123.6175734,1.4299,6.848,-6.549,2060.0,-16.777,243.7484921,18.241951,-35.35704285,6.031611856,-0.701021711,0.714627652,0.10167,139.9903805,-23.85387273,13.02287439,73.84669038,3.097086,194.4209247,-36.41172617,-23.89622897
Driver,99.78078024,-3.606,-5.393,4.291338583,51.569,-8.259,18.034,-1.059,4.334,135.3874374,1.3569,14.537,-1.799,4795.78,7.209,411.9998201,107.2183916,6.611674382,6.355436718,-0.187853721,1.695168194,0.100895,202.207328,8.260936625,47.05628397,59.15715341,6.67457,212.2840708,9.178251129,43.79857024
Driver,24.8702577,-5.2,-2.6,3.582677165,69.133,-5.257,43.113,0.17,2.865,26.72825698,1.0747,29.563,-0.9,3570.0,2.367,22.01213299,6.249802279,-0.286798313,5.905269306,-0.081472159,2.026907345,0.537947,13.80275016,-0.172742663,32.10074715,24.49684128,1.300659,19.66296817,-0.23501899,0.132197536
Driver,73.31558697,-0.815,4.017,0.94488189,55.364,3.454,22.144,6.255,2.238,98.72584109,1.3466,18.123,5.832,3960.0,3.089,254.919773,58.63936331,28.38583885,6.391860103,0.65518288,2.092631847,0.142356,137.5884304,16.83840876,37.45288162,53.1595523,4.855888465,154.6738908,19.21233083,8.62716473
Driver,99.41168576,1.999,3.3,-2.677165354,46.242,5.215,14.364,-3.318,-6.617,144.6968951,1.4555,12.692,-2.39,2730.0,-21.632,445.0296918,78.46499189,-58.80803059,5.778337187,-0.25863062,1.308091341,0.084775,231.1091002,-45.36038178,34.20461891,62.39742745,6.012236,257.0445919,-54.47564228,-107.6125092
Driver,83.36614173,-1.789,0.4,2.362204724,50.241,-1.089,9.885,-2.678,-3.077,118.8468593,1.4256,7.731,-2.101,2630.0,-9.641,271.1770666,24.89713538,-16.78765021,6.036768151,-0.230648616,0.815985094,0.106210282,150.1138953,-12.17452238,17.41973491,64.31888152,3.705490204,192.7421794,-17.65617932,-20.04335726
Driver,109.8179134,7.1,2.3,-8.228346457,51.145,8.098,20.144,2.14,-0.16,160.981344,1.4659,18.594,2.181,3110.0,-1.765,540.5969695,174.4421954,12.94018909,5.757162908,0.216126893,1.959857882,0.078329,257.6888527,4.872900191,53.81928925,69.84960802,8.226302,266.6900462,4.942397469,-14.80678891
Driver,89.25152112,-0.3,8.5,0.551181102,56.248,8.097,8.638,-3.925,-12.425,115.4107015,1.2931,7.097,-1.839,3000.0,-5.344,270.3265443,25.09113107,-13.22912744,5.925758614,-0.196166421,0.741675867,0.107356,145.0557486,-8.826458046,19.11670838,58.71320334,3.838143,180.976507,-12.10393674,-12.52661992
Driver,103.7602899,0.3,8.1,-0.275590551,54.414,8.202,9.735,4.088,-4.012,154.2989442,1.4871,8.615,4.632,1860.0,-17.207,431.1758827,50.14180992,11.25020188,5.771554774,0.45479181,0.879040312,0.078236,228.6565814,-2.469406319,24.02710358,68.84090714,5.006052,269.3096567,-6.90593335,-62.77670336
Driver,107.1581961,-5.431,-1.555,7.874015748,43.552,-7.294,8.664,-1.483,0.072,159.1855315,1.4855,6.667,-1.493,3157.41,2.038,484.3549153,73.92229857,-8.658424133,224.9233034,-4.189479431,3.231192065,5.8857,229.0822896,-4.267759846,37.8757192,55.9149338,6.07734,247.8142544,-4.710011614,5.104050726
Driver,109.5069792,3.1,-0.7,-3.976377953,47.65,2.035,12.171,-0.609,0.091,162.8811739,1.4874,10.681,-0.626,2409.83,1.983,538.1476034,92.03194667,-0.904342247,5.802088631,-0.062813766,1.106893781,0.075015,270.8704865,1.089633055,36.33286771,64.13760148,6.680007,296.7986624,1.575245382,12.14685428
Driver,102.1004832,1.88,-0.276,-2.204724409,45.219,1.591,17.59,-0.337,-0.061,147.2959914,1.4427,15.69,-0.329,2780.0,-0.14,491.2068024,115.4196706,-3.094874252,6.448528625,-0.037218981,1.838966626,0.0943868,247.9571516,-1.716241094,43.09453688,63.93771899,7.0498,265.3206916,-1.853081143,-0.877355185
Driver,82.87401575,-1.9,-7.9,1.692913386,61.001,-9.1,27.174,-2.724,5.176,104.9389316,1.2663,21.206,-3.943,6314.2,7.617,271.646795,85.64707601,-5.920426468,5.901330849,-0.388305061,2.326099425,0.126677,138.6838884,-0.005333568,48.42030782,54.02541109,5.596649,145.319311,0.262876013,28.5934243
Driver,99.93512885,2.9,-3.5,-3.42519685,51.737,-1.337,18.723,-1.549,1.951,137.3087419,1.374,16.891,-1.761,3450.0,3.132,439.1668225,116.8260025,-5.368138702,5.711825458,-0.176331052,1.753119396,0.090294,218.6700044,-0.510884765,46.75926541,61.8274799,6.946578,232.541466,-0.25316952,18.62747077
Driver,103.1048676,2.9,1.5,-3.622047244,47.787,4.021,13.654,0.877,-0.623,151.3737026,1.4681,12.092,1.039,2350.0,-5.294,485.95859,83.57074045,-1.927168527,5.691068777,0.099455012,1.226911457,0.079551,251.6204255,-4.626829866,34.24660739,64.77084003,6.254798,280.1368424,-6.16883653,-27.56377536
Driver,101.2101825,6.028,6.099,-7.677165354,52.63,10.725,5.557,-4.264,-10.364,134.8469936,1.3323,5.627,-2.961,1740.0,-32.788,226.5342452,13.36459718,-22.30254873,5.692988697,-0.313113984,0.550808777,0.087623,132.3786108,-18.11832748,9.684435187,85.58181668,2.573776,198.9461169,-33.334177,-33.96094187
Driver,111.9183966,1.7,2.7,-1.88976378,51.207,4.002,14.087,-2.075,-4.775,161.4826414,1.4429,12.718,-1.445,3100.0,-9.777,545.4109472,121.0707198,-45.31981184,5.696570122,-0.161480459,1.302934702,0.074912,266.6323909,-31.49044095,44.30248682,63.58047511,7.405354,283.4970113,-34.76978666,-74.41118078
Driver,93.81039728,-1.3,0.9,1.614173228,54.334,-0.155,0.912,-6.902,-7.802,138.5070687,1.4765,0.652,-6.054,1250.0,-38.318,37.44386938,0.226304925,-4.208207725,6.020357695,-0.653779421,0.054412958,0.089654,24.40466717,-2.914617023,0.769817069,128.4315574,0.374032,97.22970676,-12.69073595,-1.02878278
Driver,96.82355047,0.4,-4.0,-0.590551181,53.624,-4.239,25.512,2.697,6.857,121.3775054,1.2536,22.324,1.781,3988.95,9.66,359.9374626,120.3964153,30.97291656,3.900630055,0.123133055,1.612970849,0.072014,179.9008394,22.09821217,51.00517952,61.27486335,6.653488,189.5257262,23.78767274,49.61605559
Driver,109.9677881,-0.779,-2.361,1.25984252,39.228,-3.314,13.631,0.152,2.512,161.4891285,1.4685,11.875,-0.165,2860.0,0.675,549.2142304,109.8668761,0.438612994,6.106054269,-0.01693376,1.300990201,0.08005126,271.5882698,0.804264973,41.14642884,63.65511958,7.176031343,292.0703111,0.971794053,4.759125593
Driver,114.8622047,0.275,-1.753,-0.31496063,52.548,-1.542,9.098,0.155,1.908,161.9394238,1.4099,7.998,-0.086,1810.0,7.933,472.5830198,52.44461589,11.09416993,6.239897918,-0.004007306,0.884673128,0.0803894,249.3017349,10.01631377,23.40543405,71.93639778,5.18717,290.6498563,13.49602618,31.17059372
Driver,85.03713314,-1.768,-0.9,2.322834646,46.117,-2.601,10.452,6.534,7.433,121.1580619,1.4248,7.175,4.506,4618.44,4.273,325.332151,40.71810661,31.87654481,5.834054458,0.463970984,0.756687558,0.100841,164.8627959,18.1555145,28.17665819,53.57128941,4.751538,188.2130619,21.43576869,15.67793824
Driver,95.9198282,1.7,-4.9,-2.007874016,49.344,-3.518,9.638,5.538,10.438,135.0666607,1.4081,8.582,3.992,2350.0,16.266,354.7719019,39.71850345,42.93260257,5.872264034,0.422319471,0.889435394,0.091058,189.7114141,30.03262865,22.72265041,63.54522859,4.571896,227.0476403,39.50676586,50.75739306
Driver,95.9198282,-9.72,-5.086,10.82677165,54.004,-12.234,11.899,5.623,10.709,138.1093414,1.4398,9.335,4.32,3930.0,26.037,395.8408226,59.36125341,79.0474043,6.295664728,0.505237202,1.054862362,0.0958364,199.9403807,55.75311404,31.95611641,56.90661088,5.46309,213.9136779,62.54195336,123.3936972
Driver,100.279617,-2.125,1.044,3.188976378,39.658,-1.522,14.246,6.031,4.987,141.6414639,1.4125,12.616,5.515,2398.97,16.639,428.2381653,71.46574888,67.17750261,6.273276599,0.617810643,1.412097674,0.093985,226.2668234,45.72772744,31.79563517,63.70388275,5.72844,245.4473415,51.64186088,72.65726597
Driver,92.64271654,-4.317,-4.677,7.362204724,43.526,-9.235,13.427,0.334,5.011,129.5671528,1.3986,11.229,-0.307,2940.0,12.436,373.5832905,57.12071947,16.5044335,6.269676123,-0.019951094,1.251917051,0.10236496,196.0852585,15.2812164,30.11996582,59.38969686,5.283528875,224.0536885,19.79900203,48.9853591
Driver,95.67152827,1.787,-2.968,-2.283464567,51.013,-4.415,11.869,5.59,8.558,137.9261364,1.4417,10.506,4.398,2460.0,15.42,393.9009088,54.12342297,50.95198168,6.000320245,0.473182218,1.11610861,0.091626,209.7410122,35.23902719,27.10388137,63.62419087,5.160912,243.6109734,44.15992587,57.84020766
Driver,96.59985684,2.5,-3.1,-3.228346457,50.362,-1.162,20.357,0.144,3.244,136.4320866,1.4123,18.366,-0.217,3280.0,11.037,435.4901952,120.6306454,25.11626623,5.978936949,-0.013429479,2.002420349,0.095979,218.3853987,21.08123001,47.01194944,62.64504485,6.971107,232.391228,23.4389648,65.71295776
Driver,98.7428418,3.3,6.7,-4.448818898,46.455,9.903,16.448,3.936,-2.764,146.4193361,1.4828,14.492,4.436,2910.0,-15.821,466.6395513,104.3587379,-3.580682773,5.762999388,0.43113295,1.503800667,0.084321,234.1727978,-13.98704184,42.30448909,61.20221565,6.77337,252.4783099,-17.2580566,-96.07503397
Driver,69.57990336,-9.582,-11.197,12.12598425,41.344,-22.258,37.416,-0.567,10.63,82.88587151,1.1912,27.115,-3.461,8666.92,14.211,186.7251634,71.57833694,6.525090532,90.46917038,11.76145743,-1.320594662,5.15926,89.55119504,11.32420684,55.69192635,39.2774684,5.06926,89.70552595,11.39421566,49.9988424
Driver,92.81496063,2.335,3.478,-2.992125984,53.206,5.225,14.348,0.022,-3.456,137.9974946,1.4868,12.483,0.575,2660.0,-17.641,413.8064197,69.58782394,-24.9096996,6.151695046,0.044996961,1.367611087,0.094648686,217.3892795,-23.77829073,32.39225505,61.83968669,5.694967629,244.9683587,-30.10441777,-77.83682423
Driver,89.20007158,-2.125,3.707,2.598425197,55.151,2.227,9.273,-3.123,-6.83,120.4051092,1.3498,7.419,-1.993,2588.71,5.441,278.7459616,25.05304449,-4.782974373,161.1769402,-0.846791663,-4.34629669,4.19085,149.7512071,-1.091351467,18.4666928,61.49494827,3.78085,186.6099001,-0.376574634,12.35138313
Driver,107.3997853,-3.504,-4.223,3.779527559,52.296,-6.936,10.158,-5.272,-1.049,152.0716267,1.416,8.475,-5.14,2550.0,-2.834,468.7608634,60.58562128,-47.02552788,6.344302001,-0.570919918,0.959991195,0.0872908,240.0971495,-26.05583167,28.44895175,63.32651751,5.69899,270.3301903,-29.93533344,-13.70362648
Driver,89.54679671,2.822,7.85,-3.464566929,55.35,9.802,5.194,-4.839,-12.689,131.1795365,1.4649,4.924,-3.332,1986.58,-61.124,136.2079085,6.385394067,-14.50342525,5.935703722,-0.380629235,0.486131107,0.093842654,84.24830032,-12.70887461,6.507485943,97.14696095,1.540855685,159.9055114,-31.8202816,-23.54033624
Driver,90.28945956,-1.1,5.7,1.338582677,58.542,5.057,2.482,-8.901,-14.601,122.5237115,1.357,2.055,-7.181,2160.0,-24.394,123.4014015,2.61614982,-18.36326481,6.108163979,-0.783853741,0.210498216,0.103217,73.36756222,-12.38376648,3.434253991,91.4379453,1.4231,138.6740233,-26.44720373,-9.74089588
Driver,99.44076593,-5.767,-6.801,8.070866142,46.342,-12.331,7.631,-3.237,3.564,141.6759127,1.4247,4.889,-3.972,3992.19,14.62,375.0474434,37.44491959,3.215955238,196.1372359,10.37069364,-3.150113413,4.76575,189.4248257,9.202021758,23.49961911,63.694125,4.52575,221.7069044,14.61832773,66.85706554
Driver,109.8827845,2.3,1.9,-2.598425197,51.261,3.677,13.903,0.888,-1.012,163.7634216,1.4903,12.657,1.154,2940.0,-2.862,560.1925487,123.3040481,0.241003082,5.873890544,0.098826944,1.336864211,0.076156,274.176572,-2.483427665,44.16194762,64.33784663,7.488281,291.6159638,-3.02705429,-24.01362518
Driver,103.1182892,3.1,5.9,-3.661417323,53.909,8.048,13.863,6.509,0.609,152.4769596,1.4787,12.287,6.658,2390.0,-3.298,490.9584967,91.17792582,48.56191357,5.63060389,0.650329073,1.237242662,0.07825,249.6522427,22.75449896,37.42060519,62.75576784,6.514639,273.906482,24.39689741,-18.6714822
Driver,103.1697387,-2.037,-1.806,2.637795276,46.786,-3.721,14.107,3.629,5.435,148.7455261,1.4418,11.633,2.767,3858.91,5.095,469.7689547,104.4398948,36.04552002,207.8154038,17.77891423,13.69474513,6.17986,221.8833001,19.09566567,47.74611291,56.49066688,6.93096,233.1212054,20.06953014,25.20551968
Driver,91.9067645,2.505,4.788,-3.228346457,50.628,6.845,22.684,6.973,2.185,131.2329993,1.4279,19.572,6.608,4080.0,2.116,406.9091767,127.2346577,49.83091476,5.858830976,0.677090519,2.110022442,0.0986824,200.936637,27.31818709,50.6194021,62.65466181,6.983862245,210.8095006,28.78409723,12.68533173
Driver,91.55332856,1.2,-8.0,-1.456692913,59.061,-7.71,19.776,5.116,13.14,105.9643432,1.1574,17.083,3.169,3500.0,26.171,270.4900456,57.90584335,42.65687143,5.725515875,0.351496144,1.757509783,0.117703,145.8737535,34.02272059,35.55490572,53.92785489,4.849964,165.1346711,41.61479229,78.38702139
Driver,77.85433071,2.3,6.7,-2.795275591,58.206,8.206,3.687,-0.563,-7.263,94.02626163,1.2077,3.387,1.076,1510.0,0.989,63.37747173,1.985842218,1.220337516,5.949395557,0.11253228,0.310402022,0.131074,40.58083652,0.800424364,4.095472172,80.61012372,0.956368,100.5742706,2.042323676,0.115135791
Driver,92.92680744,-1.149,7.455,1.417322835,54.18,6.625,30.342,-1.723,-9.178,115.1201235,1.2388,24.661,0.201,6770.0,-9.735,313.7305402,120.3684758,-19.00389631,5.517043048,0.001440694,2.573503936,0.1105608,154.7786418,-14.9995984,54.3032371,60.53050075,6.395955953,158.1492716,-15.4816585,-46.61979013
Driver,78.81621331,-2.9,7.3,3.700787402,55.325,5.238,8.546,0.708,-6.592,107.773801,1.3674,6.506,1.906,2520.0,-2.603,201.398081,14.61302104,5.570320363,6.014427395,0.197258309,0.676297789,0.116468,114.6266049,2.684945412,12.98531661,64.71535267,2.898658,159.7496801,3.267499017,-3.38386992
Driver,109.0416965,0.6,-1.8,-0.866141732,45.109,-1.567,12.977,-0.711,1.123,160.6254474,1.4731,11.214,-0.866,2820.0,5.831,536.4259835,102.7482087,8.594144038,5.928161645,-0.085746116,1.191853555,0.077941,265.0698175,9.229511713,40.25829713,62.46269816,7.006682,285.895406,10.91217096,39.69686109
Driver,115.3945956,2.3,2.5,-2.795275591,50.984,4.501,17.971,-1.52,-4.02,164.6541696,1.4269,16.245,-1.034,3920.0,-8.37,545.8307141,171.8762171,-43.1668841,5.78912621,-0.116243959,1.715340112,0.076032,256.5834473,-29.39088446,54.27468867,69.14906785,8.210235,263.9906727,-30.65907666,-74.35902377
Driver,101.2057087,7.065,6.248,-8.937007874,45.199,13.317,13.954,1.364,-4.883,152.6060308,1.5079,13.157,1.945,1480.0,-34.164,422.5194235,64.76205743,-22.4833626,6.223645078,0.189702406,1.450405883,0.0865405,234.0661242,-27.8900299,26.75138404,74.60273498,5.04427,262.7902703,-35.970685,-107.2848011
Driver,100.2482999,2.5,2.9,-3.267716535,46.527,5.228,15.691,2.157,-0.743,147.5463046,1.4718,13.783,2.35,2800.0,-6.483,477.4551191,103.3429694,2.962329255,5.797089019,0.231831594,1.437024439,0.083889,239.1305354,-3.410273844,41.93797718,61.42076033,6.811927,258.1042217,-4.584402935,-39.6349639
Driver,94.34502505,-4.547,2.007,7.125984252,39.31,-3.566,7.84,2.078,0.071,133.0194166,1.4099,5.713,2.066,2810.2,-7.729,369.8594301,39.44464107,1.254665692,183.0327711,-1.80785083,-1.844210906,4.94322,179.568629,-1.63483279,27.70416422,53.87973598,4.79322,204.5077232,-2.789794228,-24.32122371
Driver,95.59547244,0.1,5.9,-0.078740157,56.686,6.012,10.22,-1.109,-7.009,121.9754384,1.276,8.247,0.277,2920.0,-0.287,316.7466792,35.82004085,1.191675751,5.758132047,0.027516104,0.841122927,0.098913,167.1539452,0.517048873,23.68345995,57.89364587,4.459212,199.2767748,0.5583268,-0.873198815
Driver,84.84475662,-0.934,-6.155,1.181102362,48.417,-6.984,17.48,5.145,11.3,121.5701056,1.4329,15.03,3.547,3490.07,21.095,346.9102214,70.73218909,53.48885177,6.23362728,0.412337328,1.685995114,0.11031,181.8675186,39.81999693,36.50101632,57.16141327,5.53751,200.6111853,46.58370037,86.29522965
Driver,79.90783822,-2.828,-9.807,2.401574803,66.855,-11.017,15.289,14.537,24.344,81.78977273,1.0236,12.409,10.369,4030.0,40.213,127.9466734,16.17118292,32.0629715,5.726376567,1.085022236,1.209609004,0.1492408,76.40262953,23.86202253,18.73411445,54.14141189,2.492937787,107.1959666,37.5742634,31.22622913
Driver,96.91526485,-2.948,3.244,3.622047244,52.663,0.992,22.612,-6.561,-9.805,122.2103168,1.261,18.514,-4.84,5340.0,2.703,353.1457245,106.4925924,-22.46931575,5.937670661,-0.496469773,2.024740691,0.107028,175.9534624,-10.20500157,49.26654986,58.6620338,6.38745,184.4216867,-10.56011265,13.95662326
Driver,107.0127953,0.76,4.913,-0.94488189,41.879,5.76,13.034,3.059,-1.854,155.7343862,1.4553,11.417,3.31,2530.37,-5.504,510.2413408,88.46126124,16.32737805,6.405928439,0.364522709,1.314239167,0.086928,259.4502795,4.330470507,35.63507334,63.65973606,6.51208,284.044893,3.762703718,-31.96463151
Driver,104.4470293,-0.3,8.7,0.393700787,52.155,8.465,7.603,2.191,-6.509,152.2275412,1.4575,6.783,3.06,1610.0,-19.712,370.3845768,31.63320345,1.854911687,5.776748745,0.296276872,0.688295857,0.078983,201.6254718,-5.845615462,17.0921501,75.60833403,4.064846,253.4158328,-11.9378338,-49.78759372
Driver,84.04169649,0.503,-3.158,-0.590551181,57.815,-2.842,20.499,6.363,9.521,120.7932176,1.4373,18.122,5.138,3170.0,16.439,358.0368473,86.53659867,57.6897792,6.191880506,0.575886469,2.032583645,0.1121992,187.735676,40.23239075,40.64164372,59.01271561,5.943283943,205.9527327,45.99319248,70.94607887
Driver,104.5946671,5.3,4.1,-6.929133858,48.798,8.733,11.438,-0.907,-5.007,148.1567645,1.4165,10.457,-0.013,1860.0,-16.404,419.6909406,55.02379812,-20.34929274,5.823368659,-0.011994782,1.075425085,0.082636,227.2551003,-18.92901948,25.13507765,70.15575062,5.060274,268.445997,-25.93958471,-56.63290686
Driver,95.47915175,-3.1,-1.9,3.149606299,56.81,-4.117,14.871,-2.856,-0.956,142.1530512,1.4888,12.718,-2.661,5060.0,-2.179,434.4403525,111.5527457,-26.67867217,5.916857926,-0.287059907,1.373144558,0.088812,209.610159,-14.88773397,48.36556343,59.41239953,6.863587,219.3573051,-15.73434682,-15.4943642
Driver,85.02147459,3.633,2.216,-4.173228346,51.404,5.121,17.609,2.04,-0.176,120.727228,1.42,15.755,2.064,2223.11,-0.451,343.939213,64.89854808,11.66354771,6.174118835,0.221963513,1.738027478,0.110135,188.3903114,6.306093819,32.09354827,62.15120096,5.23174,215.2886018,7.1419839,-1.437671558
Driver,97.85254116,1.9,1.7,-2.716535433,47.591,3.428,23.199,0.836,-0.864,126.8817108,1.2967,19.875,1.006,4100.0,-1.744,383.2833848,119.9907089,2.024036259,5.670367949,0.093247664,2.076908243,0.099019,190.27451,-0.048219775,50.28557451,60.75512535,6.790069,200.1904972,-0.153010182,-10.1666483
Driver,94.02290623,-6.2,-5.2,6.614173228,53.215,-10.408,10.876,10.451,15.731,133.2771117,1.4175,7.654,7.411,5801.53,24.081,357.3071237,57.77823854,95.05351815,6.072712963,0.821187697,0.853519484,0.095794,175.4779536,60.07869628,35.84079648,52.00684028,5.344634,190.1596261,67.96701085,114.9316059
Driver,98.44756621,-5.05,1.555,6.653543307,44.685,-3.571,13.415,3.574,2.019,143.6882606,1.4595,11.576,3.366,2640.78,6.153,449.6683536,74.70400411,37.78164337,6.340207962,0.37826333,1.31384706,0.0933172,232.1995569,23.74202043,33.41612718,61.93318534,6.00416,248.6849266,26.12958741,30.41745527
Driver,113.8242663,-0.952,5.469,1.141732283,49.449,4.654,11.044,3.936,-1.532,164.0161954,1.441,9.589,4.126,2390.0,-7.196,535.2091351,80.74012719,21.33919038,5.992042625,0.425453694,1.029787401,0.0766249,271.259836,5.587855844,32.71307367,64.94170099,6.37243,290.1494375,4.989605166,-41.81894078
Driver,90.99633142,-0.805,4.935,1.023622047,51.476,4.294,0.35,-3.12,-8.055,127.3279796,1.3993,0.212,-2.157,1230.0,-77.55,6.096650531,0.01258882,-0.237478667,5.746270052,-0.247906516,-0.018336032,0.093153763,3.128822799,-0.125023434,0.178661345,126.1855674,0.050455955,70.20972737,-3.127067639,-0.021800118
Driver,87.95857194,-2.1,1.1,2.440944882,54.114,-0.538,17.93,2.887,1.852,120.5185218,1.3702,15.726,2.671,2649.14,0.834,351.2533693,71.05670051,17.18854379,5.639803284,0.263656874,1.589552743,0.100858,187.1206964,9.769131126,35.68636593,59.01074017,5.546864,210.4524129,11.10487484,3.1512724
Driver,101.0110952,4.177,6.706,-5.354330709,50.84,10.117,16.374,-0.575,-7.282,145.7844936,1.4433,14.587,0.54,3020.0,-25.823,454.7079592,94.83715703,-51.54119939,6.07959165,0.03196798,1.592020531,0.089377,232.8658708,-46.20637978,38.79777056,61.92159721,6.428977,254.1721171,-54.67048581,-145.0660966
Driver,85.77308518,-0.858,0.947,0.866141732,59.915,0.449,18.379,2.856,1.91,121.0374911,1.4111,16.02,2.608,2850.0,5.482,357.7660138,74.67774555,23.98616581,6.120107384,0.284566318,1.765048541,0.109189,189.6268861,15.85965227,36.60996279,59.08824754,5.67063,202.7703564,17.40042925,21.73489381
Driver,61.692466,-6.6,0.0,6.062992126,55.157,-5.194,39.806,14.501,14.61,75.98492305,1.2317,33.164,11.682,5280.0,12.149,171.3433729,68.27044184,39.80948326,4.480167709,0.926644497,2.905474771,0.147756,92.31846311,25.77098176,49.34504016,50.83532101,4.619088,99.13633884,27.92277365,21.86297346
Driver,96.40076951,-2.4,-2.4,3.74015748,42.884,-5.713,17.216,-3.122,-0.647,131.432534,1.3634,14.685,-3.001,3310.0,3.412,405.0914384,90.10089327,-13.77961478,5.842463394,-0.305491179,1.546702339,0.095442,205.6118901,-5.020644189,41.38192518,58.8751044,6.27399,222.845246,-5.038727871,17.24252996
Driver,108.7665533,7.166,3.683,-9.37007874,47.535,10.29,18.19,9.13,5.447,162.7538923,1.4964,16.27,8.139,3460.0,21.165,541.0702022,148.9963965,144.413519,5.126143909,0.74093559,1.511300536,0.067937,262.4629445,92.53991421,48.85855363,66.3601422,7.795526,275.0027989,98.86525896,170.5076122
Driver,88.09055118,-4.331,-0.629,5.078740157,48.081,-4.528,12.503,6.543,7.173,126.2070508,1.4327,9.996,5.444,3420.0,15.288,352.8611241,50.43180351,55.59364692,5.281005934,0.514231598,0.938872624,0.088021391,183.5892002,36.75766855,29.30028347,57.24909225,5.069010386,209.9714441,44.80978112,58.58076945
Driver,105.4200966,5.5,8.1,-6.771653543,50.756,12.571,16.371,3.47,-4.63,146.0048318,1.385,14.567,4.287,2840.0,-10.898,477.0406087,102.9085619,9.293479646,5.791779813,0.423467717,1.516462059,0.084937,242.412857,-3.379271796,40.67264574,62.84110019,6.749518,262.9012673,-5.261687544,-64.46704866
Driver,103.8005548,-0.5,6.1,0.62992126,54.83,5.786,14.123,-1.614,-7.714,144.6275501,1.3933,12.301,-0.502,2970.0,-11.672,455.5102471,88.85220585,-31.16126166,5.840884943,-0.062363347,1.288904304,0.085729,228.5762159,-24.32363418,39.27840379,59.49047436,6.446757,248.4480037,-28.20794877,-66.99424442
Driver,77.01324266,6.673,13.311,-6.850393701,57.245,17.628,9.635,-3.636,-16.947,117.2418576,1.5223,9.335,-1.692,2260.0,-72.649,148.3959789,13.17014573,-14.55219787,5.225637315,-0.187849278,0.826605308,0.0932352,91.87380252,-14.9592932,12.33287907,82.35514463,1.9615,147.9771785,-32.16065584,-36.82873122
Driver,108.7285254,1.517,4.558,-1.968503937,47.912,5.928,12.914,5.199,0.642,156.0824535,1.4355,10.322,5.05,4022.51,-2.348,512.104485,109.9858781,36.1998803,5.792240412,0.507511181,1.080935637,0.078229384,245.6819982,15.81553951,44.98784118,60.52534667,7.153447066,259.9143227,16.46052717,-17.4815015
Driver,76.13636364,-1.261,-1.098,1.496062992,53.173,-2.043,8.98,2.239,3.337,113.9202309,1.4963,7.779,1.841,1430.0,11.871,189.3389819,14.74029425,8.847874587,6.401541288,0.214326935,0.848772219,0.117248,114.021577,6.772854885,11.77237178,77.83991999,2.54235,168.8590166,11.57875496,9.338314923
Driver,98.73613099,-0.304,-7.134,0.393700787,52.091,-7.371,23.545,0.339,7.473,133.5005816,1.3521,19.908,-0.913,5060.0,10.862,399.6371722,135.3810436,23.94722504,6.044805721,-0.078436223,2.229167026,0.1005512,194.0925656,19.70697033,53.10765345,63.2581919,7.053426781,200.8108855,20.81549776,68.34357526
Driver,105.160612,-2.068,2.37,2.834645669,42.803,0.136,15.014,4.643,2.273,153.2516106,1.4573,12.975,4.361,3130.0,7.426,510.9804509,109.8322258,58.85192162,6.068320272,0.469380156,1.428515696,0.0842518,252.9485196,35.91254723,42.46380262,62.33233593,7.072,262.9944188,37.89736507,50.30736254
Driver,82.28122763,1.268,1.535,-1.88976378,41.749,2.956,15.982,8.731,7.197,117.8026575,1.4317,12.527,6.975,4503.81,3.111,321.1627169,72.27714431,46.37390616,146.9284219,23.27744947,10.9514787,4.86325,160.6693166,25.8275355,42.63206759,54.01415149,5.56548,173.1498028,28.11660047,19.13714922
Driver,79.41794918,-3.588,5.551,4.409448819,57.488,3.26,20.912,-7.177,-12.728,103.2755458,1.3004,17.677,-5.344,3760.0,-17.93,269.4135951,59.96537763,-43.71622454,5.642957067,-0.549440096,1.797498848,0.119395426,145.4865371,-31.10626467,36.52952242,54.2760194,4.92568335,163.996486,-36.94490048,-53.20342029
Driver,98.25742663,-2.486,4.031,2.874015748,52.247,2.104,17.438,8.464,4.433,132.3179134,1.3467,14.893,7.866,3429.0,8.004,412.0069289,92.46060916,71.89028243,5.106199544,0.705360784,1.375454848,0.082688,209.0862753,42.58326487,41.40919366,59.25801198,6.35807,225.5794441,46.8421301,42.50240178
Driver,113.2583214,3.2,3.6,-3.700787402,49.778,5.987,14.751,0.219,-3.446,169.9089567,1.5002,13.519,0.742,2171.93,-12.443,576.7958934,119.3819903,-27.68459279,5.843379329,0.05261226,1.416404865,0.073198,291.2556774,-24.97144696,40.52473821,67.67496861,7.23679,313.8002536,-28.89215493,-86.18166027
Driver,97.56621331,4.867,2.639,-5.708661417,49.48,6.812,14.047,-0.351,-2.989,148.1283554,1.5182,12.987,0.004,1640.0,-11.603,443.660656,71.59224701,-15.49267806,6.351531608,-0.008169695,1.467211448,0.0910094,240.3826898,-14.39127302,29.50071112,70.35530885,5.52845,275.6568655,-18.5929774,-43.22407427
Driver,108.0127058,0.8,-1.2,-0.669291339,50.914,-1.044,14.26,-2.691,-1.473,158.0276933,1.463,12.322,-2.36,3060.0,3.978,528.4909126,113.7704425,-10.20651833,5.761896022,-0.244940127,1.276420958,0.077334,258.773359,-1.745763776,43.58924013,62.72623858,7.206306,276.0102143,-1.333785583,26.73382795
Driver,112.430655,2.0,2.0,-1.968503937,58.09,2.731,12.918,-1.748,-3.674,166.8078919,1.4837,11.951,-1.221,1690.31,-9.603,537.7286375,90.41393151,-32.15735398,5.979182713,-0.154031134,1.272958076,0.075777,280.2380585,-23.42223019,33.40543287,70.08630289,6.325348,312.1718092,-27.92769104,-52.39875928
Driver,90.23353615,1.006,0.774,-1.338582677,50.186,1.613,22.161,2.611,1.836,131.3079366,1.4552,18.974,2.311,4170.0,1.877,405.8385333,124.2885825,20.35584432,6.043563275,0.246485439,2.107433441,0.1014216,200.4144008,11.81698379,50.21007615,62.13154038,6.933309664,210.416503,12.52067663,11.21999432
Driver,88.2829277,-1.603,4.603,2.125984252,48.865,3.202,20.082,-0.735,-5.338,121.3962956,1.3751,16.66,0.166,4250.0,-8.741,356.7282859,90.19840403,-16.06936579,5.829214202,0.004761993,1.766042754,0.104372087,181.2286218,-13.37814457,43.8577572,57.17235287,6.079290536,194.8385992,-15.15168249,-41.70515738
Driver,78.67304939,-3.3,-8.9,2.795275591,62.389,-10.697,22.381,-2.316,6.584,95.04093593,1.208,18.372,-3.47,3910.0,11.024,234.939445,54.33470551,-3.445663859,5.956229603,-0.341293111,1.977087362,0.138004,127.1821136,1.726340752,37.31341668,51.37203161,4.65153,143.7086743,2.938285454,28.26083874
Driver,92.11703651,-7.709,-8.286,8.937007874,48.573,-15.147,12.884,1.667,9.952,133.4010379,1.4482,10.041,0.249,4191.5,17.213,391.4491648,66.49916285,37.11220187,6.337075595,0.050504927,1.149507001,0.100187,196.3912456,29.22784211,35.5406317,55.74497736,5.70636,214.1644814,34.25955169,85.15074831
Driver,117.345204,1.424,-2.246,-1.850393701,45.595,-0.852,13.779,2.378,4.624,165.8328114,1.4132,11.696,1.574,3665.09,5.31,562.2479797,132.5999049,34.81442329,5.959368151,0.168895658,1.258597341,0.076089506,268.1966778,22.09860559,47.51926502,63.97201406,7.710993077,281.4089147,23.74615511,44.24545216
Driver,99.05153901,-3.2,-0.8,3.11023622,53.532,-3.94,13.362,0.188,1.182,147.1501432,1.4856,11.199,0.132,3168.13,4.062,472.210361,89.02884726,10.45155776,6.001307275,0.007087121,1.206262804,0.086226,234.5720764,8.249460129,39.3420365,59.8186199,6.521726,254.0321072,9.539893452,23.12807322
Driver,97.71385111,2.597,5.573,-3.346456693,50.746,7.697,14.574,0.095,-5.478,141.4687724,1.4478,12.835,0.918,2690.0,-18.879,433.0694644,76.42970753,-27.18663881,5.901950927,0.078180529,1.351274487,0.088651,225.7690645,-26.50156472,34.01944223,62.0757245,5.934888,251.865278,-33.03017357,-90.27090451
Driver,73.70928776,-4.423,-6.122,3.937007874,72.013,-7.561,22.91,-8.206,-2.084,57.82010558,0.7844,15.267,-7.582,4390.0,-2.708,73.65532747,10.96761005,-9.866786428,5.211457604,-0.691521817,1.311063005,0.1949624,45.5301039,-6.301696547,19.87879869,44.19270975,1.965351365,67.09812338,-9.417485316,-0.890855155
Driver,109.0618289,4.597,-4.28,-6.692913386,41.98,0.846,15.527,-0.857,3.423,146.9673855,1.3476,13.749,-1.433,2720.0,11.119,476.9848401,95.97387389,13.22249184,6.268497073,-0.145334593,1.554118085,0.091028,243.5542442,15.05481886,38.6184434,62.67607169,6.58468,264.6444783,18.0304935,63.38777505
Driver,101.2325519,3.064,4.408,-4.133858268,48.105,7.16,13.823,-2.239,-6.647,143.7600662,1.4201,12.289,-1.259,2580.0,-18.692,439.0453729,73.85860687,-42.47920191,5.95740571,-0.14676456,1.30396499,0.087849,229.4502568,-34.32190813,32.79369612,62.88071146,5.868015,257.2955119,-42.07884774,-87.98663679
Driver,111.0034896,5.2,0.8,-6.220472441,43.141,5.849,15.634,0.154,-0.652,160.9149069,1.4496,14.024,0.19,2577.58,0.331,547.4688813,122.6302888,3.330065789,5.973634254,0.026911677,1.507325559,0.079282,272.584794,1.987694837,43.32463818,65.30117204,7.363894,291.5624673,2.17169271,3.251352569
Driver,93.61802076,-0.928,1.502,1.220472441,49.412,0.707,25.129,-8.946,-10.448,108.5573998,1.1596,20.093,-6.706,5860.54,-13.683,290.4829641,84.80473698,-53.69725902,5.545659084,-0.669976837,2.05295687,0.1137096,149.5296065,-34.91759066,45.93853642,54.95580675,5.634327217,158.5744935,-37.71218879,-53.10051612
Driver,84.58527201,-2.088,6.511,2.716535433,50.899,4.813,23.64,-4.698,-11.209,110.1398085,1.3021,19.438,-2.676,5030.0,-4.339,304.6243272,86.4605297,-20.7469486,5.736076582,-0.274931567,2.048190868,0.115359,156.428745,-13.13002251,45.60503131,55.62765392,5.755819,167.1538901,-14.29386515,-17.51437994
Driver,98.02925913,0.5,-8.5,-0.590551181,47.951,-8.205,14.868,-2.868,5.632,142.6429402,1.4551,13.274,-3.451,2434.97,14.6,441.2995486,79.70516722,-0.699821758,5.814943612,-0.345984856,1.377657906,0.086748,230.8810339,8.913306323,34.44677649,63.09830042,6.013402,258.1040275,12.63641694,68.35393145
Driver,90.36327845,0.466,-4.171,-0.62992126,48.64,-3.761,20.058,6.991,11.163,126.8069971,1.4033,16.816,5.005,4720.28,19.458,369.0676051,97.45209335,72.47435588,4.875679796,0.444593858,1.491242447,0.083424257,185.7091247,49.53456024,45.26892104,57.82331922,6.247365177,197.9455873,54.38223435,101.1927176
Driver,75.68002863,-1.458,-2.661,1.732283465,49.328,-3.915,9.951,-3.305,-0.644,112.40068,1.4852,8.61,-3.228,1500.0,-2.081,200.9442722,17.51964258,-11.84658965,6.333655667,-0.358175702,0.934017996,0.117842,120.1453291,-7.399698275,13.37594709,74.8409317,2.7682,171.7325432,-10.85836055,-1.906459138
Driver,109.9073908,-9.322,-0.837,11.92913386,44.785,-10.357,6.898,-0.375,0.462,165.9987921,1.5104,5.03,-0.429,3080.0,1.618,538.3544081,61.01629666,0.434031093,6.22952217,-0.045082444,0.573278133,0.0779432,260.3432829,1.406247801,29.63627622,60.3235186,6.1193,278.7036546,1.757831818,10.06641689
Driver,86.67233357,-0.453,0.151,0.590551181,47.314,-0.266,10.946,2.576,2.425,127.0825877,1.4662,8.9,2.132,2640.0,-0.234,335.8249214,38.38537285,12.15792906,5.809124272,0.215929179,0.911939699,0.095818,180.5096553,6.481763381,22.8320752,62.26457351,4.523977,217.1105337,7.746115391,-0.701048538
Driver,99.2662849,3.337,1.593,-4.133858268,51.06,4.293,18.372,5.642,4.049,148.1815945,1.4928,16.401,5.083,3004.84,9.517,493.7127882,124.7624923,67.91507465,6.406760451,0.579324377,1.916829844,0.093588,246.5737367,42.69601962,45.37418078,64.26067206,7.24759,261.6143417,46.27825667,63.03596603
Driver,91.36542591,-4.681,-8.477,5.354330709,49.822,-12.442,13.447,-2.257,6.22,134.4736489,1.4718,10.913,-3.156,3580.73,12.392,406.5729877,69.99059089,3.0217942,6.294596295,-0.331647985,1.2338395,0.0989261,205.4215482,9.188722301,35.48884717,57.39194714,5.83398,225.3020375,11.94273251,61.41868883
Driver,93.8976378,-4.034,0.698,5.0,51.697,-2.495,9.393,-0.035,-0.733,126.9602273,1.3521,7.31,0.08,2630.0,-2.019,315.1341436,29.37766242,-1.453592147,6.1333037,0.006671341,0.788847778,0.100899356,169.9462957,-1.508890409,18.78983007,64.22106505,4.094109422,211.6485197,-2.341092202,-5.238507903
Driver,100.1879026,-9.179,-7.09,9.960629921,53.977,-13.838,7.662,-0.736,6.354,149.5977989,1.4932,5.704,-1.48,3110.0,20.521,426.439851,40.95704151,25.05490353,6.198414115,-0.141403982,0.633519197,0.0861609,215.0463212,24.04524009,23.09920193,61.81149715,5.01906,238.7981474,30.36241764,88.66981599
Driver,36.25402649,-6.443,-2.157,6.456692913,69.191,-4.617,32.065,27.845,30.003,31.1377058,0.8589,24.054,20.195,3220.0,27.757,25.74573665,5.816756457,8.985689712,5.814648844,2.060991095,1.752407208,0.429153,16.29411129,6.015892134,25.78552482,28.24716809,1.248942,26.08535861,9.83933347,1.255445273
Driver,91.68083393,1.293,0.242,-2.047244094,42.274,1.664,6.24,12.442,12.2,124.7078561,1.3603,4.635,8.416,5342.24,44.173,214.1373802,14.36440217,60.08238372,107.955002,37.5754678,2.320472766,2.48826,121.3794794,44.67960664,11.78437699,64.16400331,2.91906,158.8768154,64.93484192,83.04239903
Driver,77.18548676,-4.096,0.287,4.05511811,59.184,-2.161,24.27,2.029,1.742,87.90645132,1.1389,19.258,1.69,4380.0,2.66,206.404671,47.69089467,7.875368156,5.970762951,0.180985571,2.072766803,0.150471,113.9833047,5.17528665,35.64106957,50.64201765,4.281194,130.7901195,6.151539986,5.44479259
Driver,109.6859341,2.1,1.5,-2.362204724,50.813,3.223,14.669,-1.548,-3.048,161.8528543,1.4756,13.051,-0.911,2679.61,-7.357,549.3577572,116.0084134,-31.78121109,5.728961465,-0.119361702,1.34188391,0.075227,273.3514559,-22.55878638,41.97510901,64.66747269,7.255915,293.3419517,-25.31196538,-54.67400653
Driver,99.84341446,3.746,6.93,-4.842519685,50.194,10.058,15.761,3.422,-3.509,145.0642001,1.4529,13.916,3.98,2770.0,-15.014,464.3029741,93.21159752,-0.744077687,5.900268978,0.396293366,1.471780337,0.086841,237.8130312,-11.19219376,38.2006115,62.36505235,6.463,260.7312785,-14.75722851,-82.95929736
Driver,101.5546707,0.628,2.352,-0.748031496,47.291,2.932,14.122,1.802,-0.551,150.2330888,1.4793,12.149,1.885,2946.07,-2.287,494.424865,95.60531584,10.19922453,5.377818725,0.175042063,1.178279618,0.0757643,247.8767645,3.458883941,39.1340965,61.64703611,6.71159,260.295614,3.419723629,-14.08720111
Driver,96.05628132,2.399,2.453,-3.188976378,46.52,4.731,11.425,-2.447,-4.901,137.1405243,1.4277,9.787,-1.539,2541.41,-15.147,386.3423765,49.92504412,-30.64295618,6.063167122,-0.176206576,1.049945013,0.092923,205.2847888,-23.97457762,25.94866799,63.27243387,5.033651,239.7846328,-31.28139426,-55.47073388
Driver,29.22333572,-4.9,-6.1,4.37007874,62.639,-8.681,7.776,1.801,7.901,37.81361847,1.294,5.334,0.281,1080.0,25.282,9.979055779,0.483248696,0.073381314,5.990926198,0.056558195,0.058152,0.329691,6.64274098,0.066132129,5.745323683,36.77441038,0.366074,26.21250511,0.365166827,0.100663753
Driver,34.78883321,-1.7,-1.1,1.732283465,55.917,-2.284,18.681,-0.708,0.392,50.48027022,1.4511,15.597,-0.49,1950.0,1.362,52.53336248,7.643535295,-0.649538942,4.716159855,-0.062424801,1.163087971,0.201275,33.51320213,-0.388053381,18.01040622,42.97589181,1.550233,58.93009613,-0.635199587,-0.304359585
Driver,74.15443808,-2.205,-4.721,3.543307087,44.25,-6.986,19.696,-1.426,3.296,103.7030243,1.3985,14.571,-2.241,5333.21,20.434,236.963162,45.1838524,10.01897932,134.3931556,13.82659107,-2.883559572,4.40292,129.9311073,12.70870377,31.7239428,54.66334719,4.20292,148.5285712,17.25629656,53.26589898
Driver,88.21805655,2.939,0.47,-3.622047244,56.217,2.438,6.455,-6.778,-7.248,125.7064245,1.4249,6.08,-5.994,1080.0,-52.881,145.612614,8.381764039,-20.47824992,5.253839633,-0.568541152,0.536362183,0.086667685,90.61495563,-15.73853845,7.845581453,94.95087325,1.717131614,165.3716198,-34.12523646,-19.00171973
Driver,89.79509664,-5.019,2.543,6.102362205,57.467,-0.669,10.104,-7.533,-10.076,125.4388869,1.397,8.232,-6.258,2810.0,-23.231,302.1802677,30.59589254,-53.26962792,6.028961699,-0.679350965,0.871338112,0.100629324,164.675122,-37.3531598,19.7317088,63.54390167,4.040600649,204.2988629,-51.39083107,-58.94383287
Driver,107.6301897,-1.229,-3.333,1.653543307,46.939,-4.482,10.207,-3.116,0.217,152.0087688,1.4123,9.144,-3.136,1605.07,-14.702,388.1046716,42.92798404,-45.0414569,187.9157023,-27.66626047,7.701786753,3.7314,212.6403066,-33.5894208,20.59516295,75.05135273,4.42854,259.1443202,-44.95141704,-66.1572804
Driver,100.0111847,3.56,1.504,-4.68503937,46.28,4.915,15.956,0.113,-1.391,147.2304492,1.4721,14.291,0.307,2450.0,-7.398,434.6617251,60.2062832,-1.415054979,5.85656382,0.029334108,1.469989645,0.08431,267.7696285,-2.905018702,18.84843926,107.7458785,4.605828,369.9977865,-5.655543567,-13.01891528
Driver,107.9858626,2.3,12.3,-2.677165354,52.769,14.026,24.77,4.163,-8.137,143.0838404,1.325,22.69,5.047,5550.0,-12.335,421.7934796,173.4307326,-7.939488156,5.858774593,0.491723964,2.49819717,0.092767,196.9122173,-13.27369814,59.123573,69.75224808,7.665907,198.5911932,-13.49524169,-91.51730953
Driver,104.9794202,1.134,-0.079,-1.496062992,45.434,1.038,12.454,-7.578,-7.499,149.3741052,1.4229,11.07,-6.633,2470.0,-22.894,447.6049128,67.44151887,-89.50661137,6.600588318,-0.784223214,1.301311866,0.0932549,234.5313554,-61.32290503,29.9844228,64.41151405,5.66694,263.8217153,-73.47732331,-104.2929725
Driver,108.8381353,2.9,4.3,-3.503937008,52.677,6.471,12.136,-3.414,-7.714,154.2271385,1.417,11.102,-2.222,2770.0,-19.855,487.1728351,82.26161183,-65.50859731,5.826462077,-0.273120699,1.154235599,0.079719,247.3201839,-48.33407609,34.95797202,62.16319442,6.296914,272.9236399,-57.25380296,-116.6809817
Driver,93.29142806,-4.0,1.0,3.385826772,56.981,-2.076,21.673,3.386,2.301,127.857015,1.3705,17.687,3.096,5078.49,4.826,376.4737497,113.0906351,30.70399405,5.984284244,0.323134989,1.946172638,0.102546,185.4909702,18.83946772,49.98946591,59.62309363,6.61818,194.0113129,19.95837285,26.53672574
Driver,76.44953472,-1.774,5.619,1.57480315,64.01,4.753,27.906,7.642,2.023,93.8625179,1.2278,22.633,7.235,4921.22,2.879,237.9305532,69.69166645,31.67706149,5.804804494,0.736479984,2.426177119,0.140359,126.8330441,18.60708448,43.56331845,52.70756818,5.034247,138.2256636,20.43458932,7.975504058
Driver,43.02970651,-3.8,1.8,3.661417323,55.8,-1.281,22.656,-4.898,-6.675,59.22646743,1.3764,17.821,-3.319,2933.29,-11.127,84.3176629,14.71287799,-6.409585739,5.507541937,-0.357002012,1.641917414,0.203758,51.96049226,-4.676988584,22.91460795,45.14992109,2.236803,75.58579619,-7.419129545,-5.019292837
Driver,96.19497137,-0.651,-1.258,0.708661417,52.834,-1.751,20.837,-0.376,0.882,136.4938261,1.4189,18.227,-0.492,3540.0,1.462,438.0479948,125.0281365,0.182287328,5.361880381,-0.044559622,1.790847719,0.08576,217.5739744,1.150677329,48.29160091,63.02688151,7.07562,229.2543783,1.320987797,9.056693606
Driver,94.36068361,-1.312,2.235,1.614173228,51.41,1.188,15.053,7.356,5.121,139.7883858,1.4814,12.545,6.54,3651.28,6.204,442.4346463,92.50583397,64.45943835,5.94102681,0.68351481,1.342362167,0.090384,220.0976592,37.10934959,41.30570582,58.95460855,6.502602,237.7079261,40.88720478,36.47496237
Driver,96.4745884,2.054,4.518,-2.559055118,53.517,6.038,11.797,2.824,-1.694,144.2998389,1.4957,10.496,3.055,1891.83,-13.095,405.0236549,52.96008576,5.88157676,6.029396945,0.311895029,1.117320752,0.087908,219.5296707,-2.783150576,24.83768164,69.27080724,4.971573,260.5742571,-6.135578217,-43.43396839
Driver,99.40050107,-1.719,2.706,2.204724409,51.544,1.34,13.08,2.634,-0.072,139.03767,1.3988,11.139,2.644,2680.0,-2.362,423.820826,66.54345996,15.2064557,5.72182135,0.261984406,1.134225763,0.086852,220.1378899,6.595581753,31.63153823,61.34826623,5.709193,248.4869683,6.988860229,-10.68560991
Driver,26.15425913,-6.6,-1.6,4.37007874,72.882,-4.345,42.585,-1.559,0.173,29.27254832,1.1192,29.221,-1.515,3850.82,0.142,26.29779142,7.411280775,-0.710535611,5.97059917,-0.168296766,2.25179511,0.495341,16.42897088,-0.461391054,32.14774978,26.362072,1.427176,22.92564826,-0.642968266,-0.081123502
Driver,81.12473157,-0.432,-2.724,0.590551181,52.018,-3.061,11.828,-6.87,-4.146,117.2552792,1.4454,8.991,-5.891,3487.7,11.729,289.8596466,37.50522316,-15.28696576,150.4298085,-4.466499298,1.086212136,4.13116,152.7233387,-4.388216539,25.81126696,58.75794309,4.21971,180.9747803,-3.483129871,33.91032758
Driver,102.6709019,2.327,4.334,-2.755905512,54.679,5.983,14.627,4.143,-0.191,153.7922781,1.4979,12.983,4.169,2511.5,-0.564,510.1056237,98.73988276,35.05736949,6.495380967,0.471621306,1.520188616,0.0898457,259.6759524,17.76288959,38.13198048,64.13696148,6.7294,282.1179469,19.20917785,-3.353905691
Driver,101.1989979,2.1,-0.7,-2.559055118,47.419,1.142,13.572,0.107,0.807,146.8345115,1.4509,11.93,0.069,2400.0,-1.055,463.1284779,77.41633927,-1.423289434,5.909465788,0.006283739,1.256094004,0.085159,240.9665072,-1.431731229,33.21799225,63.96938155,6.051462,270.093336,-1.809198018,-5.165746395
Driver,99.5190587,5.958,0.379,-6.811023622,54.994,4.57,15.446,-0.088,-0.467,149.1794918,1.499,13.808,-0.005,2430.0,-1.765,488.4567161,96.3368742,-3.844047522,6.246227357,-0.002259204,1.553054437,0.089333,251.4220599,-3.284246572,37.72966647,64.25628171,6.57647,274.4040673,-3.858097957,-9.786923154
Driver,95.89298497,1.9,-4.1,-2.362204724,49.007,-2.459,17.597,-1.519,2.581,137.8022101,1.437,15.14,-1.994,3410.0,4.914,432.6925002,106.8435784,-2.221682333,5.989869987,-0.202501503,1.642952106,0.093611,214.5223215,2.359677464,45.48556778,59.80634058,6.763777,229.1451063,3.029103923,29.46620105
Driver,81.80699714,-6.348,0.706,5.511811024,71.643,-1.41,34.585,7.058,6.353,81.22785433,0.9929,30.393,6.24,3425.0,5.139,196.9766241,70.97239973,23.74749327,5.28654223,0.582968102,3.071353127,0.157747,107.0677818,15.06886276,46.48579232,52.86021495,4.81115,117.9976393,16.80362911,10.37358416
Driver,94.06988189,-0.488,-1.749,0.748031496,50.103,-2.157,13.319,-2.079,-0.33,129.7950966,1.3798,9.948,-1.996,4345.03,-2.931,378.3062061,68.42425878,-22.12260799,193.327903,-15.00268234,-6.126511458,6.10108,186.0799704,-14.05502809,38.68151179,53.27315525,5.74108,201.1807019,-15.94428168,-22.75170048
Driver,69.58661417,-5.884,3.875,7.559055118,51.536,-0.821,9.457,5.573,1.698,100.7657033,1.4481,7.61,5.365,1860.0,6.271,151.5481603,11.37826012,15.30293376,6.361270787,0.600451492,0.816102187,0.131842,92.07700749,9.949076862,11.08768175,71.35803647,2.27314,132.4809577,14.92856777,4.040051792
Driver,94.45463493,1.1,-5.3,-1.338582677,45.96,-4.456,19.284,-3.568,1.732,127.0658107,1.3453,16.241,-3.943,3860.0,4.818,380.5675156,98.79921416,-14.58772861,5.717565136,-0.386990675,1.689050577,0.097544,190.1679639,-4.563409347,45.91683444,57.8541114,6.396958,203.3057389,-4.45588547,25.56102447
Driver,86.42403364,-3.9,6.1,4.881889764,50.568,2.781,2.669,0.252,-5.848,126.7680744,1.4668,1.856,1.105,1360.0,-8.406,102.0470567,1.854428481,1.42095553,5.934936808,0.109196353,0.180968219,0.096747,62.61872339,0.577577913,2.690252967,102.1160854,1.128045,131.9660665,0.489800818,-1.890182896
Driver,98.35585183,-1.248,1.233,1.653543307,45.536,0.008,29.82,0.99,-0.242,121.3974141,1.2343,24.313,1.04,6630.0,7.562,337.7727699,133.7161957,23.49962841,5.809091047,0.120347403,2.673563292,0.110151,163.8123916,16.54565016,55.98819566,62.89555929,6.723928,166.4032367,16.90064269,40.7545942
Driver,112.5984252,1.667,-6.009,-2.086614173,47.759,-4.495,11.71,-4.255,1.754,161.9622405,1.4384,9.849,-4.587,3038.5,0.278,536.7031248,102.3012865,-40.27826398,262.2154066,-19.13521941,-1.898187608,6.90782,259.8467159,-18.98984173,40.72176359,64.10139496,6.80782,279.6123203,-20.2517205,5.38822114
Driver,94.0765927,-3.892,0.873,4.448818898,53.962,-1.964,14.489,1.663,0.791,138.5267538,1.4725,12.67,1.582,2505.0,1.574,426.7389693,73.54193239,14.28566018,5.536704049,0.154007584,1.253827729,0.084736,223.6402814,8.542977555,33.20950393,62.32625174,5.8563,249.2572962,9.784106833,7.110168268
Driver,99.77854331,-8.705,-0.495,10.07874016,53.57,-6.983,7.81,5.001,5.496,149.4673855,1.498,5.893,4.358,3000.0,18.28,428.4965335,41.69979371,63.92367906,6.161067211,0.484214173,0.649681442,0.08573,216.8811346,42.48384099,23.17665922,62.21824232,5.0467,240.9776089,50.39824622,78.59968358
Driver,99.94855047,4.9,-2.1,-6.141732283,50.298,1.842,15.83,-3.867,-1.65,144.2079009,1.4428,14.62,-3.679,1752.02,-6.231,444.482518,82.05067549,-37.16066552,5.209802082,-0.337730363,1.359523464,0.077161,238.9393949,-23.71326894,33.20969883,68.09747467,5.860609,270.9499914,-27.95584201,-25.22452768
Driver,116.3922691,3.9,3.1,-4.68503937,49.14,6.562,18.042,-1.6,-4.7,164.2611399,1.4113,16.188,-0.89,3194.21,-10.709,560.6325405,157.616136,-47.28220543,5.968207928,-0.109467003,1.754080021,0.078481,270.3855466,-34.09054855,50.25609206,67.83573049,8.04689,282.1697585,-36.46791427,-89.76031434
Driver,104.0153006,1.376,8.545,-1.614173228,54.747,9.518,6.804,4.589,-3.956,142.8339746,1.3732,3.2,7.223,6318.19,9.624,383.0240155,27.81144124,71.81724949,184.002034,41.47150821,-0.400219061,4.44968,182.7624188,41.07233325,21.13369516,57.93677284,4.40241,210.0549021,50.01210646,55.06556296
Driver,107.934413,-6.446,0.417,8.149606299,46.175,-5.809,2.902,1.395,0.978,160.1691124,1.4839,0.552,1.15,3758.16,5.956,485.7412223,30.93224108,24.90013016,5.810800002,0.12177652,0.079259036,0.0749885,224.7715606,14.84064678,20.8583563,58.59025223,5.11776,247.9581601,17.56387263,31.00904913
Driver,88.66991768,0.427,-4.534,-0.590551181,46.018,-4.122,21.348,0.7,5.234,123.3527201,1.3912,18.063,-0.186,4150.0,8.796,368.4074672,101.2096362,17.20641467,5.081351993,-0.007202105,1.674189471,0.0900296,186.2290296,14.27748333,46.21104154,58.80810571,6.353520658,198.8135396,15.93587197,44.64055598
Driver,99.70919828,-3.47,-7.039,4.291338583,50.805,-9.873,12.271,-0.446,6.593,130.7972441,1.3118,9.627,-1.584,3727.13,18.962,349.6400828,52.3605479,20.78233903,190.9094003,22.99401551,-3.654548704,5.11333,184.6505123,21.22275676,28.72428361,62.20214864,4.87333,212.0351081,28.75607435,78.85506697
Driver,93.92671797,0.9,-5.3,-0.984251969,48.018,-4.726,16.244,4.655,9.955,127.5100662,1.3576,13.711,2.835,3850.0,9.857,376.7748455,83.14343994,38.68612753,5.908091873,0.305134509,1.464210541,0.099232,189.3398395,25.84316065,41.82236998,56.02969301,6.062292,204.6307057,29.00602976,49.60333204
Driver,99.09180387,0.318,-0.151,-0.354330709,53.449,0.085,12.817,-2.756,-2.605,143.5867037,1.449,10.489,-2.258,3390.95,2.148,440.56164,80.41500949,-15.91103628,157.6905471,-5.89623922,26.10801978,3.69439,217.8414324,-8.733244399,38.67655524,58.14881519,6.17967,236.3582355,-9.569983922,-0.451667939
Driver,112.7169828,6.7,5.3,-7.992125984,50.646,10.914,18.223,3.687,-1.613,164.5105583,1.4595,16.967,3.925,3120.0,-5.003,554.792249,167.7511704,16.97917958,5.759221726,0.382274312,1.779722276,0.075941,264.5421357,3.702390643,52.59432942,68.77277353,8.191101,274.5615595,3.503689797,-43.23776785
Driver,91.18647101,2.245,5.139,-2.874015748,52.132,6.886,16.205,9.87,4.731,136.1900501,1.4935,14.05,9.108,3080.0,7.962,428.578134,88.43057836,82.69599422,5.970053825,0.953162651,1.506437714,0.093759,219.0733018,48.39501539,39.15484466,60.19804592,6.31141,239.7267326,54.08779673,41.88949615
Driver,79.00858984,-2.233,-3.732,2.086614173,59.776,-5.034,24.715,5.105,8.837,103.628087,1.3116,17.542,2.543,7760.29,15.427,244.951899,84.24522715,46.1677873,99.16136731,26.88038636,16.26238407,4.63219,110.4341726,32.6838727,59.39232189,50.97591032,5.56151,110.6904643,32.862082,83.91397384
Driver,116.2177881,3.1,2.1,-3.74015748,49.647,4.725,18.697,-1.677,-3.777,165.0762795,1.4204,16.966,-1.159,3880.0,-7.909,548.2062392,178.4041467,-43.26467839,5.695293756,-0.131274219,1.765248526,0.074878,257.1530162,-29.07962714,55.02459247,70.20559751,8.302694,263.978627,-30.20716813,-71.71683474
Driver,85.6880816,0.2,6.4,-0.118110236,40.135,6.356,31.974,1.413,-5.0,108.0471546,1.2609,25.715,2.674,6790.0,1.68,289.0547304,110.8676604,15.44292728,5.713604544,0.2700838,2.791478237,0.12331,144.5426963,9.101020112,53.60141453,59.03888704,6.128779,148.0955876,9.351358439,7.08334993
Driver,102.2727273,4.5,1.1,-6.062992126,47.983,5.179,15.278,2.594,1.465,148.3753132,1.4508,13.557,2.354,2560.0,3.748,485.2846101,95.4165705,27.77464325,5.923296691,0.246381159,1.438239943,0.085063,248.8522136,17.24010829,38.02062529,63.70506034,6.580667,272.7317444,19.51316308,21.08666435
Driver,40.96277738,-3.111,-1.231,2.637795276,63.091,-2.811,37.468,4.321,5.552,40.75049213,0.9948,26.013,2.435,4650.0,5.373,47.85975759,12.12248919,2.221086573,5.767012884,0.257336515,2.380732255,0.331566,29.54221877,1.539611104,29.94619477,34.2708169,1.867629,40.12707712,2.173167832,0.854389816
Driver,120.0004474,1.372,1.234,-1.929133858,43.173,2.697,14.579,4.213,2.979,171.6432534,1.4304,12.806,3.799,3100.0,2.549,599.2088418,142.0367768,48.00205813,5.997322455,0.399571785,1.383744937,0.074237847,288.5680342,26.32588654,46.95475641,66.31169476,7.947756643,303.5855429,27.99222086,21.68479529
Driver,91.31621331,0.109,1.949,-0.118110236,52.511,2.033,5.95,-2.927,-4.876,136.2052613,1.4916,4.765,-1.931,2090.0,-26.633,247.9939448,13.26059041,-20.03283491,5.870931562,-0.216209235,0.484626155,0.089405,140.5925546,-16.50671153,9.617840213,81.59596833,2.787506,203.4392034,-29.65092931,-35.37811891
Driver,82.58321403,-3.3,-1.9,3.149606299,64.768,-3.701,24.589,0.368,2.435,108.5544918,1.3145,18.73,-0.189,6332.19,3.751,288.7000937,81.68283079,5.093102594,5.377675684,-0.011796442,1.851224517,0.109327,147.8938207,4.372951441,45.91994968,54.14584064,5.59435,155.9800597,4.784424675,14.58170012
Driver,94.52397996,1.24,3.197,-1.732283465,52.11,4.162,15.646,1.47,-1.728,133.3471278,1.4107,12.128,1.905,4690.77,10.807,380.6138977,82.22161694,34.56546295,194.4294284,23.07535465,-1.610471351,5.92769,192.4192194,22.69045408,39.73749625,59.54656331,5.83769,208.4965968,25.77194301,48.97819962
Driver,107.6212419,3.43,-0.879,-3.74015748,55.98,1.44,16.821,-0.425,0.454,156.2781854,1.4521,15.212,-0.482,2500.0,1.218,532.5845533,121.4641993,-1.161809535,6.362338936,-0.052206243,1.757156774,0.0874964,268.9933048,0.401617304,42.51873258,65.97730289,7.24443,287.7520696,0.586069437,7.993429673
Driver,89.44837151,-1.159,-0.342,1.732283465,44.524,0.837,15.518,-2.31,-1.968,127.6335451,1.4269,12.484,-1.938,3871.69,-8.616,358.6247462,72.38398933,-33.47861131,190.5463842,-25.89048538,-0.958549473,5.43219,188.9987968,-25.51190703,34.73378591,64.66948227,5.37219,212.8190224,-31.21968025,-57.49273379
Driver,99.31997137,2.681,8.0,-3.464566929,50.422,10.218,12.783,0.123,-7.877,144.3409986,1.4533,11.573,1.097,2206.99,-29.529,400.0474775,57.06677376,-29.04369052,5.967918642,0.092193819,1.22097597,0.087342,216.4215205,-30.64642921,26.52958716,67.37928776,5.048408,253.544332,-42.44240848,-104.2274096
Driver,95.35388332,1.514,4.974,-2.047244094,48.095,6.333,11.798,-2.906,-7.88,138.8589388,1.4563,10.439,-1.835,2370.0,-26.695,372.8528911,48.13836912,-42.46478905,5.926817944,-0.210687446,1.091217289,0.089835,201.8107074,-35.42131266,24.4695598,66.02438075,4.770511,239.7471432,-48.02550545,-87.12366411
Driver,78.86095204,-0.118,4.007,0.157480315,47.356,3.898,11.996,6.98,2.973,117.0924302,1.4848,9.894,6.452,2517.21,2.105,285.7387222,33.3176188,33.55681976,6.133902252,0.691391514,1.064306051,0.110238,158.3717935,19.41565649,21.42852431,62.42251516,4.089857,196.5068566,24.49638643,4.891685483
Driver,99.59511453,0.444,2.402,-0.62992126,46.369,2.826,13.81,-0.593,-2.995,145.6590014,1.4625,11.701,-0.106,3126.25,-10.932,465.6099334,85.99051295,-26.39719279,5.993939877,-0.021670206,1.256341722,0.087125,234.4565086,-21.43206531,37.73198095,60.35207507,6.409577,255.8361213,-25.1681588,-63.00026671
Driver,102.0445598,-1.082,2.06,1.338582677,45.866,1.01,14.078,1.558,-0.503,150.1149785,1.4711,12.095,1.626,2957.65,-1.863,493.7661038,95.26089796,9.05484936,5.111490134,0.143665562,1.114295176,0.0720111,247.4730954,3.198680315,39.09881471,61.55657956,6.70457,259.8834861,3.186115005,-11.47239196
Driver,102.7849857,0.1,7.3,0.039370079,53.884,7.326,17.752,4.305,-2.995,144.5315855,1.4061,15.328,4.881,3530.0,-5.906,461.0975771,121.944585,20.78575345,5.791175098,0.48619975,1.611266512,0.086318,224.9319494,5.933537372,48.16370602,61.65041101,7.151717,237.5530443,5.737510923,-39.65998921
Driver,87.30091267,5.31,9.791,-5.984251969,53.534,13.729,14.397,5.965,-3.826,136.8163923,1.5672,13.0,6.57,2058.58,-22.13,385.4290019,60.54255343,17.74198242,6.423026296,0.716171975,1.48107243,0.0997415,210.5531278,-0.724209863,28.16690049,66.53627243,5.13292,234.299267,-3.728346864,-74.43050948
Driver,105.0935039,-0.7,8.3,0.905511811,48.889,7.772,11.267,1.517,-6.783,153.6522459,1.4621,9.917,2.366,2380.0,-18.68,465.0299192,64.68451269,-13.72478934,5.893923869,0.22950492,1.037236905,0.080566,242.4894013,-18.86283291,28.7880943,65.48354433,5.662789,276.0359671,-25.73548856,-86.48114926
Driver,90.53328561,1.086,5.04,-1.299212598,54.391,5.818,25.454,9.605,4.564,119.3213135,1.318,21.398,8.763,4890.0,6.008,345.7048121,114.2618846,62.29085222,5.836547584,0.899081274,2.318959295,0.109767,172.5175567,36.20645255,50.78273363,59.98703182,6.46981,180.8982933,38.23498079,30.25953303
Driver,114.3387616,8.3,2.5,-9.921259843,51.562,9.139,17.269,-1.612,-4.112,163.816437,1.4327,16.28,-1.171,2440.0,-14.656,553.3062692,140.2000532,-54.11693015,5.631214309,-0.12574747,1.657777095,0.074179,275.1263925,-41.03541312,45.99493958,67.11247911,7.63536,291.881038,-45.26543711,-106.4014404
Driver,102.6507695,4.164,5.828,-5.551181102,50.102,9.318,11.5,1.543,-4.285,144.6713941,1.4093,10.346,2.23,1920.0,-20.38,395.7327144,50.24025833,-7.587541893,5.189908129,0.191153672,0.946879327,0.075316362,215.4983629,-13.22667015,23.90173329,69.88979529,4.824169257,257.7168535,-20.33297995,-64.7583136
Driver,111.5940408,0.6,1.2,-0.472440945,47.733,1.287,12.94,0.073,-1.106,165.8088762,1.4858,11.122,0.261,3010.0,-6.117,561.3236915,114.7274892,-17.57607634,5.825022779,0.019498016,1.163562573,0.074158,272.7344651,-14.21508651,43.0696901,63.14279697,7.337153,290.6077907,-16.02513544,-46.3669078
Driver,97.09421976,1.833,0.123,-2.322834646,47.416,1.809,15.635,1.003,0.879,144.3130369,1.4863,14.013,0.895,2330.0,2.304,461.31109,88.34817148,11.41699592,6.115569904,0.097561801,1.53889891,0.0904526,240.8051219,7.580268479,35.99905794,64.22663725,6.27386,265.5810802,8.727050885,11.4594508
Driver,85.52702219,-2.811,6.977,3.464566929,55.209,5.022,27.752,-5.48,-12.457,106.4859968,1.2451,22.289,-2.937,6260.0,-5.797,284.198801,92.61226062,-23.020372,5.922899375,-0.315290484,2.460756095,0.1261,145.2985813,-14.94569945,48.99140133,55.99508221,5.777807345,152.1157841,-15.8474016,-22.56230205
Driver,108.4914102,1.064,-2.047,-1.456692913,44.304,-0.957,14.631,0.241,2.288,156.4466267,1.442,12.829,-0.074,2840.0,1.702,527.3815966,109.151091,4.035985338,5.935259172,-0.006169792,1.366715197,0.0806088,262.9493274,3.471534077,41.32893695,63.56012335,7.082566065,283.0820717,3.994028835,11.43333606
Driver,102.1631174,3.05,3.197,-4.133858268,47.586,5.987,10.963,-0.517,-3.714,148.0104689,1.4488,9.434,0.213,2484.67,-15.452,439.7418806,58.1125609,-23.79843912,5.937867137,0.009896913,0.993507944,0.084167,229.6828338,-21.53903943,27.58604839,64.31955564,5.452338,263.5517696,-28.22303408,-67.16695073
Driver,110.67466,5.5,4.9,-6.929133858,49.672,9.655,12.655,-0.867,-5.851,154.8805476,1.3994,11.842,-0.186,1616.5,-11.042,467.8165005,72.01296521,-17.95903579,5.804602656,-0.025861239,1.219951715,0.079177,250.0275776,-15.68795629,29.51646209,70.21618726,5.634672,287.3797025,-20.24979648,-44.63342019
Driver,102.248121,5.1,2.5,-7.047244094,48.734,6.926,15.107,1.651,-0.757,149.8727183,1.4658,13.305,1.792,2690.22,-3.931,494.0459484,98.50045135,5.874983093,6.041551815,0.185409421,1.440911501,0.085837,251.0599844,0.078713314,39.00674008,63.2876273,6.710927,273.6072887,-0.547890125,-23.31681634
Driver,98.35808876,6.924,9.068,-8.346456693,50.775,14.757,15.766,7.971,-1.097,147.3091893,1.4977,14.122,8.181,2423.97,-13.459,472.6518546,92.51111913,39.16476029,5.852984658,0.822223483,1.479576575,0.084846549,245.4056998,11.36932366,36.90559408,64.35436697,6.405408683,270.767382,10.22947663,-70.89085038
Driver,87.91383321,-4.1,7.9,5.393700787,53.497,4.805,10.267,5.657,-2.243,115.6985952,1.3161,7.662,6.121,3030.0,1.554,279.981458,28.4108423,31.14572676,6.044669203,0.64635031,0.818157934,0.10943,149.5569565,17.24938407,20.91504681,57.74423747,4.027357,183.4686402,21.46941367,3.931295904
Driver,89.01216893,1.138,2.584,-1.299212598,48.059,3.607,21.615,7.304,4.72,122.3653364,1.3747,19.05,6.664,3200.0,8.091,373.3990637,98.09742173,56.46762848,6.366274469,0.749840209,2.215583673,0.114487,193.1177221,34.94256635,43.54277861,60.01668055,6.27752,208.4668081,38.46392958,37.99715523
Driver,67.93128132,-4.3,1.3,3.779527559,66.029,-0.605,39.951,2.028,0.728,81.12942913,1.1943,30.893,2.023,8960.0,0.565,184.3936925,72.66502319,6.031163579,4.965905687,0.163962518,2.973833975,0.150418,97.16935274,3.589442464,50.67287025,50.98545048,4.817409,98.66155786,3.647443847,0.478208043
Driver,98.65336435,-2.956,-7.88,4.015748031,48.357,-10.512,21.123,2.473,10.354,133.0670634,1.3488,17.575,0.817,5120.0,14.98,395.0682713,118.3477003,44.24635172,6.023237308,0.109490822,1.944132992,0.099045895,194.0496188,32.75947615,49.83874665,60.5083442,6.756309818,202.7978693,35.07922978,90.08680207
Driver,89.50653185,1.793,0.512,-2.401574803,46.254,2.229,17.362,6.203,5.691,132.2946492,1.478,14.905,5.26,3440.0,10.014,410.5694588,91.93865033,57.8486641,5.798042105,0.542358766,1.558144208,0.094164,208.3802266,36.58346268,41.28063944,59.1845067,6.327998,226.3812251,40.98864035,52.86829841
Driver,94.41884395,-2.44,0.586,3.070866142,47.604,-1.644,45.3,23.104,22.518,89.17278096,0.9444,36.822,17.323,8400.0,16.459,211.989961,103.7939378,73.62062847,4.075860205,1.239190261,3.065152886,0.119982,105.595223,46.35309616,57.42508739,57.40816455,5.555319,105.3120286,46.21688056,48.00010237
Driver,33.43101288,-7.4,-4.6,5.078740157,75.639,-7.102,33.604,3.919,8.6,37.22306729,1.1134,24.599,1.614,3392.09,9.514,38.32712887,9.009555126,1.369848371,3.340063765,0.104815743,1.355369561,0.20509,24.10187213,1.030889398,27.7808024,32.41742391,1.603983,35.95470849,1.671128046,1.056753019
Driver,91.54438082,-2.446,-5.457,3.031496063,46.726,-7.762,18.604,6.166,11.622,132.4082856,1.4464,14.67,3.855,5931.47,19.11,378.9888467,98.70803484,70.70018726,6.406602827,0.467031076,1.732830748,0.10423,187.3438737,48.16237457,46.20029805,57.32387326,6.32989,195.9013771,51.5003715,107.6438645
Driver,104.4559771,0.067,-0.192,-0.078740157,51.131,-0.138,11.616,-0.758,-0.566,157.1897369,1.5048,10.492,-0.702,1756.79,-11.458,427.5491669,59.67957967,-30.62056151,219.4023306,-24.65887443,2.182992757,4.86019,223.3163472,-25.47199437,28.05750337,71.20185694,4.98817,259.9795316,-33.17455565,-68.25566541
Driver,88.34779885,2.456,-7.975,-3.11023622,51.704,-6.034,21.184,4.135,12.11,130.4409001,1.4765,18.459,2.22,4230.0,26.739,382.9461946,104.8775342,71.5726965,5.907373556,0.264960124,1.990702623,0.099399,194.0367685,55.35430809,45.36287616,59.5507574,6.401394,207.0790279,61.49270057,144.326327
Driver,93.14155333,-3.904,-6.689,7.559055118,33.178,-12.68,4.759,2.329,9.018,128.5113189,1.3798,2.465,-0.067,4227.21,19.405,262.9077341,14.13910933,19.13691788,137.3683777,15.65167948,-0.781087524,3.21271,134.011351,14.89638521,12.95669363,65.02087234,3.10271,174.0223758,23.75687723,45.15633828
Driver,114.3074445,3.1,4.9,-3.346456693,52.665,7.141,16.375,0.517,-4.383,166.9177255,1.4603,14.458,1.091,3120.0,-11.519,567.4681075,146.0615612,-29.73705103,5.60544224,0.104364202,1.463712522,0.07185,273.8162832,-25.90016211,48.4806687,66.45126862,7.873013,287.1100959,-28.30260266,-93.25698072
Driver,101.7671797,-2.3,7.1,2.755905512,55.324,5.386,4.004,-4.741,-11.841,142.6711256,1.4019,3.4,-3.644,1800.0,-17.926,239.9028818,9.325506062,-21.87001394,5.768690745,-0.377446328,0.340212727,0.083649,136.0366551,-15.26108967,7.165929771,89.54962578,2.496524,206.2515527,-26.79485686,-19.91622366
Driver,93.41445956,-1.3,-5.1,1.850393701,49.382,-6.44,19.109,-0.52,4.58,127.9675197,1.3699,16.97,-0.976,4250.0,14.729,379.8705574,102.4360284,26.57853085,5.620610115,-0.082227384,1.738733521,0.095577,190.048982,23.12355479,46.4639099,58.4770802,6.4304,202.2155772,25.80336602,79.00009558
Driver,115.3834109,0.416,2.845,-0.511811024,50.676,3.186,10.686,2.117,-0.729,166.6909001,1.4447,8.89,2.247,2980.85,-14.007,509.7586965,77.46713237,-26.13783158,252.2007612,-25.1620125,0.712757202,5.84281,253.2558858,-25.39255761,33.96413843,67.51111771,5.88155,280.7552559,-31.4909492,-105.7575767
Driver,44.63582677,-3.3,-8.5,2.795275591,62.081,-10.384,66.741,-8.021,0.479,21.40949356,0.4797,54.735,-8.196,1940.0,0.182,17.3867578,10.33400455,-2.005774326,2.3584546,-0.338465202,2.577008492,0.400338,9.203180995,-1.319697979,56.79271193,20.79751761,1.619187,11.71001909,-1.679067856,-0.023321682
Driver,38.09949893,-5.984,-18.809,4.803149606,63.914,-21.751,56.945,3.038,21.848,18.88578203,0.4957,50.561,-1.372,1290.0,10.296,13.6213822,7.241893466,-0.214544992,5.59621606,-0.096413623,1.898601014,0.988538,7.569701911,-0.123524531,51.77369264,18.29954967,1.344895,10.80288794,-0.168901689,0.173198649
Driver,78.36211525,5.072,4.923,-7.125984252,43.954,10.205,13.979,-0.256,-5.179,116.0806639,1.4813,12.27,0.765,2280.0,-20.095,282.2207403,38.91975655,-10.83301709,6.258900296,0.064856168,1.348729164,0.114308,159.2577927,-12.6272033,23.42756542,63.51180817,4.1543,193.8066862,-18.70219155,-44.23708113
Driver,97.13895848,2.5,-5.5,-2.874015748,53.435,-3.843,22.044,-3.563,2.092,131.2271832,1.3509,19.9,-3.811,2809.41,0.026,419.9594713,116.8954265,-26.7563974,5.15976606,-0.342944114,1.875699609,0.086702,214.9304521,-14.23976751,45.7832123,63.21678438,6.807436,230.8651262,-15.29299709,0.137356472
Driver,86.32113457,3.03,-4.752,-4.133858268,48.184,-2.037,16.811,3.296,8.047,123.3636811,1.4291,14.525,1.896,3250.0,20.061,354.3851507,68.88888548,41.86976854,4.890048917,0.177130047,1.270902271,0.084807126,186.3321594,33.13493795,35.19839788,57.91711654,5.503392227,208.6055519,40.1061498,81.15054101
Driver,89.17322835,2.788,3.702,-2.874015748,55.573,5.614,13.163,8.801,5.099,131.631845,1.4761,11.935,8.179,1790.0,17.326,343.4879073,47.08317059,63.08022883,6.200465312,0.894753345,1.303689586,0.0995699,192.1903126,41.82375044,23.91264164,69.16025065,4.52573,231.080902,53.29075565,44.13429995
Driver,96.56406586,0.9,-7.7,-0.984251969,48.881,-7.186,9.32,-0.402,7.298,136.82534,1.4169,8.198,-1.532,2040.0,8.752,350.9772794,36.49754476,-0.536767842,5.888968488,-0.150646893,0.850007695,0.090001,189.8915191,3.091398084,20.74194861,66.8252035,4.374501,231.7610602,5.698464707,24.49925714
Driver,76.97745168,-1.234,-1.609,1.732283465,46.419,-2.784,24.992,3.054,4.663,90.94353973,1.1814,19.625,2.004,4920.0,6.187,219.4026637,53.7776376,12.78460959,5.506136944,0.202609907,1.961644501,0.1343176,119.4944831,9.008507931,38.22107849,50.91966351,4.542059136,133.6189179,10.50679629,14.50876529
Driver,109.2877595,5.4,0.4,-6.771653543,40.282,6.437,17.149,0.977,0.525,158.4851467,1.4502,15.253,0.812,2987.17,6.34,536.467785,137.0751116,28.23977273,6.058387849,0.100805943,1.671928777,0.082199,262.4789581,19.96349074,47.33896393,65.37719889,7.640968,277.0558197,21.73837383,48.75754165
Driver,74.88815319,-4.902,3.19,5.826771654,54.316,-0.341,14.647,-3.043,-6.233,106.219354,1.4184,12.504,-2.331,2376.06,-17.387,241.2037837,32.93594847,-19.73268179,6.30197214,-0.274384083,1.377658815,0.126009,138.1337132,-15.98484601,22.37679676,61.45141597,3.79948,163.3993071,-20.85434675,-31.17339937
Driver,79.38663207,1.194,0.194,-1.653543307,45.279,1.377,20.863,6.953,6.759,104.3434592,1.3144,17.48,5.706,3710.0,7.1,280.0686654,63.20734756,35.41270391,5.823608708,0.589057074,1.837007021,0.121885,149.7070495,22.25742877,37.5012151,54.42077719,5.082614,167.9081262,25.69406245,22.28430229
Driver,98.41177523,3.7,6.3,-5.196850394,46.485,9.842,10.782,0.258,-6.042,142.7603794,1.4507,9.771,1.242,1890.0,-26.7,361.2288528,40.88259062,-15.44632926,5.760147672,0.108411492,0.987205004,0.084605,201.4963046,-18.58271084,20.50977561,73.69409055,4.322976,249.974318,-29.01210558,-68.78167029
Driver,82.00384753,-7.437,-3.654,7.480314961,57.742,-8.38,17.168,3.08,6.734,112.0512706,1.3664,14.111,2.196,3529.0,9.856,305.7959449,57.02724399,23.94589118,5.555891465,0.223370205,1.403941247,0.106086,162.5353413,17.26967245,33.64542114,55.34585664,5.05086,182.5378307,20.61809739,33.19262381
Driver,115.4393343,0.279,4.88,-0.354330709,46.517,5.145,13.84,8.31,3.43,165.5594578,1.4342,12.364,7.924,2503.67,13.914,558.1580435,107.4604136,112.2981872,6.045352711,0.845911675,1.351784798,0.0774012,280.7673619,69.14171286,39.17585356,65.69153766,7.03172,294.4601574,73.8989087,92.90133731
Driver,91.4079277,1.317,-0.049,-1.496062992,51.286,1.007,14.915,6.999,7.048,132.3845741,1.4483,13.285,6.118,2420.0,18.157,382.6954859,63.94941719,64.30234808,6.362426642,0.69542885,1.504889966,0.102318,205.6916194,44.31684222,30.56858289,62.81540662,5.36039,233.8092141,53.44381312,67.9722184
Driver,105.5207588,5.3,7.5,-6.496062992,49.742,12.066,16.9,4.788,-2.712,146.0663475,1.3842,14.947,5.28,2910.0,-5.462,482.3338266,109.135985,29.75515186,5.830708969,0.531630322,1.569682394,0.085649,243.409061,11.22900623,42.32799605,63.04518956,6.916849,262.3174342,11.37316943,-33.58207888
Driver,93.34735147,2.781,5.702,-3.503937008,53.209,7.784,21.168,4.401,-1.301,130.561471,1.3987,18.213,4.625,3840.0,-4.023,406.4050559,115.4838818,21.81025654,5.818974849,0.464117994,1.936872656,0.097613418,202.722794,8.678496726,47.8094515,61.11213456,6.773943178,215.1362728,8.894943938,-23.0432843
Driver,97.56397638,-3.539,3.906,4.606299213,47.405,0.647,23.526,1.311,-2.595,128.1648175,1.3136,19.768,1.708,4803.79,-5.204,383.5349696,124.4481747,-2.21249268,6.194419271,0.175517738,2.272640513,0.107013,188.6249598,-4.446350106,51.44468708,61.77616102,6.8291,196.00715,-4.843249485,-30.19479565
Driver,26.27952756,-1.5,-1.7,1.456692913,67.824,-2.366,33.621,-5.056,-3.356,29.75617394,1.1323,28.158,-4.351,2930.0,-3.84,26.4173136,7.108703092,-2.022826426,2.264508473,-0.176392618,1.070804415,0.178671,16.62041088,-1.350163211,30.69544295,27.10702552,1.390308,25.11108734,-2.066218846,-0.268530698
Driver,101.4897996,2.696,0.83,-3.307086614,48.579,3.211,17.135,3.885,3.054,147.6373479,1.4547,15.596,3.543,2307.69,11.525,482.0020681,103.0818531,52.68314299,6.314962168,0.401356145,1.778279982,0.0920374,250.3728685,36.13033395,38.87178898,65.41719416,6.63117,264.2756603,39.16553945,62.25234238
Driver,101.0334646,0.1,7.3,-0.196850394,50.856,7.378,16.251,3.823,-3.477,143.8003311,1.4233,14.073,4.396,3180.0,-8.119,467.3638431,102.612463,14.86112789,5.777258762,0.435207846,1.46314235,0.085883,234.6899073,1.552550959,41.92958394,61.46491555,6.766543,253.0978079,0.58420055,-49.32140478
Driver,100.1834288,-2.342,6.961,3.11023622,50.412,5.022,5.129,-3.384,-10.344,139.8830082,1.3963,4.403,-2.369,1730.0,-13.492,257.4675352,12.87246884,-16.4336326,5.949095591,-0.254648516,0.454449505,0.088129,146.0620072,-11.83752108,9.154298974,85.00951823,2.794555,212.3457114,-20.02181623,-17.42934334
Driver,76.03346457,-0.811,-2.276,0.94488189,53.244,-2.881,9.075,2.783,5.058,111.6689782,1.4687,7.896,2.17,1470.0,18.256,179.551843,14.05781379,10.6746605,6.378662359,0.254877052,0.855990572,0.119229,108.702737,8.521834632,11.65266284,77.32759311,2.45456,163.1399606,15.08138443,13.23721941
Driver,93.59788833,-3.953,-3.08,4.606299213,52.699,-6.098,14.946,2.563,5.643,138.5464388,1.4802,12.741,1.876,3170.0,10.78,434.2604309,83.46578212,36.84320956,5.351576267,0.183962296,1.226451601,0.0819712,220.8112338,26.32063524,37.7283331,59.57245741,6.23179,240.2901045,30.1723693,57.38841796
Driver,23.44756621,-5.8,-1.2,4.094488189,71.987,-3.757,42.102,-0.884,0.393,26.03860952,1.1105,29.312,-1.064,3280.0,0.331,20.76693877,5.827821573,-0.350376384,5.876982744,-0.103420288,1.915561784,0.547616,13.05313437,-0.227620339,31.69482311,24.00305285,1.253351,19.07099647,-0.331069766,0.044306352
Driver,84.14906943,-2.354,-4.994,2.480314961,58.877,-6.416,18.337,3.581,8.575,101.3710183,1.2047,14.6,1.94,4080.0,14.61,251.6809849,46.50649068,22.37850962,5.604205541,0.209302166,1.460791878,0.1189064,136.4349405,17.38308645,32.05574197,52.96194818,4.487824673,157.249512,21.77858726,38.37613078
Driver,95.79903364,0.419,-2.107,-0.511811024,49.951,-1.755,16.669,-1.645,0.462,135.3476199,1.4128,15.146,-1.691,2048.75,-0.431,412.4428406,78.38390631,-12.55888972,5.918714313,-0.174953477,1.601733491,0.093824,221.9076962,-7.11346247,33.73482733,65.28256105,5.771926,251.6716848,-8.139208135,-1.69621198
Driver,94.71859341,-0.022,1.501,0.039370079,51.678,1.484,13.671,-4.134,-5.636,132.6058071,1.4,10.641,-2.851,4317.95,7.05,389.4378632,67.35126065,-7.266234128,198.9671202,-1.827790169,-1.414940849,5.69935,196.9488182,-1.872798962,34.95483381,58.39503315,5.61276,216.8143308,-1.580636951,23.77522546
Driver,77.90354331,3.0,5.4,-2.952755906,71.365,6.098,4.777,-13.245,-18.684,58.68490515,0.7533,4.387,-8.978,2520.0,-66.128,20.26427136,0.807409794,-3.457600399,5.876973102,-0.991772118,0.26453124,0.20866,13.36382014,-2.48441066,4.828277234,54.58550702,0.484465,46.89872119,-9.767055305,-1.214501828
Driver,99.27970651,3.627,3.251,-5.0,47.52,6.578,14.789,-0.843,-4.094,143.1285791,1.4417,13.013,-0.17,2690.0,-13.953,386.3497106,48.2666803,-7.006097556,5.91409332,-0.021616447,1.343348403,0.087115,239.5729302,-7.660912439,16.88947818,106.7809062,4.154257,347.1820661,-14.24575037,-20.85124827
Driver,94.97360415,1.775,5.536,-2.244094488,51.512,6.948,13.885,3.276,-2.26,141.7738905,1.4928,12.153,3.609,2480.0,-13.598,431.8427038,71.06764934,3.951562927,6.018145095,0.367133907,1.301810695,0.089945,226.7757293,-6.128054055,32.05535496,63.12791927,5.775354,255.7344062,-9.531489078,-61.15681684
Driver,105.4916786,3.758,1.489,-5.275590551,45.831,5.147,11.492,-7.782,-9.27,144.864218,1.3732,10.188,-6.174,2946.73,-49.234,338.2870281,40.47930842,-82.98967672,6.346386422,-0.724219826,1.135476533,0.0921406,184.6310116,-65.4938449,22.37973436,68.44156029,4.14635,211.4522541,-82.77143009,-139.6455946
Driver,28.49856836,-2.152,4.46,1.692913386,71.712,3.749,41.024,1.992,-2.468,29.48908375,1.0347,28.834,2.861,3550.0,-2.171,26.2952946,7.263780708,1.229436983,5.917728628,0.289962278,2.19750494,0.482913,16.40031892,0.782240225,31.01120547,26.80553567,1.392702,23.89001417,1.126588315,-0.10918271
Driver,99.65103794,-7.027,-1.271,9.448818898,47.939,-7.657,15.126,1.987,3.259,134.5313618,1.35,12.305,1.555,3810.0,5.365,415.652593,84.21783719,23.22732872,6.305302602,0.178042468,1.404798905,0.099629,208.1267136,15.3770688,40.05263021,57.64675806,6.23506,224.1141276,17.19069949,29.21701069
Driver,93.23326772,-4.756,-2.752,6.850393701,51.224,-6.584,16.624,-5.936,-3.183,134.5438887,1.4431,13.665,-5.473,3998.08,-5.403,417.2588208,95.04787628,-51.68969232,6.402420526,-0.61821148,1.591180949,0.101796,207.7800482,-30.0300553,43.13166945,58.45765429,6.46667,221.8245942,-32.60030641,-30.85156461
Driver,108.5137795,0.6,1.4,-0.196850394,51.228,1.345,13.291,-1.63,-3.095,158.3838135,1.4596,11.45,-1.048,2980.0,-0.817,528.555442,105.6424036,-12.97495162,6.071386202,-0.124809288,1.248606347,0.081076,259.5987062,-7.183586511,41.70877418,62.17472282,7.050957,278.5115879,-7.827596655,-7.308404383
Driver,104.9749463,2.727,-2.73,-3.228346457,53.265,-0.693,18.671,-2.19,0.54,146.3432802,1.3941,14.889,-2.324,5497.0,1.209,447.9317653,135.8956274,-13.26662486,5.400655209,-0.217269216,1.484594678,0.0792064,212.9170673,-5.702434085,52.5361705,63.15058781,7.28406,218.8886094,-5.81472848,8.799049705
Driver,93.07444524,0.011,0.685,0.0,52.76,0.693,11.568,-6.24,-6.925,128.7585004,1.3834,9.589,-5.025,2955.72,-15.141,353.6511469,45.60888491,-50.38027819,6.212695253,-0.560278605,1.055434958,0.101490982,186.9465072,-33.93710048,26.12657619,59.98355453,4.86312388,218.6288354,-42.78557526,-53.11204762
Driver,93.9781675,-3.082,0.353,3.503937008,53.952,-1.893,12.157,-0.833,-1.187,142.7165354,1.5186,10.642,-0.712,2155.0,-2.862,418.6115115,58.27113674,-9.177315909,5.086576599,-0.064734742,0.959901686,0.0748544,223.1721789,-6.426108778,27.34442774,65.85308886,5.31041,256.4891427,-7.945277922,-10.9605909
Driver,86.5940408,-3.733,-0.647,4.842519685,52.549,-3.512,20.831,-2.971,-2.324,108.6350215,1.2545,16.676,-2.549,4500.0,-3.384,296.8312812,69.75798161,-17.67698024,6.344393156,-0.288309371,1.919890687,0.127350798,154.8858929,-10.97983807,40.20717979,54.07385427,5.353239433,169.7336789,-12.33428037,-12.29383442
Driver,109.4152649,3.5,5.5,-3.858267717,51.878,8.27,16.832,3.863,-1.637,163.1516195,1.4911,15.405,4.456,3300.0,-4.869,552.8757891,154.115837,19.85100573,5.822984148,0.407123435,1.627130243,0.07679,264.9561106,5.296586069,50.63526325,66.97314845,7.992864,276.3021717,5.129002316,-45.90203011
Driver,98.72942019,-2.178,-1.244,2.834645669,51.74,-2.962,12.315,-3.856,-2.612,144.983223,1.4685,10.613,-3.541,2490.0,-9.046,442.1190077,65.75407404,-42.6106381,5.752703947,-0.36219298,1.084928705,0.083547459,230.440916,-27.89186234,30.3285576,63.25424528,5.699303899,261.3512915,-33.50311324,-41.13174327
Driver,96.67591267,-1.3,7.9,1.732283465,51.841,6.777,10.432,5.48,-2.42,142.099141,1.4699,9.023,5.806,2030.0,-7.518,386.6254001,44.00785595,30.45277277,5.792247553,0.580772521,0.920923891,0.085343,209.351843,13.35702628,22.37524723,68.89171402,4.708366,252.0703738,14.39318177,-23.53943425
Driver,99.60853615,1.26,5.075,-1.653543307,49.748,6.142,13.797,2.677,-2.397,147.8185397,1.484,12.118,3.009,2510.0,-12.516,466.0532293,79.95073634,-0.291778448,5.850949008,0.297143559,1.264197041,0.083819,241.3824602,-8.572956605,34.04376604,63.42817821,6.130823,269.1235356,-11.9757886,-63.67196742
Driver,102.4964209,-0.3,4.7,0.511811024,51.681,4.42,15.162,7.263,2.563,151.1578382,1.4748,13.216,7.014,2960.0,1.133,494.8039818,109.2106912,62.03785989,5.77838607,0.706615695,1.374650383,0.081427,244.3649071,32.31118126,43.46980738,61.4984853,7.023963,261.7876926,34.76223015,7.474570798
Driver,99.42734431,-1.44,0.364,1.88976378,48.277,-0.921,10.485,0.318,-0.045,147.9140569,1.4877,8.352,0.327,3133.96,-0.216,465.6385687,66.37089898,2.139106711,6.211364924,0.035186743,0.93338791,0.0879113,232.6071556,0.933743361,32.29480759,59.32261283,5.98129,248.5455804,0.970806626,-1.181387104
Driver,70.52389048,-0.5,5.7,0.669291339,57.364,5.28,9.528,-0.786,-6.486,97.36600752,1.3806,7.507,0.546,2320.0,-9.316,156.4932871,12.06916912,-0.901073242,5.864072463,0.046436323,0.748785864,0.125949,92.79921729,-1.732950323,12.24764221,64.59830655,2.461258,138.4108935,-3.942191489,-7.851101931
Driver,99.03588046,1.709,4.293,-2.244094488,46.093,5.939,19.386,3.155,-1.139,144.5680476,1.4598,16.835,3.329,3670.0,-6.189,471.400764,132.092036,8.10650764,5.495842446,0.313075867,1.683198182,0.082426,231.0482056,-0.773515238,48.9785735,63.88183056,7.333175,242.9673772,-1.310879252,-42.56684491
Driver,85.64557981,-4.954,-2.814,5.94488189,48.842,-7.16,19.642,13.318,16.133,119.4957946,1.3952,16.705,11.221,4210.0,32.224,322.3629949,72.41023613,107.3687956,6.173831588,1.24605216,1.865201805,0.112217,169.2362958,73.70526134,38.04462728,56.18347043,5.39293,178.8653373,79.97119888,127.9537358
Driver,90.45051897,-1.285,-0.165,1.653543307,47.632,-1.338,12.45,2.251,2.416,129.814558,1.4352,11.239,2.032,1585.95,-0.597,326.5892239,41.36279645,11.04669515,5.882887535,0.208144874,1.160070589,0.095546,184.3649021,6.100373528,21.77721777,71.16091021,4.243402,230.2648145,7.508662719,-1.311090792
Driver,115.4639406,6.7,0.7,-8.11023622,51.496,6.072,16.186,-3.986,-4.686,169.7644506,1.4703,14.836,-2.983,2550.0,-15.971,581.1211193,138.1033419,-82.10358003,6.05562395,-0.360990246,1.61941821,0.076456,287.7969936,-56.9397013,44.85686328,67.27020742,7.693258,305.2846248,-62.46074558,-126.5452231
Driver,86.58061918,-0.088,-8.194,0.118110236,51.594,-8.263,22.908,1.905,10.099,122.3056102,1.4126,18.587,-0.165,5744.9,15.069,345.7487662,103.3799097,31.31101024,6.284609542,0.011666385,2.163693721,0.113169,172.9584316,24.96079845,48.44610405,58.01970735,6.27235,180.4939819,26.74026176,76.36069386
Driver,97.59753042,-1.049,6.136,1.220472441,55.496,5.414,36.516,-0.145,-6.281,110.722083,1.1345,29.9,1.227,7368.85,8.118,293.0273972,133.0565717,21.9116499,5.013919853,0.122121862,2.923437109,0.10969,141.6540916,15.5544014,58.40574717,63.16497485,6.489745,141.7677677,15.57039144,37.60757883
Driver,86.75510021,2.087,4.715,-2.637795276,55.011,6.177,22.503,12.459,7.744,116.0723873,1.3379,19.839,11.357,3290.0,13.986,340.7305119,90.00074698,86.36377204,5.903980232,1.1804375,2.136189727,0.112532,178.3345636,53.97434301,42.59881937,58.59780841,5.945551,195.2396123,60.43555206,58.33983685
Driver,84.35710451,0.027,-5.026,-0.039370079,49.37,-5.003,22.724,5.821,10.847,118.2247674,1.4015,20.323,4.552,3140.0,16.341,350.9692195,94.19530155,53.17910143,4.86302683,0.39971159,1.804320537,0.090974071,184.0186009,37.83531182,42.9778727,59.63799266,6.067612049,200.9696385,42.94639068,70.27071501
Driver,98.86811024,2.8,-1.8,-3.937007874,42.269,0.892,19.136,0.006,1.881,141.6678597,1.4329,16.822,-0.184,3280.0,5.994,460.5207669,121.8393418,13.78170796,5.808053285,-0.020872225,1.7740313,0.088927,228.9724636,11.66957153,46.76333808,62.87393181,7.108849,243.2652595,12.97800651,37.211634
Driver,84.47789907,-4.989,-6.108,5.118110236,59.612,-9.043,17.343,2.003,8.111,112.1217341,1.3272,14.47,0.898,3410.0,12.956,305.0803137,57.28693696,20.59347204,5.74924296,0.105438118,1.486779236,0.110038085,162.7541954,16.82874114,33.42575525,55.77744632,5.026509088,185.1568336,20.93981264,42.8687858
Driver,88.39701145,-6.191,-2.13,7.677165354,51.244,-7.126,14.358,-1.277,0.853,121.7877595,1.3777,11.052,-1.419,4000.0,1.522,347.2460349,59.07133441,-5.932790077,5.737261913,-0.140215376,1.137374792,0.0997064,177.8641063,-2.311473666,34.1811566,54.93574511,5.340602628,198.370209,-2.359169893,6.28030466
Driver,116.0142269,1.967,-2.018,-2.559055118,45.796,-0.104,12.482,1.041,3.059,166.6016464,1.4361,11.049,0.614,2470.0,3.887,563.7065257,100.4592138,16.39864032,5.948571763,0.066630749,1.174803288,0.075283782,282.8067318,11.59897107,37.53906659,65.27591793,6.935815162,307.8883277,13.35688515,25.71079553
Driver,105.0890301,-0.53,-1.015,0.708661417,46.057,-1.526,17.647,-3.288,-2.274,145.2082588,1.3818,15.363,-2.987,3320.0,-4.504,477.5983956,118.2722202,-36.43562873,6.465769981,-0.342823468,1.810875526,0.0959286,236.800558,-22.1671636,45.45639912,62.63005623,7.11488,251.0326327,-23.94930008,-29.55510952
Driver,112.4396027,-2.844,-3.735,3.622047244,52.449,-5.923,15.111,-4.266,-0.531,162.2682534,1.4432,12.846,-4.196,3651.48,-1.08,549.0013683,136.4753863,-42.82460736,6.371126637,-0.467607438,1.501387173,0.0836142,262.4358847,-22.1254353,48.31439249,64.45322023,7.71133,274.3697653,-23.22960978,-8.797306465
Driver,100.0022369,3.378,5.823,-4.251968504,51.339,8.529,14.517,1.373,-4.45,148.7936203,1.4879,12.921,2.031,2540.0,-23.069,460.2827237,81.55832623,-27.37712615,5.951682613,0.192112644,1.371642562,0.084991,239.8522189,-30.22554869,34.09971318,63.86301905,6.078895,267.4226488,-38.25304901,-115.9176297
Driver,75.39370079,-5.495,6.413,6.614173228,54.441,2.469,24.053,-7.693,-14.106,92.08639048,1.2214,19.4,-5.218,4740.0,-18.603,219.497956,52.18959262,-34.81526741,5.781547835,-0.55764958,2.029428902,0.13913,120.1018675,-25.10501245,36.83190395,51.19931041,4.458435,135.6456893,-29.82560478,-42.95865094
Driver,60.92295991,-7.874,-9.434,9.330708661,48.834,-16.38,19.753,10.106,19.54,75.42636006,1.2381,14.546,6.133,4817.41,34.229,121.7046497,18.25147531,20.98239911,6.045038549,0.704030967,1.50426538,0.172895,72.36069205,16.50483388,21.82855116,49.8930983,2.61318,88.21000032,21.99310152,26.6501206
Driver,103.6752863,-0.7,1.7,1.023622047,46.717,1.054,20.759,11.088,9.388,143.4943182,1.3841,17.907,9.785,4440.0,10.113,438.0190591,143.8068025,101.6963428,5.762061734,0.992677606,1.89745193,0.087905,209.030721,58.83275008,53.91891028,64.24150214,7.384649,216.1212964,61.26569024,71.66373341
Driver,90.34314603,2.105,-3.192,-2.677165354,54.564,-1.693,6.762,-4.262,-1.07,129.8903901,1.4377,6.196,-4.131,750.0,-16.016,198.354258,12.19293505,-17.33307799,6.250018137,-0.459121353,0.6580809,0.099932683,120.1677528,-12.08225478,9.205498101,91.61203182,2.292993412,193.3482261,-21.58912018,-10.31458425
Driver,111.0929671,5.8,0.6,-6.614173228,46.786,5.568,14.861,-2.276,-2.806,160.1539012,1.4416,13.199,-1.773,2766.71,-1.711,542.0700834,118.589211,-21.09851023,5.974449728,-0.182749499,1.417992978,0.079406,267.9753254,-12.17204169,43.28417265,64.08583461,7.316762,286.458815,-13.2490749,-11.6510472
Driver,100.6487115,0.9,4.741,-1.023622047,54.814,5.375,10.118,-0.818,-5.559,150.5332856,1.4956,9.043,-0.157,1880.0,-21.16,406.7349622,46.01848812,-25.11614899,5.484287072,-0.026169225,0.874505224,0.0761344,220.6211475,-23.05496053,22.03449571,71.82970675,4.72079,262.754704,-32.06116445,-67.36093768
Driver,100.3556729,0.88,5.649,-1.141732283,50.395,6.377,16.86,2.393,-3.256,146.0486757,1.4553,14.685,2.857,3220.0,-10.961,477.3849828,110.72067,-5.571643771,5.851322241,0.281003536,1.549648903,0.085908,238.1592231,-11.42200052,43.45519251,62.0896678,6.947269,255.4268316,-13.63648847,-69.79442407
Driver,104.388869,-1.543,-1.541,2.007874016,47.998,-2.931,12.48,-0.565,0.976,156.4202309,1.4984,10.947,-0.675,2388.24,-5.652,486.2606119,85.90282375,-30.19088073,231.1778725,-23.77991556,2.232150794,6.26276,233.8057637,-24.349708,39.94272259,57.5277365,6.38508,252.2659413,-28.36686895,-64.82580234
Driver,66.58464567,-3.546,1.62,3.149606299,63.608,-0.142,31.382,-3.479,-5.099,84.61681281,1.2708,24.216,-2.261,6074.95,-6.022,197.485701,59.19006693,-12.1968796,5.922401203,-0.247204155,2.656229139,0.161377,107.4031166,-8.498340157,42.86477414,50.16913138,4.560657,116.5108889,-9.454227639,-12.80333614
Driver,80.80484968,-0.816,-4.914,1.023622047,55.061,-5.484,4.583,-22.425,-17.511,108.3419828,1.3408,3.898,-20.15,2550.0,-64.452,72.67316808,2.613104047,-27.37279504,5.745556629,-2.019883174,0.353644333,0.109895,46.44227985,-18.95363403,4.656189383,89.67840936,0.968049,108.8620071,-48.54576785,-9.564334801
Driver,77.53444882,-4.6,6.6,4.409448819,65.438,4.115,24.56,-8.655,-15.316,103.3455619,1.3329,18.846,-5.296,6655.35,-21.531,259.154087,67.16880405,-49.64531869,6.090812608,-0.605393047,2.098805106,0.130509,136.6859175,-35.37756169,41.58487588,52.45802227,5.063502,146.3879755,-39.08007482,-69.12056292
Driver,29.06898712,-2.5,-2.3,2.440944882,58.364,-4.081,12.35,2.194,4.494,36.5343146,1.2568,8.639,0.834,1410.0,13.635,15.13406048,1.183172931,0.261250165,5.761692322,0.102171432,0.385955549,0.331514,9.995598387,0.201115316,9.283850445,34.73116572,0.581552,27.96227562,0.665192437,0.166896635
Driver,94.37186829,-3.209,-15.566,4.409448819,45.343,-18.742,16.385,-8.488,7.078,132.7442734,1.4066,13.592,-9.547,3920.0,12.906,404.6687429,87.96361262,-37.08842749,6.348758512,-1.035227258,1.558523389,0.1023688,203.5363,-10.70490884,41.35751954,57.9033311,6.249132534,219.6526867,-10.02786598,69.46341746
Driver,50.71581961,-1.095,0.884,0.984251969,66.5,0.407,40.716,4.614,3.73,55.91110415,1.1024,35.222,3.958,3060.0,2.753,102.540458,38.87925917,7.179077577,4.45487416,0.311915063,3.020939863,0.20446,58.64635297,4.66237237,44.11074777,43.29991153,3.379480606,69.87554964,5.620039444,1.847965415
Driver,90.32077666,-0.3,-5.7,0.393700787,52.288,-6.007,13.505,-1.682,4.08,121.8732105,1.3493,11.025,-2.435,3130.0,0.648,340.492619,50.71446285,-13.44057168,5.982983451,-0.253526148,1.172197889,0.10378,179.8309222,-6.874589028,29.31287459,57.80412371,5.018676,207.1241491,-7.80377367,2.298976981
Driver,98.6869184,3.091,-1.024,-3.779527559,46.856,1.877,14.494,-3.04,-2.016,129.5072029,1.3123,11.219,-2.447,4276.5,-6.379,384.909337,73.16482707,-29.50830402,6.094402773,-0.268505888,1.238433675,0.0996406,193.0346138,-18.84271845,38.37345517,55.66290898,5.87139,208.7693715,-21.1189662,-31.86971687
Driver,110.0706872,3.6,2.8,-3.464566929,50.055,5.292,15.188,-1.81,-4.53,157.9771385,1.4352,13.484,-1.101,2872.26,-2.122,532.5481585,119.6458986,-16.69298721,6.147842148,-0.125229387,1.492804968,0.082992,262.7027807,-10.277649,44.00074743,63.74323377,7.320978,280.279676,-11.24473664,-15.69543108
Driver,98.21045097,2.897,7.123,-3.897637795,49.747,9.578,12.171,5.799,-1.324,145.9073014,1.4856,10.791,6.0,2020.0,-11.333,425.5934087,59.06705203,28.65119101,5.85292459,0.60389062,1.117767928,0.084464,228.2491188,9.704290575,26.95385191,67.7397316,5.28234,265.7957323,8.883608565,-42.55748018
Driver,97.00697924,-1.708,2.988,2.086614173,51.527,1.63,14.591,-1.991,-4.979,139.831335,1.4415,13.095,-1.515,2175.0,-11.012,421.1007266,70.84732932,-27.24115054,5.575599894,-0.154892987,1.301636108,0.0846336,224.9304152,-20.83850736,31.3238422,64.94202098,5.64069,254.6752221,-25.54388038,-44.72982207
Driver,113.343325,5.5,4.7,-6.220472441,52.187,9.0,20.79,3.715,-0.985,167.8735684,1.4811,19.245,3.841,2582.34,-2.621,592.4090688,182.6558711,28.36721654,5.707986896,0.378813789,2.008954752,0.074627,288.5526241,11.94392729,51.57258717,72.58523082,8.445853,299.9479226,12.22919607,-22.1876042
Driver,91.41463851,2.398,5.512,-3.031496063,54.26,7.238,20.843,3.361,-2.151,132.4617484,1.449,17.966,3.72,3810.0,-4.462,415.1796106,117.4091614,14.8540005,5.940538202,0.379623672,1.94951694,0.0980936,206.5763941,4.666453013,47.89739726,61.43745987,6.845372084,219.0169201,4.592978857,-26.22830457
Driver,103.440408,5.166,5.357,-6.338582677,48.038,10.02,10.822,-1.681,-7.037,144.806505,1.3999,10.119,-0.785,1620.0,-50.214,300.9058735,32.04498471,-29.86479846,6.105977051,-0.111478158,1.07531028,0.0884517,174.6766188,-29.8168668,17.40413203,81.63511028,3.46927,216.7969768,-44.24722883,-82.36815219
Driver,108.1290265,-6.002,0.565,7.716535433,45.785,-5.307,12.344,-2.908,-3.474,155.2274964,1.4356,10.767,-2.601,2475.73,-10.597,497.2124475,79.56228598,-44.74152682,6.205717897,-0.290850125,1.196237773,0.0842294,254.6702135,-30.66204517,33.19724435,63.91251181,6.23068,272.7141708,-34.19107581,-57.47245535
Driver,84.64790623,5.426,-0.15,-6.614173228,56.176,3.5,12.573,-0.368,-0.219,123.8260558,1.4628,10.597,-0.307,2431.4,-1.11,326.1729113,42.12813815,-2.834199914,6.211060313,-0.034356097,1.159776568,0.105775276,177.9981848,-1.995771377,24.10179527,62.75383933,4.540887617,214.2502562,-2.622078614,-3.126193042
Driver,95.91535433,-2.025,-3.088,2.401574803,51.562,-4.696,26.227,0.543,3.631,124.3445777,1.2964,21.703,-0.109,5630.0,7.793,357.9389517,127.1744355,18.15632654,5.883676358,0.002697304,2.383509301,0.106542,175.2641314,14.08435705,53.46210242,61.82976254,6.732082,180.8482999,14.76586463,43.25003118
Driver,111.8915533,-0.1,4.5,0.275590551,51.255,4.328,5.881,-0.884,-5.384,155.7529528,1.392,5.182,-0.346,1990.0,-21.878,374.4720099,25.89385279,-22.76597885,5.806357937,-0.041460047,0.529910313,0.077349,200.7625264,-20.02348923,14.67021883,76.62750946,3.931082,255.7007575,-31.27195767,-56.45041186
Driver,99.42287044,4.304,4.205,-5.708661417,43.269,8.79,12.448,3.53,-0.675,147.4733805,1.4833,10.422,3.701,2977.01,-4.628,471.4495741,78.14804733,19.51729028,6.251668179,0.398792333,1.171365903,0.0893122,237.625481,6.71826487,35.11082153,60.39076903,6.25034,252.0290768,6.621558275,-25.8848221
Driver,109.1893343,0.3,8.9,-0.236220472,49.556,9.171,6.746,4.033,-4.867,157.6722441,1.444,6.024,4.534,2250.0,-15.654,437.835383,39.3075775,12.21941861,5.656199904,0.443422723,0.604043861,0.074553,227.4516596,-1.422396812,20.34904703,69.01184064,4.80665,271.2664138,-5.91313633,-58.19339645
Driver,96.7519685,2.244,-0.05,-2.952755906,49.042,1.899,13.283,-4.209,-4.159,133.2880727,1.3776,11.326,-3.452,2770.0,-6.74,394.6767892,61.3434828,-34.0606514,5.887109782,-0.360615913,1.18579467,0.093346,206.8591493,-21.78218065,30.88301279,60.45250271,5.480514,235.0006729,-26.00504527,-28.06930392
Driver,104.1226736,-5.436,-2.602,7.283464567,45.71,-7.928,13.635,-2.066,0.535,145.7811382,1.4001,11.274,-2.135,3420.0,1.03,470.8568443,90.5896693,-14.55556659,6.459496315,-0.239367435,1.318998672,0.0937662,233.4263611,-6.591661342,39.75747045,59.45213027,6.58105,251.4019811,-6.956345531,6.316646279
Driver,84.27210093,-0.583,-0.703,0.787401575,43.974,-1.307,16.533,1.931,2.633,121.8486042,1.4459,13.277,1.408,3986.05,1.861,355.273069,71.58572786,11.88088327,5.931354107,0.148208137,1.418105767,0.104013,181.7308328,7.206913617,38.22275017,55.70266958,5.679566,199.5758324,8.142074456,8.228410489
Driver,94.41660702,0.476,4.0,-0.669291339,50.26,4.396,16.782,0.042,-3.958,134.0703293,1.42,14.08,0.728,3702.76,5.352,405.8024389,92.37350425,11.4684481,188.0850731,4.824790399,14.53758162,5.3823,207.9305195,4.962813047,40.31096973,61.2383155,6.24333,225.7213268,5.06995219,6.963814777
Driver,97.26870079,-0.63,-2.538,0.866141732,47.183,-1.954,23.825,0.005,2.543,125.1979689,1.2871,19.871,-0.446,4940.0,6.245,369.2826449,118.7242932,12.034278,6.00918598,-0.036286138,2.207862643,0.106593,182.7204758,10.0701849,51.00195672,60.77905681,6.669036,190.8159103,10.80862662,34.47009214
Driver,106.2186829,1.903,4.22,-2.204724409,44.391,6.166,12.446,3.219,-1.001,156.4998658,1.4734,10.978,3.362,2292.03,-3.465,503.9430353,80.8787655,21.99743264,6.373540349,0.37072109,1.252183996,0.0858727,259.4904266,9.078773612,32.98204692,65.18609283,6.23962,287.6812581,9.400806764,-18.43550988
Driver,115.0881353,6.3,4.5,-7.283464567,51.052,9.654,19.954,1.442,-3.058,166.3978615,1.4458,18.462,1.821,3670.0,-7.104,558.2114092,191.2964396,-12.94508585,5.453145634,0.162958668,1.844882957,0.071672,261.3493333,-13.44777498,56.06671777,72.35642067,8.500211,267.4797692,-14.03704863,-65.20471427
Driver,91.16857552,-0.794,-1.272,1.023622047,48.261,-1.98,15.947,2.626,3.898,131.645714,1.444,13.274,1.977,3590.0,3.483,405.2737879,83.65260893,21.0256991,5.994463349,0.210875298,1.432038832,0.097181,205.1770427,13.08160187,39.82993207,58.05363123,6.166955,223.1798913,14.67609376,18.02986408
Driver,103.5231747,0.1,8.5,-0.118110236,51.701,8.513,18.042,1.687,-6.813,145.0778454,1.4014,15.655,2.689,3680.0,-11.678,469.7193436,122.162214,-11.99923209,5.769435055,0.258287038,1.637737956,0.08574,231.3033865,-15.38885761,46.99155603,62.56532737,7.153486,244.6752646,-17.39256059,-78.59818027
Driver,85.03937008,-4.858,0.619,6.102362205,53.626,-2.97,30.03,8.462,7.843,97.15170902,1.1424,23.029,6.647,6916.78,13.105,239.4120024,73.15311166,43.05163193,132.2232775,32.30887256,-3.046314082,5.19787,128.909664,31.02133211,42.57071289,54.81498704,5.02787,138.2884123,34.60284185,48.98926549
Driver,89.86444166,0.37,-1.731,-0.511811024,44.52,-1.354,20.145,8.234,9.964,129.5387437,1.4415,17.191,6.633,4270.0,15.448,390.0244105,105.5013973,78.34418963,5.804382547,0.690728356,1.819330384,0.097623,195.4736157,50.601462,46.37977049,59.39988127,6.516603,207.8138658,55.03494545,85.36015782
Driver,94.54858626,-2.874,2.633,3.188976378,54.16,0.555,11.235,-2.149,-4.782,138.1319345,1.461,9.552,-1.565,2440.0,-12.294,388.6178034,48.82434764,-26.70836226,5.491516516,-0.158050859,0.928429337,0.0833024,206.8922995,-20.34503472,25.2124138,64.10234215,4.99341,240.2673781,-26.12983902,-44.14318537
Driver,84.82686113,2.102,-5.27,-2.322834646,52.571,-3.66,6.973,-0.354,4.916,116.2220383,1.3701,5.822,-1.526,1890.0,33.033,160.9956186,9.271436899,1.803373968,6.321970033,-0.14310741,0.621365213,0.113062,97.54574314,4.343753572,8.640772409,81.53970871,2.08259,155.622393,11.33974143,20.81200645
Driver,56.33724052,3.908,0.353,-4.527559055,57.821,2.816,14.799,-2.389,-2.742,81.40211167,1.4449,12.794,-1.869,1671.69,8.428,117.0217834,14.47661828,-2.32234427,82.24876901,-0.99558524,-3.230965168,2.47879,72.72563927,-0.960335072,16.40448773,64.26209284,2.15879,114.3221009,-1.051492193,4.235620448
Driver,96.55511811,1.7,8.3,-2.086614173,53.274,9.487,8.849,0.335,-7.965,143.3674839,1.4848,8.022,1.374,1760.0,-37.594,307.5811431,27.77978748,-16.43779218,5.628612917,0.112681896,0.787218178,0.08195,173.6194397,-19.83076534,16.22337663,76.61230323,3.563627,226.3328207,-33.87414667,-71.88286808
Driver,70.90416965,-2.974,-2.905,2.755905512,59.924,-4.63,23.717,1.691,4.597,94.07122405,1.3268,19.751,0.939,3760.0,7.406,236.6376361,56.95487332,10.38227775,5.96639183,0.110059673,2.133059372,0.140686,129.5010711,8.234916157,37.47467936,52.92379182,4.698643,146.7844337,9.977876475,18.34756136
Driver,69.09448819,-1.374,-4.013,1.181102362,63.056,-4.712,28.222,4.565,8.578,74.47051718,1.0778,22.053,2.542,4750.0,9.825,153.2343617,37.7317447,10.89996146,6.191904266,0.296036635,2.455356359,0.188231,87.53555621,8.11640906,34.85743124,47.51058502,3.66268,101.4074685,9.926730495,12.72838491
Driver,93.40551181,2.06,4.624,-2.637795276,53.548,6.147,12.562,1.795,-2.829,139.4400948,1.4929,10.757,2.293,2590.0,-10.438,415.4068654,61.32763763,-0.280930796,6.046471407,0.232593706,1.15534545,0.091436,217.8055757,-6.092277103,29.73931405,62.23972473,5.507186,248.290693,-9.064849889,-44.39498663
Driver,61.77299571,-2.247,0.312,2.834645669,53.514,-1.351,14.935,8.923,8.611,91.50098425,1.4813,12.934,7.874,2040.0,26.104,164.5691814,21.24607603,28.93303537,6.324188833,0.893316008,1.400434341,0.147059,99.29009933,21.06731609,18.61863754,61.91504795,2.85926,136.9466866,31.9588301,22.72844634
Driver,94.54187545,-2.175,1.629,2.795275591,50.115,-0.189,19.869,4.701,3.072,131.2755011,1.3885,17.234,4.307,3469.0,4.986,412.6219612,107.0077438,41.13228119,5.219171828,0.396511856,1.63889906,0.086272,208.2930465,24.80282586,45.04914693,60.73211975,6.64636,222.2273066,26.91264474,27.60346989
Driver,104.4671618,2.9,6.5,-3.818897638,46.245,9.33,14.05,4.794,-1.706,145.528588,1.3931,12.356,5.026,2480.0,-4.842,460.6422665,80.04892013,30.50571788,5.761154872,0.500974261,1.269504265,0.083895,239.1169308,12.90769481,34.24826581,63.40402062,6.125798,266.788073,13.49752532,-24.17969348
Driver,113.6721546,5.1,3.9,-5.984251969,52.028,7.929,17.816,-2.092,-5.992,164.1088046,1.4437,16.328,-1.337,2685.43,-14.261,563.386832,145.2469052,-57.57542364,5.73512627,-0.149593164,1.694322954,0.075435,278.8011787,-42.8349991,46.63164601,67.69178762,7.782662,294.6289994,-46.8706609,-109.1859755
Driver,112.7080351,4.5,3.5,-5.118110236,50.251,7.191,20.271,2.952,-0.548,162.3832319,1.4407,19.069,2.967,3879.07,-2.181,536.5445295,191.4040644,17.32578644,5.409398192,0.280254601,1.896443231,0.073163,250.191336,6.59500454,57.06174574,72.45349474,8.41676,255.2916265,6.662072228,-19.07830301
Driver,99.42510737,0.059,0.843,-0.078740157,52.047,0.889,13.609,-2.015,-2.858,141.5074714,1.4233,11.946,-1.653,2390.0,-7.659,431.4695443,69.49754931,-24.85017955,6.418655705,-0.192378497,1.367729794,0.0960318,227.0379564,-17.74169888,31.39555295,63.45918798,5.72894,254.9814933,-21.29753907,-33.61542004
Driver,111.6656228,4.5,-1.7,-5.590551181,50.838,1.831,14.58,-1.733,0.112,164.5405333,1.4735,13.085,-1.75,2443.5,0.167,560.1590074,117.1152242,-16.25811654,5.600570354,-0.170925164,1.31435651,0.072314,279.8441136,-8.162104833,41.57460382,65.58251279,7.26808,300.5404888,-8.740509235,1.152268258
Driver,98.57730852,0.97,5.202,-1.299212598,45.949,6.14,18.305,4.343,-0.859,142.6679939,1.4473,15.837,4.472,3500.0,-4.93,464.0704878,119.462121,21.51722275,5.963109597,0.459469824,1.71250052,0.090234,229.4532865,7.237431655,46.43644316,62.32991249,7.081715,243.7452428,7.198374073,-31.99982727
Driver,102.2525948,-1.752,2.654,2.559055118,40.02,0.566,16.964,3.959,1.306,148.9347709,1.4565,14.256,3.761,4013.93,3.884,483.8246123,126.6462626,42.93808022,5.868281487,0.389579999,1.529856075,0.0843472,234.0978577,24.66735732,48.38182402,62.63750147,7.31179,239.840152,25.43177552,28.03241807
Driver,85.36372584,-5.1,-0.1,4.803149606,61.006,-3.115,21.713,0.473,0.573,117.0358357,1.371,17.965,0.293,6580.0,1.213,315.8168843,95.69569046,4.356146865,5.803166874,0.03902753,1.92662695,0.109193,157.0521385,2.885162489,49.5452114,55.69418328,6.026806,163.1847026,3.041758926,6.246384787
Driver,95.77442734,-1.987,8.143,2.362204724,55.664,6.785,4.998,2.556,-5.587,140.397951,1.4659,4.248,3.16,1340.0,-17.442,222.7475825,10.04758632,7.342135929,6.21595439,0.331643549,0.453359565,0.091708362,130.2184592,2.001571286,7.591365989,92.6731481,2.368910696,202.4017541,0.100241122,-15.53653444
Driver,23.52362205,-6.4,-2.6,5.039370079,69.049,-5.667,42.324,-0.278,2.366,25.96411954,1.1037,29.301,-0.975,3334.02,1.959,20.6423103,5.790198081,-0.353531923,5.833009607,-0.104750864,1.90256951,0.544956,12.97597015,-0.220786016,31.68047793,23.93811493,1.24922,18.89266332,-0.312805781,4.47e-05
Driver,83.69497137,-5.189,6.726,5.039370079,58.2,3.498,23.769,1.133,-5.593,109.9769596,1.314,19.833,1.974,4380.0,-8.314,308.1214835,85.87381323,-2.927425111,5.964686859,0.191643266,2.169354883,0.120382,159.5506879,-5.506781732,44.5712505,56.14826657,5.749852,172.1270444,-6.537433064,-32.98835941
Driver,107.9053329,2.9,1.7,-3.346456693,50.743,4.147,21.017,1.568,-0.132,153.6699177,1.4241,19.017,1.525,4110.0,-1.613,496.5739613,173.520947,6.682759415,5.476903624,0.146800167,1.916511198,0.078332,233.9340853,1.968184582,55.99999513,69.61162891,8.033282,239.7656382,1.96042062,-12.77403024
Driver,97.49239442,0.487,4.75,-0.669291339,47.355,5.198,19.245,-0.333,-5.083,135.4420186,1.3893,16.297,0.516,4110.0,-7.49,422.4208021,114.2105022,-15.78737935,6.094923129,0.044574151,1.809832976,0.097582,208.8430184,-13.35384584,47.54585472,60.76894066,6.836914,220.8333702,-14.72501705,-45.69074751
Driver,25.96635648,-1.7,-2.7,1.614173228,67.193,-3.546,32.688,-4.219,-1.519,29.69868468,1.1437,27.432,-3.907,2830.0,-1.7,25.88474531,6.763605465,-1.747555233,2.245706846,-0.155529994,1.028005901,0.176286,16.33305067,-1.154632707,29.88061353,27.09113664,1.356877,25.09958218,-1.786240044,-0.125536777
Driver,100.3914639,-0.3,5.9,0.511811024,54.339,5.689,7.272,-1.646,-7.546,145.9978973,1.4543,6.496,-0.8,1590.0,-23.535,313.3792327,23.1943559,-18.43339688,5.862040364,-0.095784212,0.663223547,0.083475,176.9384139,-16.45521446,13.51045474,81.81284049,3.436455,237.8515765,-27.25876299,-41.98161299
Driver,80.31496063,-3.591,-1.282,6.456692913,37.928,-5.901,21.032,11.014,12.296,108.103078,1.346,15.411,7.998,6760.18,26.352,257.1369281,55.43606538,69.23136058,127.8401991,44.86190178,6.64436582,4.1716,138.0948853,50.21040134,34.62816733,53.25634904,4.65155,151.9223558,57.39648208,95.46825946
Driver,89.32086614,-8.583,-3.844,10.23622047,50.118,-11.089,17.305,4.156,8.0,118.2842699,1.3243,13.273,2.844,4960.0,11.094,329.3510998,68.67278459,35.11968559,5.366430446,0.280033679,1.286619386,0.096954746,168.1250727,23.86869963,39.03137882,54.0332574,5.490233931,183.0491729,27.1113323,46.74591145
Driver,92.44139227,-0.896,0.409,1.220472441,44.251,-0.51,17.076,6.683,6.274,129.0490784,1.396,13.546,5.393,4794.02,9.258,371.0600335,85.47079569,57.48516727,187.1588375,37.11139354,-0.427186678,6.03765,186.5320571,36.93634273,41.82590338,56.29485474,6.00699,199.8919584,40.81613261,58.76537696
Driver,85.62097351,-7.333,-5.396,7.952755906,51.529,-11.265,15.874,3.427,8.824,121.8329456,1.4229,13.09,2.316,3610.0,13.612,349.2722549,64.87462031,35.52888825,5.324463643,0.227732499,1.250176664,0.0929792,181.5278605,25.89419834,35.13419969,56.29153532,5.45623,200.8089537,30.43288804,55.83712045
Driver,102.1228525,-0.924,4.521,1.220472441,43.404,3.544,13.181,3.871,-0.65,152.1505906,1.4899,11.528,3.949,2500.0,-2.596,492.0947958,83.93986286,27.82325264,6.155489363,0.421629249,1.272656529,0.0854842,252.0053466,12.62604615,34.73065648,63.49216893,6.34137,268.68615,13.1577232,-14.21209215
Driver,81.53185397,0.976,5.624,-1.338582677,45.251,6.592,20.527,4.251,-1.373,106.7396654,1.3092,17.12,4.506,3620.0,1.154,292.0590298,65.35506666,23.79830354,5.629248423,0.443732467,1.738228632,0.114823,155.5851522,13.49484709,37.8074291,54.99971451,5.209141,173.8300196,15.19904022,3.827666525
Driver,102.386811,0.1,2.1,-0.157480315,47.117,2.273,18.502,6.982,4.882,147.7840909,1.4434,16.085,6.416,3670.0,5.731,485.5954929,133.1749725,69.5828504,5.709590186,0.643884241,1.66847651,0.083463,236.9908134,39.94882166,48.8668203,64.03820636,7.410773,249.0236316,42.44713512,40.7840914
Driver,107.6480852,-5.479,-6.61,7.283464567,44.922,-12.129,12.832,-0.671,5.939,151.3074893,1.4056,10.181,-1.557,4190.75,11.753,483.1993924,99.15061651,23.15917397,6.373201749,-0.157559581,1.185790753,0.0888295,233.5677016,20.72929981,42.96853761,58.91318396,6.82181,247.5431965,23.32072856,81.12891487
Driver,98.77863278,0.1,-1.9,-0.039370079,46.983,-1.914,15.274,1.599,3.499,142.3847978,1.4414,13.601,1.33,3500.0,5.995,456.5901268,103.1486903,24.89847383,5.606408402,0.122573189,1.374660344,0.084033,226.4144008,17.12007006,43.50234182,60.20953592,6.777191,242.6182085,19.06183334,35.62573373
Driver,87.41275948,-4.6,-1.6,3.818897638,57.667,-5.057,23.406,-0.013,1.662,118.6059413,1.3568,17.836,-0.418,6560.0,2.55,321.647639,98.07305386,3.33510036,5.625195026,-0.032104729,1.852917334,0.104271,159.3990874,3.053670245,49.92095833,56.09624797,6.09952,165.3858266,3.25909183,12.64877254
Driver,98.78086972,3.186,-1.056,-3.897637795,47.182,1.9,16.294,-5.284,-4.227,145.0948461,1.4689,14.737,-4.759,2360.0,-17.287,458.63114,90.66769071,-69.21307187,6.152175574,-0.525838565,1.629438117,0.0908086,240.2717518,-48.39728865,36.29362519,64.51639603,6.27203,255.9594315,-53.31852132,-86.11479822
Driver,92.33178239,-0.3,-1.9,0.590551181,49.836,-2.449,16.884,0.463,2.363,130.0731478,1.4088,14.946,0.326,2990.0,9.302,397.4544846,84.13874566,18.40052154,5.637912248,0.024403463,1.514438308,0.093074,205.0762259,15.42446014,39.01617518,59.14742126,6.091736,225.0641937,18.19203574,42.78205381
Driver,99.57050823,1.3,8.5,-1.57480315,54.86,9.409,13.076,0.76,-7.74,141.3652022,1.4197,11.533,1.958,2600.0,-19.504,419.9858037,65.20387134,-17.24795383,5.903786843,0.185408598,1.209728272,0.08827,220.9287175,-20.69461136,30.49857004,62.80915176,5.574131,250.8711339,-27.47544527,-84.5933643
Driver,100.1722441,-1.686,4.264,2.047244094,54.495,3.061,15.908,8.705,4.441,134.889719,1.3466,14.099,8.227,2501.0,9.099,413.0743933,77.08822455,72.75428211,5.78158015,0.834786773,1.460536621,0.0914944,217.9080034,44.3251559,34.50157736,62.1933082,5.87385,242.2800883,50.66933233,40.01787153
Driver,91.94702935,5.436,-1.102,-6.220472441,57.901,2.32,2.775,-0.954,0.147,133.7701324,1.4549,3.354,-0.986,770.0,2.05,41.74049445,1.266722311,-0.701511351,6.036815879,-0.102933426,0.284868349,0.093176081,27.08208092,-0.444585309,3.446918416,123.6689031,0.431008184,111.6260335,-1.758440447,0.064346392
Driver,102.7536686,-1.131,-8.468,1.653543307,43.655,-9.654,19.548,4.142,12.61,141.7410075,1.3794,15.018,1.193,7497.97,20.802,398.3339675,117.7076746,67.75223243,6.034301868,0.161294107,1.667938875,0.092099855,192.6461951,48.61226368,50.54044388,59.66413422,6.72234654,197.330608,50.46613679,134.1617371
Driver,98.40059055,-0.5,-5.1,0.669291339,48.377,-5.683,17.534,3.646,8.746,141.6627147,1.4397,15.666,2.679,4330.0,15.57,438.3198796,119.8177049,63.63463948,5.456383814,0.270072254,1.554958345,0.08311,214.2409996,43.94674697,48.45066082,61.14687336,6.98866,225.201034,47.39119002,102.2938774
Driver,107.9992842,0.8,-1.4,-0.866141732,45.74,-1.275,13.062,-0.823,0.743,159.7009216,1.4787,11.478,-0.917,2516.74,5.115,528.3315163,96.34659529,4.614425507,3.615711168,-0.056668299,0.739208255,0.047609,265.6187686,6.406922407,37.85914208,63.56787579,6.76823,289.616007,7.902520008,31.96747231
Driver,98.86139943,-1.444,-2.605,2.244094488,48.263,-3.894,8.354,-10.672,-8.067,140.7719667,1.4239,6.598,-9.205,3187.78,-4.713,370.1052828,37.72699855,-69.72103543,192.1040397,-40.59575732,0.186267513,4.4511,192.5514084,-40.70910775,21.91766842,65.64731844,4.46613,228.4928938,-49.98749949,-30.23759414
Driver,86.15336435,-1.593,0.692,1.968503937,49.424,-0.673,12.005,-1.515,-2.207,125.7963493,1.4601,9.682,-1.129,2940.0,-7.816,344.9743877,44.71635579,-16.63874396,5.991562149,-0.125964117,1.027588005,0.100177,182.7872618,-12.45457351,26.15787211,59.51775511,4.824147,214.1255659,-16.14723505,-26.57693514
Driver,97.95096636,1.545,5.455,-2.007874016,49.739,6.764,17.231,5.379,-0.076,142.1123389,1.4508,14.274,5.394,4173.0,-0.175,451.4886451,115.5052113,40.52375807,5.462550204,0.51330318,1.422564973,0.0822272,220.3774048,20.33045024,47.21728631,60.90363777,6.99482,231.6127512,21.35300409,-1.162813184
Driver,98.56612384,-1.4,-3.6,2.204724409,49.769,-5.395,15.754,-2.805,0.981,141.2350125,1.4329,13.242,-2.915,3530.0,0.038,448.0078089,100.230587,-22.40582413,5.831667194,-0.300491665,1.393304475,0.088063,221.9986334,-11.36434723,43.37478883,59.60702128,6.681659,237.9396477,-12.17598818,-0.224510576
Driver,76.40479599,1.373,0.342,-2.125984252,44.508,1.739,15.454,6.967,6.625,108.6457588,1.422,12.99,5.761,2942.7,12.245,289.9337378,50.20814813,45.97268437,147.7178999,29.3855778,2.662398571,4.61202,151.8243575,30.59472627,32.95460968,53.23525916,4.79942,173.0541335,36.64488799,46.53854898
Driver,89.0904617,-4.098,8.288,4.37007874,64.662,6.344,9.825,-0.058,-8.346,137.3856926,1.5421,8.257,0.902,2500.0,-21.126,357.6096212,37.71649849,-17.61846271,5.449149359,0.07241506,0.793047059,0.0827904,192.3780893,-18.53570629,21.14173334,65.87746831,4.47263,229.9678972,-26.7812364,-64.64333269
Driver,108.1335004,5.9,11.3,-6.968503937,50.576,16.02,14.062,4.513,-6.787,161.3808608,1.4924,12.815,5.571,2580.08,-26.374,513.044092,96.98980957,-13.15975907,5.807701694,0.542593342,1.330561067,0.076413,260.9658691,-28.2883093,37.23507758,64.11671638,6.601365,285.1654154,-36.03534437,-160.0192761
Driver,90.51762706,0.872,3.22,-1.102362205,52.589,3.887,15.793,6.739,3.519,133.6388243,1.4764,13.505,6.178,3120.0,3.6,415.4917449,82.19110289,50.92208738,5.882542045,0.636670904,1.424801782,0.093917,212.7349125,28.86038595,37.89579007,59.38191882,6.125141,233.8051306,32.2451329,18.03121865
Driver,117.8999642,0.646,4.715,-0.826771654,52.813,5.206,7.765,-2.691,-7.406,167.4968683,1.4207,6.435,-1.288,3203.21,-22.277,480.8653684,48.9805302,-72.13811828,195.9516062,-36.11361327,13.73930253,3.81287,243.0941219,-53.0299911,24.66016729,64.47133629,5.33915,276.5073736,-65.23707853,-143.0518076
Driver,99.18128132,-9.863,-8.706,10.94488189,56.413,-15.336,14.182,-4.216,4.491,133.5840193,1.3469,11.188,-4.794,4040.21,10.408,403.8390713,76.19705874,-10.31024925,6.105921753,-0.497492776,1.235796709,0.0967222,202.0970766,1.3057448,38.34699476,56.52368623,6.0088,212.13849,2.165434397,54.57234708
Driver,98.63994273,-1.7,-3.9,2.401574803,46.922,-5.729,18.088,-0.161,3.739,133.1437903,1.3498,15.076,-0.759,4180.0,10.026,403.8584702,101.9059105,18.9784143,5.79971915,-0.066626073,1.589170452,0.093859,200.6267732,16.45347898,45.71600604,58.24148186,6.558007,213.3642745,18.39538205,57.30215399
Driver,100.3735684,-3.474,4.01,4.803149606,43.382,0.327,14.424,0.649,-3.361,145.3545544,1.4481,12.355,1.052,3039.17,-10.452,466.7766701,89.11369259,-15.82972684,6.001196578,0.099866419,1.336106117,0.0875847,235.7382418,-15.73464951,38.15040229,60.72587342,6.46737,248.5105253,-17.58499758,-60.15138031
Driver,91.8821582,-1.098,3.638,1.496062992,45.378,2.554,14.973,-3.151,-6.789,109.6651306,1.1935,12.247,-1.954,3226.99,-15.024,277.1183324,41.80992424,-23.61332829,5.744816528,-0.212639998,1.244848289,0.111287465,150.9913484,-18.50797992,27.37404475,56.53760821,4.424780277,178.9276441,-24.36319836,-40.16301252
Driver,103.3554044,0.5,7.7,-0.551181102,53.757,7.945,8.214,3.226,-4.474,153.4319077,1.4845,7.329,3.878,1550.0,-20.126,375.9790906,33.2250804,8.180841215,5.719622182,0.375663983,0.734692759,0.077618,207.5772826,-2.322790399,16.95716995,78.98252865,4.072025,263.551552,-7.653182825,-49.0665053
Driver,103.8475304,-4.1,1.3,5.433070866,49.323,-2.483,10.586,0.019,-1.281,148.0319435,1.4255,9.0,0.129,2340.0,-2.94,440.3343101,55.58713374,-3.698180745,5.784041973,0.010908252,0.922714672,0.081829,230.4974361,-3.592816309,26.57310254,65.23596532,5.38035,266.3126155,-4.822199151,-12.33510861
Driver,88.88913744,-6.321,-0.124,7.322834646,57.434,-4.181,13.774,-12.033,-11.909,115.442466,1.2987,10.625,-10.097,4210.0,-20.754,297.9951143,44.4238806,-76.88211611,5.950576644,-1.070697717,1.127770396,0.109054818,156.6484313,-49.26362735,29.30312871,54.46626787,4.6467328,180.069666,-59.75657919,-67.29360895
Driver,79.38886901,-2.596,-5.846,3.937007874,48.458,-8.148,12.872,-2.97,2.876,115.7339388,1.4578,9.476,-3.617,3969.41,22.061,278.4849903,36.78192388,9.445336579,154.6107705,15.8904678,-3.542810529,4.4029,147.8249817,14.02108775,25.63230409,58.53587846,4.1329,175.0034417,21.09326204,69.83068677
Driver,74.2908912,-0.628,-5.92,0.62992126,51.245,-6.424,29.99,-4.551,1.369,91.10169112,1.2263,24.539,-4.832,4930.0,1.513,228.3982655,71.64088476,-16.74337934,6.187035843,-0.517838266,2.830815286,0.15659,122.0129683,-8.946098602,45.01040304,52.85072173,5.03462,131.4679057,-9.575295323,4.007157169
Driver,91.19765569,-0.874,-2.05,1.062992126,48.006,-2.837,13.294,-4.128,-2.078,135.5520759,1.4863,11.232,-3.816,2806.06,-5.353,408.1857486,64.44771755,-35.85258535,5.91598538,-0.398560768,1.186206454,0.0921363,212.3389553,-21.97401909,31.66596823,60.30226232,5.62731,237.7188043,-25.52393718,-23.60843585
Driver,108.0798139,0.1,5.5,-0.236220472,48.554,5.716,16.128,-2.208,-7.708,140.6898712,1.3017,14.26,-1.331,3950.0,-15.949,437.9281472,105.0992894,-50.94086915,6.013180647,-0.15065187,1.552479863,0.091666,216.5423973,-37.62925284,44.80053786,59.66825151,6.723098,230.723168,-41.77235199,-97.99718078
Driver,86.75510021,-0.003,-0.693,0.0,42.893,-0.696,20.759,2.375,3.068,127.7337598,1.4723,18.329,1.989,3116.08,3.819,392.6864133,108.1944825,22.22426088,187.7156861,10.96780482,1.803528535,6.57989,189.1124547,11.01647206,49.5357729,54.11542819,6.66128,199.4670318,11.38215964,13.37200946
Driver,103.0824982,0.4,-10.4,-1.023622047,39.73,-10.341,16.229,-2.521,7.975,144.2859699,1.3997,14.379,-3.333,2977.58,8.977,467.8820813,102.7774868,-6.163632493,5.693313456,-0.338781505,1.472777169,0.084442,235.9031295,3.533114563,41.66903614,61.73542336,6.754729,254.9320435,5.053448451,51.72233093
Driver,88.07712956,-2.8,5.6,3.346456693,58.608,3.487,7.164,-18.377,-24.003,78.11538117,0.8869,5.741,-14.953,2920.0,-53.481,56.31936191,2.994871437,-16.40895477,6.115093804,-1.642453768,0.529620935,0.163476,35.98676215,-11.66120955,6.933773889,64.73972785,1.043913,80.83426095,-29.24591771,-7.445445331
Driver,92.02308518,-3.8,-0.2,3.700787402,55.903,-3.457,18.558,-0.299,-0.096,132.6554671,1.4415,14.419,-0.14,5450.0,0.17,390.7785891,104.7226645,-1.40067666,6.035355183,-0.029297944,1.592517416,0.097994,190.2524154,-0.59557439,48.56425512,56.97532048,6.617032,198.8888521,-0.612268746,-0.392103012
Driver,94.99149964,1.87,2.355,-2.559055118,44.79,4.24,15.174,1.565,-0.79,137.0761006,1.443,13.561,1.664,2200.0,-3.306,415.0916022,72.3166108,6.980434638,5.98521395,0.171184883,1.449030728,0.0929605,221.6372841,1.97035892,32.16437456,64.28559337,5.68356,241.0390411,1.763521136,-13.39849382
Driver,97.6579277,1.919,3.315,-2.440944882,45.931,5.174,18.452,3.664,0.349,147.3434145,1.5088,16.546,3.622,2790.0,1.163,493.7117869,122.3912028,33.2008702,6.070863229,0.384727958,1.829992452,0.0891601,248.5743605,18.17091238,44.47360413,64.62025403,7.18602,257.8950273,18.92469812,7.419781425
Driver,99.83894059,-7.146,-0.783,8.031496063,55.995,-5.636,13.524,7.151,7.935,139.4468057,1.3967,10.979,6.14,3780.0,20.711,420.5391851,74.85329934,88.88875856,6.252536404,0.69331649,1.237134876,0.094771,211.2800352,58.83821792,36.47804998,57.55259381,5.98575,222.8823526,63.93745516,110.3895662
Driver,91.45937724,-0.02,5.681,0.039370079,54.794,5.667,11.765,-9.954,-15.635,124.9776306,1.3665,10.021,-7.541,3650.0,-26.885,329.1683998,45.26539759,-77.45460515,5.970872632,-0.814091159,1.062593581,0.100708257,172.9723523,-53.22545923,27.54540902,57.36800715,4.740683241,200.2045645,-66.55705732,-93.49920269
Driver,99.97986757,4.588,6.275,-5.787401575,45.606,10.781,14.427,6.087,-0.188,151.228078,1.5126,13.289,6.109,1710.0,-1.063,471.8073147,80.79675066,47.82178956,6.309172968,0.670636418,1.496580149,0.0886756,252.2184361,25.34944325,31.83282662,69.55430264,5.89576,274.0299394,27.41706187,-4.499251673
Driver,101.1497853,0.051,-1.323,-0.078740157,50.954,-1.282,9.241,1.221,2.544,145.7475841,1.4409,7.372,0.697,2806.83,-0.507,404.2845949,46.74571231,5.309655042,226.1090936,4.283974304,-8.225171897,5.32716,210.0746799,3.722264758,24.53072163,68.42789858,4.78716,246.7705353,4.98921666,3.500719956
Driver,96.8996063,0.3,-4.5,-0.31496063,46.857,-4.338,16.595,2.98,7.548,138.4719488,1.429,14.221,1.829,3602.23,7.712,435.610193,102.1456461,32.89576015,5.557538579,0.185246723,1.427558658,0.085937,216.2784998,22.28070394,44.19115385,59.50027905,6.67959,231.5498271,24.70557715,46.20958382
Driver,88.0547602,-3.108,4.525,3.897637795,53.63,2.233,15.104,1.568,-2.957,123.5410702,1.403,12.144,2.068,3680.0,-2.5,360.2848904,65.13433274,8.505797916,5.863950077,0.208615182,1.276491176,0.100849,185.3896998,3.10802821,35.49307789,56.12555537,5.546368,205.8784991,3.096136019,-10.74884802
Driver,104.6528275,-0.3,8.3,0.433070866,53.691,8.101,12.367,5.171,-3.129,154.5170455,1.4765,10.825,5.555,2440.0,-11.644,488.2141674,81.07159249,21.21353884,5.821893372,0.554375669,1.124807372,0.079437,248.0451957,2.651847885,34.79419941,62.28420849,6.272336,274.4473273,0.657397613,-64.11093362
Driver,100.9260916,2.383,0.955,-3.188976378,49.228,3.011,12.915,-0.777,-1.732,148.1574356,1.468,11.42,-0.525,2230.0,-9.107,455.961703,70.69680447,-19.49844154,6.128480549,-0.063547475,1.243855601,0.087367,239.5581089,-15.83614403,30.61266873,65.48774695,5.775801,272.5634626,-19.92372083,-40.93573645
Driver,88.56925555,-4.019,4.714,5.590551181,48.225,1.116,17.294,-16.149,-20.863,112.383903,1.2689,14.022,-12.698,5200.0,-11.678,301.8993217,63.38845341,-81.92368937,5.900721366,-1.315133085,1.496530383,0.1128648,156.0690523,-48.36086395,38.21643851,53.09100909,5.22495629,170.7522786,-53.97665527,-43.68223134
Driver,101.9595562,0.346,2.974,-0.433070866,54.806,3.218,15.354,1.156,-1.818,150.400859,1.4751,13.773,1.355,2379.85,-4.392,492.8059215,96.59963742,2.008786338,6.551121397,0.150451332,1.624600005,0.0929663,253.9773879,-2.101047148,37.50465992,64.65937892,6.57847,277.3868195,-2.985345638,-24.31817757
Driver,99.47208304,1.437,-1.156,-1.850393701,46.969,0.186,7.504,-7.09,-5.934,145.646922,1.4642,6.244,-5.844,2554.13,-26.179,363.4841048,30.20983546,-64.91336266,5.903251634,-0.620996463,0.64956361,0.084347,193.349789,-45.07332673,17.52168526,69.13819224,4.179604,239.5060446,-62.64504523,-77.08364354
Driver,88.97190408,-2.901,5.288,3.74015748,52.731,3.078,1.467,-7.264,-12.553,124.8273085,1.403,1.011,-5.954,1720.0,-21.192,58.39740823,0.555776713,-6.512128902,6.052535401,-0.641569996,0.093616384,0.100139,36.99973357,-4.399059729,1.294125116,109.9973128,0.645809,105.5097617,-13.63467228,-1.693711938
Driver,110.3480673,-1.69,-2.068,1.968503937,51.76,-3.401,8.699,-1.759,0.309,157.456156,1.4269,7.421,-1.798,2000.0,1.1,454.3080668,47.63027277,-12.55899917,6.503697562,-0.203175383,0.856162044,0.0861177,238.6379512,-6.071883225,22.5619525,70.10200404,5.06975,279.1562969,-6.846489485,4.248466287
Driver,97.5841088,3.439,5.196,-4.330708661,51.94,7.893,9.875,-0.434,-5.631,145.8339298,1.4944,8.998,0.346,1690.0,-35.052,336.3725457,33.97864555,-22.57353306,5.972620828,0.014226324,0.938486617,0.085704,190.1060443,-23.66968376,17.90101366,77.71451557,3.872517,243.7058077,-37.9475051,-74.42499574
Driver,106.8987115,-0.109,-0.227,0.157480315,46.502,-0.331,13.965,-6.949,-6.721,148.7124195,1.3912,12.187,-6.068,2915.78,-16.904,474.1108511,87.10895075,-86.99862976,6.284047597,-0.681624521,1.377672194,0.0896024,240.7346653,-57.13719448,36.76280041,61.48894941,6.39792,262.623101,-65.08150236,-96.28941219
Driver,62.59395132,-3.8,1.2,3.385826772,63.492,-1.219,10.281,-1.409,-2.61,88.28628311,1.4105,8.778,-1.07,1340.0,-5.522,109.3765819,9.042833372,-2.508376549,5.834874185,-0.112896426,0.843539236,0.138275,68.86423372,-1.859380504,11.0658495,69.55434957,1.835756,121.9474486,-3.743697053,-1.720676174
Driver,97.93754474,2.199,4.74,-2.874015748,48.934,6.658,12.292,4.465,-0.275,143.9499821,1.4698,10.824,4.506,2100.0,-5.855,423.3752273,59.7086163,24.70204589,6.052088219,0.470954056,1.160416068,0.088591,226.0627608,10.26862813,27.60573101,66.46045891,5.34295,262.0339356,10.6774973,-22.51517687
Driver,107.0888511,6.695,-1.043,-8.582677165,47.259,5.183,9.786,-1.729,-0.686,148.5609789,1.3873,9.396,-1.642,590.0,-8.036,352.4579026,36.2811892,-14.75147881,6.126494895,-0.179392842,1.005798722,0.0862262,202.4891263,-10.51292294,17.42387601,85.57624448,3.8789,261.6546203,-14.93899074,-14.14269081
Driver,24.38931639,-5.8,-3.4,4.173228346,70.923,-6.093,43.163,-2.044,1.515,26.53565676,1.088,29.945,-2.453,3455.09,1.238,21.8556528,6.292895506,-0.923771027,5.935723851,-0.262573264,2.048627224,0.54682,13.69209925,-0.596725462,32.47198682,24.35999806,1.303736,19.56981626,-0.847185356,-0.032147048
Driver,99.73604152,-0.717,0.398,0.826771654,48.082,-0.246,14.071,3.767,3.369,147.1778812,1.4757,12.324,3.354,2620.0,8.262,471.0986921,84.37098796,44.29238224,6.540197448,0.391356008,1.447219529,0.0942902,241.925836,28.82350602,35.56025763,62.55952904,6.29779,265.9443202,33.07671586,44.16329577
Driver,92.21993558,-2.5,4.018,3.11023622,53.403,2.159,16.772,-5.236,-9.253,125.8516016,1.3647,13.715,-3.69,4250.0,-7.772,372.7774232,81.54119911,-39.1692206,6.001296823,-0.396898508,1.488233059,0.1021384,188.4440166,-24.82208731,41.16209976,56.43530752,5.992647676,203.7305219,-27.66069834,-38.24518412
Driver,97.20606657,-3.645,-5.982,5.236220472,48.147,-9.253,12.463,-0.041,5.941,143.587151,1.4772,10.57,-0.76,2880.0,13.313,442.0433145,69.22399138,20.05889329,6.154689828,-0.068851003,1.159811605,0.090378436,226.7239117,19.01463434,32.55896436,60.8201742,5.874510525,253.3326101,23.84769404,66.02897536
Driver,112.2091983,7.1,3.1,-8.070866142,52.195,8.52,14.68,-0.622,-3.671,166.71148,1.4857,13.857,-0.218,1509.32,-10.308,547.8191626,102.8287665,-22.19137912,5.115225838,-0.024250637,1.265932378,0.065249,287.921639,-18.74044896,35.3770897,72.28079061,6.528492,319.2631556,-22.58134509,-52.94144877
Driver,112.9697566,-0.13,0.885,0.196850394,49.464,0.773,15.237,-0.247,-1.132,151.5663028,1.3417,13.144,-0.087,3159.42,-10.362,492.6951351,103.8686778,-41.91261728,182.0027631,-18.34592323,32.75091292,4.29585,243.5729731,-31.74585745,42.10747071,61.94026793,6.8762,261.4151501,-35.54852433,-94.13737706
Driver,99.09180387,-6.312,-5.153,8.503937008,52.692,-9.989,12.543,2.017,7.17,121.7193092,1.2283,9.284,0.744,4216.65,13.772,307.4660764,40.28643598,28.77271883,165.121562,26.93939922,-1.77367065,4.4974,161.4303279,25.6818039,25.84384092,61.14290541,4.3574,189.5659452,35.22111801,70.83054205
Driver,87.07274517,-1.7,2.9,1.771653543,60.927,1.998,14.716,-1.531,-4.507,108.7922781,1.2494,12.522,-0.907,2460.0,-11.26,262.6272387,37.56473254,-12.30252888,5.789813034,-0.102697429,1.274563504,0.113063,147.2992868,-10.47692868,24.59592496,59.58664818,4.127714,180.6154385,-14.71025532,-24.44955315
Driver,102.4337867,-1.463,-1.971,1.811023622,47.969,-3.29,13.613,-0.419,1.552,151.358044,1.4776,11.124,-0.683,3760.76,3.7,495.5026922,103.5577436,3.798018699,226.054876,0.846130011,1.948615433,6.97614,227.6186873,0.79438806,49.19124831,53.61651982,7.06743,237.4484291,0.541796758,10.52280565
Driver,99.24391553,1.216,5.994,-1.614173228,47.585,7.105,14.486,0.235,-5.759,145.0686739,1.4617,12.725,1.028,2770.0,-19.299,451.9402011,81.68001441,-30.32696424,5.801406895,0.087897113,1.318251794,0.084922,233.2169208,-29.15575795,35.28891713,62.04415579,6.144928,258.5219333,-35.89135614,-99.90716868
Driver,95.84600931,-7.839,-0.843,9.527559055,48.114,-7.936,9.081,-4.781,-3.937,142.7219041,1.4891,7.464,-4.399,2353.0,-8.538,388.3557057,39.13686174,-40.1684527,5.365887177,-0.41657668,0.707623111,0.0782848,206.1075642,-25.26508424,21.17568625,66.67798386,4.66946,244.6293363,-31.89390312,-28.50328206
Driver,104.03767,0.09,-0.801,-0.118110236,51.044,-0.729,12.975,-0.793,0.008,155.6878579,1.4965,10.915,-0.794,3185.98,5.117,500.9342804,105.3242908,2.407598672,227.8771145,-0.585184529,2.526857939,6.90924,230.1479543,-0.684699319,48.34298464,54.94146238,7.03641,241.3491068,-1.141053422,7.513862544
Driver,99.61301002,3.164,3.533,-4.330708661,48.22,6.364,15.58,2.601,-0.932,147.59932,1.4817,13.914,2.731,2450.0,-8.116,428.8269403,57.71208959,16.30229214,5.87458825,0.277702579,1.433464692,0.084217,264.5401165,7.99049624,18.31004991,108.3794115,4.51753,369.5118631,9.339368304,-13.85202909
Driver,93.53078024,-4.752,-7.195,7.992125984,38.563,-13.181,12.264,-6.228,0.967,133.3614442,1.4259,8.669,-6.437,4767.25,13.328,359.0520724,49.48924749,-19.58603215,181.0206322,-5.481904215,1.439384936,4.81818,183.435402,-5.393091284,29.15093604,58.89786254,4.91412,207.3599042,-4.546663013,45.5912445
Driver,89.43942377,-4.017,4.586,5.236220472,51.322,1.364,31.027,-16.873,-21.459,103.7220383,1.1597,24.458,-12.058,8040.0,-7.398,267.6741282,95.3817423,-63.3354033,5.781534891,-1.223485105,2.666747169,0.128788,136.246848,-37.36650445,51.06490672,56.06595499,5.736667186,139.3292276,-38.31422893,-27.51360494
Driver,97.94649248,0.451,3.592,-0.62992126,45.992,4.027,10.572,3.384,-0.208,142.8201056,1.4581,8.711,3.423,2640.1,4.932,422.7234748,60.14393298,40.63864254,203.9614614,24.542819,3.801884771,5.2461,210.38653,25.73824532,31.75481909,60.32840815,5.50062,236.372489,30.38415163,39.67534745
Driver,95.01386901,1.362,9.83,-1.692913386,54.67,10.796,5.516,-1.478,-11.308,136.3390301,1.4349,5.097,-0.313,1670.0,-42.75,192.3364729,9.851485239,-10.31563531,5.903258377,-0.057075099,0.511952383,0.0897923,115.3605233,-10.96561764,7.946238588,92.32345614,2.134488795,188.1328637,-24.94188857,-31.01432976
Driver,96.17483894,0.2,-2.6,-0.354330709,45.087,-2.82,13.956,-5.931,-3.259,141.5097083,1.4714,12.096,-5.433,2690.0,-3.867,442.7553913,77.45613981,-49.08978625,5.582122305,-0.535827311,1.205126193,0.083537,228.0375416,-28.17063942,34.92516759,61.21411098,6.071867,253.065494,-31.93544444,-19.85545777
Driver,99.97763064,2.778,1.646,-3.779527559,44.705,4.456,10.273,0.743,-0.903,142.8033286,1.4284,9.111,0.885,1660.0,-4.816,371.7845006,40.67466585,1.264044001,5.842453832,0.087142801,0.935153824,0.085642,204.8465174,-1.062505403,20.47165434,73.07978298,4.407663,253.285702,-2.356269268,-12.67890947
Driver,85.86703651,-7.0,-1.0,5.433070866,61.693,-5.471,30.403,-0.153,1.008,115.9066303,1.3498,23.208,-0.321,8270.0,1.708,303.4841733,116.9621683,1.662382694,5.58516243,-0.035448547,2.448114541,0.110219,147.8744083,1.706656795,55.45792268,59.32317603,6.31647,148.6500721,1.722035624,7.605113674
Driver,105.5051002,3.7,6.1,-4.566929134,49.971,9.329,18.69,8.893,2.793,147.3852452,1.397,16.392,8.445,3420.0,3.902,488.4561153,131.6930511,80.45281054,5.743180201,0.847302385,1.709115777,0.084289,240.0850506,44.19902772,48.02500367,64.24223173,7.389365,253.2430478,46.96763624,27.19066531
Driver,88.38358984,-2.023,-3.533,2.716535433,46.625,-5.446,14.622,-7.234,-3.701,126.6797155,1.4333,11.923,-6.612,3480.0,-6.982,373.5133043,65.71648472,-54.39334224,6.226834703,-0.725708277,1.329427601,0.10438136,192.3008307,-32.28910476,34.84151818,56.95851001,5.601794239,214.0351293,-36.99110082,-30.73857442
Driver,113.5558339,-3.967,3.937,4.566929134,52.449,0.881,9.813,0.006,-3.931,170.1071492,1.498,8.208,0.472,2820.0,-15.805,560.3115452,82.64152043,-39.40444548,6.614568661,0.037819133,0.981456395,0.0813772,276.2958948,-32.75498332,34.01627091,62.61947501,6.59827,292.8100896,-36.88871406,-105.0417245
Driver,94.42108089,0.1,-5.9,0.078740157,48.928,-5.977,22.264,7.614,13.514,118.2234252,1.2521,19.425,5.75,3929.06,9.704,342.0266079,98.98772386,51.37379507,5.712816319,0.586284209,2.036242058,0.106838,173.1898304,32.47441096,47.18327561,57.64713352,6.206867,185.2015691,35.41909446,45.80167516
Driver,100.7672691,2.9,0.1,-3.582677165,48.184,2.643,14.984,1.665,1.565,149.1439245,1.4801,13.237,1.519,2610.0,1.201,489.1716965,95.38581378,15.42785214,5.803856168,0.154799677,1.375552674,0.082787,249.8778245,8.917444287,38.12205786,63.4604637,6.610317,273.497287,9.95965612,6.883971572
Driver,75.702398,-1.5,3.9,1.57480315,59.223,2.926,30.802,-0.915,-4.815,98.36524696,1.2994,24.924,0.219,5799.34,-6.12,253.8391924,87.09180296,-7.68587063,5.755991153,-0.001847494,2.697514729,0.135508,131.511617,-6.511762904,49.09100241,54.8791271,5.510958,138.5369074,-7.057586275,-21.04131174
Driver,100.8746421,0.5,6.7,-0.62992126,53.632,7.165,13.655,11.603,4.903,149.2759037,1.4798,12.011,10.98,2600.0,6.74,476.4459265,88.15268118,104.1311795,5.894329983,1.128418598,1.26709908,0.083666,241.0638989,58.3362972,37.61863137,61.26181176,6.451752,264.210773,65.0549652,38.15555432
Driver,99.36694703,1.8,-5.0,-2.716535433,42.918,-3.544,15.899,-6.781,-1.734,141.8054313,1.4271,13.431,-6.463,3502.29,-5.079,453.7835709,101.2299909,-62.86916954,5.80477053,-0.659633542,1.405685853,0.087343,225.1937687,-35.69924174,43.16714423,59.96987576,6.731116,241.6144248,-38.91191613,-31.3342075
Driver,68.00510021,2.2,-1.6,-1.968503937,61.231,-0.949,11.94,5.738,7.441,58.29903364,0.8573,9.648,3.913,1670.0,11.14,47.99199855,4.249866872,3.555202138,5.824013949,0.410069662,0.829952788,0.210324,30.98094943,2.487416438,11.04041061,50.59608751,1.190334,64.87863016,5.623894664,1.122755546
Driver,88.75492126,2.853,3.99,-3.464566929,52.79,6.158,23.151,-3.683,-7.673,117.5228168,1.3241,20.044,-2.402,3881.84,-12.946,344.5232572,97.94852764,-37.31093675,6.105617172,-0.274899875,2.24876219,0.115143,176.9546925,-27.06952331,45.61507745,58.63686929,6.16011,189.3190577,-29.90595617,-59.15028743
Driver,24.22378311,-5.2,-1.2,3.779527559,72.742,-3.508,43.106,-0.394,0.925,26.37392627,1.0888,28.849,-0.707,3697.29,0.764,21.11505805,5.829075814,-0.253361993,5.857511859,-0.073441677,1.906445775,0.536728,13.28022816,-0.161331006,31.29393951,24.21729891,1.256212,18.94703325,-0.226790668,0.00760832
Driver,96.77433787,-0.385,3.852,0.511811024,47.481,3.499,20.057,20.073,16.222,127.5165533,1.3177,16.928,17.369,5120.0,13.807,372.6892897,104.3205129,136.8609871,6.106827829,1.844737465,1.893590031,0.104468,185.3565176,78.7131591,47.55307264,58.41886221,6.415354,195.4637429,83.83555887,75.08293489
Driver,93.51064782,-3.668,-6.094,5.118110236,41.696,-10.221,16.424,1.262,7.356,132.7346546,1.4195,13.783,0.245,3713.23,13.079,406.3974466,87.10609567,29.94471876,6.475762425,0.045586811,1.616010258,0.1044,205.3547697,23.97832266,40.55560514,58.17767886,6.22778,221.2230275,27.33326758,69.31801242
Driver,70.02952756,-6.0,-3.2,4.724409449,70.343,-5.909,30.311,-8.076,-4.835,86.50657659,1.2353,24.293,-7.031,5210.0,-4.41,207.6586651,62.55835306,-27.9288606,5.81515865,-0.720866909,2.618047082,0.154798,112.6433578,-17.08553354,43.15457559,51.18860973,4.700588,123.1937675,-18.88625045,-9.984962521
Driver,95.25322119,4.17,0.789,-5.748031496,52.23,4.028,10.663,-3.442,-4.231,133.9414817,1.4062,8.453,-1.984,3507.03,-10.935,365.2008437,46.24374737,-34.70971748,193.8967096,-26.43537801,-2.295108196,4.8812,189.2733589,-25.30833282,26.59932213,63.01402192,4.7112,219.4190388,-32.58140943,-56.3978473
Driver,100.8455619,-5.362,-2.455,6.535433071,47.463,-7.395,12.275,-0.338,2.116,146.4365605,1.4521,9.528,-0.676,4023.0,4.408,465.4006758,87.091432,6.908845128,4.940864631,-0.054886748,0.853218108,0.0707584,226.7579156,6.661067208,40.34963707,57.76187993,6.52372,242.2645999,7.67067874,28.00432029
Driver,88.9115068,1.157,-2.112,-1.692913386,47.315,-3.179,13.241,1.565,3.677,128.5486757,1.4458,10.871,0.825,3163.32,9.473,343.2386754,54.68560672,18.90146519,186.854459,15.05383016,-2.801322994,4.94948,181.9185803,14.33785205,29.57525603,65.09838824,4.76948,211.312635,18.4227092,35.17549436
Driver,97.14343236,2.5,-6.7,-2.755905512,50.993,-4.785,0.965,-0.352,6.348,138.4786596,1.4255,1.154,-0.842,1140.0,34.967,68.57915813,0.745815205,-0.144599325,5.668978907,-0.066736291,0.103145353,0.084467,43.40932325,0.421054066,1.482019357,120.1526131,0.688509,116.4028641,2.986004245,3.176654462
Driver,103.7088404,3.87,1.879,-5.039370079,49.846,5.152,14.408,0.917,-0.962,155.3543307,1.498,12.814,1.067,2470.0,-3.301,515.6429922,98.60293726,1.633627143,5.274087178,0.096131678,1.208255514,0.071989149,262.7270134,-1.677470137,37.93117763,64.66149516,6.732824553,287.1774131,-2.40372209,-19.70842024
Driver,101.1072835,-4.7,-3.3,6.57480315,46.789,-7.966,14.84,0.901,4.201,143.8817555,1.4231,12.803,0.587,4410.0,6.938,450.4267375,110.0864922,23.80467436,5.374227471,0.047859279,1.246885207,0.079509,218.5322144,17.10113002,46.84366103,59.71206113,6.903001,230.4757581,18.65382732,44.60477011
Driver,97.43870795,-2.641,0.238,2.913385827,52.848,-1.765,11.819,-2.447,-2.685,142.679626,1.4643,10.099,-2.12,2480.0,-6.801,426.3439829,59.58191416,-26.54070222,5.367622051,-0.202931152,0.963471787,0.0789504,223.2667691,-17.88427145,28.5764534,63.2066341,5.48085,253.3817125,-21.63327785,-28.918098
Driver,120.0586077,2.633,4.145,-2.913385827,46.389,6.655,14.944,10.793,6.648,162.8019864,1.356,13.567,10.019,2536.09,27.616,523.8089974,101.8647293,152.0810435,4.559470081,0.807077983,1.111599673,0.0594603,268.0112068,100.8994549,37.27068096,65.52862967,6.68291,282.6286215,109.3502585,168.4922292
Driver,82.89638511,-4.662,3.349,4.724409449,56.345,0.236,25.889,1.979,-1.37,102.9912312,1.2424,21.138,2.217,4860.0,-1.93,276.6276282,80.40321189,7.585915845,6.188832493,0.235572879,2.412010895,0.134932,144.5883648,3.352437823,45.0257598,54.80611674,5.491532,155.5929387,3.495960426,-6.725600341
Driver,110.3010916,2.7,2.1,-3.070866142,50.684,4.261,18.001,-0.642,-2.742,159.5313618,1.4463,16.323,-0.061,3670.0,-6.156,532.2555482,159.5192707,-25.45086619,5.685900592,-0.037519532,1.689921247,0.07707,253.6351908,-18.37744073,52.39745643,67.51349421,7.994079,262.9451255,-19.44335555,-54.3243216
Driver,101.6083572,1.8,1.84,-2.283464567,45.885,3.586,15.446,3.778,1.938,148.7506711,1.464,13.878,3.547,2339.66,7.862,481.9361369,93.26222825,45.15945001,6.09967314,0.384208597,1.521765041,0.0874673,249.9142395,29.30421093,36.71960016,64.71492601,6.44804,265.40916,31.92178629,41.67965245
Driver,101.4226915,-1.2,-0.6,1.25984252,53.012,-0.097,9.239,0.434,1.07,151.9134753,1.4978,7.744,0.165,2270.0,1.266,445.0789024,50.14157236,3.982571499,6.031020219,0.027875823,0.828474794,0.0829,231.5291199,2.772891289,24.65094577,65.98036632,5.232394,269.5756347,3.534126014,6.318517596
Driver,99.12535791,1.841,2.505,-2.637795276,46.823,4.233,15.715,-0.4,-2.906,143.7457498,1.4502,13.727,0.032,2900.0,-9.973,463.2396648,94.52713269,-22.17316247,6.09217533,-0.006362227,1.500908545,0.09048,235.4981036,-18.69087978,39.19594791,61.68097279,6.534622,257.0915335,-21.95565242,-56.4659667
Driver,110.1176628,4.3,3.7,-5.0,51.067,7.274,14.831,-3.178,-6.878,154.8127684,1.4059,13.648,-2.19,3010.0,-17.967,507.2490061,109.7550548,-68.67069354,5.689237076,-0.247651948,1.395265089,0.07835,253.03133,-50.0110685,41.95094035,62.76071285,7.002979,271.891683,-56.35284649,-121.4882849
Driver,99.47879384,2.641,-0.952,-3.031496063,52.933,1.045,12.384,0.392,1.345,137.9755727,1.387,9.291,-0.042,4276.23,7.914,398.171142,67.79838195,18.8353239,207.832093,14.98160199,-3.755666134,5.71151,202.2741416,14.24067043,33.88530767,62.62424083,5.49151,224.9994931,17.24732937,43.16572008
Driver,90.76816392,-1.166,-4.24,1.771653543,39.57,-5.651,12.171,-8.498,-4.258,125.2655243,1.3801,8.763,-7.387,4450.52,-11.561,350.67731,52.10839018,-64.47892483,6.341271972,-0.831535439,1.003928136,0.106427,177.3168273,-38.71230492,31.96373065,54.13807113,5.18277,196.5944533,-44.53884865,-48.42970823
Driver,86.0392806,1.774,1.306,-1.929133858,52.131,2.686,21.779,3.901,2.595,110.6500537,1.286,19.487,3.579,2540.65,4.565,315.4858517,74.33624841,24.36503649,6.491084469,0.411167068,2.291302253,0.129388,171.6235149,15.62104845,37.51889863,59.27002677,5.42498,192.1194946,17.97881747,14.76450933
Driver,94.14146385,2.511,1.255,-3.267716535,49.667,3.388,15.706,7.755,6.5,140.6793576,1.4943,13.866,6.81,2870.0,14.192,443.8239571,88.27863949,80.37895054,5.963970328,0.720534461,1.482186218,0.090539,228.1270564,51.71704642,37.8634606,61.39600541,6.313321,250.6793889,59.06195042,75.01734591
Driver,106.0084109,0.4,4.2,0.0,55.958,3.984,12.33,-8.01,-12.215,141.7101378,1.3368,11.247,-6.685,2197.15,-32.992,373.9079153,50.90951582,-80.21896474,5.778597037,-0.713822737,1.146654539,0.086036,203.8293024,-58.89181687,25.24046917,67.08800153,4.761894,240.5702639,-76.32692511,-107.3264232
Driver,101.7537581,1.7,7.7,-1.929133858,53.279,8.837,19.944,0.894,-6.806,141.6841893,1.3924,17.286,2.149,3990.0,-12.723,438.2360764,131.4200854,-21.61176602,5.670705798,0.19731163,1.792554208,0.087198,212.4426881,-20.64236117,51.01716636,62.50861976,7.197952,222.2114846,-22.42316875,-85.66918304
Driver,104.8250716,-0.7,9.7,1.062992126,51.445,8.949,14.018,-3.392,-13.092,140.4375447,1.3397,12.248,-1.673,3310.0,-12.112,441.4936877,84.2671263,-39.68058637,5.898964152,-0.184392551,1.29548404,0.089146,223.0257174,-28.76904744,38.16601302,59.47413322,6.290195,243.3650946,-33.23851379,-66.89970335
Driver,93.1214209,-0.082,2.117,0.078740157,57.672,2.066,12.265,-2.29,-4.407,129.3349588,1.3889,9.56,-1.302,3690.59,22.086,352.9618481,53.72606046,33.1799219,177.6996099,28.45728205,-2.24313466,5.19995,174.4306332,27.31719769,33.71699326,54.80757166,5.04995,193.8470047,34.04678803,93.67407738
Driver,67.44139227,-3.383,-3.432,2.992125984,62.745,-5.177,33.522,-0.136,3.296,85.94622405,1.2744,27.012,-0.834,5570.0,3.64,207.2516013,70.38259359,0.417776376,5.72256019,-0.075313389,2.914073908,0.157153,110.9099652,1.228433234,46.44312992,51.8956821,4.875738,119.3013752,1.444715262,8.527672841
Driver,82.89862205,3.47,-4.235,-4.527559055,50.318,-1.352,14.339,-0.65,3.585,109.4114621,1.3198,10.621,-1.904,4250.79,11.771,276.4689578,40.51380516,4.033177973,6.087041785,-0.185818143,1.153137572,0.117678,146.3878332,6.576469702,28.44757881,53.52063186,4.4576,168.1629171,9.170345671,34.29497136
Driver,70.19282391,-5.439,2.864,5.511811024,57.518,-0.611,31.512,28.352,25.488,72.27943808,1.0297,23.834,21.971,6810.0,25.338,141.5490854,37.39361819,60.29455202,5.311628938,2.029775764,2.294072919,0.168492,81.13733906,39.43719347,36.21784778,46.37665892,3.55164,91.62960995,45.43557141,30.13078598
Driver,92.5420544,4.275,6.398,-6.141732283,48.993,10.125,11.634,0.113,-6.285,136.2652112,1.4725,10.765,0.874,1550.0,-29.459,323.3207242,38.29738823,-14.53769938,5.943238997,0.071942675,1.119015584,0.091779689,184.5583086,-17.09658747,20.09708953,74.96224016,4.002390305,234.482122,-27.41683053,-59.6930086
Driver,85.0841088,-3.347,11.159,3.897637795,61.686,9.353,36.759,-18.776,-29.935,96.24149964,1.1311,29.665,-11.797,8740.0,-25.067,233.2999262,91.9584639,-73.72269795,5.53488222,-1.187804953,3.169792681,0.1394632,120.7255284,-49.76681875,51.37284289,55.24370102,5.424779538,122.7227115,-50.78647452,-78.68597029
Driver,88.66320687,-3.806,-2.322,5.433070866,46.53,-5.937,6.073,-8.485,-6.163,124.1660702,1.4004,4.595,-7.556,2150.0,-10.897,213.0829068,10.75792669,-31.83739321,5.987683755,-0.795904564,0.474325031,0.10006152,122.0402971,-19.98952423,8.83661756,78.42385777,2.574655944,182.5472076,-32.01588935,-11.95492948
Driver,109.2363099,0.2,0.2,0.078740157,50.339,-0.172,12.705,-2.032,-2.232,162.3112026,1.4859,11.019,-1.668,2762.07,3.962,544.0795077,102.6695953,-4.694543368,6.046243427,-0.178357856,1.194302886,0.078621,268.7904708,0.981618958,39.99733705,62.80671552,7.01823,289.7771614,1.71157834,26.41529544
Driver,103.3419828,-3.1,7.9,3.937007874,53.107,5.434,5.356,0.074,-7.826,150.9249732,1.4604,4.542,0.953,1650.0,-12.801,330.5836925,19.41150219,-3.81718147,5.741282746,0.087682433,0.458347906,0.078848,179.596524,-5.581310375,12.11117233,79.927866,3.456284,238.7305777,-10.45997402,-25.69855384
Driver,104.3217609,4.3,2.5,-5.62992126,47.172,6.502,17.521,2.116,-0.384,150.2836435,1.4406,15.478,2.266,3050.0,-2.228,505.0198112,124.1657111,13.07533561,5.712010296,0.223827553,1.597290702,0.081752,250.9442853,4.864870331,45.3373011,64.23160359,7.299299,267.0800591,4.92416129,-15.1773541
Driver,109.7440945,-2.063,-1.128,2.519685039,55.212,-2.562,8.759,-4.804,-3.676,154.7595293,1.4102,5.919,-3.829,4609.49,-12.368,484.3222751,76.75820182,-70.26043694,6.18408435,-0.428337722,0.682455914,0.0832871,229.9650538,-42.86709411,38.46365302,56.24755929,6.37347,245.6426468,-47.51215841,-83.05125587
Driver,85.24964209,1.882,-1.311,-2.716535433,49.051,0.323,7.633,-1.174,0.136,124.9431818,1.4656,7.029,-1.189,750.0,0.875,200.2030971,13.95361589,-3.967531572,4.769653667,-0.098662542,0.574738945,0.079249888,121.0394981,-2.315862377,10.32634684,87.84370416,2.412966054,190.6654773,-3.53371917,0.587410869
Driver,92.61811024,-6.132,1.497,9.842519685,43.813,-4.932,13.837,-7.683,-9.18,121.9984789,1.3172,10.727,-6.202,4153.75,0.07,344.9592941,57.00643135,-37.37897732,175.5265491,-20.05466813,-0.173363763,5.20816,175.0842125,-19.99963464,34.15395723,54.71996094,5.18816,194.2655906,-22.55188859,-3.273994404
Driver,96.40524338,-5.224,-2.044,6.692913386,51.039,-6.284,19.887,8.149,10.193,131.3976378,1.363,16.15,6.517,5277.24,14.29,386.537642,107.5445137,77.19477485,6.389301403,0.750817763,1.900987653,0.105466,190.8623556,48.70994173,47.88041093,58.90026891,6.54482,199.5788197,51.74650079,82.35009086
Driver,99.03811739,4.5,5.7,-6.220472441,46.344,10.088,11.706,0.996,-4.704,145.3371063,1.4675,10.592,1.714,1930.0,-25.141,391.7894589,49.43950074,-14.64927921,5.851734332,0.158823382,1.091237974,0.08467,215.876578,-18.99713297,23.23105379,71.92044064,4.730655,260.2978228,-28.52726979,-76.26166732
Driver,87.67671797,1.978,7.889,-2.283464567,56.101,9.218,20.312,-3.067,-10.956,119.0897906,1.3583,17.371,-1.176,4070.0,-20.233,340.1477193,83.71319172,-41.42883429,5.087207026,-0.12530522,1.602404853,0.0929736,175.9837952,-33.13945258,41.83340239,56.85619653,5.830028289,191.0364618,-37.97087482,-88.75578766
Driver,88.12186829,4.534,3.65,-6.25984252,44.847,8.222,5.703,13.904,10.255,124.0850931,1.4081,5.514,12.137,2180.0,37.808,186.8838838,10.53834578,48.71081538,5.804014427,1.246192475,0.545783727,0.09716,110.9358338,33.73441105,9.028489422,81.6794831,2.294872,173.5974228,59.07251946,32.28201118
Driver,95.3404617,-0.505,2.068,0.669291339,49.157,1.631,3.433,-6.591,-8.658,133.7213672,1.4026,3.002,-5.636,1390.0,-23.148,148.4540754,4.436983461,-17.47448395,5.89194676,-0.591653834,0.297482705,0.091085,89.49903942,-12.02064155,4.493408552,100.1042559,1.591337,164.4359451,-24.93677343,-9.757896048
Driver,92.30493916,-2.355,5.661,3.267716535,49.902,3.676,9.718,4.161,-1.5,127.8442645,1.385,6.866,4.52,3648.35,16.826,343.9843936,44.65103178,58.24301308,168.205658,36.90415176,-0.308450823,4.91329,167.5679152,36.66385882,31.55801611,51.75520799,4.88329,187.4984154,44.19640941,70.99279675
Driver,102.5076056,-0.9,6.9,1.338582677,43.866,5.93,11.595,-0.45,-7.35,150.1921528,1.4652,10.194,0.502,2430.0,-19.802,448.8598581,63.01947459,-29.22804665,5.410089855,0.034725326,0.977924445,0.075663,235.0754735,-27.40660838,28.65407057,64.95346405,5.568727,268.3145086,-35.72220944,-88.35333285
Driver,100.7471367,-0.96,-2.164,1.417322835,44.399,-3.144,13.444,-1.868,0.296,143.1232105,1.4206,10.675,-1.926,3935.6,11.553,440.23684,83.54761978,15.29318604,223.7252683,17.16343068,-0.836909202,6.16499,222.5785736,16.95492982,36.37857898,62.44903645,6.118,243.9472417,20.79996082,73.21258589
Driver,102.7603794,0.8,-1.6,-0.826771654,46.204,-2.934,16.47,-1.028,0.765,150.8332588,1.4678,14.428,-1.096,3060.0,-6.314,501.2531731,117.0686322,-27.4873579,5.913401379,-0.125313391,1.538585079,0.083955,248.591422,-19.18231337,44.33505912,63.03878537,7.169733,265.3974402,-21.25408762,-43.31404075
Driver,102.8744631,1.25,7.872,-1.535433071,53.642,8.793,2.559,-2.95,-10.823,138.6153364,1.3474,2.416,-1.737,1680.94,-24.358,161.4173879,4.053514633,-8.777271354,5.275353618,-0.171638303,0.217198055,0.078578,95.60602349,-7.0947965,4.103413746,100.4523265,1.666368,169.229903,-15.97027883,-12.60463012
Driver,103.089209,4.188,6.812,-5.31496063,51.222,10.185,11.76,-1.044,-7.856,150.0825429,1.4559,10.759,0.024,2160.0,-34.961,402.4440785,52.8031226,-40.93743495,5.964023137,-0.022054827,1.13152075,0.083676,218.7279853,-39.33365841,24.68047818,69.83714524,4.849668,258.996051,-54.71657029,-118.2713457
Driver,102.0221904,3.16,5.225,-4.330708661,49.298,7.947,13.706,5.631,0.405,149.6367215,1.4667,12.226,5.572,2200.0,1.396,473.250692,79.70474039,47.83960106,4.83394889,0.470073095,1.05187147,0.068263532,247.5390696,26.27339272,33.05110534,65.53520453,6.073544001,277.9089739,29.76608511,6.749495167
Driver,96.78775948,2.569,5.059,-3.070866142,54.611,6.886,0.264,-1.353,-6.413,140.2512079,1.4491,0.758,0.018,2030.0,-55.391,39.01619611,0.273518714,-0.453639992,5.87550113,-0.027668582,0.062827013,0.086469,25.40140623,-0.604470697,0.892735254,128.4840027,0.386794,98.2682115,-4.213020012,-1.837345483
Driver,111.7237831,7.3,2.9,-8.897637795,50.671,9.012,17.888,-0.853,-3.753,162.4995526,1.4545,17.224,-0.673,2276.97,-12.311,551.8814648,143.8659488,-40.6121512,5.744211874,-0.069956402,1.793442561,0.076677,276.1801728,-31.86599607,46.24770153,68.20318438,7.653197,293.0694387,-35.20606644,-85.92452207
Driver,93.11023622,1.556,1.846,-1.968503937,47.201,3.287,15.063,4.741,2.895,137.502908,1.4768,13.467,4.385,2230.0,11.789,412.6888936,71.07420748,48.23559229,6.011535655,0.469211608,1.444338896,0.0930441,220.6402429,32.60698708,31.75960499,64.30347476,5.63194,240.3127571,36.89293475,47.48118813
Driver,89.60719399,3.1,3.3,-3.779527559,59.004,5.267,7.368,5.531,2.231,116.3824266,1.2988,6.135,5.006,1600.0,2.784,188.2360989,11.91842364,17.11405749,5.750436518,0.503745872,0.603219776,0.102753,111.4642959,10.50811854,10.18864795,77.20529478,2.456125,169.6487738,16.42150128,2.354917235
Driver,97.73845741,2.551,3.601,-3.543307087,48.522,5.858,12.887,-2.987,-6.588,140.7735326,1.4403,11.436,-2.035,2410.0,-21.245,406.3478855,60.09950677,-44.35016379,5.615276099,-0.214716457,1.138103384,0.084205,216.3989405,-35.27150014,28.41240447,64.28330219,5.309016,249.6292903,-45.15395191,-83.00307916
Driver,103.9616142,1.578,1.928,-1.88976378,48.855,3.308,18.148,2.237,0.308,149.1821761,1.435,16.085,2.196,3056.69,0.668,500.6384161,127.32426,20.43740647,6.346461313,0.244031508,1.863874636,0.091935,248.4991089,11.03638172,46.03333077,64.38791112,7.33773,262.950014,11.74478702,4.547014062
Driver,84.91186471,-5.6,0.4,4.68503937,57.766,-3.548,26.42,0.276,-0.189,112.2751879,1.3223,20.347,0.348,6760.06,-0.742,302.7314714,96.47685308,0.124290388,4.087518125,0.020421909,1.535763777,0.080792,152.4815395,-0.283946324,49.63338971,56.3479656,5.955761,158.2795294,-0.318077119,-3.630203687
Driver,96.10325698,-1.478,5.109,1.88976378,49.945,3.866,8.803,-1.46,-6.569,142.2241858,1.4799,7.588,-0.671,2040.0,-22.4,345.0512823,31.59398846,-23.2831207,5.552668796,-0.077536578,0.739129434,0.0813056,189.8462004,-20.71252977,17.59093694,72.65491322,4.04599,235.7004072,-30.58791747,-55.50333815
Driver,85.0281854,6.399,-2.358,-7.874015748,57.661,1.714,19.705,2.875,5.233,115.0281854,1.3528,17.995,2.163,2100.0,13.539,319.8525036,66.45409932,24.82157542,4.697871381,0.185218254,1.517364643,0.0888008,177.880488,19.52126954,33.24034579,62.26427912,5.119380602,205.9075521,24.46261605,38.50276914
Driver,100.2908017,-2.9,5.5,3.661417323,53.531,3.251,11.674,-4.843,-10.343,139.7009216,1.3929,10.042,-3.52,2780.0,-9.995,417.9600843,59.88144507,-42.2892163,5.905721435,-0.371405814,1.054204218,0.088923,216.9597526,-27.96320618,29.74920301,61.19189044,5.526911,246.5053232,-33.80650087,-44.10266262
Driver,102.0154796,-0.712,-4.265,0.94488189,49.109,-4.881,11.874,-4.369,-0.105,144.3861847,1.4153,9.729,-4.351,3076.07,4.443,439.395504,70.67417888,-15.42538047,226.8035926,-1.264236353,-2.146877274,5.76694,223.2980699,-1.539291798,32.69040207,66.06266511,5.63694,251.2601728,0.608905721,46.21662714
Driver,112.5134216,2.612,-2.897,-3.582677165,46.349,-0.403,17.757,0.893,3.79,164.1173049,1.4586,16.056,0.445,2859.87,7.679,570.1725877,150.2790441,29.81921402,5.798408662,0.051335546,1.685328946,0.07617517,279.4448096,22.45289087,47.88921271,67.95970132,7.932946942,293.8846962,24.39533748,60.86665287
Driver,102.9684145,5.5,3.1,-7.244094488,50.774,7.62,10.787,-2.16,-5.231,147.7198908,1.4346,9.949,-1.307,1740.0,-20.998,396.7419822,47.75101309,-30.89511767,5.833874501,-0.146264737,1.021683051,0.082876,217.7564714,-25.8455402,22.59851534,72.63604624,4.689153,263.3734968,-35.87878766,-62.72104364
Driver,102.0960093,1.1,8.7,-1.456692913,50.917,9.65,14.024,-4.172,-12.872,140.1266106,1.3725,12.441,-2.433,3150.0,-23.317,423.2886207,75.58232659,-62.29790252,5.829715899,-0.269147448,1.295392169,0.088314,217.8793082,-47.80518388,34.95309412,60.06662131,5.925003,241.2773516,-57.03748049,-116.2147623
Driver,97.06513958,-0.7,-0.7,1.102362205,47.92,-1.478,27.841,-5.148,-4.448,118.0827219,1.2165,23.178,-4.264,5230.0,-4.458,335.1782501,121.21015,-33.31327908,5.67770864,-0.437295889,2.465675885,0.109423,164.7196452,-20.03594839,53.58947343,59.88888256,6.614513,170.6763767,-20.89796461,-23.47250321
Driver,117.3563887,1.735,6.873,-2.047244094,49.347,8.364,16.156,6.087,-0.786,168.2585451,1.4338,14.399,6.187,2940.0,-1.969,588.7462586,146.7335679,54.52985494,6.436532272,0.69115214,1.700520063,0.0820022,285.8597479,25.42896964,48.00650383,67.94041621,7.96379,299.7095797,26.4639113,-16.21557868
Driver,80.16732283,-3.7,8.9,4.763779528,51.669,5.859,7.502,-0.116,-9.016,112.9896654,1.4094,5.705,1.628,2580.0,-5.196,218.4174005,14.50151282,3.623908709,6.24149907,0.171479746,0.618738838,0.115141,122.212169,0.946334378,12.52735947,65.65724259,2.992514,168.2549028,0.275681422,-7.578023952
Driver,88.62294202,3.81,-3.138,-5.275590551,48.448,0.246,16.278,1.332,4.47,125.3523175,1.4144,14.259,0.579,2670.0,12.665,364.4191311,66.45492883,21.09540092,4.85985939,0.057416983,1.235968243,0.082753944,194.7493426,17.98563264,33.03163337,60.33722725,5.44548609,221.0286675,22.48089967,48.07538201
Driver,98.32453472,-1.823,2.988,2.204724409,55.278,1.724,7.91,-2.767,-5.755,143.2804671,1.4572,6.895,-2.159,1680.0,-17.13,325.2320527,26.13655987,-23.89154688,6.096871492,-0.241222997,0.733872055,0.088599828,181.9135274,-18.27174671,14.99003218,78.07992575,3.673956381,238.5513526,-27.74802433,-34.32075566
Driver,86.79312813,6.562,15.244,-6.811023622,55.802,19.728,9.561,5.684,-9.56,132.1622226,1.5227,9.016,7.489,2445.0,-62.767,212.5313526,19.19212034,8.258638989,5.549709605,0.689524102,0.860874867,0.087808,126.5392887,-5.423693128,13.94361497,81.12949905,2.59072,180.0145876,-18.18409717,-65.56463182
Driver,116.3095025,4.5,4.1,-5.236220472,51.615,7.726,15.906,-2.142,-6.242,163.929626,1.4094,14.389,-1.254,2822.51,-15.421,556.1520734,129.8980781,-59.66451862,5.486883275,-0.13669458,1.421156068,0.07153,274.8633057,-44.52146372,44.52759071,65.55681922,7.525143,292.2209024,-49.36080968,-115.7248186
Driver,100.630816,1.48,5.17,-1.771653543,46.679,6.566,13.129,3.282,-1.888,148.9815229,1.4805,11.083,3.622,3067.21,-9.023,481.2193543,86.0131603,8.046487839,6.268820689,0.386502526,1.252341208,0.088878,241.2243329,-2.594004911,37.2191807,60.52182671,6.46823,254.5896569,-3.667543908,-53.48094949
Driver,115.0769506,3.9,3.7,-4.37007874,51.647,6.727,16.027,-0.884,-4.584,165.4131621,1.4374,14.585,-0.335,2530.25,-10.804,565.7382775,131.3930133,-35.40446707,5.557356576,-0.03888951,1.459005164,0.071857,281.1774842,-27.8890651,44.20164658,66.53164315,7.547796,299.2989511,-31.11411271,-78.75810343
Driver,96.68262348,0.868,2.537,-1.25984252,41.472,3.518,16.747,9.74,7.203,140.8507069,1.4568,14.863,8.84,2900.0,23.681,435.4515476,89.65248337,111.0798357,6.180134387,0.973805778,1.654640258,0.0941228,225.2873789,74.51405609,37.75087411,61.62706408,6.24611,238.5024093,81.07355736,122.8688402
Driver,96.39853257,-0.099,-7.391,0.118110236,49.745,-7.475,19.684,-1.743,5.648,136.6056729,1.4171,16.005,-2.859,5192.39,10.097,411.0371347,119.1503497,8.506832246,6.06707539,-0.286968961,1.779557626,0.096339445,200.1476259,11.31072829,49.93040646,60.58676463,6.856445397,208.7683496,12.37840171,63.79113395
Driver,82.06424481,-3.039,1.014,4.173228346,46.62,-1.861,15.702,3.831,2.816,111.559592,1.3594,11.498,3.176,4706.95,30.583,250.9697341,36.6786448,44.10965246,137.8546685,36.02304215,-0.293753978,3.92202,137.0839959,35.65740617,25.70035776,59.80980934,3.89202,163.6511735,48.22077934,84.8075033
Driver,106.4647459,2.034,2.21,-2.440944882,50.675,3.877,12.573,-3.863,-6.072,153.5824535,1.4426,11.297,-3.106,2250.0,-20.142,469.6624235,72.21243793,-60.15706952,6.403756465,-0.364219707,1.289135678,0.0879992,246.3646693,-44.5539206,30.48157507,66.09687911,5.81594,277.2263211,-54.20448037,-94.0791092
Driver,96.61104152,-2.805,1.894,3.543307087,50.256,-0.441,19.393,8.545,6.652,137.3136632,1.4213,16.517,7.622,4099.0,10.648,429.6677257,117.9302137,82.82606953,5.478686147,0.738200426,1.654266168,0.0863232,211.9097074,49.98325643,47.84504303,61.34327429,6.92436,222.8189876,53.32244583,66.68289052
Driver,95.27782749,-3.516,-1.789,4.724409449,45.712,-5.226,12.261,-1.048,0.742,131.4332051,1.3795,9.845,-1.164,3157.57,1.384,362.3951889,53.3380268,-3.921573856,197.5434671,-0.73835148,-4.416658405,5.07061,189.9135471,-0.839937574,28.73580862,66.59275818,4.80061,221.5790151,-0.446434084,9.054439372
